INFO - 2025-07-02 10:37:31 --> Session: Class initialized using 'CodeIgniter\Session\Handlers\FileHandler' driver.
INFO - 2025-07-02 10:37:31 --> Session: Class initialized using 'CodeIgniter\Session\Handlers\FileHandler' driver.
WARNING - 2025-07-02 10:37:31 --> [DEPRECATED] Creation of dynamic property App\Controllers\Home::$user_model is deprecated in APPPATH/Controllers/Home.php on line 35.
 1 SYSTEMPATH/CodeIgniter.php(906): App\Controllers\Home->__construct()
 2 SYSTEMPATH/CodeIgniter.php(490): CodeIgniter\CodeIgniter->createController()
 3 SYSTEMPATH/CodeIgniter.php(368): CodeIgniter\CodeIgniter->handleRequest(null, Object(Config\Cache), false)
 4 FCPATH/index.php(67): CodeIgniter\CodeIgniter->run()
WARNING - 2025-07-02 10:37:31 --> [DEPRECATED] Creation of dynamic property App\Controllers\Home::$BlogModel is deprecated in APPPATH/Controllers/Home.php on line 43.
 1 SYSTEMPATH/CodeIgniter.php(906): App\Controllers\Home->__construct()
 2 SYSTEMPATH/CodeIgniter.php(490): CodeIgniter\CodeIgniter->createController()
 3 SYSTEMPATH/CodeIgniter.php(368): CodeIgniter\CodeIgniter->handleRequest(null, Object(Config\Cache), false)
 4 FCPATH/index.php(67): CodeIgniter\CodeIgniter->run()
WARNING - 2025-07-02 10:37:31 --> [DEPRECATED] Creation of dynamic property App\Controllers\Home::$EnquiryModel is deprecated in APPPATH/Controllers/Home.php on line 44.
 1 SYSTEMPATH/CodeIgniter.php(906): App\Controllers\Home->__construct()
 2 SYSTEMPATH/CodeIgniter.php(490): CodeIgniter\CodeIgniter->createController()
 3 SYSTEMPATH/CodeIgniter.php(368): CodeIgniter\CodeIgniter->handleRequest(null, Object(Config\Cache), false)
 4 FCPATH/index.php(67): CodeIgniter\CodeIgniter->run()
WARNING - 2025-07-02 10:37:31 --> [DEPRECATED] Creation of dynamic property App\Controllers\Home::$Allsettingsmodel is deprecated in APPPATH/Controllers/Home.php on line 45.
 1 SYSTEMPATH/CodeIgniter.php(906): App\Controllers\Home->__construct()
 2 SYSTEMPATH/CodeIgniter.php(490): CodeIgniter\CodeIgniter->createController()
 3 SYSTEMPATH/CodeIgniter.php(368): CodeIgniter\CodeIgniter->handleRequest(null, Object(Config\Cache), false)
 4 FCPATH/index.php(67): CodeIgniter\CodeIgniter->run()
WARNING - 2025-07-02 10:37:33 --> [DEPRECATED] Creation of dynamic property App\Controllers\Home::$user_model is deprecated in APPPATH/Controllers/Home.php on line 35.
 1 SYSTEMPATH/CodeIgniter.php(906): App\Controllers\Home->__construct()
 2 SYSTEMPATH/CodeIgniter.php(490): CodeIgniter\CodeIgniter->createController()
 3 SYSTEMPATH/CodeIgniter.php(368): CodeIgniter\CodeIgniter->handleRequest(null, Object(Config\Cache), false)
 4 FCPATH/index.php(67): CodeIgniter\CodeIgniter->run()
WARNING - 2025-07-02 10:37:33 --> [DEPRECATED] Creation of dynamic property App\Controllers\Home::$BlogModel is deprecated in APPPATH/Controllers/Home.php on line 43.
 1 SYSTEMPATH/CodeIgniter.php(906): App\Controllers\Home->__construct()
 2 SYSTEMPATH/CodeIgniter.php(490): CodeIgniter\CodeIgniter->createController()
 3 SYSTEMPATH/CodeIgniter.php(368): CodeIgniter\CodeIgniter->handleRequest(null, Object(Config\Cache), false)
 4 FCPATH/index.php(67): CodeIgniter\CodeIgniter->run()
WARNING - 2025-07-02 10:37:33 --> [DEPRECATED] Creation of dynamic property App\Controllers\Home::$EnquiryModel is deprecated in APPPATH/Controllers/Home.php on line 44.
 1 SYSTEMPATH/CodeIgniter.php(906): App\Controllers\Home->__construct()
 2 SYSTEMPATH/CodeIgniter.php(490): CodeIgniter\CodeIgniter->createController()
 3 SYSTEMPATH/CodeIgniter.php(368): CodeIgniter\CodeIgniter->handleRequest(null, Object(Config\Cache), false)
 4 FCPATH/index.php(67): CodeIgniter\CodeIgniter->run()
WARNING - 2025-07-02 10:37:33 --> [DEPRECATED] Creation of dynamic property App\Controllers\Home::$Allsettingsmodel is deprecated in APPPATH/Controllers/Home.php on line 45.
 1 SYSTEMPATH/CodeIgniter.php(906): App\Controllers\Home->__construct()
 2 SYSTEMPATH/CodeIgniter.php(490): CodeIgniter\CodeIgniter->createController()
 3 SYSTEMPATH/CodeIgniter.php(368): CodeIgniter\CodeIgniter->handleRequest(null, Object(Config\Cache), false)
 4 FCPATH/index.php(67): CodeIgniter\CodeIgniter->run()
INFO - 2025-07-02 10:37:33 --> Session: Class initialized using 'CodeIgniter\Session\Handlers\FileHandler' driver.
INFO - 2025-07-02 10:37:35 --> Session: Class initialized using 'CodeIgniter\Session\Handlers\FileHandler' driver.
WARNING - 2025-07-02 10:37:35 --> [DEPRECATED] Creation of dynamic property App\Controllers\Home::$user_model is deprecated in APPPATH/Controllers/Home.php on line 35.
 1 SYSTEMPATH/CodeIgniter.php(906): App\Controllers\Home->__construct()
 2 SYSTEMPATH/CodeIgniter.php(490): CodeIgniter\CodeIgniter->createController()
 3 SYSTEMPATH/CodeIgniter.php(368): CodeIgniter\CodeIgniter->handleRequest(null, Object(Config\Cache), false)
 4 FCPATH/index.php(67): CodeIgniter\CodeIgniter->run()
WARNING - 2025-07-02 10:37:35 --> [DEPRECATED] Creation of dynamic property App\Controllers\Home::$BlogModel is deprecated in APPPATH/Controllers/Home.php on line 43.
 1 SYSTEMPATH/CodeIgniter.php(906): App\Controllers\Home->__construct()
 2 SYSTEMPATH/CodeIgniter.php(490): CodeIgniter\CodeIgniter->createController()
 3 SYSTEMPATH/CodeIgniter.php(368): CodeIgniter\CodeIgniter->handleRequest(null, Object(Config\Cache), false)
 4 FCPATH/index.php(67): CodeIgniter\CodeIgniter->run()
WARNING - 2025-07-02 10:37:35 --> [DEPRECATED] Creation of dynamic property App\Controllers\Home::$EnquiryModel is deprecated in APPPATH/Controllers/Home.php on line 44.
 1 SYSTEMPATH/CodeIgniter.php(906): App\Controllers\Home->__construct()
 2 SYSTEMPATH/CodeIgniter.php(490): CodeIgniter\CodeIgniter->createController()
 3 SYSTEMPATH/CodeIgniter.php(368): CodeIgniter\CodeIgniter->handleRequest(null, Object(Config\Cache), false)
 4 FCPATH/index.php(67): CodeIgniter\CodeIgniter->run()
WARNING - 2025-07-02 10:37:35 --> [DEPRECATED] Creation of dynamic property App\Controllers\Home::$Allsettingsmodel is deprecated in APPPATH/Controllers/Home.php on line 45.
 1 SYSTEMPATH/CodeIgniter.php(906): App\Controllers\Home->__construct()
 2 SYSTEMPATH/CodeIgniter.php(490): CodeIgniter\CodeIgniter->createController()
 3 SYSTEMPATH/CodeIgniter.php(368): CodeIgniter\CodeIgniter->handleRequest(null, Object(Config\Cache), false)
 4 FCPATH/index.php(67): CodeIgniter\CodeIgniter->run()
INFO - 2025-07-02 10:37:36 --> Session: Class initialized using 'CodeIgniter\Session\Handlers\FileHandler' driver.
WARNING - 2025-07-02 10:37:36 --> [DEPRECATED] Creation of dynamic property App\Controllers\Home::$user_model is deprecated in APPPATH/Controllers/Home.php on line 35.
 1 SYSTEMPATH/CodeIgniter.php(906): App\Controllers\Home->__construct()
 2 SYSTEMPATH/CodeIgniter.php(490): CodeIgniter\CodeIgniter->createController()
 3 SYSTEMPATH/CodeIgniter.php(368): CodeIgniter\CodeIgniter->handleRequest(null, Object(Config\Cache), false)
 4 FCPATH/index.php(67): CodeIgniter\CodeIgniter->run()
WARNING - 2025-07-02 10:37:36 --> [DEPRECATED] Creation of dynamic property App\Controllers\Home::$BlogModel is deprecated in APPPATH/Controllers/Home.php on line 43.
 1 SYSTEMPATH/CodeIgniter.php(906): App\Controllers\Home->__construct()
 2 SYSTEMPATH/CodeIgniter.php(490): CodeIgniter\CodeIgniter->createController()
 3 SYSTEMPATH/CodeIgniter.php(368): CodeIgniter\CodeIgniter->handleRequest(null, Object(Config\Cache), false)
 4 FCPATH/index.php(67): CodeIgniter\CodeIgniter->run()
WARNING - 2025-07-02 10:37:36 --> [DEPRECATED] Creation of dynamic property App\Controllers\Home::$EnquiryModel is deprecated in APPPATH/Controllers/Home.php on line 44.
 1 SYSTEMPATH/CodeIgniter.php(906): App\Controllers\Home->__construct()
 2 SYSTEMPATH/CodeIgniter.php(490): CodeIgniter\CodeIgniter->createController()
 3 SYSTEMPATH/CodeIgniter.php(368): CodeIgniter\CodeIgniter->handleRequest(null, Object(Config\Cache), false)
 4 FCPATH/index.php(67): CodeIgniter\CodeIgniter->run()
WARNING - 2025-07-02 10:37:36 --> [DEPRECATED] Creation of dynamic property App\Controllers\Home::$Allsettingsmodel is deprecated in APPPATH/Controllers/Home.php on line 45.
 1 SYSTEMPATH/CodeIgniter.php(906): App\Controllers\Home->__construct()
 2 SYSTEMPATH/CodeIgniter.php(490): CodeIgniter\CodeIgniter->createController()
 3 SYSTEMPATH/CodeIgniter.php(368): CodeIgniter\CodeIgniter->handleRequest(null, Object(Config\Cache), false)
 4 FCPATH/index.php(67): CodeIgniter\CodeIgniter->run()
INFO - 2025-07-02 11:19:18 --> Session: Class initialized using 'CodeIgniter\Session\Handlers\FileHandler' driver.
WARNING - 2025-07-02 11:19:18 --> [DEPRECATED] Creation of dynamic property App\Controllers\Home::$user_model is deprecated in APPPATH/Controllers/Home.php on line 35.
 1 SYSTEMPATH/CodeIgniter.php(906): App\Controllers\Home->__construct()
 2 SYSTEMPATH/CodeIgniter.php(490): CodeIgniter\CodeIgniter->createController()
 3 SYSTEMPATH/CodeIgniter.php(368): CodeIgniter\CodeIgniter->handleRequest(null, Object(Config\Cache), false)
 4 FCPATH/index.php(67): CodeIgniter\CodeIgniter->run()
WARNING - 2025-07-02 11:19:18 --> [DEPRECATED] Creation of dynamic property App\Controllers\Home::$BlogModel is deprecated in APPPATH/Controllers/Home.php on line 43.
 1 SYSTEMPATH/CodeIgniter.php(906): App\Controllers\Home->__construct()
 2 SYSTEMPATH/CodeIgniter.php(490): CodeIgniter\CodeIgniter->createController()
 3 SYSTEMPATH/CodeIgniter.php(368): CodeIgniter\CodeIgniter->handleRequest(null, Object(Config\Cache), false)
 4 FCPATH/index.php(67): CodeIgniter\CodeIgniter->run()
WARNING - 2025-07-02 11:19:18 --> [DEPRECATED] Creation of dynamic property App\Controllers\Home::$EnquiryModel is deprecated in APPPATH/Controllers/Home.php on line 44.
 1 SYSTEMPATH/CodeIgniter.php(906): App\Controllers\Home->__construct()
 2 SYSTEMPATH/CodeIgniter.php(490): CodeIgniter\CodeIgniter->createController()
 3 SYSTEMPATH/CodeIgniter.php(368): CodeIgniter\CodeIgniter->handleRequest(null, Object(Config\Cache), false)
 4 FCPATH/index.php(67): CodeIgniter\CodeIgniter->run()
WARNING - 2025-07-02 11:19:18 --> [DEPRECATED] Creation of dynamic property App\Controllers\Home::$Allsettingsmodel is deprecated in APPPATH/Controllers/Home.php on line 45.
 1 SYSTEMPATH/CodeIgniter.php(906): App\Controllers\Home->__construct()
 2 SYSTEMPATH/CodeIgniter.php(490): CodeIgniter\CodeIgniter->createController()
 3 SYSTEMPATH/CodeIgniter.php(368): CodeIgniter\CodeIgniter->handleRequest(null, Object(Config\Cache), false)
 4 FCPATH/index.php(67): CodeIgniter\CodeIgniter->run()
INFO - 2025-07-02 11:19:19 --> Session: Class initialized using 'CodeIgniter\Session\Handlers\FileHandler' driver.
WARNING - 2025-07-02 11:19:19 --> [DEPRECATED] Creation of dynamic property App\Controllers\Home::$user_model is deprecated in APPPATH/Controllers/Home.php on line 35.
 1 SYSTEMPATH/CodeIgniter.php(906): App\Controllers\Home->__construct()
 2 SYSTEMPATH/CodeIgniter.php(490): CodeIgniter\CodeIgniter->createController()
 3 SYSTEMPATH/CodeIgniter.php(368): CodeIgniter\CodeIgniter->handleRequest(null, Object(Config\Cache), false)
 4 FCPATH/index.php(67): CodeIgniter\CodeIgniter->run()
WARNING - 2025-07-02 11:19:19 --> [DEPRECATED] Creation of dynamic property App\Controllers\Home::$BlogModel is deprecated in APPPATH/Controllers/Home.php on line 43.
 1 SYSTEMPATH/CodeIgniter.php(906): App\Controllers\Home->__construct()
 2 SYSTEMPATH/CodeIgniter.php(490): CodeIgniter\CodeIgniter->createController()
 3 SYSTEMPATH/CodeIgniter.php(368): CodeIgniter\CodeIgniter->handleRequest(null, Object(Config\Cache), false)
 4 FCPATH/index.php(67): CodeIgniter\CodeIgniter->run()
WARNING - 2025-07-02 11:19:19 --> [DEPRECATED] Creation of dynamic property App\Controllers\Home::$EnquiryModel is deprecated in APPPATH/Controllers/Home.php on line 44.
 1 SYSTEMPATH/CodeIgniter.php(906): App\Controllers\Home->__construct()
 2 SYSTEMPATH/CodeIgniter.php(490): CodeIgniter\CodeIgniter->createController()
 3 SYSTEMPATH/CodeIgniter.php(368): CodeIgniter\CodeIgniter->handleRequest(null, Object(Config\Cache), false)
 4 FCPATH/index.php(67): CodeIgniter\CodeIgniter->run()
WARNING - 2025-07-02 11:19:19 --> [DEPRECATED] Creation of dynamic property App\Controllers\Home::$Allsettingsmodel is deprecated in APPPATH/Controllers/Home.php on line 45.
 1 SYSTEMPATH/CodeIgniter.php(906): App\Controllers\Home->__construct()
 2 SYSTEMPATH/CodeIgniter.php(490): CodeIgniter\CodeIgniter->createController()
 3 SYSTEMPATH/CodeIgniter.php(368): CodeIgniter\CodeIgniter->handleRequest(null, Object(Config\Cache), false)
 4 FCPATH/index.php(67): CodeIgniter\CodeIgniter->run()
INFO - 2025-07-02 11:44:02 --> Session: Class initialized using 'CodeIgniter\Session\Handlers\FileHandler' driver.
INFO - 2025-07-02 11:44:03 --> Session: Class initialized using 'CodeIgniter\Session\Handlers\FileHandler' driver.
WARNING - 2025-07-02 11:44:03 --> [DEPRECATED] Creation of dynamic property App\Controllers\Home::$user_model is deprecated in APPPATH/Controllers/Home.php on line 35.
 1 SYSTEMPATH/CodeIgniter.php(906): App\Controllers\Home->__construct()
 2 SYSTEMPATH/CodeIgniter.php(490): CodeIgniter\CodeIgniter->createController()
 3 SYSTEMPATH/CodeIgniter.php(368): CodeIgniter\CodeIgniter->handleRequest(null, Object(Config\Cache), false)
 4 FCPATH/index.php(67): CodeIgniter\CodeIgniter->run()
WARNING - 2025-07-02 11:44:03 --> [DEPRECATED] Creation of dynamic property App\Controllers\Home::$BlogModel is deprecated in APPPATH/Controllers/Home.php on line 43.
 1 SYSTEMPATH/CodeIgniter.php(906): App\Controllers\Home->__construct()
 2 SYSTEMPATH/CodeIgniter.php(490): CodeIgniter\CodeIgniter->createController()
 3 SYSTEMPATH/CodeIgniter.php(368): CodeIgniter\CodeIgniter->handleRequest(null, Object(Config\Cache), false)
 4 FCPATH/index.php(67): CodeIgniter\CodeIgniter->run()
WARNING - 2025-07-02 11:44:03 --> [DEPRECATED] Creation of dynamic property App\Controllers\Home::$EnquiryModel is deprecated in APPPATH/Controllers/Home.php on line 44.
 1 SYSTEMPATH/CodeIgniter.php(906): App\Controllers\Home->__construct()
 2 SYSTEMPATH/CodeIgniter.php(490): CodeIgniter\CodeIgniter->createController()
 3 SYSTEMPATH/CodeIgniter.php(368): CodeIgniter\CodeIgniter->handleRequest(null, Object(Config\Cache), false)
 4 FCPATH/index.php(67): CodeIgniter\CodeIgniter->run()
WARNING - 2025-07-02 11:44:03 --> [DEPRECATED] Creation of dynamic property App\Controllers\Home::$Allsettingsmodel is deprecated in APPPATH/Controllers/Home.php on line 45.
 1 SYSTEMPATH/CodeIgniter.php(906): App\Controllers\Home->__construct()
 2 SYSTEMPATH/CodeIgniter.php(490): CodeIgniter\CodeIgniter->createController()
 3 SYSTEMPATH/CodeIgniter.php(368): CodeIgniter\CodeIgniter->handleRequest(null, Object(Config\Cache), false)
 4 FCPATH/index.php(67): CodeIgniter\CodeIgniter->run()
WARNING - 2025-07-02 11:44:04 --> [DEPRECATED] Creation of dynamic property App\Controllers\Home::$user_model is deprecated in APPPATH/Controllers/Home.php on line 35.
 1 SYSTEMPATH/CodeIgniter.php(906): App\Controllers\Home->__construct()
 2 SYSTEMPATH/CodeIgniter.php(490): CodeIgniter\CodeIgniter->createController()
 3 SYSTEMPATH/CodeIgniter.php(368): CodeIgniter\CodeIgniter->handleRequest(null, Object(Config\Cache), false)
 4 FCPATH/index.php(67): CodeIgniter\CodeIgniter->run()
WARNING - 2025-07-02 11:44:04 --> [DEPRECATED] Creation of dynamic property App\Controllers\Home::$BlogModel is deprecated in APPPATH/Controllers/Home.php on line 43.
 1 SYSTEMPATH/CodeIgniter.php(906): App\Controllers\Home->__construct()
 2 SYSTEMPATH/CodeIgniter.php(490): CodeIgniter\CodeIgniter->createController()
 3 SYSTEMPATH/CodeIgniter.php(368): CodeIgniter\CodeIgniter->handleRequest(null, Object(Config\Cache), false)
 4 FCPATH/index.php(67): CodeIgniter\CodeIgniter->run()
WARNING - 2025-07-02 11:44:04 --> [DEPRECATED] Creation of dynamic property App\Controllers\Home::$EnquiryModel is deprecated in APPPATH/Controllers/Home.php on line 44.
 1 SYSTEMPATH/CodeIgniter.php(906): App\Controllers\Home->__construct()
 2 SYSTEMPATH/CodeIgniter.php(490): CodeIgniter\CodeIgniter->createController()
 3 SYSTEMPATH/CodeIgniter.php(368): CodeIgniter\CodeIgniter->handleRequest(null, Object(Config\Cache), false)
 4 FCPATH/index.php(67): CodeIgniter\CodeIgniter->run()
WARNING - 2025-07-02 11:44:04 --> [DEPRECATED] Creation of dynamic property App\Controllers\Home::$Allsettingsmodel is deprecated in APPPATH/Controllers/Home.php on line 45.
 1 SYSTEMPATH/CodeIgniter.php(906): App\Controllers\Home->__construct()
 2 SYSTEMPATH/CodeIgniter.php(490): CodeIgniter\CodeIgniter->createController()
 3 SYSTEMPATH/CodeIgniter.php(368): CodeIgniter\CodeIgniter->handleRequest(null, Object(Config\Cache), false)
 4 FCPATH/index.php(67): CodeIgniter\CodeIgniter->run()
INFO - 2025-07-02 11:44:04 --> Session: Class initialized using 'CodeIgniter\Session\Handlers\FileHandler' driver.
INFO - 2025-07-02 11:44:07 --> Session: Class initialized using 'CodeIgniter\Session\Handlers\FileHandler' driver.
WARNING - 2025-07-02 11:44:07 --> [DEPRECATED] Creation of dynamic property App\Controllers\Home::$user_model is deprecated in APPPATH/Controllers/Home.php on line 35.
 1 SYSTEMPATH/CodeIgniter.php(906): App\Controllers\Home->__construct()
 2 SYSTEMPATH/CodeIgniter.php(490): CodeIgniter\CodeIgniter->createController()
 3 SYSTEMPATH/CodeIgniter.php(368): CodeIgniter\CodeIgniter->handleRequest(null, Object(Config\Cache), false)
 4 FCPATH/index.php(67): CodeIgniter\CodeIgniter->run()
WARNING - 2025-07-02 11:44:07 --> [DEPRECATED] Creation of dynamic property App\Controllers\Home::$BlogModel is deprecated in APPPATH/Controllers/Home.php on line 43.
 1 SYSTEMPATH/CodeIgniter.php(906): App\Controllers\Home->__construct()
 2 SYSTEMPATH/CodeIgniter.php(490): CodeIgniter\CodeIgniter->createController()
 3 SYSTEMPATH/CodeIgniter.php(368): CodeIgniter\CodeIgniter->handleRequest(null, Object(Config\Cache), false)
 4 FCPATH/index.php(67): CodeIgniter\CodeIgniter->run()
WARNING - 2025-07-02 11:44:07 --> [DEPRECATED] Creation of dynamic property App\Controllers\Home::$EnquiryModel is deprecated in APPPATH/Controllers/Home.php on line 44.
 1 SYSTEMPATH/CodeIgniter.php(906): App\Controllers\Home->__construct()
 2 SYSTEMPATH/CodeIgniter.php(490): CodeIgniter\CodeIgniter->createController()
 3 SYSTEMPATH/CodeIgniter.php(368): CodeIgniter\CodeIgniter->handleRequest(null, Object(Config\Cache), false)
 4 FCPATH/index.php(67): CodeIgniter\CodeIgniter->run()
WARNING - 2025-07-02 11:44:07 --> [DEPRECATED] Creation of dynamic property App\Controllers\Home::$Allsettingsmodel is deprecated in APPPATH/Controllers/Home.php on line 45.
 1 SYSTEMPATH/CodeIgniter.php(906): App\Controllers\Home->__construct()
 2 SYSTEMPATH/CodeIgniter.php(490): CodeIgniter\CodeIgniter->createController()
 3 SYSTEMPATH/CodeIgniter.php(368): CodeIgniter\CodeIgniter->handleRequest(null, Object(Config\Cache), false)
 4 FCPATH/index.php(67): CodeIgniter\CodeIgniter->run()
INFO - 2025-07-02 11:44:08 --> Session: Class initialized using 'CodeIgniter\Session\Handlers\FileHandler' driver.
WARNING - 2025-07-02 11:44:08 --> [DEPRECATED] Creation of dynamic property App\Controllers\Home::$user_model is deprecated in APPPATH/Controllers/Home.php on line 35.
 1 SYSTEMPATH/CodeIgniter.php(906): App\Controllers\Home->__construct()
 2 SYSTEMPATH/CodeIgniter.php(490): CodeIgniter\CodeIgniter->createController()
 3 SYSTEMPATH/CodeIgniter.php(368): CodeIgniter\CodeIgniter->handleRequest(null, Object(Config\Cache), false)
 4 FCPATH/index.php(67): CodeIgniter\CodeIgniter->run()
WARNING - 2025-07-02 11:44:08 --> [DEPRECATED] Creation of dynamic property App\Controllers\Home::$BlogModel is deprecated in APPPATH/Controllers/Home.php on line 43.
 1 SYSTEMPATH/CodeIgniter.php(906): App\Controllers\Home->__construct()
 2 SYSTEMPATH/CodeIgniter.php(490): CodeIgniter\CodeIgniter->createController()
 3 SYSTEMPATH/CodeIgniter.php(368): CodeIgniter\CodeIgniter->handleRequest(null, Object(Config\Cache), false)
 4 FCPATH/index.php(67): CodeIgniter\CodeIgniter->run()
WARNING - 2025-07-02 11:44:08 --> [DEPRECATED] Creation of dynamic property App\Controllers\Home::$EnquiryModel is deprecated in APPPATH/Controllers/Home.php on line 44.
 1 SYSTEMPATH/CodeIgniter.php(906): App\Controllers\Home->__construct()
 2 SYSTEMPATH/CodeIgniter.php(490): CodeIgniter\CodeIgniter->createController()
 3 SYSTEMPATH/CodeIgniter.php(368): CodeIgniter\CodeIgniter->handleRequest(null, Object(Config\Cache), false)
 4 FCPATH/index.php(67): CodeIgniter\CodeIgniter->run()
WARNING - 2025-07-02 11:44:08 --> [DEPRECATED] Creation of dynamic property App\Controllers\Home::$Allsettingsmodel is deprecated in APPPATH/Controllers/Home.php on line 45.
 1 SYSTEMPATH/CodeIgniter.php(906): App\Controllers\Home->__construct()
 2 SYSTEMPATH/CodeIgniter.php(490): CodeIgniter\CodeIgniter->createController()
 3 SYSTEMPATH/CodeIgniter.php(368): CodeIgniter\CodeIgniter->handleRequest(null, Object(Config\Cache), false)
 4 FCPATH/index.php(67): CodeIgniter\CodeIgniter->run()
INFO - 2025-07-02 11:45:06 --> Session: Class initialized using 'CodeIgniter\Session\Handlers\FileHandler' driver.
WARNING - 2025-07-02 11:45:06 --> [DEPRECATED] Creation of dynamic property App\Controllers\Orders::$session is deprecated in APPPATH/Controllers/Orders.php on line 34.
 1 SYSTEMPATH/CodeIgniter.php(906): App\Controllers\Orders->__construct()
 2 SYSTEMPATH/CodeIgniter.php(490): CodeIgniter\CodeIgniter->createController()
 3 SYSTEMPATH/CodeIgniter.php(368): CodeIgniter\CodeIgniter->handleRequest(null, Object(Config\Cache), false)
 4 FCPATH/index.php(67): CodeIgniter\CodeIgniter->run()
WARNING - 2025-07-02 11:45:06 --> Session: Sessions is enabled, and one exists. Please don't $session->start();
WARNING - 2025-07-02 11:45:06 --> [DEPRECATED] Creation of dynamic property App\Controllers\Orders::$coupons is deprecated in APPPATH/Controllers/Orders.php on line 38.
 1 SYSTEMPATH/CodeIgniter.php(906): App\Controllers\Orders->__construct()
 2 SYSTEMPATH/CodeIgniter.php(490): CodeIgniter\CodeIgniter->createController()
 3 SYSTEMPATH/CodeIgniter.php(368): CodeIgniter\CodeIgniter->handleRequest(null, Object(Config\Cache), false)
 4 FCPATH/index.php(67): CodeIgniter\CodeIgniter->run()
WARNING - 2025-07-02 11:45:06 --> [DEPRECATED] Creation of dynamic property App\Controllers\Orders::$faqs is deprecated in APPPATH/Controllers/Orders.php on line 39.
 1 SYSTEMPATH/CodeIgniter.php(906): App\Controllers\Orders->__construct()
 2 SYSTEMPATH/CodeIgniter.php(490): CodeIgniter\CodeIgniter->createController()
 3 SYSTEMPATH/CodeIgniter.php(368): CodeIgniter\CodeIgniter->handleRequest(null, Object(Config\Cache), false)
 4 FCPATH/index.php(67): CodeIgniter\CodeIgniter->run()
WARNING - 2025-07-02 11:45:06 --> [DEPRECATED] Creation of dynamic property App\Controllers\Orders::$seo is deprecated in APPPATH/Controllers/Orders.php on line 40.
 1 SYSTEMPATH/CodeIgniter.php(906): App\Controllers\Orders->__construct()
 2 SYSTEMPATH/CodeIgniter.php(490): CodeIgniter\CodeIgniter->createController()
 3 SYSTEMPATH/CodeIgniter.php(368): CodeIgniter\CodeIgniter->handleRequest(null, Object(Config\Cache), false)
 4 FCPATH/index.php(67): CodeIgniter\CodeIgniter->run()
WARNING - 2025-07-02 11:45:06 --> [DEPRECATED] Creation of dynamic property App\Controllers\Orders::$Ordermodel is deprecated in APPPATH/Controllers/Orders.php on line 41.
 1 SYSTEMPATH/CodeIgniter.php(906): App\Controllers\Orders->__construct()
 2 SYSTEMPATH/CodeIgniter.php(490): CodeIgniter\CodeIgniter->createController()
 3 SYSTEMPATH/CodeIgniter.php(368): CodeIgniter\CodeIgniter->handleRequest(null, Object(Config\Cache), false)
 4 FCPATH/index.php(67): CodeIgniter\CodeIgniter->run()
WARNING - 2025-07-02 11:45:06 --> [DEPRECATED] Creation of dynamic property App\Controllers\Orders::$testimonial is deprecated in APPPATH/Controllers/Orders.php on line 42.
 1 SYSTEMPATH/CodeIgniter.php(906): App\Controllers\Orders->__construct()
 2 SYSTEMPATH/CodeIgniter.php(490): CodeIgniter\CodeIgniter->createController()
 3 SYSTEMPATH/CodeIgniter.php(368): CodeIgniter\CodeIgniter->handleRequest(null, Object(Config\Cache), false)
 4 FCPATH/index.php(67): CodeIgniter\CodeIgniter->run()
WARNING - 2025-07-02 11:45:06 --> [DEPRECATED] Creation of dynamic property App\Controllers\Orders::$enquiry is deprecated in APPPATH/Controllers/Orders.php on line 43.
 1 SYSTEMPATH/CodeIgniter.php(906): App\Controllers\Orders->__construct()
 2 SYSTEMPATH/CodeIgniter.php(490): CodeIgniter\CodeIgniter->createController()
 3 SYSTEMPATH/CodeIgniter.php(368): CodeIgniter\CodeIgniter->handleRequest(null, Object(Config\Cache), false)
 4 FCPATH/index.php(67): CodeIgniter\CodeIgniter->run()
WARNING - 2025-07-02 11:45:06 --> [DEPRECATED] Creation of dynamic property App\Controllers\Orders::$product is deprecated in APPPATH/Controllers/Orders.php on line 44.
 1 SYSTEMPATH/CodeIgniter.php(906): App\Controllers\Orders->__construct()
 2 SYSTEMPATH/CodeIgniter.php(490): CodeIgniter\CodeIgniter->createController()
 3 SYSTEMPATH/CodeIgniter.php(368): CodeIgniter\CodeIgniter->handleRequest(null, Object(Config\Cache), false)
 4 FCPATH/index.php(67): CodeIgniter\CodeIgniter->run()
WARNING - 2025-07-02 11:45:06 --> [DEPRECATED] Creation of dynamic property App\Controllers\Orders::$orderitem is deprecated in APPPATH/Controllers/Orders.php on line 45.
 1 SYSTEMPATH/CodeIgniter.php(906): App\Controllers\Orders->__construct()
 2 SYSTEMPATH/CodeIgniter.php(490): CodeIgniter\CodeIgniter->createController()
 3 SYSTEMPATH/CodeIgniter.php(368): CodeIgniter\CodeIgniter->handleRequest(null, Object(Config\Cache), false)
 4 FCPATH/index.php(67): CodeIgniter\CodeIgniter->run()
WARNING - 2025-07-02 11:45:06 --> [DEPRECATED] Creation of dynamic property App\Controllers\Orders::$Ordercomment is deprecated in APPPATH/Controllers/Orders.php on line 46.
 1 SYSTEMPATH/CodeIgniter.php(906): App\Controllers\Orders->__construct()
 2 SYSTEMPATH/CodeIgniter.php(490): CodeIgniter\CodeIgniter->createController()
 3 SYSTEMPATH/CodeIgniter.php(368): CodeIgniter\CodeIgniter->handleRequest(null, Object(Config\Cache), false)
 4 FCPATH/index.php(67): CodeIgniter\CodeIgniter->run()
WARNING - 2025-07-02 11:45:06 --> [DEPRECATED] Creation of dynamic property App\Controllers\Orders::$catagory is deprecated in APPPATH/Controllers/Orders.php on line 47.
 1 SYSTEMPATH/CodeIgniter.php(906): App\Controllers\Orders->__construct()
 2 SYSTEMPATH/CodeIgniter.php(490): CodeIgniter\CodeIgniter->createController()
 3 SYSTEMPATH/CodeIgniter.php(368): CodeIgniter\CodeIgniter->handleRequest(null, Object(Config\Cache), false)
 4 FCPATH/index.php(67): CodeIgniter\CodeIgniter->run()
WARNING - 2025-07-02 11:45:06 --> [DEPRECATED] Creation of dynamic property App\Controllers\Orders::$User is deprecated in APPPATH/Controllers/Orders.php on line 48.
 1 SYSTEMPATH/CodeIgniter.php(906): App\Controllers\Orders->__construct()
 2 SYSTEMPATH/CodeIgniter.php(490): CodeIgniter\CodeIgniter->createController()
 3 SYSTEMPATH/CodeIgniter.php(368): CodeIgniter\CodeIgniter->handleRequest(null, Object(Config\Cache), false)
 4 FCPATH/index.php(67): CodeIgniter\CodeIgniter->run()
WARNING - 2025-07-02 11:45:06 --> [DEPRECATED] Creation of dynamic property App\Controllers\Orders::$shippingmethod is deprecated in APPPATH/Controllers/Orders.php on line 49.
 1 SYSTEMPATH/CodeIgniter.php(906): App\Controllers\Orders->__construct()
 2 SYSTEMPATH/CodeIgniter.php(490): CodeIgniter\CodeIgniter->createController()
 3 SYSTEMPATH/CodeIgniter.php(368): CodeIgniter\CodeIgniter->handleRequest(null, Object(Config\Cache), false)
 4 FCPATH/index.php(67): CodeIgniter\CodeIgniter->run()
WARNING - 2025-07-02 11:45:06 --> [DEPRECATED] Creation of dynamic property App\Controllers\Orders::$shippingrate is deprecated in APPPATH/Controllers/Orders.php on line 50.
 1 SYSTEMPATH/CodeIgniter.php(906): App\Controllers\Orders->__construct()
 2 SYSTEMPATH/CodeIgniter.php(490): CodeIgniter\CodeIgniter->createController()
 3 SYSTEMPATH/CodeIgniter.php(368): CodeIgniter\CodeIgniter->handleRequest(null, Object(Config\Cache), false)
 4 FCPATH/index.php(67): CodeIgniter\CodeIgniter->run()
WARNING - 2025-07-02 11:45:06 --> [DEPRECATED] Creation of dynamic property App\Controllers\Orders::$shippingzone is deprecated in APPPATH/Controllers/Orders.php on line 51.
 1 SYSTEMPATH/CodeIgniter.php(906): App\Controllers\Orders->__construct()
 2 SYSTEMPATH/CodeIgniter.php(490): CodeIgniter\CodeIgniter->createController()
 3 SYSTEMPATH/CodeIgniter.php(368): CodeIgniter\CodeIgniter->handleRequest(null, Object(Config\Cache), false)
 4 FCPATH/index.php(67): CodeIgniter\CodeIgniter->run()
WARNING - 2025-07-02 11:45:06 --> [DEPRECATED] Creation of dynamic property App\Controllers\Orders::$country is deprecated in APPPATH/Controllers/Orders.php on line 52.
 1 SYSTEMPATH/CodeIgniter.php(906): App\Controllers\Orders->__construct()
 2 SYSTEMPATH/CodeIgniter.php(490): CodeIgniter\CodeIgniter->createController()
 3 SYSTEMPATH/CodeIgniter.php(368): CodeIgniter\CodeIgniter->handleRequest(null, Object(Config\Cache), false)
 4 FCPATH/index.php(67): CodeIgniter\CodeIgniter->run()
WARNING - 2025-07-02 11:45:06 --> [DEPRECATED] Creation of dynamic property App\Controllers\Orders::$ChatModel is deprecated in APPPATH/Controllers/Orders.php on line 53.
 1 SYSTEMPATH/CodeIgniter.php(906): App\Controllers\Orders->__construct()
 2 SYSTEMPATH/CodeIgniter.php(490): CodeIgniter\CodeIgniter->createController()
 3 SYSTEMPATH/CodeIgniter.php(368): CodeIgniter\CodeIgniter->handleRequest(null, Object(Config\Cache), false)
 4 FCPATH/index.php(67): CodeIgniter\CodeIgniter->run()
WARNING - 2025-07-02 11:45:06 --> [DEPRECATED] Creation of dynamic property App\Controllers\Orders::$Allsettings is deprecated in APPPATH/Controllers/Orders.php on line 54.
 1 SYSTEMPATH/CodeIgniter.php(906): App\Controllers\Orders->__construct()
 2 SYSTEMPATH/CodeIgniter.php(490): CodeIgniter\CodeIgniter->createController()
 3 SYSTEMPATH/CodeIgniter.php(368): CodeIgniter\CodeIgniter->handleRequest(null, Object(Config\Cache), false)
 4 FCPATH/index.php(67): CodeIgniter\CodeIgniter->run()
WARNING - 2025-07-02 11:45:06 --> [DEPRECATED] Creation of dynamic property App\Controllers\Orders::$ShippingDataModel is deprecated in APPPATH/Controllers/Orders.php on line 55.
 1 SYSTEMPATH/CodeIgniter.php(906): App\Controllers\Orders->__construct()
 2 SYSTEMPATH/CodeIgniter.php(490): CodeIgniter\CodeIgniter->createController()
 3 SYSTEMPATH/CodeIgniter.php(368): CodeIgniter\CodeIgniter->handleRequest(null, Object(Config\Cache), false)
 4 FCPATH/index.php(67): CodeIgniter\CodeIgniter->run()
WARNING - 2025-07-02 11:45:06 --> [DEPRECATED] Creation of dynamic property App\Controllers\Orders::$cityModel is deprecated in APPPATH/Controllers/Orders.php on line 56.
 1 SYSTEMPATH/CodeIgniter.php(906): App\Controllers\Orders->__construct()
 2 SYSTEMPATH/CodeIgniter.php(490): CodeIgniter\CodeIgniter->createController()
 3 SYSTEMPATH/CodeIgniter.php(368): CodeIgniter\CodeIgniter->handleRequest(null, Object(Config\Cache), false)
 4 FCPATH/index.php(67): CodeIgniter\CodeIgniter->run()
WARNING - 2025-07-02 11:45:06 --> [DEPRECATED] Creation of dynamic property App\Controllers\Orders::$stateModel is deprecated in APPPATH/Controllers/Orders.php on line 57.
 1 SYSTEMPATH/CodeIgniter.php(906): App\Controllers\Orders->__construct()
 2 SYSTEMPATH/CodeIgniter.php(490): CodeIgniter\CodeIgniter->createController()
 3 SYSTEMPATH/CodeIgniter.php(368): CodeIgniter\CodeIgniter->handleRequest(null, Object(Config\Cache), false)
 4 FCPATH/index.php(67): CodeIgniter\CodeIgniter->run()
WARNING - 2025-07-02 11:45:06 --> [DEPRECATED] Creation of dynamic property App\Controllers\Orders::$taxModel is deprecated in APPPATH/Controllers/Orders.php on line 58.
 1 SYSTEMPATH/CodeIgniter.php(906): App\Controllers\Orders->__construct()
 2 SYSTEMPATH/CodeIgniter.php(490): CodeIgniter\CodeIgniter->createController()
 3 SYSTEMPATH/CodeIgniter.php(368): CodeIgniter\CodeIgniter->handleRequest(null, Object(Config\Cache), false)
 4 FCPATH/index.php(67): CodeIgniter\CodeIgniter->run()
INFO - 2025-07-02 11:45:07 --> Session: Class initialized using 'CodeIgniter\Session\Handlers\FileHandler' driver.
WARNING - 2025-07-02 11:45:07 --> [DEPRECATED] Creation of dynamic property App\Controllers\Home::$user_model is deprecated in APPPATH/Controllers/Home.php on line 35.
 1 SYSTEMPATH/CodeIgniter.php(906): App\Controllers\Home->__construct()
 2 SYSTEMPATH/CodeIgniter.php(490): CodeIgniter\CodeIgniter->createController()
 3 SYSTEMPATH/CodeIgniter.php(368): CodeIgniter\CodeIgniter->handleRequest(null, Object(Config\Cache), false)
 4 FCPATH/index.php(67): CodeIgniter\CodeIgniter->run()
WARNING - 2025-07-02 11:45:07 --> [DEPRECATED] Creation of dynamic property App\Controllers\Home::$BlogModel is deprecated in APPPATH/Controllers/Home.php on line 43.
 1 SYSTEMPATH/CodeIgniter.php(906): App\Controllers\Home->__construct()
 2 SYSTEMPATH/CodeIgniter.php(490): CodeIgniter\CodeIgniter->createController()
 3 SYSTEMPATH/CodeIgniter.php(368): CodeIgniter\CodeIgniter->handleRequest(null, Object(Config\Cache), false)
 4 FCPATH/index.php(67): CodeIgniter\CodeIgniter->run()
WARNING - 2025-07-02 11:45:07 --> [DEPRECATED] Creation of dynamic property App\Controllers\Home::$EnquiryModel is deprecated in APPPATH/Controllers/Home.php on line 44.
 1 SYSTEMPATH/CodeIgniter.php(906): App\Controllers\Home->__construct()
 2 SYSTEMPATH/CodeIgniter.php(490): CodeIgniter\CodeIgniter->createController()
 3 SYSTEMPATH/CodeIgniter.php(368): CodeIgniter\CodeIgniter->handleRequest(null, Object(Config\Cache), false)
 4 FCPATH/index.php(67): CodeIgniter\CodeIgniter->run()
WARNING - 2025-07-02 11:45:07 --> [DEPRECATED] Creation of dynamic property App\Controllers\Home::$Allsettingsmodel is deprecated in APPPATH/Controllers/Home.php on line 45.
 1 SYSTEMPATH/CodeIgniter.php(906): App\Controllers\Home->__construct()
 2 SYSTEMPATH/CodeIgniter.php(490): CodeIgniter\CodeIgniter->createController()
 3 SYSTEMPATH/CodeIgniter.php(368): CodeIgniter\CodeIgniter->handleRequest(null, Object(Config\Cache), false)
 4 FCPATH/index.php(67): CodeIgniter\CodeIgniter->run()
INFO - 2025-07-02 11:45:08 --> Session: Class initialized using 'CodeIgniter\Session\Handlers\FileHandler' driver.
WARNING - 2025-07-02 11:45:08 --> [DEPRECATED] Creation of dynamic property App\Controllers\Orders::$session is deprecated in APPPATH/Controllers/Orders.php on line 34.
 1 SYSTEMPATH/CodeIgniter.php(906): App\Controllers\Orders->__construct()
 2 SYSTEMPATH/CodeIgniter.php(490): CodeIgniter\CodeIgniter->createController()
 3 SYSTEMPATH/CodeIgniter.php(368): CodeIgniter\CodeIgniter->handleRequest(null, Object(Config\Cache), false)
 4 FCPATH/index.php(67): CodeIgniter\CodeIgniter->run()
WARNING - 2025-07-02 11:45:08 --> Session: Sessions is enabled, and one exists. Please don't $session->start();
WARNING - 2025-07-02 11:45:08 --> [DEPRECATED] Creation of dynamic property App\Controllers\Orders::$coupons is deprecated in APPPATH/Controllers/Orders.php on line 38.
 1 SYSTEMPATH/CodeIgniter.php(906): App\Controllers\Orders->__construct()
 2 SYSTEMPATH/CodeIgniter.php(490): CodeIgniter\CodeIgniter->createController()
 3 SYSTEMPATH/CodeIgniter.php(368): CodeIgniter\CodeIgniter->handleRequest(null, Object(Config\Cache), false)
 4 FCPATH/index.php(67): CodeIgniter\CodeIgniter->run()
WARNING - 2025-07-02 11:45:08 --> [DEPRECATED] Creation of dynamic property App\Controllers\Orders::$faqs is deprecated in APPPATH/Controllers/Orders.php on line 39.
 1 SYSTEMPATH/CodeIgniter.php(906): App\Controllers\Orders->__construct()
 2 SYSTEMPATH/CodeIgniter.php(490): CodeIgniter\CodeIgniter->createController()
 3 SYSTEMPATH/CodeIgniter.php(368): CodeIgniter\CodeIgniter->handleRequest(null, Object(Config\Cache), false)
 4 FCPATH/index.php(67): CodeIgniter\CodeIgniter->run()
WARNING - 2025-07-02 11:45:08 --> [DEPRECATED] Creation of dynamic property App\Controllers\Orders::$seo is deprecated in APPPATH/Controllers/Orders.php on line 40.
 1 SYSTEMPATH/CodeIgniter.php(906): App\Controllers\Orders->__construct()
 2 SYSTEMPATH/CodeIgniter.php(490): CodeIgniter\CodeIgniter->createController()
 3 SYSTEMPATH/CodeIgniter.php(368): CodeIgniter\CodeIgniter->handleRequest(null, Object(Config\Cache), false)
 4 FCPATH/index.php(67): CodeIgniter\CodeIgniter->run()
WARNING - 2025-07-02 11:45:08 --> [DEPRECATED] Creation of dynamic property App\Controllers\Orders::$Ordermodel is deprecated in APPPATH/Controllers/Orders.php on line 41.
 1 SYSTEMPATH/CodeIgniter.php(906): App\Controllers\Orders->__construct()
 2 SYSTEMPATH/CodeIgniter.php(490): CodeIgniter\CodeIgniter->createController()
 3 SYSTEMPATH/CodeIgniter.php(368): CodeIgniter\CodeIgniter->handleRequest(null, Object(Config\Cache), false)
 4 FCPATH/index.php(67): CodeIgniter\CodeIgniter->run()
WARNING - 2025-07-02 11:45:08 --> [DEPRECATED] Creation of dynamic property App\Controllers\Orders::$testimonial is deprecated in APPPATH/Controllers/Orders.php on line 42.
 1 SYSTEMPATH/CodeIgniter.php(906): App\Controllers\Orders->__construct()
 2 SYSTEMPATH/CodeIgniter.php(490): CodeIgniter\CodeIgniter->createController()
 3 SYSTEMPATH/CodeIgniter.php(368): CodeIgniter\CodeIgniter->handleRequest(null, Object(Config\Cache), false)
 4 FCPATH/index.php(67): CodeIgniter\CodeIgniter->run()
WARNING - 2025-07-02 11:45:08 --> [DEPRECATED] Creation of dynamic property App\Controllers\Orders::$enquiry is deprecated in APPPATH/Controllers/Orders.php on line 43.
 1 SYSTEMPATH/CodeIgniter.php(906): App\Controllers\Orders->__construct()
 2 SYSTEMPATH/CodeIgniter.php(490): CodeIgniter\CodeIgniter->createController()
 3 SYSTEMPATH/CodeIgniter.php(368): CodeIgniter\CodeIgniter->handleRequest(null, Object(Config\Cache), false)
 4 FCPATH/index.php(67): CodeIgniter\CodeIgniter->run()
WARNING - 2025-07-02 11:45:08 --> [DEPRECATED] Creation of dynamic property App\Controllers\Orders::$product is deprecated in APPPATH/Controllers/Orders.php on line 44.
 1 SYSTEMPATH/CodeIgniter.php(906): App\Controllers\Orders->__construct()
 2 SYSTEMPATH/CodeIgniter.php(490): CodeIgniter\CodeIgniter->createController()
 3 SYSTEMPATH/CodeIgniter.php(368): CodeIgniter\CodeIgniter->handleRequest(null, Object(Config\Cache), false)
 4 FCPATH/index.php(67): CodeIgniter\CodeIgniter->run()
WARNING - 2025-07-02 11:45:08 --> [DEPRECATED] Creation of dynamic property App\Controllers\Orders::$orderitem is deprecated in APPPATH/Controllers/Orders.php on line 45.
 1 SYSTEMPATH/CodeIgniter.php(906): App\Controllers\Orders->__construct()
 2 SYSTEMPATH/CodeIgniter.php(490): CodeIgniter\CodeIgniter->createController()
 3 SYSTEMPATH/CodeIgniter.php(368): CodeIgniter\CodeIgniter->handleRequest(null, Object(Config\Cache), false)
 4 FCPATH/index.php(67): CodeIgniter\CodeIgniter->run()
WARNING - 2025-07-02 11:45:08 --> [DEPRECATED] Creation of dynamic property App\Controllers\Orders::$Ordercomment is deprecated in APPPATH/Controllers/Orders.php on line 46.
 1 SYSTEMPATH/CodeIgniter.php(906): App\Controllers\Orders->__construct()
 2 SYSTEMPATH/CodeIgniter.php(490): CodeIgniter\CodeIgniter->createController()
 3 SYSTEMPATH/CodeIgniter.php(368): CodeIgniter\CodeIgniter->handleRequest(null, Object(Config\Cache), false)
 4 FCPATH/index.php(67): CodeIgniter\CodeIgniter->run()
WARNING - 2025-07-02 11:45:08 --> [DEPRECATED] Creation of dynamic property App\Controllers\Orders::$catagory is deprecated in APPPATH/Controllers/Orders.php on line 47.
 1 SYSTEMPATH/CodeIgniter.php(906): App\Controllers\Orders->__construct()
 2 SYSTEMPATH/CodeIgniter.php(490): CodeIgniter\CodeIgniter->createController()
 3 SYSTEMPATH/CodeIgniter.php(368): CodeIgniter\CodeIgniter->handleRequest(null, Object(Config\Cache), false)
 4 FCPATH/index.php(67): CodeIgniter\CodeIgniter->run()
WARNING - 2025-07-02 11:45:08 --> [DEPRECATED] Creation of dynamic property App\Controllers\Orders::$User is deprecated in APPPATH/Controllers/Orders.php on line 48.
 1 SYSTEMPATH/CodeIgniter.php(906): App\Controllers\Orders->__construct()
 2 SYSTEMPATH/CodeIgniter.php(490): CodeIgniter\CodeIgniter->createController()
 3 SYSTEMPATH/CodeIgniter.php(368): CodeIgniter\CodeIgniter->handleRequest(null, Object(Config\Cache), false)
 4 FCPATH/index.php(67): CodeIgniter\CodeIgniter->run()
WARNING - 2025-07-02 11:45:08 --> [DEPRECATED] Creation of dynamic property App\Controllers\Orders::$shippingmethod is deprecated in APPPATH/Controllers/Orders.php on line 49.
 1 SYSTEMPATH/CodeIgniter.php(906): App\Controllers\Orders->__construct()
 2 SYSTEMPATH/CodeIgniter.php(490): CodeIgniter\CodeIgniter->createController()
 3 SYSTEMPATH/CodeIgniter.php(368): CodeIgniter\CodeIgniter->handleRequest(null, Object(Config\Cache), false)
 4 FCPATH/index.php(67): CodeIgniter\CodeIgniter->run()
WARNING - 2025-07-02 11:45:08 --> [DEPRECATED] Creation of dynamic property App\Controllers\Orders::$shippingrate is deprecated in APPPATH/Controllers/Orders.php on line 50.
 1 SYSTEMPATH/CodeIgniter.php(906): App\Controllers\Orders->__construct()
 2 SYSTEMPATH/CodeIgniter.php(490): CodeIgniter\CodeIgniter->createController()
 3 SYSTEMPATH/CodeIgniter.php(368): CodeIgniter\CodeIgniter->handleRequest(null, Object(Config\Cache), false)
 4 FCPATH/index.php(67): CodeIgniter\CodeIgniter->run()
WARNING - 2025-07-02 11:45:08 --> [DEPRECATED] Creation of dynamic property App\Controllers\Orders::$shippingzone is deprecated in APPPATH/Controllers/Orders.php on line 51.
 1 SYSTEMPATH/CodeIgniter.php(906): App\Controllers\Orders->__construct()
 2 SYSTEMPATH/CodeIgniter.php(490): CodeIgniter\CodeIgniter->createController()
 3 SYSTEMPATH/CodeIgniter.php(368): CodeIgniter\CodeIgniter->handleRequest(null, Object(Config\Cache), false)
 4 FCPATH/index.php(67): CodeIgniter\CodeIgniter->run()
WARNING - 2025-07-02 11:45:08 --> [DEPRECATED] Creation of dynamic property App\Controllers\Orders::$country is deprecated in APPPATH/Controllers/Orders.php on line 52.
 1 SYSTEMPATH/CodeIgniter.php(906): App\Controllers\Orders->__construct()
 2 SYSTEMPATH/CodeIgniter.php(490): CodeIgniter\CodeIgniter->createController()
 3 SYSTEMPATH/CodeIgniter.php(368): CodeIgniter\CodeIgniter->handleRequest(null, Object(Config\Cache), false)
 4 FCPATH/index.php(67): CodeIgniter\CodeIgniter->run()
WARNING - 2025-07-02 11:45:08 --> [DEPRECATED] Creation of dynamic property App\Controllers\Orders::$ChatModel is deprecated in APPPATH/Controllers/Orders.php on line 53.
 1 SYSTEMPATH/CodeIgniter.php(906): App\Controllers\Orders->__construct()
 2 SYSTEMPATH/CodeIgniter.php(490): CodeIgniter\CodeIgniter->createController()
 3 SYSTEMPATH/CodeIgniter.php(368): CodeIgniter\CodeIgniter->handleRequest(null, Object(Config\Cache), false)
 4 FCPATH/index.php(67): CodeIgniter\CodeIgniter->run()
WARNING - 2025-07-02 11:45:08 --> [DEPRECATED] Creation of dynamic property App\Controllers\Orders::$Allsettings is deprecated in APPPATH/Controllers/Orders.php on line 54.
 1 SYSTEMPATH/CodeIgniter.php(906): App\Controllers\Orders->__construct()
 2 SYSTEMPATH/CodeIgniter.php(490): CodeIgniter\CodeIgniter->createController()
 3 SYSTEMPATH/CodeIgniter.php(368): CodeIgniter\CodeIgniter->handleRequest(null, Object(Config\Cache), false)
 4 FCPATH/index.php(67): CodeIgniter\CodeIgniter->run()
WARNING - 2025-07-02 11:45:08 --> [DEPRECATED] Creation of dynamic property App\Controllers\Orders::$ShippingDataModel is deprecated in APPPATH/Controllers/Orders.php on line 55.
 1 SYSTEMPATH/CodeIgniter.php(906): App\Controllers\Orders->__construct()
 2 SYSTEMPATH/CodeIgniter.php(490): CodeIgniter\CodeIgniter->createController()
 3 SYSTEMPATH/CodeIgniter.php(368): CodeIgniter\CodeIgniter->handleRequest(null, Object(Config\Cache), false)
 4 FCPATH/index.php(67): CodeIgniter\CodeIgniter->run()
WARNING - 2025-07-02 11:45:08 --> [DEPRECATED] Creation of dynamic property App\Controllers\Orders::$cityModel is deprecated in APPPATH/Controllers/Orders.php on line 56.
 1 SYSTEMPATH/CodeIgniter.php(906): App\Controllers\Orders->__construct()
 2 SYSTEMPATH/CodeIgniter.php(490): CodeIgniter\CodeIgniter->createController()
 3 SYSTEMPATH/CodeIgniter.php(368): CodeIgniter\CodeIgniter->handleRequest(null, Object(Config\Cache), false)
 4 FCPATH/index.php(67): CodeIgniter\CodeIgniter->run()
WARNING - 2025-07-02 11:45:08 --> [DEPRECATED] Creation of dynamic property App\Controllers\Orders::$stateModel is deprecated in APPPATH/Controllers/Orders.php on line 57.
 1 SYSTEMPATH/CodeIgniter.php(906): App\Controllers\Orders->__construct()
 2 SYSTEMPATH/CodeIgniter.php(490): CodeIgniter\CodeIgniter->createController()
 3 SYSTEMPATH/CodeIgniter.php(368): CodeIgniter\CodeIgniter->handleRequest(null, Object(Config\Cache), false)
 4 FCPATH/index.php(67): CodeIgniter\CodeIgniter->run()
WARNING - 2025-07-02 11:45:08 --> [DEPRECATED] Creation of dynamic property App\Controllers\Orders::$taxModel is deprecated in APPPATH/Controllers/Orders.php on line 58.
 1 SYSTEMPATH/CodeIgniter.php(906): App\Controllers\Orders->__construct()
 2 SYSTEMPATH/CodeIgniter.php(490): CodeIgniter\CodeIgniter->createController()
 3 SYSTEMPATH/CodeIgniter.php(368): CodeIgniter\CodeIgniter->handleRequest(null, Object(Config\Cache), false)
 4 FCPATH/index.php(67): CodeIgniter\CodeIgniter->run()
INFO - 2025-07-02 11:45:09 --> Session: Class initialized using 'CodeIgniter\Session\Handlers\FileHandler' driver.
WARNING - 2025-07-02 11:45:09 --> [DEPRECATED] Creation of dynamic property App\Controllers\Home::$user_model is deprecated in APPPATH/Controllers/Home.php on line 35.
 1 SYSTEMPATH/CodeIgniter.php(906): App\Controllers\Home->__construct()
 2 SYSTEMPATH/CodeIgniter.php(490): CodeIgniter\CodeIgniter->createController()
 3 SYSTEMPATH/CodeIgniter.php(368): CodeIgniter\CodeIgniter->handleRequest(null, Object(Config\Cache), false)
 4 FCPATH/index.php(67): CodeIgniter\CodeIgniter->run()
WARNING - 2025-07-02 11:45:09 --> [DEPRECATED] Creation of dynamic property App\Controllers\Home::$BlogModel is deprecated in APPPATH/Controllers/Home.php on line 43.
 1 SYSTEMPATH/CodeIgniter.php(906): App\Controllers\Home->__construct()
 2 SYSTEMPATH/CodeIgniter.php(490): CodeIgniter\CodeIgniter->createController()
 3 SYSTEMPATH/CodeIgniter.php(368): CodeIgniter\CodeIgniter->handleRequest(null, Object(Config\Cache), false)
 4 FCPATH/index.php(67): CodeIgniter\CodeIgniter->run()
WARNING - 2025-07-02 11:45:09 --> [DEPRECATED] Creation of dynamic property App\Controllers\Home::$EnquiryModel is deprecated in APPPATH/Controllers/Home.php on line 44.
 1 SYSTEMPATH/CodeIgniter.php(906): App\Controllers\Home->__construct()
 2 SYSTEMPATH/CodeIgniter.php(490): CodeIgniter\CodeIgniter->createController()
 3 SYSTEMPATH/CodeIgniter.php(368): CodeIgniter\CodeIgniter->handleRequest(null, Object(Config\Cache), false)
 4 FCPATH/index.php(67): CodeIgniter\CodeIgniter->run()
WARNING - 2025-07-02 11:45:09 --> [DEPRECATED] Creation of dynamic property App\Controllers\Home::$Allsettingsmodel is deprecated in APPPATH/Controllers/Home.php on line 45.
 1 SYSTEMPATH/CodeIgniter.php(906): App\Controllers\Home->__construct()
 2 SYSTEMPATH/CodeIgniter.php(490): CodeIgniter\CodeIgniter->createController()
 3 SYSTEMPATH/CodeIgniter.php(368): CodeIgniter\CodeIgniter->handleRequest(null, Object(Config\Cache), false)
 4 FCPATH/index.php(67): CodeIgniter\CodeIgniter->run()
INFO - 2025-07-02 11:46:29 --> Session: Class initialized using 'CodeIgniter\Session\Handlers\FileHandler' driver.
WARNING - 2025-07-02 11:46:29 --> [DEPRECATED] Creation of dynamic property App\Controllers\Home::$user_model is deprecated in APPPATH/Controllers/Home.php on line 35.
 1 SYSTEMPATH/CodeIgniter.php(906): App\Controllers\Home->__construct()
 2 SYSTEMPATH/CodeIgniter.php(490): CodeIgniter\CodeIgniter->createController()
 3 SYSTEMPATH/CodeIgniter.php(368): CodeIgniter\CodeIgniter->handleRequest(null, Object(Config\Cache), false)
 4 FCPATH/index.php(67): CodeIgniter\CodeIgniter->run()
WARNING - 2025-07-02 11:46:29 --> [DEPRECATED] Creation of dynamic property App\Controllers\Home::$BlogModel is deprecated in APPPATH/Controllers/Home.php on line 43.
 1 SYSTEMPATH/CodeIgniter.php(906): App\Controllers\Home->__construct()
 2 SYSTEMPATH/CodeIgniter.php(490): CodeIgniter\CodeIgniter->createController()
 3 SYSTEMPATH/CodeIgniter.php(368): CodeIgniter\CodeIgniter->handleRequest(null, Object(Config\Cache), false)
 4 FCPATH/index.php(67): CodeIgniter\CodeIgniter->run()
WARNING - 2025-07-02 11:46:29 --> [DEPRECATED] Creation of dynamic property App\Controllers\Home::$EnquiryModel is deprecated in APPPATH/Controllers/Home.php on line 44.
 1 SYSTEMPATH/CodeIgniter.php(906): App\Controllers\Home->__construct()
 2 SYSTEMPATH/CodeIgniter.php(490): CodeIgniter\CodeIgniter->createController()
 3 SYSTEMPATH/CodeIgniter.php(368): CodeIgniter\CodeIgniter->handleRequest(null, Object(Config\Cache), false)
 4 FCPATH/index.php(67): CodeIgniter\CodeIgniter->run()
WARNING - 2025-07-02 11:46:29 --> [DEPRECATED] Creation of dynamic property App\Controllers\Home::$Allsettingsmodel is deprecated in APPPATH/Controllers/Home.php on line 45.
 1 SYSTEMPATH/CodeIgniter.php(906): App\Controllers\Home->__construct()
 2 SYSTEMPATH/CodeIgniter.php(490): CodeIgniter\CodeIgniter->createController()
 3 SYSTEMPATH/CodeIgniter.php(368): CodeIgniter\CodeIgniter->handleRequest(null, Object(Config\Cache), false)
 4 FCPATH/index.php(67): CodeIgniter\CodeIgniter->run()
INFO - 2025-07-02 11:46:30 --> Session: Class initialized using 'CodeIgniter\Session\Handlers\FileHandler' driver.
WARNING - 2025-07-02 11:46:30 --> [DEPRECATED] Creation of dynamic property App\Controllers\Home::$user_model is deprecated in APPPATH/Controllers/Home.php on line 35.
 1 SYSTEMPATH/CodeIgniter.php(906): App\Controllers\Home->__construct()
 2 SYSTEMPATH/CodeIgniter.php(490): CodeIgniter\CodeIgniter->createController()
 3 SYSTEMPATH/CodeIgniter.php(368): CodeIgniter\CodeIgniter->handleRequest(null, Object(Config\Cache), false)
 4 FCPATH/index.php(67): CodeIgniter\CodeIgniter->run()
WARNING - 2025-07-02 11:46:30 --> [DEPRECATED] Creation of dynamic property App\Controllers\Home::$BlogModel is deprecated in APPPATH/Controllers/Home.php on line 43.
 1 SYSTEMPATH/CodeIgniter.php(906): App\Controllers\Home->__construct()
 2 SYSTEMPATH/CodeIgniter.php(490): CodeIgniter\CodeIgniter->createController()
 3 SYSTEMPATH/CodeIgniter.php(368): CodeIgniter\CodeIgniter->handleRequest(null, Object(Config\Cache), false)
 4 FCPATH/index.php(67): CodeIgniter\CodeIgniter->run()
WARNING - 2025-07-02 11:46:30 --> [DEPRECATED] Creation of dynamic property App\Controllers\Home::$EnquiryModel is deprecated in APPPATH/Controllers/Home.php on line 44.
 1 SYSTEMPATH/CodeIgniter.php(906): App\Controllers\Home->__construct()
 2 SYSTEMPATH/CodeIgniter.php(490): CodeIgniter\CodeIgniter->createController()
 3 SYSTEMPATH/CodeIgniter.php(368): CodeIgniter\CodeIgniter->handleRequest(null, Object(Config\Cache), false)
 4 FCPATH/index.php(67): CodeIgniter\CodeIgniter->run()
WARNING - 2025-07-02 11:46:30 --> [DEPRECATED] Creation of dynamic property App\Controllers\Home::$Allsettingsmodel is deprecated in APPPATH/Controllers/Home.php on line 45.
 1 SYSTEMPATH/CodeIgniter.php(906): App\Controllers\Home->__construct()
 2 SYSTEMPATH/CodeIgniter.php(490): CodeIgniter\CodeIgniter->createController()
 3 SYSTEMPATH/CodeIgniter.php(368): CodeIgniter\CodeIgniter->handleRequest(null, Object(Config\Cache), false)
 4 FCPATH/index.php(67): CodeIgniter\CodeIgniter->run()
INFO - 2025-07-02 12:49:46 --> Session: Class initialized using 'CodeIgniter\Session\Handlers\FileHandler' driver.
INFO - 2025-07-02 12:49:46 --> Session: Class initialized using 'CodeIgniter\Session\Handlers\FileHandler' driver.
WARNING - 2025-07-02 12:49:46 --> [DEPRECATED] Creation of dynamic property App\Controllers\Home::$user_model is deprecated in APPPATH/Controllers/Home.php on line 35.
 1 SYSTEMPATH/CodeIgniter.php(906): App\Controllers\Home->__construct()
 2 SYSTEMPATH/CodeIgniter.php(490): CodeIgniter\CodeIgniter->createController()
 3 SYSTEMPATH/CodeIgniter.php(368): CodeIgniter\CodeIgniter->handleRequest(null, Object(Config\Cache), false)
 4 FCPATH/index.php(67): CodeIgniter\CodeIgniter->run()
WARNING - 2025-07-02 12:49:46 --> [DEPRECATED] Creation of dynamic property App\Controllers\Home::$BlogModel is deprecated in APPPATH/Controllers/Home.php on line 43.
 1 SYSTEMPATH/CodeIgniter.php(906): App\Controllers\Home->__construct()
 2 SYSTEMPATH/CodeIgniter.php(490): CodeIgniter\CodeIgniter->createController()
 3 SYSTEMPATH/CodeIgniter.php(368): CodeIgniter\CodeIgniter->handleRequest(null, Object(Config\Cache), false)
 4 FCPATH/index.php(67): CodeIgniter\CodeIgniter->run()
WARNING - 2025-07-02 12:49:46 --> [DEPRECATED] Creation of dynamic property App\Controllers\Home::$EnquiryModel is deprecated in APPPATH/Controllers/Home.php on line 44.
 1 SYSTEMPATH/CodeIgniter.php(906): App\Controllers\Home->__construct()
 2 SYSTEMPATH/CodeIgniter.php(490): CodeIgniter\CodeIgniter->createController()
 3 SYSTEMPATH/CodeIgniter.php(368): CodeIgniter\CodeIgniter->handleRequest(null, Object(Config\Cache), false)
 4 FCPATH/index.php(67): CodeIgniter\CodeIgniter->run()
WARNING - 2025-07-02 12:49:46 --> [DEPRECATED] Creation of dynamic property App\Controllers\Home::$Allsettingsmodel is deprecated in APPPATH/Controllers/Home.php on line 45.
 1 SYSTEMPATH/CodeIgniter.php(906): App\Controllers\Home->__construct()
 2 SYSTEMPATH/CodeIgniter.php(490): CodeIgniter\CodeIgniter->createController()
 3 SYSTEMPATH/CodeIgniter.php(368): CodeIgniter\CodeIgniter->handleRequest(null, Object(Config\Cache), false)
 4 FCPATH/index.php(67): CodeIgniter\CodeIgniter->run()
WARNING - 2025-07-02 12:49:49 --> [DEPRECATED] Creation of dynamic property App\Controllers\Home::$user_model is deprecated in APPPATH/Controllers/Home.php on line 35.
 1 SYSTEMPATH/CodeIgniter.php(906): App\Controllers\Home->__construct()
 2 SYSTEMPATH/CodeIgniter.php(490): CodeIgniter\CodeIgniter->createController()
 3 SYSTEMPATH/CodeIgniter.php(368): CodeIgniter\CodeIgniter->handleRequest(null, Object(Config\Cache), false)
 4 FCPATH/index.php(67): CodeIgniter\CodeIgniter->run()
WARNING - 2025-07-02 12:49:49 --> [DEPRECATED] Creation of dynamic property App\Controllers\Home::$BlogModel is deprecated in APPPATH/Controllers/Home.php on line 43.
 1 SYSTEMPATH/CodeIgniter.php(906): App\Controllers\Home->__construct()
 2 SYSTEMPATH/CodeIgniter.php(490): CodeIgniter\CodeIgniter->createController()
 3 SYSTEMPATH/CodeIgniter.php(368): CodeIgniter\CodeIgniter->handleRequest(null, Object(Config\Cache), false)
 4 FCPATH/index.php(67): CodeIgniter\CodeIgniter->run()
WARNING - 2025-07-02 12:49:49 --> [DEPRECATED] Creation of dynamic property App\Controllers\Home::$EnquiryModel is deprecated in APPPATH/Controllers/Home.php on line 44.
 1 SYSTEMPATH/CodeIgniter.php(906): App\Controllers\Home->__construct()
 2 SYSTEMPATH/CodeIgniter.php(490): CodeIgniter\CodeIgniter->createController()
 3 SYSTEMPATH/CodeIgniter.php(368): CodeIgniter\CodeIgniter->handleRequest(null, Object(Config\Cache), false)
 4 FCPATH/index.php(67): CodeIgniter\CodeIgniter->run()
WARNING - 2025-07-02 12:49:49 --> [DEPRECATED] Creation of dynamic property App\Controllers\Home::$Allsettingsmodel is deprecated in APPPATH/Controllers/Home.php on line 45.
 1 SYSTEMPATH/CodeIgniter.php(906): App\Controllers\Home->__construct()
 2 SYSTEMPATH/CodeIgniter.php(490): CodeIgniter\CodeIgniter->createController()
 3 SYSTEMPATH/CodeIgniter.php(368): CodeIgniter\CodeIgniter->handleRequest(null, Object(Config\Cache), false)
 4 FCPATH/index.php(67): CodeIgniter\CodeIgniter->run()
INFO - 2025-07-02 12:49:49 --> Session: Class initialized using 'CodeIgniter\Session\Handlers\FileHandler' driver.
INFO - 2025-07-02 12:49:51 --> Session: Class initialized using 'CodeIgniter\Session\Handlers\FileHandler' driver.
WARNING - 2025-07-02 12:49:51 --> [DEPRECATED] Creation of dynamic property App\Controllers\Home::$user_model is deprecated in APPPATH/Controllers/Home.php on line 35.
 1 SYSTEMPATH/CodeIgniter.php(906): App\Controllers\Home->__construct()
 2 SYSTEMPATH/CodeIgniter.php(490): CodeIgniter\CodeIgniter->createController()
 3 SYSTEMPATH/CodeIgniter.php(368): CodeIgniter\CodeIgniter->handleRequest(null, Object(Config\Cache), false)
 4 FCPATH/index.php(67): CodeIgniter\CodeIgniter->run()
WARNING - 2025-07-02 12:49:51 --> [DEPRECATED] Creation of dynamic property App\Controllers\Home::$BlogModel is deprecated in APPPATH/Controllers/Home.php on line 43.
 1 SYSTEMPATH/CodeIgniter.php(906): App\Controllers\Home->__construct()
 2 SYSTEMPATH/CodeIgniter.php(490): CodeIgniter\CodeIgniter->createController()
 3 SYSTEMPATH/CodeIgniter.php(368): CodeIgniter\CodeIgniter->handleRequest(null, Object(Config\Cache), false)
 4 FCPATH/index.php(67): CodeIgniter\CodeIgniter->run()
WARNING - 2025-07-02 12:49:51 --> [DEPRECATED] Creation of dynamic property App\Controllers\Home::$EnquiryModel is deprecated in APPPATH/Controllers/Home.php on line 44.
 1 SYSTEMPATH/CodeIgniter.php(906): App\Controllers\Home->__construct()
 2 SYSTEMPATH/CodeIgniter.php(490): CodeIgniter\CodeIgniter->createController()
 3 SYSTEMPATH/CodeIgniter.php(368): CodeIgniter\CodeIgniter->handleRequest(null, Object(Config\Cache), false)
 4 FCPATH/index.php(67): CodeIgniter\CodeIgniter->run()
WARNING - 2025-07-02 12:49:51 --> [DEPRECATED] Creation of dynamic property App\Controllers\Home::$Allsettingsmodel is deprecated in APPPATH/Controllers/Home.php on line 45.
 1 SYSTEMPATH/CodeIgniter.php(906): App\Controllers\Home->__construct()
 2 SYSTEMPATH/CodeIgniter.php(490): CodeIgniter\CodeIgniter->createController()
 3 SYSTEMPATH/CodeIgniter.php(368): CodeIgniter\CodeIgniter->handleRequest(null, Object(Config\Cache), false)
 4 FCPATH/index.php(67): CodeIgniter\CodeIgniter->run()
INFO - 2025-07-02 12:49:52 --> Session: Class initialized using 'CodeIgniter\Session\Handlers\FileHandler' driver.
WARNING - 2025-07-02 12:49:52 --> [DEPRECATED] Creation of dynamic property App\Controllers\Home::$user_model is deprecated in APPPATH/Controllers/Home.php on line 35.
 1 SYSTEMPATH/CodeIgniter.php(906): App\Controllers\Home->__construct()
 2 SYSTEMPATH/CodeIgniter.php(490): CodeIgniter\CodeIgniter->createController()
 3 SYSTEMPATH/CodeIgniter.php(368): CodeIgniter\CodeIgniter->handleRequest(null, Object(Config\Cache), false)
 4 FCPATH/index.php(67): CodeIgniter\CodeIgniter->run()
WARNING - 2025-07-02 12:49:52 --> [DEPRECATED] Creation of dynamic property App\Controllers\Home::$BlogModel is deprecated in APPPATH/Controllers/Home.php on line 43.
 1 SYSTEMPATH/CodeIgniter.php(906): App\Controllers\Home->__construct()
 2 SYSTEMPATH/CodeIgniter.php(490): CodeIgniter\CodeIgniter->createController()
 3 SYSTEMPATH/CodeIgniter.php(368): CodeIgniter\CodeIgniter->handleRequest(null, Object(Config\Cache), false)
 4 FCPATH/index.php(67): CodeIgniter\CodeIgniter->run()
WARNING - 2025-07-02 12:49:52 --> [DEPRECATED] Creation of dynamic property App\Controllers\Home::$EnquiryModel is deprecated in APPPATH/Controllers/Home.php on line 44.
 1 SYSTEMPATH/CodeIgniter.php(906): App\Controllers\Home->__construct()
 2 SYSTEMPATH/CodeIgniter.php(490): CodeIgniter\CodeIgniter->createController()
 3 SYSTEMPATH/CodeIgniter.php(368): CodeIgniter\CodeIgniter->handleRequest(null, Object(Config\Cache), false)
 4 FCPATH/index.php(67): CodeIgniter\CodeIgniter->run()
WARNING - 2025-07-02 12:49:52 --> [DEPRECATED] Creation of dynamic property App\Controllers\Home::$Allsettingsmodel is deprecated in APPPATH/Controllers/Home.php on line 45.
 1 SYSTEMPATH/CodeIgniter.php(906): App\Controllers\Home->__construct()
 2 SYSTEMPATH/CodeIgniter.php(490): CodeIgniter\CodeIgniter->createController()
 3 SYSTEMPATH/CodeIgniter.php(368): CodeIgniter\CodeIgniter->handleRequest(null, Object(Config\Cache), false)
 4 FCPATH/index.php(67): CodeIgniter\CodeIgniter->run()
INFO - 2025-07-02 12:50:01 --> Session: Class initialized using 'CodeIgniter\Session\Handlers\FileHandler' driver.
WARNING - 2025-07-02 12:50:01 --> [DEPRECATED] Creation of dynamic property App\Controllers\Home::$user_model is deprecated in APPPATH/Controllers/Home.php on line 35.
 1 SYSTEMPATH/CodeIgniter.php(906): App\Controllers\Home->__construct()
 2 SYSTEMPATH/CodeIgniter.php(490): CodeIgniter\CodeIgniter->createController()
 3 SYSTEMPATH/CodeIgniter.php(368): CodeIgniter\CodeIgniter->handleRequest(null, Object(Config\Cache), false)
 4 FCPATH/index.php(67): CodeIgniter\CodeIgniter->run()
WARNING - 2025-07-02 12:50:01 --> [DEPRECATED] Creation of dynamic property App\Controllers\Home::$BlogModel is deprecated in APPPATH/Controllers/Home.php on line 43.
 1 SYSTEMPATH/CodeIgniter.php(906): App\Controllers\Home->__construct()
 2 SYSTEMPATH/CodeIgniter.php(490): CodeIgniter\CodeIgniter->createController()
 3 SYSTEMPATH/CodeIgniter.php(368): CodeIgniter\CodeIgniter->handleRequest(null, Object(Config\Cache), false)
 4 FCPATH/index.php(67): CodeIgniter\CodeIgniter->run()
WARNING - 2025-07-02 12:50:01 --> [DEPRECATED] Creation of dynamic property App\Controllers\Home::$EnquiryModel is deprecated in APPPATH/Controllers/Home.php on line 44.
 1 SYSTEMPATH/CodeIgniter.php(906): App\Controllers\Home->__construct()
 2 SYSTEMPATH/CodeIgniter.php(490): CodeIgniter\CodeIgniter->createController()
 3 SYSTEMPATH/CodeIgniter.php(368): CodeIgniter\CodeIgniter->handleRequest(null, Object(Config\Cache), false)
 4 FCPATH/index.php(67): CodeIgniter\CodeIgniter->run()
WARNING - 2025-07-02 12:50:01 --> [DEPRECATED] Creation of dynamic property App\Controllers\Home::$Allsettingsmodel is deprecated in APPPATH/Controllers/Home.php on line 45.
 1 SYSTEMPATH/CodeIgniter.php(906): App\Controllers\Home->__construct()
 2 SYSTEMPATH/CodeIgniter.php(490): CodeIgniter\CodeIgniter->createController()
 3 SYSTEMPATH/CodeIgniter.php(368): CodeIgniter\CodeIgniter->handleRequest(null, Object(Config\Cache), false)
 4 FCPATH/index.php(67): CodeIgniter\CodeIgniter->run()
INFO - 2025-07-02 12:50:02 --> Session: Class initialized using 'CodeIgniter\Session\Handlers\FileHandler' driver.
WARNING - 2025-07-02 12:50:02 --> [DEPRECATED] Creation of dynamic property App\Controllers\Home::$user_model is deprecated in APPPATH/Controllers/Home.php on line 35.
 1 SYSTEMPATH/CodeIgniter.php(906): App\Controllers\Home->__construct()
 2 SYSTEMPATH/CodeIgniter.php(490): CodeIgniter\CodeIgniter->createController()
 3 SYSTEMPATH/CodeIgniter.php(368): CodeIgniter\CodeIgniter->handleRequest(null, Object(Config\Cache), false)
 4 FCPATH/index.php(67): CodeIgniter\CodeIgniter->run()
WARNING - 2025-07-02 12:50:02 --> [DEPRECATED] Creation of dynamic property App\Controllers\Home::$BlogModel is deprecated in APPPATH/Controllers/Home.php on line 43.
 1 SYSTEMPATH/CodeIgniter.php(906): App\Controllers\Home->__construct()
 2 SYSTEMPATH/CodeIgniter.php(490): CodeIgniter\CodeIgniter->createController()
 3 SYSTEMPATH/CodeIgniter.php(368): CodeIgniter\CodeIgniter->handleRequest(null, Object(Config\Cache), false)
 4 FCPATH/index.php(67): CodeIgniter\CodeIgniter->run()
WARNING - 2025-07-02 12:50:02 --> [DEPRECATED] Creation of dynamic property App\Controllers\Home::$EnquiryModel is deprecated in APPPATH/Controllers/Home.php on line 44.
 1 SYSTEMPATH/CodeIgniter.php(906): App\Controllers\Home->__construct()
 2 SYSTEMPATH/CodeIgniter.php(490): CodeIgniter\CodeIgniter->createController()
 3 SYSTEMPATH/CodeIgniter.php(368): CodeIgniter\CodeIgniter->handleRequest(null, Object(Config\Cache), false)
 4 FCPATH/index.php(67): CodeIgniter\CodeIgniter->run()
WARNING - 2025-07-02 12:50:02 --> [DEPRECATED] Creation of dynamic property App\Controllers\Home::$Allsettingsmodel is deprecated in APPPATH/Controllers/Home.php on line 45.
 1 SYSTEMPATH/CodeIgniter.php(906): App\Controllers\Home->__construct()
 2 SYSTEMPATH/CodeIgniter.php(490): CodeIgniter\CodeIgniter->createController()
 3 SYSTEMPATH/CodeIgniter.php(368): CodeIgniter\CodeIgniter->handleRequest(null, Object(Config\Cache), false)
 4 FCPATH/index.php(67): CodeIgniter\CodeIgniter->run()
INFO - 2025-07-02 12:50:08 --> Session: Class initialized using 'CodeIgniter\Session\Handlers\FileHandler' driver.
WARNING - 2025-07-02 12:50:08 --> [DEPRECATED] Creation of dynamic property App\Controllers\Orders::$session is deprecated in APPPATH/Controllers/Orders.php on line 34.
 1 SYSTEMPATH/CodeIgniter.php(906): App\Controllers\Orders->__construct()
 2 SYSTEMPATH/CodeIgniter.php(490): CodeIgniter\CodeIgniter->createController()
 3 SYSTEMPATH/CodeIgniter.php(368): CodeIgniter\CodeIgniter->handleRequest(null, Object(Config\Cache), false)
 4 FCPATH/index.php(67): CodeIgniter\CodeIgniter->run()
WARNING - 2025-07-02 12:50:08 --> Session: Sessions is enabled, and one exists. Please don't $session->start();
WARNING - 2025-07-02 12:50:08 --> [DEPRECATED] Creation of dynamic property App\Controllers\Orders::$coupons is deprecated in APPPATH/Controllers/Orders.php on line 38.
 1 SYSTEMPATH/CodeIgniter.php(906): App\Controllers\Orders->__construct()
 2 SYSTEMPATH/CodeIgniter.php(490): CodeIgniter\CodeIgniter->createController()
 3 SYSTEMPATH/CodeIgniter.php(368): CodeIgniter\CodeIgniter->handleRequest(null, Object(Config\Cache), false)
 4 FCPATH/index.php(67): CodeIgniter\CodeIgniter->run()
WARNING - 2025-07-02 12:50:08 --> [DEPRECATED] Creation of dynamic property App\Controllers\Orders::$faqs is deprecated in APPPATH/Controllers/Orders.php on line 39.
 1 SYSTEMPATH/CodeIgniter.php(906): App\Controllers\Orders->__construct()
 2 SYSTEMPATH/CodeIgniter.php(490): CodeIgniter\CodeIgniter->createController()
 3 SYSTEMPATH/CodeIgniter.php(368): CodeIgniter\CodeIgniter->handleRequest(null, Object(Config\Cache), false)
 4 FCPATH/index.php(67): CodeIgniter\CodeIgniter->run()
WARNING - 2025-07-02 12:50:08 --> [DEPRECATED] Creation of dynamic property App\Controllers\Orders::$seo is deprecated in APPPATH/Controllers/Orders.php on line 40.
 1 SYSTEMPATH/CodeIgniter.php(906): App\Controllers\Orders->__construct()
 2 SYSTEMPATH/CodeIgniter.php(490): CodeIgniter\CodeIgniter->createController()
 3 SYSTEMPATH/CodeIgniter.php(368): CodeIgniter\CodeIgniter->handleRequest(null, Object(Config\Cache), false)
 4 FCPATH/index.php(67): CodeIgniter\CodeIgniter->run()
WARNING - 2025-07-02 12:50:08 --> [DEPRECATED] Creation of dynamic property App\Controllers\Orders::$Ordermodel is deprecated in APPPATH/Controllers/Orders.php on line 41.
 1 SYSTEMPATH/CodeIgniter.php(906): App\Controllers\Orders->__construct()
 2 SYSTEMPATH/CodeIgniter.php(490): CodeIgniter\CodeIgniter->createController()
 3 SYSTEMPATH/CodeIgniter.php(368): CodeIgniter\CodeIgniter->handleRequest(null, Object(Config\Cache), false)
 4 FCPATH/index.php(67): CodeIgniter\CodeIgniter->run()
WARNING - 2025-07-02 12:50:08 --> [DEPRECATED] Creation of dynamic property App\Controllers\Orders::$testimonial is deprecated in APPPATH/Controllers/Orders.php on line 42.
 1 SYSTEMPATH/CodeIgniter.php(906): App\Controllers\Orders->__construct()
 2 SYSTEMPATH/CodeIgniter.php(490): CodeIgniter\CodeIgniter->createController()
 3 SYSTEMPATH/CodeIgniter.php(368): CodeIgniter\CodeIgniter->handleRequest(null, Object(Config\Cache), false)
 4 FCPATH/index.php(67): CodeIgniter\CodeIgniter->run()
WARNING - 2025-07-02 12:50:08 --> [DEPRECATED] Creation of dynamic property App\Controllers\Orders::$enquiry is deprecated in APPPATH/Controllers/Orders.php on line 43.
 1 SYSTEMPATH/CodeIgniter.php(906): App\Controllers\Orders->__construct()
 2 SYSTEMPATH/CodeIgniter.php(490): CodeIgniter\CodeIgniter->createController()
 3 SYSTEMPATH/CodeIgniter.php(368): CodeIgniter\CodeIgniter->handleRequest(null, Object(Config\Cache), false)
 4 FCPATH/index.php(67): CodeIgniter\CodeIgniter->run()
WARNING - 2025-07-02 12:50:08 --> [DEPRECATED] Creation of dynamic property App\Controllers\Orders::$product is deprecated in APPPATH/Controllers/Orders.php on line 44.
 1 SYSTEMPATH/CodeIgniter.php(906): App\Controllers\Orders->__construct()
 2 SYSTEMPATH/CodeIgniter.php(490): CodeIgniter\CodeIgniter->createController()
 3 SYSTEMPATH/CodeIgniter.php(368): CodeIgniter\CodeIgniter->handleRequest(null, Object(Config\Cache), false)
 4 FCPATH/index.php(67): CodeIgniter\CodeIgniter->run()
WARNING - 2025-07-02 12:50:08 --> [DEPRECATED] Creation of dynamic property App\Controllers\Orders::$orderitem is deprecated in APPPATH/Controllers/Orders.php on line 45.
 1 SYSTEMPATH/CodeIgniter.php(906): App\Controllers\Orders->__construct()
 2 SYSTEMPATH/CodeIgniter.php(490): CodeIgniter\CodeIgniter->createController()
 3 SYSTEMPATH/CodeIgniter.php(368): CodeIgniter\CodeIgniter->handleRequest(null, Object(Config\Cache), false)
 4 FCPATH/index.php(67): CodeIgniter\CodeIgniter->run()
WARNING - 2025-07-02 12:50:08 --> [DEPRECATED] Creation of dynamic property App\Controllers\Orders::$Ordercomment is deprecated in APPPATH/Controllers/Orders.php on line 46.
 1 SYSTEMPATH/CodeIgniter.php(906): App\Controllers\Orders->__construct()
 2 SYSTEMPATH/CodeIgniter.php(490): CodeIgniter\CodeIgniter->createController()
 3 SYSTEMPATH/CodeIgniter.php(368): CodeIgniter\CodeIgniter->handleRequest(null, Object(Config\Cache), false)
 4 FCPATH/index.php(67): CodeIgniter\CodeIgniter->run()
WARNING - 2025-07-02 12:50:08 --> [DEPRECATED] Creation of dynamic property App\Controllers\Orders::$catagory is deprecated in APPPATH/Controllers/Orders.php on line 47.
 1 SYSTEMPATH/CodeIgniter.php(906): App\Controllers\Orders->__construct()
 2 SYSTEMPATH/CodeIgniter.php(490): CodeIgniter\CodeIgniter->createController()
 3 SYSTEMPATH/CodeIgniter.php(368): CodeIgniter\CodeIgniter->handleRequest(null, Object(Config\Cache), false)
 4 FCPATH/index.php(67): CodeIgniter\CodeIgniter->run()
WARNING - 2025-07-02 12:50:08 --> [DEPRECATED] Creation of dynamic property App\Controllers\Orders::$User is deprecated in APPPATH/Controllers/Orders.php on line 48.
 1 SYSTEMPATH/CodeIgniter.php(906): App\Controllers\Orders->__construct()
 2 SYSTEMPATH/CodeIgniter.php(490): CodeIgniter\CodeIgniter->createController()
 3 SYSTEMPATH/CodeIgniter.php(368): CodeIgniter\CodeIgniter->handleRequest(null, Object(Config\Cache), false)
 4 FCPATH/index.php(67): CodeIgniter\CodeIgniter->run()
WARNING - 2025-07-02 12:50:08 --> [DEPRECATED] Creation of dynamic property App\Controllers\Orders::$shippingmethod is deprecated in APPPATH/Controllers/Orders.php on line 49.
 1 SYSTEMPATH/CodeIgniter.php(906): App\Controllers\Orders->__construct()
 2 SYSTEMPATH/CodeIgniter.php(490): CodeIgniter\CodeIgniter->createController()
 3 SYSTEMPATH/CodeIgniter.php(368): CodeIgniter\CodeIgniter->handleRequest(null, Object(Config\Cache), false)
 4 FCPATH/index.php(67): CodeIgniter\CodeIgniter->run()
WARNING - 2025-07-02 12:50:08 --> [DEPRECATED] Creation of dynamic property App\Controllers\Orders::$shippingrate is deprecated in APPPATH/Controllers/Orders.php on line 50.
 1 SYSTEMPATH/CodeIgniter.php(906): App\Controllers\Orders->__construct()
 2 SYSTEMPATH/CodeIgniter.php(490): CodeIgniter\CodeIgniter->createController()
 3 SYSTEMPATH/CodeIgniter.php(368): CodeIgniter\CodeIgniter->handleRequest(null, Object(Config\Cache), false)
 4 FCPATH/index.php(67): CodeIgniter\CodeIgniter->run()
WARNING - 2025-07-02 12:50:08 --> [DEPRECATED] Creation of dynamic property App\Controllers\Orders::$shippingzone is deprecated in APPPATH/Controllers/Orders.php on line 51.
 1 SYSTEMPATH/CodeIgniter.php(906): App\Controllers\Orders->__construct()
 2 SYSTEMPATH/CodeIgniter.php(490): CodeIgniter\CodeIgniter->createController()
 3 SYSTEMPATH/CodeIgniter.php(368): CodeIgniter\CodeIgniter->handleRequest(null, Object(Config\Cache), false)
 4 FCPATH/index.php(67): CodeIgniter\CodeIgniter->run()
WARNING - 2025-07-02 12:50:08 --> [DEPRECATED] Creation of dynamic property App\Controllers\Orders::$country is deprecated in APPPATH/Controllers/Orders.php on line 52.
 1 SYSTEMPATH/CodeIgniter.php(906): App\Controllers\Orders->__construct()
 2 SYSTEMPATH/CodeIgniter.php(490): CodeIgniter\CodeIgniter->createController()
 3 SYSTEMPATH/CodeIgniter.php(368): CodeIgniter\CodeIgniter->handleRequest(null, Object(Config\Cache), false)
 4 FCPATH/index.php(67): CodeIgniter\CodeIgniter->run()
WARNING - 2025-07-02 12:50:08 --> [DEPRECATED] Creation of dynamic property App\Controllers\Orders::$ChatModel is deprecated in APPPATH/Controllers/Orders.php on line 53.
 1 SYSTEMPATH/CodeIgniter.php(906): App\Controllers\Orders->__construct()
 2 SYSTEMPATH/CodeIgniter.php(490): CodeIgniter\CodeIgniter->createController()
 3 SYSTEMPATH/CodeIgniter.php(368): CodeIgniter\CodeIgniter->handleRequest(null, Object(Config\Cache), false)
 4 FCPATH/index.php(67): CodeIgniter\CodeIgniter->run()
WARNING - 2025-07-02 12:50:08 --> [DEPRECATED] Creation of dynamic property App\Controllers\Orders::$Allsettings is deprecated in APPPATH/Controllers/Orders.php on line 54.
 1 SYSTEMPATH/CodeIgniter.php(906): App\Controllers\Orders->__construct()
 2 SYSTEMPATH/CodeIgniter.php(490): CodeIgniter\CodeIgniter->createController()
 3 SYSTEMPATH/CodeIgniter.php(368): CodeIgniter\CodeIgniter->handleRequest(null, Object(Config\Cache), false)
 4 FCPATH/index.php(67): CodeIgniter\CodeIgniter->run()
WARNING - 2025-07-02 12:50:08 --> [DEPRECATED] Creation of dynamic property App\Controllers\Orders::$ShippingDataModel is deprecated in APPPATH/Controllers/Orders.php on line 55.
 1 SYSTEMPATH/CodeIgniter.php(906): App\Controllers\Orders->__construct()
 2 SYSTEMPATH/CodeIgniter.php(490): CodeIgniter\CodeIgniter->createController()
 3 SYSTEMPATH/CodeIgniter.php(368): CodeIgniter\CodeIgniter->handleRequest(null, Object(Config\Cache), false)
 4 FCPATH/index.php(67): CodeIgniter\CodeIgniter->run()
WARNING - 2025-07-02 12:50:08 --> [DEPRECATED] Creation of dynamic property App\Controllers\Orders::$cityModel is deprecated in APPPATH/Controllers/Orders.php on line 56.
 1 SYSTEMPATH/CodeIgniter.php(906): App\Controllers\Orders->__construct()
 2 SYSTEMPATH/CodeIgniter.php(490): CodeIgniter\CodeIgniter->createController()
 3 SYSTEMPATH/CodeIgniter.php(368): CodeIgniter\CodeIgniter->handleRequest(null, Object(Config\Cache), false)
 4 FCPATH/index.php(67): CodeIgniter\CodeIgniter->run()
WARNING - 2025-07-02 12:50:08 --> [DEPRECATED] Creation of dynamic property App\Controllers\Orders::$stateModel is deprecated in APPPATH/Controllers/Orders.php on line 57.
 1 SYSTEMPATH/CodeIgniter.php(906): App\Controllers\Orders->__construct()
 2 SYSTEMPATH/CodeIgniter.php(490): CodeIgniter\CodeIgniter->createController()
 3 SYSTEMPATH/CodeIgniter.php(368): CodeIgniter\CodeIgniter->handleRequest(null, Object(Config\Cache), false)
 4 FCPATH/index.php(67): CodeIgniter\CodeIgniter->run()
WARNING - 2025-07-02 12:50:08 --> [DEPRECATED] Creation of dynamic property App\Controllers\Orders::$taxModel is deprecated in APPPATH/Controllers/Orders.php on line 58.
 1 SYSTEMPATH/CodeIgniter.php(906): App\Controllers\Orders->__construct()
 2 SYSTEMPATH/CodeIgniter.php(490): CodeIgniter\CodeIgniter->createController()
 3 SYSTEMPATH/CodeIgniter.php(368): CodeIgniter\CodeIgniter->handleRequest(null, Object(Config\Cache), false)
 4 FCPATH/index.php(67): CodeIgniter\CodeIgniter->run()
INFO - 2025-07-02 12:50:09 --> Session: Class initialized using 'CodeIgniter\Session\Handlers\FileHandler' driver.
WARNING - 2025-07-02 12:50:09 --> [DEPRECATED] Creation of dynamic property App\Controllers\Home::$user_model is deprecated in APPPATH/Controllers/Home.php on line 35.
 1 SYSTEMPATH/CodeIgniter.php(906): App\Controllers\Home->__construct()
 2 SYSTEMPATH/CodeIgniter.php(490): CodeIgniter\CodeIgniter->createController()
 3 SYSTEMPATH/CodeIgniter.php(368): CodeIgniter\CodeIgniter->handleRequest(null, Object(Config\Cache), false)
 4 FCPATH/index.php(67): CodeIgniter\CodeIgniter->run()
WARNING - 2025-07-02 12:50:09 --> [DEPRECATED] Creation of dynamic property App\Controllers\Home::$BlogModel is deprecated in APPPATH/Controllers/Home.php on line 43.
 1 SYSTEMPATH/CodeIgniter.php(906): App\Controllers\Home->__construct()
 2 SYSTEMPATH/CodeIgniter.php(490): CodeIgniter\CodeIgniter->createController()
 3 SYSTEMPATH/CodeIgniter.php(368): CodeIgniter\CodeIgniter->handleRequest(null, Object(Config\Cache), false)
 4 FCPATH/index.php(67): CodeIgniter\CodeIgniter->run()
WARNING - 2025-07-02 12:50:09 --> [DEPRECATED] Creation of dynamic property App\Controllers\Home::$EnquiryModel is deprecated in APPPATH/Controllers/Home.php on line 44.
 1 SYSTEMPATH/CodeIgniter.php(906): App\Controllers\Home->__construct()
 2 SYSTEMPATH/CodeIgniter.php(490): CodeIgniter\CodeIgniter->createController()
 3 SYSTEMPATH/CodeIgniter.php(368): CodeIgniter\CodeIgniter->handleRequest(null, Object(Config\Cache), false)
 4 FCPATH/index.php(67): CodeIgniter\CodeIgniter->run()
WARNING - 2025-07-02 12:50:09 --> [DEPRECATED] Creation of dynamic property App\Controllers\Home::$Allsettingsmodel is deprecated in APPPATH/Controllers/Home.php on line 45.
 1 SYSTEMPATH/CodeIgniter.php(906): App\Controllers\Home->__construct()
 2 SYSTEMPATH/CodeIgniter.php(490): CodeIgniter\CodeIgniter->createController()
 3 SYSTEMPATH/CodeIgniter.php(368): CodeIgniter\CodeIgniter->handleRequest(null, Object(Config\Cache), false)
 4 FCPATH/index.php(67): CodeIgniter\CodeIgniter->run()
INFO - 2025-07-02 12:50:10 --> Session: Class initialized using 'CodeIgniter\Session\Handlers\FileHandler' driver.
WARNING - 2025-07-02 12:50:10 --> [DEPRECATED] Creation of dynamic property App\Controllers\Orders::$session is deprecated in APPPATH/Controllers/Orders.php on line 34.
 1 SYSTEMPATH/CodeIgniter.php(906): App\Controllers\Orders->__construct()
 2 SYSTEMPATH/CodeIgniter.php(490): CodeIgniter\CodeIgniter->createController()
 3 SYSTEMPATH/CodeIgniter.php(368): CodeIgniter\CodeIgniter->handleRequest(null, Object(Config\Cache), false)
 4 FCPATH/index.php(67): CodeIgniter\CodeIgniter->run()
WARNING - 2025-07-02 12:50:10 --> Session: Sessions is enabled, and one exists. Please don't $session->start();
WARNING - 2025-07-02 12:50:10 --> [DEPRECATED] Creation of dynamic property App\Controllers\Orders::$coupons is deprecated in APPPATH/Controllers/Orders.php on line 38.
 1 SYSTEMPATH/CodeIgniter.php(906): App\Controllers\Orders->__construct()
 2 SYSTEMPATH/CodeIgniter.php(490): CodeIgniter\CodeIgniter->createController()
 3 SYSTEMPATH/CodeIgniter.php(368): CodeIgniter\CodeIgniter->handleRequest(null, Object(Config\Cache), false)
 4 FCPATH/index.php(67): CodeIgniter\CodeIgniter->run()
WARNING - 2025-07-02 12:50:10 --> [DEPRECATED] Creation of dynamic property App\Controllers\Orders::$faqs is deprecated in APPPATH/Controllers/Orders.php on line 39.
 1 SYSTEMPATH/CodeIgniter.php(906): App\Controllers\Orders->__construct()
 2 SYSTEMPATH/CodeIgniter.php(490): CodeIgniter\CodeIgniter->createController()
 3 SYSTEMPATH/CodeIgniter.php(368): CodeIgniter\CodeIgniter->handleRequest(null, Object(Config\Cache), false)
 4 FCPATH/index.php(67): CodeIgniter\CodeIgniter->run()
WARNING - 2025-07-02 12:50:10 --> [DEPRECATED] Creation of dynamic property App\Controllers\Orders::$seo is deprecated in APPPATH/Controllers/Orders.php on line 40.
 1 SYSTEMPATH/CodeIgniter.php(906): App\Controllers\Orders->__construct()
 2 SYSTEMPATH/CodeIgniter.php(490): CodeIgniter\CodeIgniter->createController()
 3 SYSTEMPATH/CodeIgniter.php(368): CodeIgniter\CodeIgniter->handleRequest(null, Object(Config\Cache), false)
 4 FCPATH/index.php(67): CodeIgniter\CodeIgniter->run()
WARNING - 2025-07-02 12:50:10 --> [DEPRECATED] Creation of dynamic property App\Controllers\Orders::$Ordermodel is deprecated in APPPATH/Controllers/Orders.php on line 41.
 1 SYSTEMPATH/CodeIgniter.php(906): App\Controllers\Orders->__construct()
 2 SYSTEMPATH/CodeIgniter.php(490): CodeIgniter\CodeIgniter->createController()
 3 SYSTEMPATH/CodeIgniter.php(368): CodeIgniter\CodeIgniter->handleRequest(null, Object(Config\Cache), false)
 4 FCPATH/index.php(67): CodeIgniter\CodeIgniter->run()
WARNING - 2025-07-02 12:50:10 --> [DEPRECATED] Creation of dynamic property App\Controllers\Orders::$testimonial is deprecated in APPPATH/Controllers/Orders.php on line 42.
 1 SYSTEMPATH/CodeIgniter.php(906): App\Controllers\Orders->__construct()
 2 SYSTEMPATH/CodeIgniter.php(490): CodeIgniter\CodeIgniter->createController()
 3 SYSTEMPATH/CodeIgniter.php(368): CodeIgniter\CodeIgniter->handleRequest(null, Object(Config\Cache), false)
 4 FCPATH/index.php(67): CodeIgniter\CodeIgniter->run()
WARNING - 2025-07-02 12:50:10 --> [DEPRECATED] Creation of dynamic property App\Controllers\Orders::$enquiry is deprecated in APPPATH/Controllers/Orders.php on line 43.
 1 SYSTEMPATH/CodeIgniter.php(906): App\Controllers\Orders->__construct()
 2 SYSTEMPATH/CodeIgniter.php(490): CodeIgniter\CodeIgniter->createController()
 3 SYSTEMPATH/CodeIgniter.php(368): CodeIgniter\CodeIgniter->handleRequest(null, Object(Config\Cache), false)
 4 FCPATH/index.php(67): CodeIgniter\CodeIgniter->run()
WARNING - 2025-07-02 12:50:10 --> [DEPRECATED] Creation of dynamic property App\Controllers\Orders::$product is deprecated in APPPATH/Controllers/Orders.php on line 44.
 1 SYSTEMPATH/CodeIgniter.php(906): App\Controllers\Orders->__construct()
 2 SYSTEMPATH/CodeIgniter.php(490): CodeIgniter\CodeIgniter->createController()
 3 SYSTEMPATH/CodeIgniter.php(368): CodeIgniter\CodeIgniter->handleRequest(null, Object(Config\Cache), false)
 4 FCPATH/index.php(67): CodeIgniter\CodeIgniter->run()
WARNING - 2025-07-02 12:50:10 --> [DEPRECATED] Creation of dynamic property App\Controllers\Orders::$orderitem is deprecated in APPPATH/Controllers/Orders.php on line 45.
 1 SYSTEMPATH/CodeIgniter.php(906): App\Controllers\Orders->__construct()
 2 SYSTEMPATH/CodeIgniter.php(490): CodeIgniter\CodeIgniter->createController()
 3 SYSTEMPATH/CodeIgniter.php(368): CodeIgniter\CodeIgniter->handleRequest(null, Object(Config\Cache), false)
 4 FCPATH/index.php(67): CodeIgniter\CodeIgniter->run()
WARNING - 2025-07-02 12:50:10 --> [DEPRECATED] Creation of dynamic property App\Controllers\Orders::$Ordercomment is deprecated in APPPATH/Controllers/Orders.php on line 46.
 1 SYSTEMPATH/CodeIgniter.php(906): App\Controllers\Orders->__construct()
 2 SYSTEMPATH/CodeIgniter.php(490): CodeIgniter\CodeIgniter->createController()
 3 SYSTEMPATH/CodeIgniter.php(368): CodeIgniter\CodeIgniter->handleRequest(null, Object(Config\Cache), false)
 4 FCPATH/index.php(67): CodeIgniter\CodeIgniter->run()
WARNING - 2025-07-02 12:50:10 --> [DEPRECATED] Creation of dynamic property App\Controllers\Orders::$catagory is deprecated in APPPATH/Controllers/Orders.php on line 47.
 1 SYSTEMPATH/CodeIgniter.php(906): App\Controllers\Orders->__construct()
 2 SYSTEMPATH/CodeIgniter.php(490): CodeIgniter\CodeIgniter->createController()
 3 SYSTEMPATH/CodeIgniter.php(368): CodeIgniter\CodeIgniter->handleRequest(null, Object(Config\Cache), false)
 4 FCPATH/index.php(67): CodeIgniter\CodeIgniter->run()
WARNING - 2025-07-02 12:50:10 --> [DEPRECATED] Creation of dynamic property App\Controllers\Orders::$User is deprecated in APPPATH/Controllers/Orders.php on line 48.
 1 SYSTEMPATH/CodeIgniter.php(906): App\Controllers\Orders->__construct()
 2 SYSTEMPATH/CodeIgniter.php(490): CodeIgniter\CodeIgniter->createController()
 3 SYSTEMPATH/CodeIgniter.php(368): CodeIgniter\CodeIgniter->handleRequest(null, Object(Config\Cache), false)
 4 FCPATH/index.php(67): CodeIgniter\CodeIgniter->run()
WARNING - 2025-07-02 12:50:10 --> [DEPRECATED] Creation of dynamic property App\Controllers\Orders::$shippingmethod is deprecated in APPPATH/Controllers/Orders.php on line 49.
 1 SYSTEMPATH/CodeIgniter.php(906): App\Controllers\Orders->__construct()
 2 SYSTEMPATH/CodeIgniter.php(490): CodeIgniter\CodeIgniter->createController()
 3 SYSTEMPATH/CodeIgniter.php(368): CodeIgniter\CodeIgniter->handleRequest(null, Object(Config\Cache), false)
 4 FCPATH/index.php(67): CodeIgniter\CodeIgniter->run()
WARNING - 2025-07-02 12:50:10 --> [DEPRECATED] Creation of dynamic property App\Controllers\Orders::$shippingrate is deprecated in APPPATH/Controllers/Orders.php on line 50.
 1 SYSTEMPATH/CodeIgniter.php(906): App\Controllers\Orders->__construct()
 2 SYSTEMPATH/CodeIgniter.php(490): CodeIgniter\CodeIgniter->createController()
 3 SYSTEMPATH/CodeIgniter.php(368): CodeIgniter\CodeIgniter->handleRequest(null, Object(Config\Cache), false)
 4 FCPATH/index.php(67): CodeIgniter\CodeIgniter->run()
WARNING - 2025-07-02 12:50:10 --> [DEPRECATED] Creation of dynamic property App\Controllers\Orders::$shippingzone is deprecated in APPPATH/Controllers/Orders.php on line 51.
 1 SYSTEMPATH/CodeIgniter.php(906): App\Controllers\Orders->__construct()
 2 SYSTEMPATH/CodeIgniter.php(490): CodeIgniter\CodeIgniter->createController()
 3 SYSTEMPATH/CodeIgniter.php(368): CodeIgniter\CodeIgniter->handleRequest(null, Object(Config\Cache), false)
 4 FCPATH/index.php(67): CodeIgniter\CodeIgniter->run()
WARNING - 2025-07-02 12:50:10 --> [DEPRECATED] Creation of dynamic property App\Controllers\Orders::$country is deprecated in APPPATH/Controllers/Orders.php on line 52.
 1 SYSTEMPATH/CodeIgniter.php(906): App\Controllers\Orders->__construct()
 2 SYSTEMPATH/CodeIgniter.php(490): CodeIgniter\CodeIgniter->createController()
 3 SYSTEMPATH/CodeIgniter.php(368): CodeIgniter\CodeIgniter->handleRequest(null, Object(Config\Cache), false)
 4 FCPATH/index.php(67): CodeIgniter\CodeIgniter->run()
WARNING - 2025-07-02 12:50:10 --> [DEPRECATED] Creation of dynamic property App\Controllers\Orders::$ChatModel is deprecated in APPPATH/Controllers/Orders.php on line 53.
 1 SYSTEMPATH/CodeIgniter.php(906): App\Controllers\Orders->__construct()
 2 SYSTEMPATH/CodeIgniter.php(490): CodeIgniter\CodeIgniter->createController()
 3 SYSTEMPATH/CodeIgniter.php(368): CodeIgniter\CodeIgniter->handleRequest(null, Object(Config\Cache), false)
 4 FCPATH/index.php(67): CodeIgniter\CodeIgniter->run()
WARNING - 2025-07-02 12:50:10 --> [DEPRECATED] Creation of dynamic property App\Controllers\Orders::$Allsettings is deprecated in APPPATH/Controllers/Orders.php on line 54.
 1 SYSTEMPATH/CodeIgniter.php(906): App\Controllers\Orders->__construct()
 2 SYSTEMPATH/CodeIgniter.php(490): CodeIgniter\CodeIgniter->createController()
 3 SYSTEMPATH/CodeIgniter.php(368): CodeIgniter\CodeIgniter->handleRequest(null, Object(Config\Cache), false)
 4 FCPATH/index.php(67): CodeIgniter\CodeIgniter->run()
WARNING - 2025-07-02 12:50:10 --> [DEPRECATED] Creation of dynamic property App\Controllers\Orders::$ShippingDataModel is deprecated in APPPATH/Controllers/Orders.php on line 55.
 1 SYSTEMPATH/CodeIgniter.php(906): App\Controllers\Orders->__construct()
 2 SYSTEMPATH/CodeIgniter.php(490): CodeIgniter\CodeIgniter->createController()
 3 SYSTEMPATH/CodeIgniter.php(368): CodeIgniter\CodeIgniter->handleRequest(null, Object(Config\Cache), false)
 4 FCPATH/index.php(67): CodeIgniter\CodeIgniter->run()
WARNING - 2025-07-02 12:50:10 --> [DEPRECATED] Creation of dynamic property App\Controllers\Orders::$cityModel is deprecated in APPPATH/Controllers/Orders.php on line 56.
 1 SYSTEMPATH/CodeIgniter.php(906): App\Controllers\Orders->__construct()
 2 SYSTEMPATH/CodeIgniter.php(490): CodeIgniter\CodeIgniter->createController()
 3 SYSTEMPATH/CodeIgniter.php(368): CodeIgniter\CodeIgniter->handleRequest(null, Object(Config\Cache), false)
 4 FCPATH/index.php(67): CodeIgniter\CodeIgniter->run()
WARNING - 2025-07-02 12:50:10 --> [DEPRECATED] Creation of dynamic property App\Controllers\Orders::$stateModel is deprecated in APPPATH/Controllers/Orders.php on line 57.
 1 SYSTEMPATH/CodeIgniter.php(906): App\Controllers\Orders->__construct()
 2 SYSTEMPATH/CodeIgniter.php(490): CodeIgniter\CodeIgniter->createController()
 3 SYSTEMPATH/CodeIgniter.php(368): CodeIgniter\CodeIgniter->handleRequest(null, Object(Config\Cache), false)
 4 FCPATH/index.php(67): CodeIgniter\CodeIgniter->run()
WARNING - 2025-07-02 12:50:10 --> [DEPRECATED] Creation of dynamic property App\Controllers\Orders::$taxModel is deprecated in APPPATH/Controllers/Orders.php on line 58.
 1 SYSTEMPATH/CodeIgniter.php(906): App\Controllers\Orders->__construct()
 2 SYSTEMPATH/CodeIgniter.php(490): CodeIgniter\CodeIgniter->createController()
 3 SYSTEMPATH/CodeIgniter.php(368): CodeIgniter\CodeIgniter->handleRequest(null, Object(Config\Cache), false)
 4 FCPATH/index.php(67): CodeIgniter\CodeIgniter->run()
INFO - 2025-07-02 12:50:11 --> Session: Class initialized using 'CodeIgniter\Session\Handlers\FileHandler' driver.
WARNING - 2025-07-02 12:50:11 --> [DEPRECATED] Creation of dynamic property App\Controllers\Home::$user_model is deprecated in APPPATH/Controllers/Home.php on line 35.
 1 SYSTEMPATH/CodeIgniter.php(906): App\Controllers\Home->__construct()
 2 SYSTEMPATH/CodeIgniter.php(490): CodeIgniter\CodeIgniter->createController()
 3 SYSTEMPATH/CodeIgniter.php(368): CodeIgniter\CodeIgniter->handleRequest(null, Object(Config\Cache), false)
 4 FCPATH/index.php(67): CodeIgniter\CodeIgniter->run()
WARNING - 2025-07-02 12:50:11 --> [DEPRECATED] Creation of dynamic property App\Controllers\Home::$BlogModel is deprecated in APPPATH/Controllers/Home.php on line 43.
 1 SYSTEMPATH/CodeIgniter.php(906): App\Controllers\Home->__construct()
 2 SYSTEMPATH/CodeIgniter.php(490): CodeIgniter\CodeIgniter->createController()
 3 SYSTEMPATH/CodeIgniter.php(368): CodeIgniter\CodeIgniter->handleRequest(null, Object(Config\Cache), false)
 4 FCPATH/index.php(67): CodeIgniter\CodeIgniter->run()
WARNING - 2025-07-02 12:50:11 --> [DEPRECATED] Creation of dynamic property App\Controllers\Home::$EnquiryModel is deprecated in APPPATH/Controllers/Home.php on line 44.
 1 SYSTEMPATH/CodeIgniter.php(906): App\Controllers\Home->__construct()
 2 SYSTEMPATH/CodeIgniter.php(490): CodeIgniter\CodeIgniter->createController()
 3 SYSTEMPATH/CodeIgniter.php(368): CodeIgniter\CodeIgniter->handleRequest(null, Object(Config\Cache), false)
 4 FCPATH/index.php(67): CodeIgniter\CodeIgniter->run()
WARNING - 2025-07-02 12:50:11 --> [DEPRECATED] Creation of dynamic property App\Controllers\Home::$Allsettingsmodel is deprecated in APPPATH/Controllers/Home.php on line 45.
 1 SYSTEMPATH/CodeIgniter.php(906): App\Controllers\Home->__construct()
 2 SYSTEMPATH/CodeIgniter.php(490): CodeIgniter\CodeIgniter->createController()
 3 SYSTEMPATH/CodeIgniter.php(368): CodeIgniter\CodeIgniter->handleRequest(null, Object(Config\Cache), false)
 4 FCPATH/index.php(67): CodeIgniter\CodeIgniter->run()
INFO - 2025-07-02 12:50:21 --> Session: Class initialized using 'CodeIgniter\Session\Handlers\FileHandler' driver.
WARNING - 2025-07-02 12:50:21 --> [DEPRECATED] Creation of dynamic property App\Controllers\Orders::$session is deprecated in APPPATH/Controllers/Orders.php on line 34.
 1 SYSTEMPATH/CodeIgniter.php(906): App\Controllers\Orders->__construct()
 2 SYSTEMPATH/CodeIgniter.php(490): CodeIgniter\CodeIgniter->createController()
 3 SYSTEMPATH/CodeIgniter.php(368): CodeIgniter\CodeIgniter->handleRequest(null, Object(Config\Cache), false)
 4 FCPATH/index.php(67): CodeIgniter\CodeIgniter->run()
WARNING - 2025-07-02 12:50:21 --> Session: Sessions is enabled, and one exists. Please don't $session->start();
WARNING - 2025-07-02 12:50:21 --> [DEPRECATED] Creation of dynamic property App\Controllers\Orders::$coupons is deprecated in APPPATH/Controllers/Orders.php on line 38.
 1 SYSTEMPATH/CodeIgniter.php(906): App\Controllers\Orders->__construct()
 2 SYSTEMPATH/CodeIgniter.php(490): CodeIgniter\CodeIgniter->createController()
 3 SYSTEMPATH/CodeIgniter.php(368): CodeIgniter\CodeIgniter->handleRequest(null, Object(Config\Cache), false)
 4 FCPATH/index.php(67): CodeIgniter\CodeIgniter->run()
WARNING - 2025-07-02 12:50:21 --> [DEPRECATED] Creation of dynamic property App\Controllers\Orders::$faqs is deprecated in APPPATH/Controllers/Orders.php on line 39.
 1 SYSTEMPATH/CodeIgniter.php(906): App\Controllers\Orders->__construct()
 2 SYSTEMPATH/CodeIgniter.php(490): CodeIgniter\CodeIgniter->createController()
 3 SYSTEMPATH/CodeIgniter.php(368): CodeIgniter\CodeIgniter->handleRequest(null, Object(Config\Cache), false)
 4 FCPATH/index.php(67): CodeIgniter\CodeIgniter->run()
WARNING - 2025-07-02 12:50:21 --> [DEPRECATED] Creation of dynamic property App\Controllers\Orders::$seo is deprecated in APPPATH/Controllers/Orders.php on line 40.
 1 SYSTEMPATH/CodeIgniter.php(906): App\Controllers\Orders->__construct()
 2 SYSTEMPATH/CodeIgniter.php(490): CodeIgniter\CodeIgniter->createController()
 3 SYSTEMPATH/CodeIgniter.php(368): CodeIgniter\CodeIgniter->handleRequest(null, Object(Config\Cache), false)
 4 FCPATH/index.php(67): CodeIgniter\CodeIgniter->run()
WARNING - 2025-07-02 12:50:21 --> [DEPRECATED] Creation of dynamic property App\Controllers\Orders::$Ordermodel is deprecated in APPPATH/Controllers/Orders.php on line 41.
 1 SYSTEMPATH/CodeIgniter.php(906): App\Controllers\Orders->__construct()
 2 SYSTEMPATH/CodeIgniter.php(490): CodeIgniter\CodeIgniter->createController()
 3 SYSTEMPATH/CodeIgniter.php(368): CodeIgniter\CodeIgniter->handleRequest(null, Object(Config\Cache), false)
 4 FCPATH/index.php(67): CodeIgniter\CodeIgniter->run()
WARNING - 2025-07-02 12:50:21 --> [DEPRECATED] Creation of dynamic property App\Controllers\Orders::$testimonial is deprecated in APPPATH/Controllers/Orders.php on line 42.
 1 SYSTEMPATH/CodeIgniter.php(906): App\Controllers\Orders->__construct()
 2 SYSTEMPATH/CodeIgniter.php(490): CodeIgniter\CodeIgniter->createController()
 3 SYSTEMPATH/CodeIgniter.php(368): CodeIgniter\CodeIgniter->handleRequest(null, Object(Config\Cache), false)
 4 FCPATH/index.php(67): CodeIgniter\CodeIgniter->run()
WARNING - 2025-07-02 12:50:21 --> [DEPRECATED] Creation of dynamic property App\Controllers\Orders::$enquiry is deprecated in APPPATH/Controllers/Orders.php on line 43.
 1 SYSTEMPATH/CodeIgniter.php(906): App\Controllers\Orders->__construct()
 2 SYSTEMPATH/CodeIgniter.php(490): CodeIgniter\CodeIgniter->createController()
 3 SYSTEMPATH/CodeIgniter.php(368): CodeIgniter\CodeIgniter->handleRequest(null, Object(Config\Cache), false)
 4 FCPATH/index.php(67): CodeIgniter\CodeIgniter->run()
WARNING - 2025-07-02 12:50:21 --> [DEPRECATED] Creation of dynamic property App\Controllers\Orders::$product is deprecated in APPPATH/Controllers/Orders.php on line 44.
 1 SYSTEMPATH/CodeIgniter.php(906): App\Controllers\Orders->__construct()
 2 SYSTEMPATH/CodeIgniter.php(490): CodeIgniter\CodeIgniter->createController()
 3 SYSTEMPATH/CodeIgniter.php(368): CodeIgniter\CodeIgniter->handleRequest(null, Object(Config\Cache), false)
 4 FCPATH/index.php(67): CodeIgniter\CodeIgniter->run()
WARNING - 2025-07-02 12:50:21 --> [DEPRECATED] Creation of dynamic property App\Controllers\Orders::$orderitem is deprecated in APPPATH/Controllers/Orders.php on line 45.
 1 SYSTEMPATH/CodeIgniter.php(906): App\Controllers\Orders->__construct()
 2 SYSTEMPATH/CodeIgniter.php(490): CodeIgniter\CodeIgniter->createController()
 3 SYSTEMPATH/CodeIgniter.php(368): CodeIgniter\CodeIgniter->handleRequest(null, Object(Config\Cache), false)
 4 FCPATH/index.php(67): CodeIgniter\CodeIgniter->run()
WARNING - 2025-07-02 12:50:21 --> [DEPRECATED] Creation of dynamic property App\Controllers\Orders::$Ordercomment is deprecated in APPPATH/Controllers/Orders.php on line 46.
 1 SYSTEMPATH/CodeIgniter.php(906): App\Controllers\Orders->__construct()
 2 SYSTEMPATH/CodeIgniter.php(490): CodeIgniter\CodeIgniter->createController()
 3 SYSTEMPATH/CodeIgniter.php(368): CodeIgniter\CodeIgniter->handleRequest(null, Object(Config\Cache), false)
 4 FCPATH/index.php(67): CodeIgniter\CodeIgniter->run()
WARNING - 2025-07-02 12:50:21 --> [DEPRECATED] Creation of dynamic property App\Controllers\Orders::$catagory is deprecated in APPPATH/Controllers/Orders.php on line 47.
 1 SYSTEMPATH/CodeIgniter.php(906): App\Controllers\Orders->__construct()
 2 SYSTEMPATH/CodeIgniter.php(490): CodeIgniter\CodeIgniter->createController()
 3 SYSTEMPATH/CodeIgniter.php(368): CodeIgniter\CodeIgniter->handleRequest(null, Object(Config\Cache), false)
 4 FCPATH/index.php(67): CodeIgniter\CodeIgniter->run()
WARNING - 2025-07-02 12:50:21 --> [DEPRECATED] Creation of dynamic property App\Controllers\Orders::$User is deprecated in APPPATH/Controllers/Orders.php on line 48.
 1 SYSTEMPATH/CodeIgniter.php(906): App\Controllers\Orders->__construct()
 2 SYSTEMPATH/CodeIgniter.php(490): CodeIgniter\CodeIgniter->createController()
 3 SYSTEMPATH/CodeIgniter.php(368): CodeIgniter\CodeIgniter->handleRequest(null, Object(Config\Cache), false)
 4 FCPATH/index.php(67): CodeIgniter\CodeIgniter->run()
WARNING - 2025-07-02 12:50:21 --> [DEPRECATED] Creation of dynamic property App\Controllers\Orders::$shippingmethod is deprecated in APPPATH/Controllers/Orders.php on line 49.
 1 SYSTEMPATH/CodeIgniter.php(906): App\Controllers\Orders->__construct()
 2 SYSTEMPATH/CodeIgniter.php(490): CodeIgniter\CodeIgniter->createController()
 3 SYSTEMPATH/CodeIgniter.php(368): CodeIgniter\CodeIgniter->handleRequest(null, Object(Config\Cache), false)
 4 FCPATH/index.php(67): CodeIgniter\CodeIgniter->run()
WARNING - 2025-07-02 12:50:21 --> [DEPRECATED] Creation of dynamic property App\Controllers\Orders::$shippingrate is deprecated in APPPATH/Controllers/Orders.php on line 50.
 1 SYSTEMPATH/CodeIgniter.php(906): App\Controllers\Orders->__construct()
 2 SYSTEMPATH/CodeIgniter.php(490): CodeIgniter\CodeIgniter->createController()
 3 SYSTEMPATH/CodeIgniter.php(368): CodeIgniter\CodeIgniter->handleRequest(null, Object(Config\Cache), false)
 4 FCPATH/index.php(67): CodeIgniter\CodeIgniter->run()
WARNING - 2025-07-02 12:50:21 --> [DEPRECATED] Creation of dynamic property App\Controllers\Orders::$shippingzone is deprecated in APPPATH/Controllers/Orders.php on line 51.
 1 SYSTEMPATH/CodeIgniter.php(906): App\Controllers\Orders->__construct()
 2 SYSTEMPATH/CodeIgniter.php(490): CodeIgniter\CodeIgniter->createController()
 3 SYSTEMPATH/CodeIgniter.php(368): CodeIgniter\CodeIgniter->handleRequest(null, Object(Config\Cache), false)
 4 FCPATH/index.php(67): CodeIgniter\CodeIgniter->run()
WARNING - 2025-07-02 12:50:21 --> [DEPRECATED] Creation of dynamic property App\Controllers\Orders::$country is deprecated in APPPATH/Controllers/Orders.php on line 52.
 1 SYSTEMPATH/CodeIgniter.php(906): App\Controllers\Orders->__construct()
 2 SYSTEMPATH/CodeIgniter.php(490): CodeIgniter\CodeIgniter->createController()
 3 SYSTEMPATH/CodeIgniter.php(368): CodeIgniter\CodeIgniter->handleRequest(null, Object(Config\Cache), false)
 4 FCPATH/index.php(67): CodeIgniter\CodeIgniter->run()
WARNING - 2025-07-02 12:50:21 --> [DEPRECATED] Creation of dynamic property App\Controllers\Orders::$ChatModel is deprecated in APPPATH/Controllers/Orders.php on line 53.
 1 SYSTEMPATH/CodeIgniter.php(906): App\Controllers\Orders->__construct()
 2 SYSTEMPATH/CodeIgniter.php(490): CodeIgniter\CodeIgniter->createController()
 3 SYSTEMPATH/CodeIgniter.php(368): CodeIgniter\CodeIgniter->handleRequest(null, Object(Config\Cache), false)
 4 FCPATH/index.php(67): CodeIgniter\CodeIgniter->run()
WARNING - 2025-07-02 12:50:21 --> [DEPRECATED] Creation of dynamic property App\Controllers\Orders::$Allsettings is deprecated in APPPATH/Controllers/Orders.php on line 54.
 1 SYSTEMPATH/CodeIgniter.php(906): App\Controllers\Orders->__construct()
 2 SYSTEMPATH/CodeIgniter.php(490): CodeIgniter\CodeIgniter->createController()
 3 SYSTEMPATH/CodeIgniter.php(368): CodeIgniter\CodeIgniter->handleRequest(null, Object(Config\Cache), false)
 4 FCPATH/index.php(67): CodeIgniter\CodeIgniter->run()
WARNING - 2025-07-02 12:50:21 --> [DEPRECATED] Creation of dynamic property App\Controllers\Orders::$ShippingDataModel is deprecated in APPPATH/Controllers/Orders.php on line 55.
 1 SYSTEMPATH/CodeIgniter.php(906): App\Controllers\Orders->__construct()
 2 SYSTEMPATH/CodeIgniter.php(490): CodeIgniter\CodeIgniter->createController()
 3 SYSTEMPATH/CodeIgniter.php(368): CodeIgniter\CodeIgniter->handleRequest(null, Object(Config\Cache), false)
 4 FCPATH/index.php(67): CodeIgniter\CodeIgniter->run()
WARNING - 2025-07-02 12:50:21 --> [DEPRECATED] Creation of dynamic property App\Controllers\Orders::$cityModel is deprecated in APPPATH/Controllers/Orders.php on line 56.
 1 SYSTEMPATH/CodeIgniter.php(906): App\Controllers\Orders->__construct()
 2 SYSTEMPATH/CodeIgniter.php(490): CodeIgniter\CodeIgniter->createController()
 3 SYSTEMPATH/CodeIgniter.php(368): CodeIgniter\CodeIgniter->handleRequest(null, Object(Config\Cache), false)
 4 FCPATH/index.php(67): CodeIgniter\CodeIgniter->run()
WARNING - 2025-07-02 12:50:21 --> [DEPRECATED] Creation of dynamic property App\Controllers\Orders::$stateModel is deprecated in APPPATH/Controllers/Orders.php on line 57.
 1 SYSTEMPATH/CodeIgniter.php(906): App\Controllers\Orders->__construct()
 2 SYSTEMPATH/CodeIgniter.php(490): CodeIgniter\CodeIgniter->createController()
 3 SYSTEMPATH/CodeIgniter.php(368): CodeIgniter\CodeIgniter->handleRequest(null, Object(Config\Cache), false)
 4 FCPATH/index.php(67): CodeIgniter\CodeIgniter->run()
WARNING - 2025-07-02 12:50:21 --> [DEPRECATED] Creation of dynamic property App\Controllers\Orders::$taxModel is deprecated in APPPATH/Controllers/Orders.php on line 58.
 1 SYSTEMPATH/CodeIgniter.php(906): App\Controllers\Orders->__construct()
 2 SYSTEMPATH/CodeIgniter.php(490): CodeIgniter\CodeIgniter->createController()
 3 SYSTEMPATH/CodeIgniter.php(368): CodeIgniter\CodeIgniter->handleRequest(null, Object(Config\Cache), false)
 4 FCPATH/index.php(67): CodeIgniter\CodeIgniter->run()
INFO - 2025-07-02 12:50:24 --> Session: Class initialized using 'CodeIgniter\Session\Handlers\FileHandler' driver.
WARNING - 2025-07-02 12:50:24 --> [DEPRECATED] Creation of dynamic property App\Controllers\Orders::$session is deprecated in APPPATH/Controllers/Orders.php on line 34.
 1 SYSTEMPATH/CodeIgniter.php(906): App\Controllers\Orders->__construct()
 2 SYSTEMPATH/CodeIgniter.php(490): CodeIgniter\CodeIgniter->createController()
 3 SYSTEMPATH/CodeIgniter.php(368): CodeIgniter\CodeIgniter->handleRequest(null, Object(Config\Cache), false)
 4 FCPATH/index.php(67): CodeIgniter\CodeIgniter->run()
WARNING - 2025-07-02 12:50:24 --> Session: Sessions is enabled, and one exists. Please don't $session->start();
WARNING - 2025-07-02 12:50:24 --> [DEPRECATED] Creation of dynamic property App\Controllers\Orders::$coupons is deprecated in APPPATH/Controllers/Orders.php on line 38.
 1 SYSTEMPATH/CodeIgniter.php(906): App\Controllers\Orders->__construct()
 2 SYSTEMPATH/CodeIgniter.php(490): CodeIgniter\CodeIgniter->createController()
 3 SYSTEMPATH/CodeIgniter.php(368): CodeIgniter\CodeIgniter->handleRequest(null, Object(Config\Cache), false)
 4 FCPATH/index.php(67): CodeIgniter\CodeIgniter->run()
WARNING - 2025-07-02 12:50:24 --> [DEPRECATED] Creation of dynamic property App\Controllers\Orders::$faqs is deprecated in APPPATH/Controllers/Orders.php on line 39.
 1 SYSTEMPATH/CodeIgniter.php(906): App\Controllers\Orders->__construct()
 2 SYSTEMPATH/CodeIgniter.php(490): CodeIgniter\CodeIgniter->createController()
 3 SYSTEMPATH/CodeIgniter.php(368): CodeIgniter\CodeIgniter->handleRequest(null, Object(Config\Cache), false)
 4 FCPATH/index.php(67): CodeIgniter\CodeIgniter->run()
WARNING - 2025-07-02 12:50:24 --> [DEPRECATED] Creation of dynamic property App\Controllers\Orders::$seo is deprecated in APPPATH/Controllers/Orders.php on line 40.
 1 SYSTEMPATH/CodeIgniter.php(906): App\Controllers\Orders->__construct()
 2 SYSTEMPATH/CodeIgniter.php(490): CodeIgniter\CodeIgniter->createController()
 3 SYSTEMPATH/CodeIgniter.php(368): CodeIgniter\CodeIgniter->handleRequest(null, Object(Config\Cache), false)
 4 FCPATH/index.php(67): CodeIgniter\CodeIgniter->run()
WARNING - 2025-07-02 12:50:24 --> [DEPRECATED] Creation of dynamic property App\Controllers\Orders::$Ordermodel is deprecated in APPPATH/Controllers/Orders.php on line 41.
 1 SYSTEMPATH/CodeIgniter.php(906): App\Controllers\Orders->__construct()
 2 SYSTEMPATH/CodeIgniter.php(490): CodeIgniter\CodeIgniter->createController()
 3 SYSTEMPATH/CodeIgniter.php(368): CodeIgniter\CodeIgniter->handleRequest(null, Object(Config\Cache), false)
 4 FCPATH/index.php(67): CodeIgniter\CodeIgniter->run()
WARNING - 2025-07-02 12:50:24 --> [DEPRECATED] Creation of dynamic property App\Controllers\Orders::$testimonial is deprecated in APPPATH/Controllers/Orders.php on line 42.
 1 SYSTEMPATH/CodeIgniter.php(906): App\Controllers\Orders->__construct()
 2 SYSTEMPATH/CodeIgniter.php(490): CodeIgniter\CodeIgniter->createController()
 3 SYSTEMPATH/CodeIgniter.php(368): CodeIgniter\CodeIgniter->handleRequest(null, Object(Config\Cache), false)
 4 FCPATH/index.php(67): CodeIgniter\CodeIgniter->run()
WARNING - 2025-07-02 12:50:24 --> [DEPRECATED] Creation of dynamic property App\Controllers\Orders::$enquiry is deprecated in APPPATH/Controllers/Orders.php on line 43.
 1 SYSTEMPATH/CodeIgniter.php(906): App\Controllers\Orders->__construct()
 2 SYSTEMPATH/CodeIgniter.php(490): CodeIgniter\CodeIgniter->createController()
 3 SYSTEMPATH/CodeIgniter.php(368): CodeIgniter\CodeIgniter->handleRequest(null, Object(Config\Cache), false)
 4 FCPATH/index.php(67): CodeIgniter\CodeIgniter->run()
WARNING - 2025-07-02 12:50:24 --> [DEPRECATED] Creation of dynamic property App\Controllers\Orders::$product is deprecated in APPPATH/Controllers/Orders.php on line 44.
 1 SYSTEMPATH/CodeIgniter.php(906): App\Controllers\Orders->__construct()
 2 SYSTEMPATH/CodeIgniter.php(490): CodeIgniter\CodeIgniter->createController()
 3 SYSTEMPATH/CodeIgniter.php(368): CodeIgniter\CodeIgniter->handleRequest(null, Object(Config\Cache), false)
 4 FCPATH/index.php(67): CodeIgniter\CodeIgniter->run()
WARNING - 2025-07-02 12:50:24 --> [DEPRECATED] Creation of dynamic property App\Controllers\Orders::$orderitem is deprecated in APPPATH/Controllers/Orders.php on line 45.
 1 SYSTEMPATH/CodeIgniter.php(906): App\Controllers\Orders->__construct()
 2 SYSTEMPATH/CodeIgniter.php(490): CodeIgniter\CodeIgniter->createController()
 3 SYSTEMPATH/CodeIgniter.php(368): CodeIgniter\CodeIgniter->handleRequest(null, Object(Config\Cache), false)
 4 FCPATH/index.php(67): CodeIgniter\CodeIgniter->run()
WARNING - 2025-07-02 12:50:24 --> [DEPRECATED] Creation of dynamic property App\Controllers\Orders::$Ordercomment is deprecated in APPPATH/Controllers/Orders.php on line 46.
 1 SYSTEMPATH/CodeIgniter.php(906): App\Controllers\Orders->__construct()
 2 SYSTEMPATH/CodeIgniter.php(490): CodeIgniter\CodeIgniter->createController()
 3 SYSTEMPATH/CodeIgniter.php(368): CodeIgniter\CodeIgniter->handleRequest(null, Object(Config\Cache), false)
 4 FCPATH/index.php(67): CodeIgniter\CodeIgniter->run()
WARNING - 2025-07-02 12:50:24 --> [DEPRECATED] Creation of dynamic property App\Controllers\Orders::$catagory is deprecated in APPPATH/Controllers/Orders.php on line 47.
 1 SYSTEMPATH/CodeIgniter.php(906): App\Controllers\Orders->__construct()
 2 SYSTEMPATH/CodeIgniter.php(490): CodeIgniter\CodeIgniter->createController()
 3 SYSTEMPATH/CodeIgniter.php(368): CodeIgniter\CodeIgniter->handleRequest(null, Object(Config\Cache), false)
 4 FCPATH/index.php(67): CodeIgniter\CodeIgniter->run()
WARNING - 2025-07-02 12:50:24 --> [DEPRECATED] Creation of dynamic property App\Controllers\Orders::$User is deprecated in APPPATH/Controllers/Orders.php on line 48.
 1 SYSTEMPATH/CodeIgniter.php(906): App\Controllers\Orders->__construct()
 2 SYSTEMPATH/CodeIgniter.php(490): CodeIgniter\CodeIgniter->createController()
 3 SYSTEMPATH/CodeIgniter.php(368): CodeIgniter\CodeIgniter->handleRequest(null, Object(Config\Cache), false)
 4 FCPATH/index.php(67): CodeIgniter\CodeIgniter->run()
WARNING - 2025-07-02 12:50:24 --> [DEPRECATED] Creation of dynamic property App\Controllers\Orders::$shippingmethod is deprecated in APPPATH/Controllers/Orders.php on line 49.
 1 SYSTEMPATH/CodeIgniter.php(906): App\Controllers\Orders->__construct()
 2 SYSTEMPATH/CodeIgniter.php(490): CodeIgniter\CodeIgniter->createController()
 3 SYSTEMPATH/CodeIgniter.php(368): CodeIgniter\CodeIgniter->handleRequest(null, Object(Config\Cache), false)
 4 FCPATH/index.php(67): CodeIgniter\CodeIgniter->run()
WARNING - 2025-07-02 12:50:24 --> [DEPRECATED] Creation of dynamic property App\Controllers\Orders::$shippingrate is deprecated in APPPATH/Controllers/Orders.php on line 50.
 1 SYSTEMPATH/CodeIgniter.php(906): App\Controllers\Orders->__construct()
 2 SYSTEMPATH/CodeIgniter.php(490): CodeIgniter\CodeIgniter->createController()
 3 SYSTEMPATH/CodeIgniter.php(368): CodeIgniter\CodeIgniter->handleRequest(null, Object(Config\Cache), false)
 4 FCPATH/index.php(67): CodeIgniter\CodeIgniter->run()
WARNING - 2025-07-02 12:50:24 --> [DEPRECATED] Creation of dynamic property App\Controllers\Orders::$shippingzone is deprecated in APPPATH/Controllers/Orders.php on line 51.
 1 SYSTEMPATH/CodeIgniter.php(906): App\Controllers\Orders->__construct()
 2 SYSTEMPATH/CodeIgniter.php(490): CodeIgniter\CodeIgniter->createController()
 3 SYSTEMPATH/CodeIgniter.php(368): CodeIgniter\CodeIgniter->handleRequest(null, Object(Config\Cache), false)
 4 FCPATH/index.php(67): CodeIgniter\CodeIgniter->run()
WARNING - 2025-07-02 12:50:24 --> [DEPRECATED] Creation of dynamic property App\Controllers\Orders::$country is deprecated in APPPATH/Controllers/Orders.php on line 52.
 1 SYSTEMPATH/CodeIgniter.php(906): App\Controllers\Orders->__construct()
 2 SYSTEMPATH/CodeIgniter.php(490): CodeIgniter\CodeIgniter->createController()
 3 SYSTEMPATH/CodeIgniter.php(368): CodeIgniter\CodeIgniter->handleRequest(null, Object(Config\Cache), false)
 4 FCPATH/index.php(67): CodeIgniter\CodeIgniter->run()
WARNING - 2025-07-02 12:50:24 --> [DEPRECATED] Creation of dynamic property App\Controllers\Orders::$ChatModel is deprecated in APPPATH/Controllers/Orders.php on line 53.
 1 SYSTEMPATH/CodeIgniter.php(906): App\Controllers\Orders->__construct()
 2 SYSTEMPATH/CodeIgniter.php(490): CodeIgniter\CodeIgniter->createController()
 3 SYSTEMPATH/CodeIgniter.php(368): CodeIgniter\CodeIgniter->handleRequest(null, Object(Config\Cache), false)
 4 FCPATH/index.php(67): CodeIgniter\CodeIgniter->run()
WARNING - 2025-07-02 12:50:24 --> [DEPRECATED] Creation of dynamic property App\Controllers\Orders::$Allsettings is deprecated in APPPATH/Controllers/Orders.php on line 54.
 1 SYSTEMPATH/CodeIgniter.php(906): App\Controllers\Orders->__construct()
 2 SYSTEMPATH/CodeIgniter.php(490): CodeIgniter\CodeIgniter->createController()
 3 SYSTEMPATH/CodeIgniter.php(368): CodeIgniter\CodeIgniter->handleRequest(null, Object(Config\Cache), false)
 4 FCPATH/index.php(67): CodeIgniter\CodeIgniter->run()
WARNING - 2025-07-02 12:50:24 --> [DEPRECATED] Creation of dynamic property App\Controllers\Orders::$ShippingDataModel is deprecated in APPPATH/Controllers/Orders.php on line 55.
 1 SYSTEMPATH/CodeIgniter.php(906): App\Controllers\Orders->__construct()
 2 SYSTEMPATH/CodeIgniter.php(490): CodeIgniter\CodeIgniter->createController()
 3 SYSTEMPATH/CodeIgniter.php(368): CodeIgniter\CodeIgniter->handleRequest(null, Object(Config\Cache), false)
 4 FCPATH/index.php(67): CodeIgniter\CodeIgniter->run()
WARNING - 2025-07-02 12:50:24 --> [DEPRECATED] Creation of dynamic property App\Controllers\Orders::$cityModel is deprecated in APPPATH/Controllers/Orders.php on line 56.
 1 SYSTEMPATH/CodeIgniter.php(906): App\Controllers\Orders->__construct()
 2 SYSTEMPATH/CodeIgniter.php(490): CodeIgniter\CodeIgniter->createController()
 3 SYSTEMPATH/CodeIgniter.php(368): CodeIgniter\CodeIgniter->handleRequest(null, Object(Config\Cache), false)
 4 FCPATH/index.php(67): CodeIgniter\CodeIgniter->run()
WARNING - 2025-07-02 12:50:24 --> [DEPRECATED] Creation of dynamic property App\Controllers\Orders::$stateModel is deprecated in APPPATH/Controllers/Orders.php on line 57.
 1 SYSTEMPATH/CodeIgniter.php(906): App\Controllers\Orders->__construct()
 2 SYSTEMPATH/CodeIgniter.php(490): CodeIgniter\CodeIgniter->createController()
 3 SYSTEMPATH/CodeIgniter.php(368): CodeIgniter\CodeIgniter->handleRequest(null, Object(Config\Cache), false)
 4 FCPATH/index.php(67): CodeIgniter\CodeIgniter->run()
WARNING - 2025-07-02 12:50:24 --> [DEPRECATED] Creation of dynamic property App\Controllers\Orders::$taxModel is deprecated in APPPATH/Controllers/Orders.php on line 58.
 1 SYSTEMPATH/CodeIgniter.php(906): App\Controllers\Orders->__construct()
 2 SYSTEMPATH/CodeIgniter.php(490): CodeIgniter\CodeIgniter->createController()
 3 SYSTEMPATH/CodeIgniter.php(368): CodeIgniter\CodeIgniter->handleRequest(null, Object(Config\Cache), false)
 4 FCPATH/index.php(67): CodeIgniter\CodeIgniter->run()
INFO - 2025-07-02 12:51:00 --> Session: Class initialized using 'CodeIgniter\Session\Handlers\FileHandler' driver.
WARNING - 2025-07-02 12:51:00 --> [DEPRECATED] Creation of dynamic property App\Controllers\Orders::$session is deprecated in APPPATH/Controllers/Orders.php on line 34.
 1 SYSTEMPATH/CodeIgniter.php(906): App\Controllers\Orders->__construct()
 2 SYSTEMPATH/CodeIgniter.php(490): CodeIgniter\CodeIgniter->createController()
 3 SYSTEMPATH/CodeIgniter.php(368): CodeIgniter\CodeIgniter->handleRequest(null, Object(Config\Cache), false)
 4 FCPATH/index.php(67): CodeIgniter\CodeIgniter->run()
WARNING - 2025-07-02 12:51:00 --> Session: Sessions is enabled, and one exists. Please don't $session->start();
WARNING - 2025-07-02 12:51:00 --> [DEPRECATED] Creation of dynamic property App\Controllers\Orders::$coupons is deprecated in APPPATH/Controllers/Orders.php on line 38.
 1 SYSTEMPATH/CodeIgniter.php(906): App\Controllers\Orders->__construct()
 2 SYSTEMPATH/CodeIgniter.php(490): CodeIgniter\CodeIgniter->createController()
 3 SYSTEMPATH/CodeIgniter.php(368): CodeIgniter\CodeIgniter->handleRequest(null, Object(Config\Cache), false)
 4 FCPATH/index.php(67): CodeIgniter\CodeIgniter->run()
WARNING - 2025-07-02 12:51:00 --> [DEPRECATED] Creation of dynamic property App\Controllers\Orders::$faqs is deprecated in APPPATH/Controllers/Orders.php on line 39.
 1 SYSTEMPATH/CodeIgniter.php(906): App\Controllers\Orders->__construct()
 2 SYSTEMPATH/CodeIgniter.php(490): CodeIgniter\CodeIgniter->createController()
 3 SYSTEMPATH/CodeIgniter.php(368): CodeIgniter\CodeIgniter->handleRequest(null, Object(Config\Cache), false)
 4 FCPATH/index.php(67): CodeIgniter\CodeIgniter->run()
WARNING - 2025-07-02 12:51:00 --> [DEPRECATED] Creation of dynamic property App\Controllers\Orders::$seo is deprecated in APPPATH/Controllers/Orders.php on line 40.
 1 SYSTEMPATH/CodeIgniter.php(906): App\Controllers\Orders->__construct()
 2 SYSTEMPATH/CodeIgniter.php(490): CodeIgniter\CodeIgniter->createController()
 3 SYSTEMPATH/CodeIgniter.php(368): CodeIgniter\CodeIgniter->handleRequest(null, Object(Config\Cache), false)
 4 FCPATH/index.php(67): CodeIgniter\CodeIgniter->run()
WARNING - 2025-07-02 12:51:00 --> [DEPRECATED] Creation of dynamic property App\Controllers\Orders::$Ordermodel is deprecated in APPPATH/Controllers/Orders.php on line 41.
 1 SYSTEMPATH/CodeIgniter.php(906): App\Controllers\Orders->__construct()
 2 SYSTEMPATH/CodeIgniter.php(490): CodeIgniter\CodeIgniter->createController()
 3 SYSTEMPATH/CodeIgniter.php(368): CodeIgniter\CodeIgniter->handleRequest(null, Object(Config\Cache), false)
 4 FCPATH/index.php(67): CodeIgniter\CodeIgniter->run()
WARNING - 2025-07-02 12:51:00 --> [DEPRECATED] Creation of dynamic property App\Controllers\Orders::$testimonial is deprecated in APPPATH/Controllers/Orders.php on line 42.
 1 SYSTEMPATH/CodeIgniter.php(906): App\Controllers\Orders->__construct()
 2 SYSTEMPATH/CodeIgniter.php(490): CodeIgniter\CodeIgniter->createController()
 3 SYSTEMPATH/CodeIgniter.php(368): CodeIgniter\CodeIgniter->handleRequest(null, Object(Config\Cache), false)
 4 FCPATH/index.php(67): CodeIgniter\CodeIgniter->run()
WARNING - 2025-07-02 12:51:00 --> [DEPRECATED] Creation of dynamic property App\Controllers\Orders::$enquiry is deprecated in APPPATH/Controllers/Orders.php on line 43.
 1 SYSTEMPATH/CodeIgniter.php(906): App\Controllers\Orders->__construct()
 2 SYSTEMPATH/CodeIgniter.php(490): CodeIgniter\CodeIgniter->createController()
 3 SYSTEMPATH/CodeIgniter.php(368): CodeIgniter\CodeIgniter->handleRequest(null, Object(Config\Cache), false)
 4 FCPATH/index.php(67): CodeIgniter\CodeIgniter->run()
WARNING - 2025-07-02 12:51:00 --> [DEPRECATED] Creation of dynamic property App\Controllers\Orders::$product is deprecated in APPPATH/Controllers/Orders.php on line 44.
 1 SYSTEMPATH/CodeIgniter.php(906): App\Controllers\Orders->__construct()
 2 SYSTEMPATH/CodeIgniter.php(490): CodeIgniter\CodeIgniter->createController()
 3 SYSTEMPATH/CodeIgniter.php(368): CodeIgniter\CodeIgniter->handleRequest(null, Object(Config\Cache), false)
 4 FCPATH/index.php(67): CodeIgniter\CodeIgniter->run()
WARNING - 2025-07-02 12:51:00 --> [DEPRECATED] Creation of dynamic property App\Controllers\Orders::$orderitem is deprecated in APPPATH/Controllers/Orders.php on line 45.
 1 SYSTEMPATH/CodeIgniter.php(906): App\Controllers\Orders->__construct()
 2 SYSTEMPATH/CodeIgniter.php(490): CodeIgniter\CodeIgniter->createController()
 3 SYSTEMPATH/CodeIgniter.php(368): CodeIgniter\CodeIgniter->handleRequest(null, Object(Config\Cache), false)
 4 FCPATH/index.php(67): CodeIgniter\CodeIgniter->run()
WARNING - 2025-07-02 12:51:00 --> [DEPRECATED] Creation of dynamic property App\Controllers\Orders::$Ordercomment is deprecated in APPPATH/Controllers/Orders.php on line 46.
 1 SYSTEMPATH/CodeIgniter.php(906): App\Controllers\Orders->__construct()
 2 SYSTEMPATH/CodeIgniter.php(490): CodeIgniter\CodeIgniter->createController()
 3 SYSTEMPATH/CodeIgniter.php(368): CodeIgniter\CodeIgniter->handleRequest(null, Object(Config\Cache), false)
 4 FCPATH/index.php(67): CodeIgniter\CodeIgniter->run()
WARNING - 2025-07-02 12:51:00 --> [DEPRECATED] Creation of dynamic property App\Controllers\Orders::$catagory is deprecated in APPPATH/Controllers/Orders.php on line 47.
 1 SYSTEMPATH/CodeIgniter.php(906): App\Controllers\Orders->__construct()
 2 SYSTEMPATH/CodeIgniter.php(490): CodeIgniter\CodeIgniter->createController()
 3 SYSTEMPATH/CodeIgniter.php(368): CodeIgniter\CodeIgniter->handleRequest(null, Object(Config\Cache), false)
 4 FCPATH/index.php(67): CodeIgniter\CodeIgniter->run()
WARNING - 2025-07-02 12:51:00 --> [DEPRECATED] Creation of dynamic property App\Controllers\Orders::$User is deprecated in APPPATH/Controllers/Orders.php on line 48.
 1 SYSTEMPATH/CodeIgniter.php(906): App\Controllers\Orders->__construct()
 2 SYSTEMPATH/CodeIgniter.php(490): CodeIgniter\CodeIgniter->createController()
 3 SYSTEMPATH/CodeIgniter.php(368): CodeIgniter\CodeIgniter->handleRequest(null, Object(Config\Cache), false)
 4 FCPATH/index.php(67): CodeIgniter\CodeIgniter->run()
WARNING - 2025-07-02 12:51:00 --> [DEPRECATED] Creation of dynamic property App\Controllers\Orders::$shippingmethod is deprecated in APPPATH/Controllers/Orders.php on line 49.
 1 SYSTEMPATH/CodeIgniter.php(906): App\Controllers\Orders->__construct()
 2 SYSTEMPATH/CodeIgniter.php(490): CodeIgniter\CodeIgniter->createController()
 3 SYSTEMPATH/CodeIgniter.php(368): CodeIgniter\CodeIgniter->handleRequest(null, Object(Config\Cache), false)
 4 FCPATH/index.php(67): CodeIgniter\CodeIgniter->run()
WARNING - 2025-07-02 12:51:00 --> [DEPRECATED] Creation of dynamic property App\Controllers\Orders::$shippingrate is deprecated in APPPATH/Controllers/Orders.php on line 50.
 1 SYSTEMPATH/CodeIgniter.php(906): App\Controllers\Orders->__construct()
 2 SYSTEMPATH/CodeIgniter.php(490): CodeIgniter\CodeIgniter->createController()
 3 SYSTEMPATH/CodeIgniter.php(368): CodeIgniter\CodeIgniter->handleRequest(null, Object(Config\Cache), false)
 4 FCPATH/index.php(67): CodeIgniter\CodeIgniter->run()
WARNING - 2025-07-02 12:51:00 --> [DEPRECATED] Creation of dynamic property App\Controllers\Orders::$shippingzone is deprecated in APPPATH/Controllers/Orders.php on line 51.
 1 SYSTEMPATH/CodeIgniter.php(906): App\Controllers\Orders->__construct()
 2 SYSTEMPATH/CodeIgniter.php(490): CodeIgniter\CodeIgniter->createController()
 3 SYSTEMPATH/CodeIgniter.php(368): CodeIgniter\CodeIgniter->handleRequest(null, Object(Config\Cache), false)
 4 FCPATH/index.php(67): CodeIgniter\CodeIgniter->run()
WARNING - 2025-07-02 12:51:00 --> [DEPRECATED] Creation of dynamic property App\Controllers\Orders::$country is deprecated in APPPATH/Controllers/Orders.php on line 52.
 1 SYSTEMPATH/CodeIgniter.php(906): App\Controllers\Orders->__construct()
 2 SYSTEMPATH/CodeIgniter.php(490): CodeIgniter\CodeIgniter->createController()
 3 SYSTEMPATH/CodeIgniter.php(368): CodeIgniter\CodeIgniter->handleRequest(null, Object(Config\Cache), false)
 4 FCPATH/index.php(67): CodeIgniter\CodeIgniter->run()
WARNING - 2025-07-02 12:51:00 --> [DEPRECATED] Creation of dynamic property App\Controllers\Orders::$ChatModel is deprecated in APPPATH/Controllers/Orders.php on line 53.
 1 SYSTEMPATH/CodeIgniter.php(906): App\Controllers\Orders->__construct()
 2 SYSTEMPATH/CodeIgniter.php(490): CodeIgniter\CodeIgniter->createController()
 3 SYSTEMPATH/CodeIgniter.php(368): CodeIgniter\CodeIgniter->handleRequest(null, Object(Config\Cache), false)
 4 FCPATH/index.php(67): CodeIgniter\CodeIgniter->run()
WARNING - 2025-07-02 12:51:00 --> [DEPRECATED] Creation of dynamic property App\Controllers\Orders::$Allsettings is deprecated in APPPATH/Controllers/Orders.php on line 54.
 1 SYSTEMPATH/CodeIgniter.php(906): App\Controllers\Orders->__construct()
 2 SYSTEMPATH/CodeIgniter.php(490): CodeIgniter\CodeIgniter->createController()
 3 SYSTEMPATH/CodeIgniter.php(368): CodeIgniter\CodeIgniter->handleRequest(null, Object(Config\Cache), false)
 4 FCPATH/index.php(67): CodeIgniter\CodeIgniter->run()
WARNING - 2025-07-02 12:51:00 --> [DEPRECATED] Creation of dynamic property App\Controllers\Orders::$ShippingDataModel is deprecated in APPPATH/Controllers/Orders.php on line 55.
 1 SYSTEMPATH/CodeIgniter.php(906): App\Controllers\Orders->__construct()
 2 SYSTEMPATH/CodeIgniter.php(490): CodeIgniter\CodeIgniter->createController()
 3 SYSTEMPATH/CodeIgniter.php(368): CodeIgniter\CodeIgniter->handleRequest(null, Object(Config\Cache), false)
 4 FCPATH/index.php(67): CodeIgniter\CodeIgniter->run()
WARNING - 2025-07-02 12:51:00 --> [DEPRECATED] Creation of dynamic property App\Controllers\Orders::$cityModel is deprecated in APPPATH/Controllers/Orders.php on line 56.
 1 SYSTEMPATH/CodeIgniter.php(906): App\Controllers\Orders->__construct()
 2 SYSTEMPATH/CodeIgniter.php(490): CodeIgniter\CodeIgniter->createController()
 3 SYSTEMPATH/CodeIgniter.php(368): CodeIgniter\CodeIgniter->handleRequest(null, Object(Config\Cache), false)
 4 FCPATH/index.php(67): CodeIgniter\CodeIgniter->run()
WARNING - 2025-07-02 12:51:00 --> [DEPRECATED] Creation of dynamic property App\Controllers\Orders::$stateModel is deprecated in APPPATH/Controllers/Orders.php on line 57.
 1 SYSTEMPATH/CodeIgniter.php(906): App\Controllers\Orders->__construct()
 2 SYSTEMPATH/CodeIgniter.php(490): CodeIgniter\CodeIgniter->createController()
 3 SYSTEMPATH/CodeIgniter.php(368): CodeIgniter\CodeIgniter->handleRequest(null, Object(Config\Cache), false)
 4 FCPATH/index.php(67): CodeIgniter\CodeIgniter->run()
WARNING - 2025-07-02 12:51:00 --> [DEPRECATED] Creation of dynamic property App\Controllers\Orders::$taxModel is deprecated in APPPATH/Controllers/Orders.php on line 58.
 1 SYSTEMPATH/CodeIgniter.php(906): App\Controllers\Orders->__construct()
 2 SYSTEMPATH/CodeIgniter.php(490): CodeIgniter\CodeIgniter->createController()
 3 SYSTEMPATH/CodeIgniter.php(368): CodeIgniter\CodeIgniter->handleRequest(null, Object(Config\Cache), false)
 4 FCPATH/index.php(67): CodeIgniter\CodeIgniter->run()
INFO - 2025-07-02 12:51:05 --> Session: Class initialized using 'CodeIgniter\Session\Handlers\FileHandler' driver.
WARNING - 2025-07-02 12:51:05 --> [DEPRECATED] Creation of dynamic property App\Controllers\Orders::$session is deprecated in APPPATH/Controllers/Orders.php on line 34.
 1 SYSTEMPATH/CodeIgniter.php(906): App\Controllers\Orders->__construct()
 2 SYSTEMPATH/CodeIgniter.php(490): CodeIgniter\CodeIgniter->createController()
 3 SYSTEMPATH/CodeIgniter.php(368): CodeIgniter\CodeIgniter->handleRequest(null, Object(Config\Cache), false)
 4 FCPATH/index.php(67): CodeIgniter\CodeIgniter->run()
WARNING - 2025-07-02 12:51:05 --> Session: Sessions is enabled, and one exists. Please don't $session->start();
WARNING - 2025-07-02 12:51:05 --> [DEPRECATED] Creation of dynamic property App\Controllers\Orders::$coupons is deprecated in APPPATH/Controllers/Orders.php on line 38.
 1 SYSTEMPATH/CodeIgniter.php(906): App\Controllers\Orders->__construct()
 2 SYSTEMPATH/CodeIgniter.php(490): CodeIgniter\CodeIgniter->createController()
 3 SYSTEMPATH/CodeIgniter.php(368): CodeIgniter\CodeIgniter->handleRequest(null, Object(Config\Cache), false)
 4 FCPATH/index.php(67): CodeIgniter\CodeIgniter->run()
WARNING - 2025-07-02 12:51:05 --> [DEPRECATED] Creation of dynamic property App\Controllers\Orders::$faqs is deprecated in APPPATH/Controllers/Orders.php on line 39.
 1 SYSTEMPATH/CodeIgniter.php(906): App\Controllers\Orders->__construct()
 2 SYSTEMPATH/CodeIgniter.php(490): CodeIgniter\CodeIgniter->createController()
 3 SYSTEMPATH/CodeIgniter.php(368): CodeIgniter\CodeIgniter->handleRequest(null, Object(Config\Cache), false)
 4 FCPATH/index.php(67): CodeIgniter\CodeIgniter->run()
WARNING - 2025-07-02 12:51:05 --> [DEPRECATED] Creation of dynamic property App\Controllers\Orders::$seo is deprecated in APPPATH/Controllers/Orders.php on line 40.
 1 SYSTEMPATH/CodeIgniter.php(906): App\Controllers\Orders->__construct()
 2 SYSTEMPATH/CodeIgniter.php(490): CodeIgniter\CodeIgniter->createController()
 3 SYSTEMPATH/CodeIgniter.php(368): CodeIgniter\CodeIgniter->handleRequest(null, Object(Config\Cache), false)
 4 FCPATH/index.php(67): CodeIgniter\CodeIgniter->run()
WARNING - 2025-07-02 12:51:05 --> [DEPRECATED] Creation of dynamic property App\Controllers\Orders::$Ordermodel is deprecated in APPPATH/Controllers/Orders.php on line 41.
 1 SYSTEMPATH/CodeIgniter.php(906): App\Controllers\Orders->__construct()
 2 SYSTEMPATH/CodeIgniter.php(490): CodeIgniter\CodeIgniter->createController()
 3 SYSTEMPATH/CodeIgniter.php(368): CodeIgniter\CodeIgniter->handleRequest(null, Object(Config\Cache), false)
 4 FCPATH/index.php(67): CodeIgniter\CodeIgniter->run()
WARNING - 2025-07-02 12:51:05 --> [DEPRECATED] Creation of dynamic property App\Controllers\Orders::$testimonial is deprecated in APPPATH/Controllers/Orders.php on line 42.
 1 SYSTEMPATH/CodeIgniter.php(906): App\Controllers\Orders->__construct()
 2 SYSTEMPATH/CodeIgniter.php(490): CodeIgniter\CodeIgniter->createController()
 3 SYSTEMPATH/CodeIgniter.php(368): CodeIgniter\CodeIgniter->handleRequest(null, Object(Config\Cache), false)
 4 FCPATH/index.php(67): CodeIgniter\CodeIgniter->run()
WARNING - 2025-07-02 12:51:05 --> [DEPRECATED] Creation of dynamic property App\Controllers\Orders::$enquiry is deprecated in APPPATH/Controllers/Orders.php on line 43.
 1 SYSTEMPATH/CodeIgniter.php(906): App\Controllers\Orders->__construct()
 2 SYSTEMPATH/CodeIgniter.php(490): CodeIgniter\CodeIgniter->createController()
 3 SYSTEMPATH/CodeIgniter.php(368): CodeIgniter\CodeIgniter->handleRequest(null, Object(Config\Cache), false)
 4 FCPATH/index.php(67): CodeIgniter\CodeIgniter->run()
WARNING - 2025-07-02 12:51:05 --> [DEPRECATED] Creation of dynamic property App\Controllers\Orders::$product is deprecated in APPPATH/Controllers/Orders.php on line 44.
 1 SYSTEMPATH/CodeIgniter.php(906): App\Controllers\Orders->__construct()
 2 SYSTEMPATH/CodeIgniter.php(490): CodeIgniter\CodeIgniter->createController()
 3 SYSTEMPATH/CodeIgniter.php(368): CodeIgniter\CodeIgniter->handleRequest(null, Object(Config\Cache), false)
 4 FCPATH/index.php(67): CodeIgniter\CodeIgniter->run()
WARNING - 2025-07-02 12:51:05 --> [DEPRECATED] Creation of dynamic property App\Controllers\Orders::$orderitem is deprecated in APPPATH/Controllers/Orders.php on line 45.
 1 SYSTEMPATH/CodeIgniter.php(906): App\Controllers\Orders->__construct()
 2 SYSTEMPATH/CodeIgniter.php(490): CodeIgniter\CodeIgniter->createController()
 3 SYSTEMPATH/CodeIgniter.php(368): CodeIgniter\CodeIgniter->handleRequest(null, Object(Config\Cache), false)
 4 FCPATH/index.php(67): CodeIgniter\CodeIgniter->run()
WARNING - 2025-07-02 12:51:05 --> [DEPRECATED] Creation of dynamic property App\Controllers\Orders::$Ordercomment is deprecated in APPPATH/Controllers/Orders.php on line 46.
 1 SYSTEMPATH/CodeIgniter.php(906): App\Controllers\Orders->__construct()
 2 SYSTEMPATH/CodeIgniter.php(490): CodeIgniter\CodeIgniter->createController()
 3 SYSTEMPATH/CodeIgniter.php(368): CodeIgniter\CodeIgniter->handleRequest(null, Object(Config\Cache), false)
 4 FCPATH/index.php(67): CodeIgniter\CodeIgniter->run()
WARNING - 2025-07-02 12:51:05 --> [DEPRECATED] Creation of dynamic property App\Controllers\Orders::$catagory is deprecated in APPPATH/Controllers/Orders.php on line 47.
 1 SYSTEMPATH/CodeIgniter.php(906): App\Controllers\Orders->__construct()
 2 SYSTEMPATH/CodeIgniter.php(490): CodeIgniter\CodeIgniter->createController()
 3 SYSTEMPATH/CodeIgniter.php(368): CodeIgniter\CodeIgniter->handleRequest(null, Object(Config\Cache), false)
 4 FCPATH/index.php(67): CodeIgniter\CodeIgniter->run()
WARNING - 2025-07-02 12:51:05 --> [DEPRECATED] Creation of dynamic property App\Controllers\Orders::$User is deprecated in APPPATH/Controllers/Orders.php on line 48.
 1 SYSTEMPATH/CodeIgniter.php(906): App\Controllers\Orders->__construct()
 2 SYSTEMPATH/CodeIgniter.php(490): CodeIgniter\CodeIgniter->createController()
 3 SYSTEMPATH/CodeIgniter.php(368): CodeIgniter\CodeIgniter->handleRequest(null, Object(Config\Cache), false)
 4 FCPATH/index.php(67): CodeIgniter\CodeIgniter->run()
WARNING - 2025-07-02 12:51:05 --> [DEPRECATED] Creation of dynamic property App\Controllers\Orders::$shippingmethod is deprecated in APPPATH/Controllers/Orders.php on line 49.
 1 SYSTEMPATH/CodeIgniter.php(906): App\Controllers\Orders->__construct()
 2 SYSTEMPATH/CodeIgniter.php(490): CodeIgniter\CodeIgniter->createController()
 3 SYSTEMPATH/CodeIgniter.php(368): CodeIgniter\CodeIgniter->handleRequest(null, Object(Config\Cache), false)
 4 FCPATH/index.php(67): CodeIgniter\CodeIgniter->run()
WARNING - 2025-07-02 12:51:05 --> [DEPRECATED] Creation of dynamic property App\Controllers\Orders::$shippingrate is deprecated in APPPATH/Controllers/Orders.php on line 50.
 1 SYSTEMPATH/CodeIgniter.php(906): App\Controllers\Orders->__construct()
 2 SYSTEMPATH/CodeIgniter.php(490): CodeIgniter\CodeIgniter->createController()
 3 SYSTEMPATH/CodeIgniter.php(368): CodeIgniter\CodeIgniter->handleRequest(null, Object(Config\Cache), false)
 4 FCPATH/index.php(67): CodeIgniter\CodeIgniter->run()
WARNING - 2025-07-02 12:51:05 --> [DEPRECATED] Creation of dynamic property App\Controllers\Orders::$shippingzone is deprecated in APPPATH/Controllers/Orders.php on line 51.
 1 SYSTEMPATH/CodeIgniter.php(906): App\Controllers\Orders->__construct()
 2 SYSTEMPATH/CodeIgniter.php(490): CodeIgniter\CodeIgniter->createController()
 3 SYSTEMPATH/CodeIgniter.php(368): CodeIgniter\CodeIgniter->handleRequest(null, Object(Config\Cache), false)
 4 FCPATH/index.php(67): CodeIgniter\CodeIgniter->run()
WARNING - 2025-07-02 12:51:05 --> [DEPRECATED] Creation of dynamic property App\Controllers\Orders::$country is deprecated in APPPATH/Controllers/Orders.php on line 52.
 1 SYSTEMPATH/CodeIgniter.php(906): App\Controllers\Orders->__construct()
 2 SYSTEMPATH/CodeIgniter.php(490): CodeIgniter\CodeIgniter->createController()
 3 SYSTEMPATH/CodeIgniter.php(368): CodeIgniter\CodeIgniter->handleRequest(null, Object(Config\Cache), false)
 4 FCPATH/index.php(67): CodeIgniter\CodeIgniter->run()
WARNING - 2025-07-02 12:51:05 --> [DEPRECATED] Creation of dynamic property App\Controllers\Orders::$ChatModel is deprecated in APPPATH/Controllers/Orders.php on line 53.
 1 SYSTEMPATH/CodeIgniter.php(906): App\Controllers\Orders->__construct()
 2 SYSTEMPATH/CodeIgniter.php(490): CodeIgniter\CodeIgniter->createController()
 3 SYSTEMPATH/CodeIgniter.php(368): CodeIgniter\CodeIgniter->handleRequest(null, Object(Config\Cache), false)
 4 FCPATH/index.php(67): CodeIgniter\CodeIgniter->run()
WARNING - 2025-07-02 12:51:05 --> [DEPRECATED] Creation of dynamic property App\Controllers\Orders::$Allsettings is deprecated in APPPATH/Controllers/Orders.php on line 54.
 1 SYSTEMPATH/CodeIgniter.php(906): App\Controllers\Orders->__construct()
 2 SYSTEMPATH/CodeIgniter.php(490): CodeIgniter\CodeIgniter->createController()
 3 SYSTEMPATH/CodeIgniter.php(368): CodeIgniter\CodeIgniter->handleRequest(null, Object(Config\Cache), false)
 4 FCPATH/index.php(67): CodeIgniter\CodeIgniter->run()
WARNING - 2025-07-02 12:51:05 --> [DEPRECATED] Creation of dynamic property App\Controllers\Orders::$ShippingDataModel is deprecated in APPPATH/Controllers/Orders.php on line 55.
 1 SYSTEMPATH/CodeIgniter.php(906): App\Controllers\Orders->__construct()
 2 SYSTEMPATH/CodeIgniter.php(490): CodeIgniter\CodeIgniter->createController()
 3 SYSTEMPATH/CodeIgniter.php(368): CodeIgniter\CodeIgniter->handleRequest(null, Object(Config\Cache), false)
 4 FCPATH/index.php(67): CodeIgniter\CodeIgniter->run()
WARNING - 2025-07-02 12:51:05 --> [DEPRECATED] Creation of dynamic property App\Controllers\Orders::$cityModel is deprecated in APPPATH/Controllers/Orders.php on line 56.
 1 SYSTEMPATH/CodeIgniter.php(906): App\Controllers\Orders->__construct()
 2 SYSTEMPATH/CodeIgniter.php(490): CodeIgniter\CodeIgniter->createController()
 3 SYSTEMPATH/CodeIgniter.php(368): CodeIgniter\CodeIgniter->handleRequest(null, Object(Config\Cache), false)
 4 FCPATH/index.php(67): CodeIgniter\CodeIgniter->run()
WARNING - 2025-07-02 12:51:05 --> [DEPRECATED] Creation of dynamic property App\Controllers\Orders::$stateModel is deprecated in APPPATH/Controllers/Orders.php on line 57.
 1 SYSTEMPATH/CodeIgniter.php(906): App\Controllers\Orders->__construct()
 2 SYSTEMPATH/CodeIgniter.php(490): CodeIgniter\CodeIgniter->createController()
 3 SYSTEMPATH/CodeIgniter.php(368): CodeIgniter\CodeIgniter->handleRequest(null, Object(Config\Cache), false)
 4 FCPATH/index.php(67): CodeIgniter\CodeIgniter->run()
WARNING - 2025-07-02 12:51:05 --> [DEPRECATED] Creation of dynamic property App\Controllers\Orders::$taxModel is deprecated in APPPATH/Controllers/Orders.php on line 58.
 1 SYSTEMPATH/CodeIgniter.php(906): App\Controllers\Orders->__construct()
 2 SYSTEMPATH/CodeIgniter.php(490): CodeIgniter\CodeIgniter->createController()
 3 SYSTEMPATH/CodeIgniter.php(368): CodeIgniter\CodeIgniter->handleRequest(null, Object(Config\Cache), false)
 4 FCPATH/index.php(67): CodeIgniter\CodeIgniter->run()
INFO - 2025-07-02 12:51:06 --> Session: Class initialized using 'CodeIgniter\Session\Handlers\FileHandler' driver.
WARNING - 2025-07-02 12:51:06 --> [DEPRECATED] Creation of dynamic property App\Controllers\Home::$user_model is deprecated in APPPATH/Controllers/Home.php on line 35.
 1 SYSTEMPATH/CodeIgniter.php(906): App\Controllers\Home->__construct()
 2 SYSTEMPATH/CodeIgniter.php(490): CodeIgniter\CodeIgniter->createController()
 3 SYSTEMPATH/CodeIgniter.php(368): CodeIgniter\CodeIgniter->handleRequest(null, Object(Config\Cache), false)
 4 FCPATH/index.php(67): CodeIgniter\CodeIgniter->run()
WARNING - 2025-07-02 12:51:06 --> [DEPRECATED] Creation of dynamic property App\Controllers\Home::$BlogModel is deprecated in APPPATH/Controllers/Home.php on line 43.
 1 SYSTEMPATH/CodeIgniter.php(906): App\Controllers\Home->__construct()
 2 SYSTEMPATH/CodeIgniter.php(490): CodeIgniter\CodeIgniter->createController()
 3 SYSTEMPATH/CodeIgniter.php(368): CodeIgniter\CodeIgniter->handleRequest(null, Object(Config\Cache), false)
 4 FCPATH/index.php(67): CodeIgniter\CodeIgniter->run()
WARNING - 2025-07-02 12:51:06 --> [DEPRECATED] Creation of dynamic property App\Controllers\Home::$EnquiryModel is deprecated in APPPATH/Controllers/Home.php on line 44.
 1 SYSTEMPATH/CodeIgniter.php(906): App\Controllers\Home->__construct()
 2 SYSTEMPATH/CodeIgniter.php(490): CodeIgniter\CodeIgniter->createController()
 3 SYSTEMPATH/CodeIgniter.php(368): CodeIgniter\CodeIgniter->handleRequest(null, Object(Config\Cache), false)
 4 FCPATH/index.php(67): CodeIgniter\CodeIgniter->run()
WARNING - 2025-07-02 12:51:06 --> [DEPRECATED] Creation of dynamic property App\Controllers\Home::$Allsettingsmodel is deprecated in APPPATH/Controllers/Home.php on line 45.
 1 SYSTEMPATH/CodeIgniter.php(906): App\Controllers\Home->__construct()
 2 SYSTEMPATH/CodeIgniter.php(490): CodeIgniter\CodeIgniter->createController()
 3 SYSTEMPATH/CodeIgniter.php(368): CodeIgniter\CodeIgniter->handleRequest(null, Object(Config\Cache), false)
 4 FCPATH/index.php(67): CodeIgniter\CodeIgniter->run()
INFO - 2025-07-02 12:51:07 --> Session: Class initialized using 'CodeIgniter\Session\Handlers\FileHandler' driver.
WARNING - 2025-07-02 12:51:07 --> [DEPRECATED] Creation of dynamic property App\Controllers\Orders::$session is deprecated in APPPATH/Controllers/Orders.php on line 34.
 1 SYSTEMPATH/CodeIgniter.php(906): App\Controllers\Orders->__construct()
 2 SYSTEMPATH/CodeIgniter.php(490): CodeIgniter\CodeIgniter->createController()
 3 SYSTEMPATH/CodeIgniter.php(368): CodeIgniter\CodeIgniter->handleRequest(null, Object(Config\Cache), false)
 4 FCPATH/index.php(67): CodeIgniter\CodeIgniter->run()
WARNING - 2025-07-02 12:51:07 --> Session: Sessions is enabled, and one exists. Please don't $session->start();
WARNING - 2025-07-02 12:51:07 --> [DEPRECATED] Creation of dynamic property App\Controllers\Orders::$coupons is deprecated in APPPATH/Controllers/Orders.php on line 38.
 1 SYSTEMPATH/CodeIgniter.php(906): App\Controllers\Orders->__construct()
 2 SYSTEMPATH/CodeIgniter.php(490): CodeIgniter\CodeIgniter->createController()
 3 SYSTEMPATH/CodeIgniter.php(368): CodeIgniter\CodeIgniter->handleRequest(null, Object(Config\Cache), false)
 4 FCPATH/index.php(67): CodeIgniter\CodeIgniter->run()
WARNING - 2025-07-02 12:51:07 --> [DEPRECATED] Creation of dynamic property App\Controllers\Orders::$faqs is deprecated in APPPATH/Controllers/Orders.php on line 39.
 1 SYSTEMPATH/CodeIgniter.php(906): App\Controllers\Orders->__construct()
 2 SYSTEMPATH/CodeIgniter.php(490): CodeIgniter\CodeIgniter->createController()
 3 SYSTEMPATH/CodeIgniter.php(368): CodeIgniter\CodeIgniter->handleRequest(null, Object(Config\Cache), false)
 4 FCPATH/index.php(67): CodeIgniter\CodeIgniter->run()
WARNING - 2025-07-02 12:51:07 --> [DEPRECATED] Creation of dynamic property App\Controllers\Orders::$seo is deprecated in APPPATH/Controllers/Orders.php on line 40.
 1 SYSTEMPATH/CodeIgniter.php(906): App\Controllers\Orders->__construct()
 2 SYSTEMPATH/CodeIgniter.php(490): CodeIgniter\CodeIgniter->createController()
 3 SYSTEMPATH/CodeIgniter.php(368): CodeIgniter\CodeIgniter->handleRequest(null, Object(Config\Cache), false)
 4 FCPATH/index.php(67): CodeIgniter\CodeIgniter->run()
WARNING - 2025-07-02 12:51:07 --> [DEPRECATED] Creation of dynamic property App\Controllers\Orders::$Ordermodel is deprecated in APPPATH/Controllers/Orders.php on line 41.
 1 SYSTEMPATH/CodeIgniter.php(906): App\Controllers\Orders->__construct()
 2 SYSTEMPATH/CodeIgniter.php(490): CodeIgniter\CodeIgniter->createController()
 3 SYSTEMPATH/CodeIgniter.php(368): CodeIgniter\CodeIgniter->handleRequest(null, Object(Config\Cache), false)
 4 FCPATH/index.php(67): CodeIgniter\CodeIgniter->run()
WARNING - 2025-07-02 12:51:07 --> [DEPRECATED] Creation of dynamic property App\Controllers\Orders::$testimonial is deprecated in APPPATH/Controllers/Orders.php on line 42.
 1 SYSTEMPATH/CodeIgniter.php(906): App\Controllers\Orders->__construct()
 2 SYSTEMPATH/CodeIgniter.php(490): CodeIgniter\CodeIgniter->createController()
 3 SYSTEMPATH/CodeIgniter.php(368): CodeIgniter\CodeIgniter->handleRequest(null, Object(Config\Cache), false)
 4 FCPATH/index.php(67): CodeIgniter\CodeIgniter->run()
WARNING - 2025-07-02 12:51:07 --> [DEPRECATED] Creation of dynamic property App\Controllers\Orders::$enquiry is deprecated in APPPATH/Controllers/Orders.php on line 43.
 1 SYSTEMPATH/CodeIgniter.php(906): App\Controllers\Orders->__construct()
 2 SYSTEMPATH/CodeIgniter.php(490): CodeIgniter\CodeIgniter->createController()
 3 SYSTEMPATH/CodeIgniter.php(368): CodeIgniter\CodeIgniter->handleRequest(null, Object(Config\Cache), false)
 4 FCPATH/index.php(67): CodeIgniter\CodeIgniter->run()
WARNING - 2025-07-02 12:51:07 --> [DEPRECATED] Creation of dynamic property App\Controllers\Orders::$product is deprecated in APPPATH/Controllers/Orders.php on line 44.
 1 SYSTEMPATH/CodeIgniter.php(906): App\Controllers\Orders->__construct()
 2 SYSTEMPATH/CodeIgniter.php(490): CodeIgniter\CodeIgniter->createController()
 3 SYSTEMPATH/CodeIgniter.php(368): CodeIgniter\CodeIgniter->handleRequest(null, Object(Config\Cache), false)
 4 FCPATH/index.php(67): CodeIgniter\CodeIgniter->run()
WARNING - 2025-07-02 12:51:07 --> [DEPRECATED] Creation of dynamic property App\Controllers\Orders::$orderitem is deprecated in APPPATH/Controllers/Orders.php on line 45.
 1 SYSTEMPATH/CodeIgniter.php(906): App\Controllers\Orders->__construct()
 2 SYSTEMPATH/CodeIgniter.php(490): CodeIgniter\CodeIgniter->createController()
 3 SYSTEMPATH/CodeIgniter.php(368): CodeIgniter\CodeIgniter->handleRequest(null, Object(Config\Cache), false)
 4 FCPATH/index.php(67): CodeIgniter\CodeIgniter->run()
WARNING - 2025-07-02 12:51:07 --> [DEPRECATED] Creation of dynamic property App\Controllers\Orders::$Ordercomment is deprecated in APPPATH/Controllers/Orders.php on line 46.
 1 SYSTEMPATH/CodeIgniter.php(906): App\Controllers\Orders->__construct()
 2 SYSTEMPATH/CodeIgniter.php(490): CodeIgniter\CodeIgniter->createController()
 3 SYSTEMPATH/CodeIgniter.php(368): CodeIgniter\CodeIgniter->handleRequest(null, Object(Config\Cache), false)
 4 FCPATH/index.php(67): CodeIgniter\CodeIgniter->run()
WARNING - 2025-07-02 12:51:07 --> [DEPRECATED] Creation of dynamic property App\Controllers\Orders::$catagory is deprecated in APPPATH/Controllers/Orders.php on line 47.
 1 SYSTEMPATH/CodeIgniter.php(906): App\Controllers\Orders->__construct()
 2 SYSTEMPATH/CodeIgniter.php(490): CodeIgniter\CodeIgniter->createController()
 3 SYSTEMPATH/CodeIgniter.php(368): CodeIgniter\CodeIgniter->handleRequest(null, Object(Config\Cache), false)
 4 FCPATH/index.php(67): CodeIgniter\CodeIgniter->run()
WARNING - 2025-07-02 12:51:07 --> [DEPRECATED] Creation of dynamic property App\Controllers\Orders::$User is deprecated in APPPATH/Controllers/Orders.php on line 48.
 1 SYSTEMPATH/CodeIgniter.php(906): App\Controllers\Orders->__construct()
 2 SYSTEMPATH/CodeIgniter.php(490): CodeIgniter\CodeIgniter->createController()
 3 SYSTEMPATH/CodeIgniter.php(368): CodeIgniter\CodeIgniter->handleRequest(null, Object(Config\Cache), false)
 4 FCPATH/index.php(67): CodeIgniter\CodeIgniter->run()
WARNING - 2025-07-02 12:51:07 --> [DEPRECATED] Creation of dynamic property App\Controllers\Orders::$shippingmethod is deprecated in APPPATH/Controllers/Orders.php on line 49.
 1 SYSTEMPATH/CodeIgniter.php(906): App\Controllers\Orders->__construct()
 2 SYSTEMPATH/CodeIgniter.php(490): CodeIgniter\CodeIgniter->createController()
 3 SYSTEMPATH/CodeIgniter.php(368): CodeIgniter\CodeIgniter->handleRequest(null, Object(Config\Cache), false)
 4 FCPATH/index.php(67): CodeIgniter\CodeIgniter->run()
WARNING - 2025-07-02 12:51:07 --> [DEPRECATED] Creation of dynamic property App\Controllers\Orders::$shippingrate is deprecated in APPPATH/Controllers/Orders.php on line 50.
 1 SYSTEMPATH/CodeIgniter.php(906): App\Controllers\Orders->__construct()
 2 SYSTEMPATH/CodeIgniter.php(490): CodeIgniter\CodeIgniter->createController()
 3 SYSTEMPATH/CodeIgniter.php(368): CodeIgniter\CodeIgniter->handleRequest(null, Object(Config\Cache), false)
 4 FCPATH/index.php(67): CodeIgniter\CodeIgniter->run()
WARNING - 2025-07-02 12:51:07 --> [DEPRECATED] Creation of dynamic property App\Controllers\Orders::$shippingzone is deprecated in APPPATH/Controllers/Orders.php on line 51.
 1 SYSTEMPATH/CodeIgniter.php(906): App\Controllers\Orders->__construct()
 2 SYSTEMPATH/CodeIgniter.php(490): CodeIgniter\CodeIgniter->createController()
 3 SYSTEMPATH/CodeIgniter.php(368): CodeIgniter\CodeIgniter->handleRequest(null, Object(Config\Cache), false)
 4 FCPATH/index.php(67): CodeIgniter\CodeIgniter->run()
WARNING - 2025-07-02 12:51:07 --> [DEPRECATED] Creation of dynamic property App\Controllers\Orders::$country is deprecated in APPPATH/Controllers/Orders.php on line 52.
 1 SYSTEMPATH/CodeIgniter.php(906): App\Controllers\Orders->__construct()
 2 SYSTEMPATH/CodeIgniter.php(490): CodeIgniter\CodeIgniter->createController()
 3 SYSTEMPATH/CodeIgniter.php(368): CodeIgniter\CodeIgniter->handleRequest(null, Object(Config\Cache), false)
 4 FCPATH/index.php(67): CodeIgniter\CodeIgniter->run()
WARNING - 2025-07-02 12:51:07 --> [DEPRECATED] Creation of dynamic property App\Controllers\Orders::$ChatModel is deprecated in APPPATH/Controllers/Orders.php on line 53.
 1 SYSTEMPATH/CodeIgniter.php(906): App\Controllers\Orders->__construct()
 2 SYSTEMPATH/CodeIgniter.php(490): CodeIgniter\CodeIgniter->createController()
 3 SYSTEMPATH/CodeIgniter.php(368): CodeIgniter\CodeIgniter->handleRequest(null, Object(Config\Cache), false)
 4 FCPATH/index.php(67): CodeIgniter\CodeIgniter->run()
WARNING - 2025-07-02 12:51:07 --> [DEPRECATED] Creation of dynamic property App\Controllers\Orders::$Allsettings is deprecated in APPPATH/Controllers/Orders.php on line 54.
 1 SYSTEMPATH/CodeIgniter.php(906): App\Controllers\Orders->__construct()
 2 SYSTEMPATH/CodeIgniter.php(490): CodeIgniter\CodeIgniter->createController()
 3 SYSTEMPATH/CodeIgniter.php(368): CodeIgniter\CodeIgniter->handleRequest(null, Object(Config\Cache), false)
 4 FCPATH/index.php(67): CodeIgniter\CodeIgniter->run()
WARNING - 2025-07-02 12:51:07 --> [DEPRECATED] Creation of dynamic property App\Controllers\Orders::$ShippingDataModel is deprecated in APPPATH/Controllers/Orders.php on line 55.
 1 SYSTEMPATH/CodeIgniter.php(906): App\Controllers\Orders->__construct()
 2 SYSTEMPATH/CodeIgniter.php(490): CodeIgniter\CodeIgniter->createController()
 3 SYSTEMPATH/CodeIgniter.php(368): CodeIgniter\CodeIgniter->handleRequest(null, Object(Config\Cache), false)
 4 FCPATH/index.php(67): CodeIgniter\CodeIgniter->run()
WARNING - 2025-07-02 12:51:07 --> [DEPRECATED] Creation of dynamic property App\Controllers\Orders::$cityModel is deprecated in APPPATH/Controllers/Orders.php on line 56.
 1 SYSTEMPATH/CodeIgniter.php(906): App\Controllers\Orders->__construct()
 2 SYSTEMPATH/CodeIgniter.php(490): CodeIgniter\CodeIgniter->createController()
 3 SYSTEMPATH/CodeIgniter.php(368): CodeIgniter\CodeIgniter->handleRequest(null, Object(Config\Cache), false)
 4 FCPATH/index.php(67): CodeIgniter\CodeIgniter->run()
WARNING - 2025-07-02 12:51:07 --> [DEPRECATED] Creation of dynamic property App\Controllers\Orders::$stateModel is deprecated in APPPATH/Controllers/Orders.php on line 57.
 1 SYSTEMPATH/CodeIgniter.php(906): App\Controllers\Orders->__construct()
 2 SYSTEMPATH/CodeIgniter.php(490): CodeIgniter\CodeIgniter->createController()
 3 SYSTEMPATH/CodeIgniter.php(368): CodeIgniter\CodeIgniter->handleRequest(null, Object(Config\Cache), false)
 4 FCPATH/index.php(67): CodeIgniter\CodeIgniter->run()
WARNING - 2025-07-02 12:51:07 --> [DEPRECATED] Creation of dynamic property App\Controllers\Orders::$taxModel is deprecated in APPPATH/Controllers/Orders.php on line 58.
 1 SYSTEMPATH/CodeIgniter.php(906): App\Controllers\Orders->__construct()
 2 SYSTEMPATH/CodeIgniter.php(490): CodeIgniter\CodeIgniter->createController()
 3 SYSTEMPATH/CodeIgniter.php(368): CodeIgniter\CodeIgniter->handleRequest(null, Object(Config\Cache), false)
 4 FCPATH/index.php(67): CodeIgniter\CodeIgniter->run()
INFO - 2025-07-02 12:51:08 --> Session: Class initialized using 'CodeIgniter\Session\Handlers\FileHandler' driver.
WARNING - 2025-07-02 12:51:08 --> [DEPRECATED] Creation of dynamic property App\Controllers\Home::$user_model is deprecated in APPPATH/Controllers/Home.php on line 35.
 1 SYSTEMPATH/CodeIgniter.php(906): App\Controllers\Home->__construct()
 2 SYSTEMPATH/CodeIgniter.php(490): CodeIgniter\CodeIgniter->createController()
 3 SYSTEMPATH/CodeIgniter.php(368): CodeIgniter\CodeIgniter->handleRequest(null, Object(Config\Cache), false)
 4 FCPATH/index.php(67): CodeIgniter\CodeIgniter->run()
WARNING - 2025-07-02 12:51:08 --> [DEPRECATED] Creation of dynamic property App\Controllers\Home::$BlogModel is deprecated in APPPATH/Controllers/Home.php on line 43.
 1 SYSTEMPATH/CodeIgniter.php(906): App\Controllers\Home->__construct()
 2 SYSTEMPATH/CodeIgniter.php(490): CodeIgniter\CodeIgniter->createController()
 3 SYSTEMPATH/CodeIgniter.php(368): CodeIgniter\CodeIgniter->handleRequest(null, Object(Config\Cache), false)
 4 FCPATH/index.php(67): CodeIgniter\CodeIgniter->run()
WARNING - 2025-07-02 12:51:08 --> [DEPRECATED] Creation of dynamic property App\Controllers\Home::$EnquiryModel is deprecated in APPPATH/Controllers/Home.php on line 44.
 1 SYSTEMPATH/CodeIgniter.php(906): App\Controllers\Home->__construct()
 2 SYSTEMPATH/CodeIgniter.php(490): CodeIgniter\CodeIgniter->createController()
 3 SYSTEMPATH/CodeIgniter.php(368): CodeIgniter\CodeIgniter->handleRequest(null, Object(Config\Cache), false)
 4 FCPATH/index.php(67): CodeIgniter\CodeIgniter->run()
WARNING - 2025-07-02 12:51:08 --> [DEPRECATED] Creation of dynamic property App\Controllers\Home::$Allsettingsmodel is deprecated in APPPATH/Controllers/Home.php on line 45.
 1 SYSTEMPATH/CodeIgniter.php(906): App\Controllers\Home->__construct()
 2 SYSTEMPATH/CodeIgniter.php(490): CodeIgniter\CodeIgniter->createController()
 3 SYSTEMPATH/CodeIgniter.php(368): CodeIgniter\CodeIgniter->handleRequest(null, Object(Config\Cache), false)
 4 FCPATH/index.php(67): CodeIgniter\CodeIgniter->run()
INFO - 2025-07-02 12:51:13 --> Session: Class initialized using 'CodeIgniter\Session\Handlers\FileHandler' driver.
WARNING - 2025-07-02 12:51:13 --> [DEPRECATED] Creation of dynamic property App\Controllers\Orders::$session is deprecated in APPPATH/Controllers/Orders.php on line 34.
 1 SYSTEMPATH/CodeIgniter.php(906): App\Controllers\Orders->__construct()
 2 SYSTEMPATH/CodeIgniter.php(490): CodeIgniter\CodeIgniter->createController()
 3 SYSTEMPATH/CodeIgniter.php(368): CodeIgniter\CodeIgniter->handleRequest(null, Object(Config\Cache), false)
 4 FCPATH/index.php(67): CodeIgniter\CodeIgniter->run()
WARNING - 2025-07-02 12:51:13 --> Session: Sessions is enabled, and one exists. Please don't $session->start();
WARNING - 2025-07-02 12:51:13 --> [DEPRECATED] Creation of dynamic property App\Controllers\Orders::$coupons is deprecated in APPPATH/Controllers/Orders.php on line 38.
 1 SYSTEMPATH/CodeIgniter.php(906): App\Controllers\Orders->__construct()
 2 SYSTEMPATH/CodeIgniter.php(490): CodeIgniter\CodeIgniter->createController()
 3 SYSTEMPATH/CodeIgniter.php(368): CodeIgniter\CodeIgniter->handleRequest(null, Object(Config\Cache), false)
 4 FCPATH/index.php(67): CodeIgniter\CodeIgniter->run()
WARNING - 2025-07-02 12:51:13 --> [DEPRECATED] Creation of dynamic property App\Controllers\Orders::$faqs is deprecated in APPPATH/Controllers/Orders.php on line 39.
 1 SYSTEMPATH/CodeIgniter.php(906): App\Controllers\Orders->__construct()
 2 SYSTEMPATH/CodeIgniter.php(490): CodeIgniter\CodeIgniter->createController()
 3 SYSTEMPATH/CodeIgniter.php(368): CodeIgniter\CodeIgniter->handleRequest(null, Object(Config\Cache), false)
 4 FCPATH/index.php(67): CodeIgniter\CodeIgniter->run()
WARNING - 2025-07-02 12:51:13 --> [DEPRECATED] Creation of dynamic property App\Controllers\Orders::$seo is deprecated in APPPATH/Controllers/Orders.php on line 40.
 1 SYSTEMPATH/CodeIgniter.php(906): App\Controllers\Orders->__construct()
 2 SYSTEMPATH/CodeIgniter.php(490): CodeIgniter\CodeIgniter->createController()
 3 SYSTEMPATH/CodeIgniter.php(368): CodeIgniter\CodeIgniter->handleRequest(null, Object(Config\Cache), false)
 4 FCPATH/index.php(67): CodeIgniter\CodeIgniter->run()
WARNING - 2025-07-02 12:51:13 --> [DEPRECATED] Creation of dynamic property App\Controllers\Orders::$Ordermodel is deprecated in APPPATH/Controllers/Orders.php on line 41.
 1 SYSTEMPATH/CodeIgniter.php(906): App\Controllers\Orders->__construct()
 2 SYSTEMPATH/CodeIgniter.php(490): CodeIgniter\CodeIgniter->createController()
 3 SYSTEMPATH/CodeIgniter.php(368): CodeIgniter\CodeIgniter->handleRequest(null, Object(Config\Cache), false)
 4 FCPATH/index.php(67): CodeIgniter\CodeIgniter->run()
WARNING - 2025-07-02 12:51:13 --> [DEPRECATED] Creation of dynamic property App\Controllers\Orders::$testimonial is deprecated in APPPATH/Controllers/Orders.php on line 42.
 1 SYSTEMPATH/CodeIgniter.php(906): App\Controllers\Orders->__construct()
 2 SYSTEMPATH/CodeIgniter.php(490): CodeIgniter\CodeIgniter->createController()
 3 SYSTEMPATH/CodeIgniter.php(368): CodeIgniter\CodeIgniter->handleRequest(null, Object(Config\Cache), false)
 4 FCPATH/index.php(67): CodeIgniter\CodeIgniter->run()
WARNING - 2025-07-02 12:51:13 --> [DEPRECATED] Creation of dynamic property App\Controllers\Orders::$enquiry is deprecated in APPPATH/Controllers/Orders.php on line 43.
 1 SYSTEMPATH/CodeIgniter.php(906): App\Controllers\Orders->__construct()
 2 SYSTEMPATH/CodeIgniter.php(490): CodeIgniter\CodeIgniter->createController()
 3 SYSTEMPATH/CodeIgniter.php(368): CodeIgniter\CodeIgniter->handleRequest(null, Object(Config\Cache), false)
 4 FCPATH/index.php(67): CodeIgniter\CodeIgniter->run()
WARNING - 2025-07-02 12:51:13 --> [DEPRECATED] Creation of dynamic property App\Controllers\Orders::$product is deprecated in APPPATH/Controllers/Orders.php on line 44.
 1 SYSTEMPATH/CodeIgniter.php(906): App\Controllers\Orders->__construct()
 2 SYSTEMPATH/CodeIgniter.php(490): CodeIgniter\CodeIgniter->createController()
 3 SYSTEMPATH/CodeIgniter.php(368): CodeIgniter\CodeIgniter->handleRequest(null, Object(Config\Cache), false)
 4 FCPATH/index.php(67): CodeIgniter\CodeIgniter->run()
WARNING - 2025-07-02 12:51:13 --> [DEPRECATED] Creation of dynamic property App\Controllers\Orders::$orderitem is deprecated in APPPATH/Controllers/Orders.php on line 45.
 1 SYSTEMPATH/CodeIgniter.php(906): App\Controllers\Orders->__construct()
 2 SYSTEMPATH/CodeIgniter.php(490): CodeIgniter\CodeIgniter->createController()
 3 SYSTEMPATH/CodeIgniter.php(368): CodeIgniter\CodeIgniter->handleRequest(null, Object(Config\Cache), false)
 4 FCPATH/index.php(67): CodeIgniter\CodeIgniter->run()
WARNING - 2025-07-02 12:51:13 --> [DEPRECATED] Creation of dynamic property App\Controllers\Orders::$Ordercomment is deprecated in APPPATH/Controllers/Orders.php on line 46.
 1 SYSTEMPATH/CodeIgniter.php(906): App\Controllers\Orders->__construct()
 2 SYSTEMPATH/CodeIgniter.php(490): CodeIgniter\CodeIgniter->createController()
 3 SYSTEMPATH/CodeIgniter.php(368): CodeIgniter\CodeIgniter->handleRequest(null, Object(Config\Cache), false)
 4 FCPATH/index.php(67): CodeIgniter\CodeIgniter->run()
WARNING - 2025-07-02 12:51:13 --> [DEPRECATED] Creation of dynamic property App\Controllers\Orders::$catagory is deprecated in APPPATH/Controllers/Orders.php on line 47.
 1 SYSTEMPATH/CodeIgniter.php(906): App\Controllers\Orders->__construct()
 2 SYSTEMPATH/CodeIgniter.php(490): CodeIgniter\CodeIgniter->createController()
 3 SYSTEMPATH/CodeIgniter.php(368): CodeIgniter\CodeIgniter->handleRequest(null, Object(Config\Cache), false)
 4 FCPATH/index.php(67): CodeIgniter\CodeIgniter->run()
WARNING - 2025-07-02 12:51:13 --> [DEPRECATED] Creation of dynamic property App\Controllers\Orders::$User is deprecated in APPPATH/Controllers/Orders.php on line 48.
 1 SYSTEMPATH/CodeIgniter.php(906): App\Controllers\Orders->__construct()
 2 SYSTEMPATH/CodeIgniter.php(490): CodeIgniter\CodeIgniter->createController()
 3 SYSTEMPATH/CodeIgniter.php(368): CodeIgniter\CodeIgniter->handleRequest(null, Object(Config\Cache), false)
 4 FCPATH/index.php(67): CodeIgniter\CodeIgniter->run()
WARNING - 2025-07-02 12:51:13 --> [DEPRECATED] Creation of dynamic property App\Controllers\Orders::$shippingmethod is deprecated in APPPATH/Controllers/Orders.php on line 49.
 1 SYSTEMPATH/CodeIgniter.php(906): App\Controllers\Orders->__construct()
 2 SYSTEMPATH/CodeIgniter.php(490): CodeIgniter\CodeIgniter->createController()
 3 SYSTEMPATH/CodeIgniter.php(368): CodeIgniter\CodeIgniter->handleRequest(null, Object(Config\Cache), false)
 4 FCPATH/index.php(67): CodeIgniter\CodeIgniter->run()
WARNING - 2025-07-02 12:51:13 --> [DEPRECATED] Creation of dynamic property App\Controllers\Orders::$shippingrate is deprecated in APPPATH/Controllers/Orders.php on line 50.
 1 SYSTEMPATH/CodeIgniter.php(906): App\Controllers\Orders->__construct()
 2 SYSTEMPATH/CodeIgniter.php(490): CodeIgniter\CodeIgniter->createController()
 3 SYSTEMPATH/CodeIgniter.php(368): CodeIgniter\CodeIgniter->handleRequest(null, Object(Config\Cache), false)
 4 FCPATH/index.php(67): CodeIgniter\CodeIgniter->run()
WARNING - 2025-07-02 12:51:13 --> [DEPRECATED] Creation of dynamic property App\Controllers\Orders::$shippingzone is deprecated in APPPATH/Controllers/Orders.php on line 51.
 1 SYSTEMPATH/CodeIgniter.php(906): App\Controllers\Orders->__construct()
 2 SYSTEMPATH/CodeIgniter.php(490): CodeIgniter\CodeIgniter->createController()
 3 SYSTEMPATH/CodeIgniter.php(368): CodeIgniter\CodeIgniter->handleRequest(null, Object(Config\Cache), false)
 4 FCPATH/index.php(67): CodeIgniter\CodeIgniter->run()
WARNING - 2025-07-02 12:51:13 --> [DEPRECATED] Creation of dynamic property App\Controllers\Orders::$country is deprecated in APPPATH/Controllers/Orders.php on line 52.
 1 SYSTEMPATH/CodeIgniter.php(906): App\Controllers\Orders->__construct()
 2 SYSTEMPATH/CodeIgniter.php(490): CodeIgniter\CodeIgniter->createController()
 3 SYSTEMPATH/CodeIgniter.php(368): CodeIgniter\CodeIgniter->handleRequest(null, Object(Config\Cache), false)
 4 FCPATH/index.php(67): CodeIgniter\CodeIgniter->run()
WARNING - 2025-07-02 12:51:13 --> [DEPRECATED] Creation of dynamic property App\Controllers\Orders::$ChatModel is deprecated in APPPATH/Controllers/Orders.php on line 53.
 1 SYSTEMPATH/CodeIgniter.php(906): App\Controllers\Orders->__construct()
 2 SYSTEMPATH/CodeIgniter.php(490): CodeIgniter\CodeIgniter->createController()
 3 SYSTEMPATH/CodeIgniter.php(368): CodeIgniter\CodeIgniter->handleRequest(null, Object(Config\Cache), false)
 4 FCPATH/index.php(67): CodeIgniter\CodeIgniter->run()
WARNING - 2025-07-02 12:51:13 --> [DEPRECATED] Creation of dynamic property App\Controllers\Orders::$Allsettings is deprecated in APPPATH/Controllers/Orders.php on line 54.
 1 SYSTEMPATH/CodeIgniter.php(906): App\Controllers\Orders->__construct()
 2 SYSTEMPATH/CodeIgniter.php(490): CodeIgniter\CodeIgniter->createController()
 3 SYSTEMPATH/CodeIgniter.php(368): CodeIgniter\CodeIgniter->handleRequest(null, Object(Config\Cache), false)
 4 FCPATH/index.php(67): CodeIgniter\CodeIgniter->run()
WARNING - 2025-07-02 12:51:13 --> [DEPRECATED] Creation of dynamic property App\Controllers\Orders::$ShippingDataModel is deprecated in APPPATH/Controllers/Orders.php on line 55.
 1 SYSTEMPATH/CodeIgniter.php(906): App\Controllers\Orders->__construct()
 2 SYSTEMPATH/CodeIgniter.php(490): CodeIgniter\CodeIgniter->createController()
 3 SYSTEMPATH/CodeIgniter.php(368): CodeIgniter\CodeIgniter->handleRequest(null, Object(Config\Cache), false)
 4 FCPATH/index.php(67): CodeIgniter\CodeIgniter->run()
WARNING - 2025-07-02 12:51:13 --> [DEPRECATED] Creation of dynamic property App\Controllers\Orders::$cityModel is deprecated in APPPATH/Controllers/Orders.php on line 56.
 1 SYSTEMPATH/CodeIgniter.php(906): App\Controllers\Orders->__construct()
 2 SYSTEMPATH/CodeIgniter.php(490): CodeIgniter\CodeIgniter->createController()
 3 SYSTEMPATH/CodeIgniter.php(368): CodeIgniter\CodeIgniter->handleRequest(null, Object(Config\Cache), false)
 4 FCPATH/index.php(67): CodeIgniter\CodeIgniter->run()
WARNING - 2025-07-02 12:51:13 --> [DEPRECATED] Creation of dynamic property App\Controllers\Orders::$stateModel is deprecated in APPPATH/Controllers/Orders.php on line 57.
 1 SYSTEMPATH/CodeIgniter.php(906): App\Controllers\Orders->__construct()
 2 SYSTEMPATH/CodeIgniter.php(490): CodeIgniter\CodeIgniter->createController()
 3 SYSTEMPATH/CodeIgniter.php(368): CodeIgniter\CodeIgniter->handleRequest(null, Object(Config\Cache), false)
 4 FCPATH/index.php(67): CodeIgniter\CodeIgniter->run()
WARNING - 2025-07-02 12:51:13 --> [DEPRECATED] Creation of dynamic property App\Controllers\Orders::$taxModel is deprecated in APPPATH/Controllers/Orders.php on line 58.
 1 SYSTEMPATH/CodeIgniter.php(906): App\Controllers\Orders->__construct()
 2 SYSTEMPATH/CodeIgniter.php(490): CodeIgniter\CodeIgniter->createController()
 3 SYSTEMPATH/CodeIgniter.php(368): CodeIgniter\CodeIgniter->handleRequest(null, Object(Config\Cache), false)
 4 FCPATH/index.php(67): CodeIgniter\CodeIgniter->run()
INFO - 2025-07-02 12:51:24 --> Session: Class initialized using 'CodeIgniter\Session\Handlers\FileHandler' driver.
WARNING - 2025-07-02 12:51:24 --> [DEPRECATED] Creation of dynamic property App\Controllers\Orders::$session is deprecated in APPPATH/Controllers/Orders.php on line 34.
 1 SYSTEMPATH/CodeIgniter.php(906): App\Controllers\Orders->__construct()
 2 SYSTEMPATH/CodeIgniter.php(490): CodeIgniter\CodeIgniter->createController()
 3 SYSTEMPATH/CodeIgniter.php(368): CodeIgniter\CodeIgniter->handleRequest(null, Object(Config\Cache), false)
 4 FCPATH/index.php(67): CodeIgniter\CodeIgniter->run()
WARNING - 2025-07-02 12:51:24 --> Session: Sessions is enabled, and one exists. Please don't $session->start();
WARNING - 2025-07-02 12:51:24 --> [DEPRECATED] Creation of dynamic property App\Controllers\Orders::$coupons is deprecated in APPPATH/Controllers/Orders.php on line 38.
 1 SYSTEMPATH/CodeIgniter.php(906): App\Controllers\Orders->__construct()
 2 SYSTEMPATH/CodeIgniter.php(490): CodeIgniter\CodeIgniter->createController()
 3 SYSTEMPATH/CodeIgniter.php(368): CodeIgniter\CodeIgniter->handleRequest(null, Object(Config\Cache), false)
 4 FCPATH/index.php(67): CodeIgniter\CodeIgniter->run()
WARNING - 2025-07-02 12:51:24 --> [DEPRECATED] Creation of dynamic property App\Controllers\Orders::$faqs is deprecated in APPPATH/Controllers/Orders.php on line 39.
 1 SYSTEMPATH/CodeIgniter.php(906): App\Controllers\Orders->__construct()
 2 SYSTEMPATH/CodeIgniter.php(490): CodeIgniter\CodeIgniter->createController()
 3 SYSTEMPATH/CodeIgniter.php(368): CodeIgniter\CodeIgniter->handleRequest(null, Object(Config\Cache), false)
 4 FCPATH/index.php(67): CodeIgniter\CodeIgniter->run()
WARNING - 2025-07-02 12:51:24 --> [DEPRECATED] Creation of dynamic property App\Controllers\Orders::$seo is deprecated in APPPATH/Controllers/Orders.php on line 40.
 1 SYSTEMPATH/CodeIgniter.php(906): App\Controllers\Orders->__construct()
 2 SYSTEMPATH/CodeIgniter.php(490): CodeIgniter\CodeIgniter->createController()
 3 SYSTEMPATH/CodeIgniter.php(368): CodeIgniter\CodeIgniter->handleRequest(null, Object(Config\Cache), false)
 4 FCPATH/index.php(67): CodeIgniter\CodeIgniter->run()
WARNING - 2025-07-02 12:51:24 --> [DEPRECATED] Creation of dynamic property App\Controllers\Orders::$Ordermodel is deprecated in APPPATH/Controllers/Orders.php on line 41.
 1 SYSTEMPATH/CodeIgniter.php(906): App\Controllers\Orders->__construct()
 2 SYSTEMPATH/CodeIgniter.php(490): CodeIgniter\CodeIgniter->createController()
 3 SYSTEMPATH/CodeIgniter.php(368): CodeIgniter\CodeIgniter->handleRequest(null, Object(Config\Cache), false)
 4 FCPATH/index.php(67): CodeIgniter\CodeIgniter->run()
WARNING - 2025-07-02 12:51:24 --> [DEPRECATED] Creation of dynamic property App\Controllers\Orders::$testimonial is deprecated in APPPATH/Controllers/Orders.php on line 42.
 1 SYSTEMPATH/CodeIgniter.php(906): App\Controllers\Orders->__construct()
 2 SYSTEMPATH/CodeIgniter.php(490): CodeIgniter\CodeIgniter->createController()
 3 SYSTEMPATH/CodeIgniter.php(368): CodeIgniter\CodeIgniter->handleRequest(null, Object(Config\Cache), false)
 4 FCPATH/index.php(67): CodeIgniter\CodeIgniter->run()
WARNING - 2025-07-02 12:51:24 --> [DEPRECATED] Creation of dynamic property App\Controllers\Orders::$enquiry is deprecated in APPPATH/Controllers/Orders.php on line 43.
 1 SYSTEMPATH/CodeIgniter.php(906): App\Controllers\Orders->__construct()
 2 SYSTEMPATH/CodeIgniter.php(490): CodeIgniter\CodeIgniter->createController()
 3 SYSTEMPATH/CodeIgniter.php(368): CodeIgniter\CodeIgniter->handleRequest(null, Object(Config\Cache), false)
 4 FCPATH/index.php(67): CodeIgniter\CodeIgniter->run()
WARNING - 2025-07-02 12:51:24 --> [DEPRECATED] Creation of dynamic property App\Controllers\Orders::$product is deprecated in APPPATH/Controllers/Orders.php on line 44.
 1 SYSTEMPATH/CodeIgniter.php(906): App\Controllers\Orders->__construct()
 2 SYSTEMPATH/CodeIgniter.php(490): CodeIgniter\CodeIgniter->createController()
 3 SYSTEMPATH/CodeIgniter.php(368): CodeIgniter\CodeIgniter->handleRequest(null, Object(Config\Cache), false)
 4 FCPATH/index.php(67): CodeIgniter\CodeIgniter->run()
WARNING - 2025-07-02 12:51:24 --> [DEPRECATED] Creation of dynamic property App\Controllers\Orders::$orderitem is deprecated in APPPATH/Controllers/Orders.php on line 45.
 1 SYSTEMPATH/CodeIgniter.php(906): App\Controllers\Orders->__construct()
 2 SYSTEMPATH/CodeIgniter.php(490): CodeIgniter\CodeIgniter->createController()
 3 SYSTEMPATH/CodeIgniter.php(368): CodeIgniter\CodeIgniter->handleRequest(null, Object(Config\Cache), false)
 4 FCPATH/index.php(67): CodeIgniter\CodeIgniter->run()
WARNING - 2025-07-02 12:51:24 --> [DEPRECATED] Creation of dynamic property App\Controllers\Orders::$Ordercomment is deprecated in APPPATH/Controllers/Orders.php on line 46.
 1 SYSTEMPATH/CodeIgniter.php(906): App\Controllers\Orders->__construct()
 2 SYSTEMPATH/CodeIgniter.php(490): CodeIgniter\CodeIgniter->createController()
 3 SYSTEMPATH/CodeIgniter.php(368): CodeIgniter\CodeIgniter->handleRequest(null, Object(Config\Cache), false)
 4 FCPATH/index.php(67): CodeIgniter\CodeIgniter->run()
WARNING - 2025-07-02 12:51:24 --> [DEPRECATED] Creation of dynamic property App\Controllers\Orders::$catagory is deprecated in APPPATH/Controllers/Orders.php on line 47.
 1 SYSTEMPATH/CodeIgniter.php(906): App\Controllers\Orders->__construct()
 2 SYSTEMPATH/CodeIgniter.php(490): CodeIgniter\CodeIgniter->createController()
 3 SYSTEMPATH/CodeIgniter.php(368): CodeIgniter\CodeIgniter->handleRequest(null, Object(Config\Cache), false)
 4 FCPATH/index.php(67): CodeIgniter\CodeIgniter->run()
WARNING - 2025-07-02 12:51:24 --> [DEPRECATED] Creation of dynamic property App\Controllers\Orders::$User is deprecated in APPPATH/Controllers/Orders.php on line 48.
 1 SYSTEMPATH/CodeIgniter.php(906): App\Controllers\Orders->__construct()
 2 SYSTEMPATH/CodeIgniter.php(490): CodeIgniter\CodeIgniter->createController()
 3 SYSTEMPATH/CodeIgniter.php(368): CodeIgniter\CodeIgniter->handleRequest(null, Object(Config\Cache), false)
 4 FCPATH/index.php(67): CodeIgniter\CodeIgniter->run()
WARNING - 2025-07-02 12:51:24 --> [DEPRECATED] Creation of dynamic property App\Controllers\Orders::$shippingmethod is deprecated in APPPATH/Controllers/Orders.php on line 49.
 1 SYSTEMPATH/CodeIgniter.php(906): App\Controllers\Orders->__construct()
 2 SYSTEMPATH/CodeIgniter.php(490): CodeIgniter\CodeIgniter->createController()
 3 SYSTEMPATH/CodeIgniter.php(368): CodeIgniter\CodeIgniter->handleRequest(null, Object(Config\Cache), false)
 4 FCPATH/index.php(67): CodeIgniter\CodeIgniter->run()
WARNING - 2025-07-02 12:51:24 --> [DEPRECATED] Creation of dynamic property App\Controllers\Orders::$shippingrate is deprecated in APPPATH/Controllers/Orders.php on line 50.
 1 SYSTEMPATH/CodeIgniter.php(906): App\Controllers\Orders->__construct()
 2 SYSTEMPATH/CodeIgniter.php(490): CodeIgniter\CodeIgniter->createController()
 3 SYSTEMPATH/CodeIgniter.php(368): CodeIgniter\CodeIgniter->handleRequest(null, Object(Config\Cache), false)
 4 FCPATH/index.php(67): CodeIgniter\CodeIgniter->run()
WARNING - 2025-07-02 12:51:24 --> [DEPRECATED] Creation of dynamic property App\Controllers\Orders::$shippingzone is deprecated in APPPATH/Controllers/Orders.php on line 51.
 1 SYSTEMPATH/CodeIgniter.php(906): App\Controllers\Orders->__construct()
 2 SYSTEMPATH/CodeIgniter.php(490): CodeIgniter\CodeIgniter->createController()
 3 SYSTEMPATH/CodeIgniter.php(368): CodeIgniter\CodeIgniter->handleRequest(null, Object(Config\Cache), false)
 4 FCPATH/index.php(67): CodeIgniter\CodeIgniter->run()
WARNING - 2025-07-02 12:51:24 --> [DEPRECATED] Creation of dynamic property App\Controllers\Orders::$country is deprecated in APPPATH/Controllers/Orders.php on line 52.
 1 SYSTEMPATH/CodeIgniter.php(906): App\Controllers\Orders->__construct()
 2 SYSTEMPATH/CodeIgniter.php(490): CodeIgniter\CodeIgniter->createController()
 3 SYSTEMPATH/CodeIgniter.php(368): CodeIgniter\CodeIgniter->handleRequest(null, Object(Config\Cache), false)
 4 FCPATH/index.php(67): CodeIgniter\CodeIgniter->run()
WARNING - 2025-07-02 12:51:24 --> [DEPRECATED] Creation of dynamic property App\Controllers\Orders::$ChatModel is deprecated in APPPATH/Controllers/Orders.php on line 53.
 1 SYSTEMPATH/CodeIgniter.php(906): App\Controllers\Orders->__construct()
 2 SYSTEMPATH/CodeIgniter.php(490): CodeIgniter\CodeIgniter->createController()
 3 SYSTEMPATH/CodeIgniter.php(368): CodeIgniter\CodeIgniter->handleRequest(null, Object(Config\Cache), false)
 4 FCPATH/index.php(67): CodeIgniter\CodeIgniter->run()
WARNING - 2025-07-02 12:51:24 --> [DEPRECATED] Creation of dynamic property App\Controllers\Orders::$Allsettings is deprecated in APPPATH/Controllers/Orders.php on line 54.
 1 SYSTEMPATH/CodeIgniter.php(906): App\Controllers\Orders->__construct()
 2 SYSTEMPATH/CodeIgniter.php(490): CodeIgniter\CodeIgniter->createController()
 3 SYSTEMPATH/CodeIgniter.php(368): CodeIgniter\CodeIgniter->handleRequest(null, Object(Config\Cache), false)
 4 FCPATH/index.php(67): CodeIgniter\CodeIgniter->run()
WARNING - 2025-07-02 12:51:24 --> [DEPRECATED] Creation of dynamic property App\Controllers\Orders::$ShippingDataModel is deprecated in APPPATH/Controllers/Orders.php on line 55.
 1 SYSTEMPATH/CodeIgniter.php(906): App\Controllers\Orders->__construct()
 2 SYSTEMPATH/CodeIgniter.php(490): CodeIgniter\CodeIgniter->createController()
 3 SYSTEMPATH/CodeIgniter.php(368): CodeIgniter\CodeIgniter->handleRequest(null, Object(Config\Cache), false)
 4 FCPATH/index.php(67): CodeIgniter\CodeIgniter->run()
WARNING - 2025-07-02 12:51:24 --> [DEPRECATED] Creation of dynamic property App\Controllers\Orders::$cityModel is deprecated in APPPATH/Controllers/Orders.php on line 56.
 1 SYSTEMPATH/CodeIgniter.php(906): App\Controllers\Orders->__construct()
 2 SYSTEMPATH/CodeIgniter.php(490): CodeIgniter\CodeIgniter->createController()
 3 SYSTEMPATH/CodeIgniter.php(368): CodeIgniter\CodeIgniter->handleRequest(null, Object(Config\Cache), false)
 4 FCPATH/index.php(67): CodeIgniter\CodeIgniter->run()
WARNING - 2025-07-02 12:51:24 --> [DEPRECATED] Creation of dynamic property App\Controllers\Orders::$stateModel is deprecated in APPPATH/Controllers/Orders.php on line 57.
 1 SYSTEMPATH/CodeIgniter.php(906): App\Controllers\Orders->__construct()
 2 SYSTEMPATH/CodeIgniter.php(490): CodeIgniter\CodeIgniter->createController()
 3 SYSTEMPATH/CodeIgniter.php(368): CodeIgniter\CodeIgniter->handleRequest(null, Object(Config\Cache), false)
 4 FCPATH/index.php(67): CodeIgniter\CodeIgniter->run()
WARNING - 2025-07-02 12:51:24 --> [DEPRECATED] Creation of dynamic property App\Controllers\Orders::$taxModel is deprecated in APPPATH/Controllers/Orders.php on line 58.
 1 SYSTEMPATH/CodeIgniter.php(906): App\Controllers\Orders->__construct()
 2 SYSTEMPATH/CodeIgniter.php(490): CodeIgniter\CodeIgniter->createController()
 3 SYSTEMPATH/CodeIgniter.php(368): CodeIgniter\CodeIgniter->handleRequest(null, Object(Config\Cache), false)
 4 FCPATH/index.php(67): CodeIgniter\CodeIgniter->run()
CRITICAL - 2025-07-02 12:51:24 --> Trying to access array offset on value of type null
in APPPATH/Controllers/Orders.php on line 2080.
 1 APPPATH/Controllers/Orders.php(2080): CodeIgniter\Debug\Exceptions->errorHandler()
 2 SYSTEMPATH/CodeIgniter.php(934): App\Controllers\Orders->save_order()
 3 SYSTEMPATH/CodeIgniter.php(499): CodeIgniter\CodeIgniter->runController()
 4 SYSTEMPATH/CodeIgniter.php(368): CodeIgniter\CodeIgniter->handleRequest()
 5 FCPATH/index.php(67): CodeIgniter\CodeIgniter->run()
INFO - 2025-07-02 12:51:29 --> Session: Class initialized using 'CodeIgniter\Session\Handlers\FileHandler' driver.
WARNING - 2025-07-02 12:51:29 --> [DEPRECATED] Creation of dynamic property App\Controllers\Orders::$session is deprecated in APPPATH/Controllers/Orders.php on line 34.
 1 SYSTEMPATH/CodeIgniter.php(906): App\Controllers\Orders->__construct()
 2 SYSTEMPATH/CodeIgniter.php(490): CodeIgniter\CodeIgniter->createController()
 3 SYSTEMPATH/CodeIgniter.php(368): CodeIgniter\CodeIgniter->handleRequest(null, Object(Config\Cache), false)
 4 FCPATH/index.php(67): CodeIgniter\CodeIgniter->run()
WARNING - 2025-07-02 12:51:29 --> Session: Sessions is enabled, and one exists. Please don't $session->start();
WARNING - 2025-07-02 12:51:29 --> [DEPRECATED] Creation of dynamic property App\Controllers\Orders::$coupons is deprecated in APPPATH/Controllers/Orders.php on line 38.
 1 SYSTEMPATH/CodeIgniter.php(906): App\Controllers\Orders->__construct()
 2 SYSTEMPATH/CodeIgniter.php(490): CodeIgniter\CodeIgniter->createController()
 3 SYSTEMPATH/CodeIgniter.php(368): CodeIgniter\CodeIgniter->handleRequest(null, Object(Config\Cache), false)
 4 FCPATH/index.php(67): CodeIgniter\CodeIgniter->run()
WARNING - 2025-07-02 12:51:29 --> [DEPRECATED] Creation of dynamic property App\Controllers\Orders::$faqs is deprecated in APPPATH/Controllers/Orders.php on line 39.
 1 SYSTEMPATH/CodeIgniter.php(906): App\Controllers\Orders->__construct()
 2 SYSTEMPATH/CodeIgniter.php(490): CodeIgniter\CodeIgniter->createController()
 3 SYSTEMPATH/CodeIgniter.php(368): CodeIgniter\CodeIgniter->handleRequest(null, Object(Config\Cache), false)
 4 FCPATH/index.php(67): CodeIgniter\CodeIgniter->run()
WARNING - 2025-07-02 12:51:29 --> [DEPRECATED] Creation of dynamic property App\Controllers\Orders::$seo is deprecated in APPPATH/Controllers/Orders.php on line 40.
 1 SYSTEMPATH/CodeIgniter.php(906): App\Controllers\Orders->__construct()
 2 SYSTEMPATH/CodeIgniter.php(490): CodeIgniter\CodeIgniter->createController()
 3 SYSTEMPATH/CodeIgniter.php(368): CodeIgniter\CodeIgniter->handleRequest(null, Object(Config\Cache), false)
 4 FCPATH/index.php(67): CodeIgniter\CodeIgniter->run()
WARNING - 2025-07-02 12:51:29 --> [DEPRECATED] Creation of dynamic property App\Controllers\Orders::$Ordermodel is deprecated in APPPATH/Controllers/Orders.php on line 41.
 1 SYSTEMPATH/CodeIgniter.php(906): App\Controllers\Orders->__construct()
 2 SYSTEMPATH/CodeIgniter.php(490): CodeIgniter\CodeIgniter->createController()
 3 SYSTEMPATH/CodeIgniter.php(368): CodeIgniter\CodeIgniter->handleRequest(null, Object(Config\Cache), false)
 4 FCPATH/index.php(67): CodeIgniter\CodeIgniter->run()
WARNING - 2025-07-02 12:51:29 --> [DEPRECATED] Creation of dynamic property App\Controllers\Orders::$testimonial is deprecated in APPPATH/Controllers/Orders.php on line 42.
 1 SYSTEMPATH/CodeIgniter.php(906): App\Controllers\Orders->__construct()
 2 SYSTEMPATH/CodeIgniter.php(490): CodeIgniter\CodeIgniter->createController()
 3 SYSTEMPATH/CodeIgniter.php(368): CodeIgniter\CodeIgniter->handleRequest(null, Object(Config\Cache), false)
 4 FCPATH/index.php(67): CodeIgniter\CodeIgniter->run()
WARNING - 2025-07-02 12:51:29 --> [DEPRECATED] Creation of dynamic property App\Controllers\Orders::$enquiry is deprecated in APPPATH/Controllers/Orders.php on line 43.
 1 SYSTEMPATH/CodeIgniter.php(906): App\Controllers\Orders->__construct()
 2 SYSTEMPATH/CodeIgniter.php(490): CodeIgniter\CodeIgniter->createController()
 3 SYSTEMPATH/CodeIgniter.php(368): CodeIgniter\CodeIgniter->handleRequest(null, Object(Config\Cache), false)
 4 FCPATH/index.php(67): CodeIgniter\CodeIgniter->run()
WARNING - 2025-07-02 12:51:29 --> [DEPRECATED] Creation of dynamic property App\Controllers\Orders::$product is deprecated in APPPATH/Controllers/Orders.php on line 44.
 1 SYSTEMPATH/CodeIgniter.php(906): App\Controllers\Orders->__construct()
 2 SYSTEMPATH/CodeIgniter.php(490): CodeIgniter\CodeIgniter->createController()
 3 SYSTEMPATH/CodeIgniter.php(368): CodeIgniter\CodeIgniter->handleRequest(null, Object(Config\Cache), false)
 4 FCPATH/index.php(67): CodeIgniter\CodeIgniter->run()
WARNING - 2025-07-02 12:51:29 --> [DEPRECATED] Creation of dynamic property App\Controllers\Orders::$orderitem is deprecated in APPPATH/Controllers/Orders.php on line 45.
 1 SYSTEMPATH/CodeIgniter.php(906): App\Controllers\Orders->__construct()
 2 SYSTEMPATH/CodeIgniter.php(490): CodeIgniter\CodeIgniter->createController()
 3 SYSTEMPATH/CodeIgniter.php(368): CodeIgniter\CodeIgniter->handleRequest(null, Object(Config\Cache), false)
 4 FCPATH/index.php(67): CodeIgniter\CodeIgniter->run()
WARNING - 2025-07-02 12:51:29 --> [DEPRECATED] Creation of dynamic property App\Controllers\Orders::$Ordercomment is deprecated in APPPATH/Controllers/Orders.php on line 46.
 1 SYSTEMPATH/CodeIgniter.php(906): App\Controllers\Orders->__construct()
 2 SYSTEMPATH/CodeIgniter.php(490): CodeIgniter\CodeIgniter->createController()
 3 SYSTEMPATH/CodeIgniter.php(368): CodeIgniter\CodeIgniter->handleRequest(null, Object(Config\Cache), false)
 4 FCPATH/index.php(67): CodeIgniter\CodeIgniter->run()
WARNING - 2025-07-02 12:51:29 --> [DEPRECATED] Creation of dynamic property App\Controllers\Orders::$catagory is deprecated in APPPATH/Controllers/Orders.php on line 47.
 1 SYSTEMPATH/CodeIgniter.php(906): App\Controllers\Orders->__construct()
 2 SYSTEMPATH/CodeIgniter.php(490): CodeIgniter\CodeIgniter->createController()
 3 SYSTEMPATH/CodeIgniter.php(368): CodeIgniter\CodeIgniter->handleRequest(null, Object(Config\Cache), false)
 4 FCPATH/index.php(67): CodeIgniter\CodeIgniter->run()
WARNING - 2025-07-02 12:51:29 --> [DEPRECATED] Creation of dynamic property App\Controllers\Orders::$User is deprecated in APPPATH/Controllers/Orders.php on line 48.
 1 SYSTEMPATH/CodeIgniter.php(906): App\Controllers\Orders->__construct()
 2 SYSTEMPATH/CodeIgniter.php(490): CodeIgniter\CodeIgniter->createController()
 3 SYSTEMPATH/CodeIgniter.php(368): CodeIgniter\CodeIgniter->handleRequest(null, Object(Config\Cache), false)
 4 FCPATH/index.php(67): CodeIgniter\CodeIgniter->run()
WARNING - 2025-07-02 12:51:29 --> [DEPRECATED] Creation of dynamic property App\Controllers\Orders::$shippingmethod is deprecated in APPPATH/Controllers/Orders.php on line 49.
 1 SYSTEMPATH/CodeIgniter.php(906): App\Controllers\Orders->__construct()
 2 SYSTEMPATH/CodeIgniter.php(490): CodeIgniter\CodeIgniter->createController()
 3 SYSTEMPATH/CodeIgniter.php(368): CodeIgniter\CodeIgniter->handleRequest(null, Object(Config\Cache), false)
 4 FCPATH/index.php(67): CodeIgniter\CodeIgniter->run()
WARNING - 2025-07-02 12:51:29 --> [DEPRECATED] Creation of dynamic property App\Controllers\Orders::$shippingrate is deprecated in APPPATH/Controllers/Orders.php on line 50.
 1 SYSTEMPATH/CodeIgniter.php(906): App\Controllers\Orders->__construct()
 2 SYSTEMPATH/CodeIgniter.php(490): CodeIgniter\CodeIgniter->createController()
 3 SYSTEMPATH/CodeIgniter.php(368): CodeIgniter\CodeIgniter->handleRequest(null, Object(Config\Cache), false)
 4 FCPATH/index.php(67): CodeIgniter\CodeIgniter->run()
WARNING - 2025-07-02 12:51:29 --> [DEPRECATED] Creation of dynamic property App\Controllers\Orders::$shippingzone is deprecated in APPPATH/Controllers/Orders.php on line 51.
 1 SYSTEMPATH/CodeIgniter.php(906): App\Controllers\Orders->__construct()
 2 SYSTEMPATH/CodeIgniter.php(490): CodeIgniter\CodeIgniter->createController()
 3 SYSTEMPATH/CodeIgniter.php(368): CodeIgniter\CodeIgniter->handleRequest(null, Object(Config\Cache), false)
 4 FCPATH/index.php(67): CodeIgniter\CodeIgniter->run()
WARNING - 2025-07-02 12:51:29 --> [DEPRECATED] Creation of dynamic property App\Controllers\Orders::$country is deprecated in APPPATH/Controllers/Orders.php on line 52.
 1 SYSTEMPATH/CodeIgniter.php(906): App\Controllers\Orders->__construct()
 2 SYSTEMPATH/CodeIgniter.php(490): CodeIgniter\CodeIgniter->createController()
 3 SYSTEMPATH/CodeIgniter.php(368): CodeIgniter\CodeIgniter->handleRequest(null, Object(Config\Cache), false)
 4 FCPATH/index.php(67): CodeIgniter\CodeIgniter->run()
WARNING - 2025-07-02 12:51:29 --> [DEPRECATED] Creation of dynamic property App\Controllers\Orders::$ChatModel is deprecated in APPPATH/Controllers/Orders.php on line 53.
 1 SYSTEMPATH/CodeIgniter.php(906): App\Controllers\Orders->__construct()
 2 SYSTEMPATH/CodeIgniter.php(490): CodeIgniter\CodeIgniter->createController()
 3 SYSTEMPATH/CodeIgniter.php(368): CodeIgniter\CodeIgniter->handleRequest(null, Object(Config\Cache), false)
 4 FCPATH/index.php(67): CodeIgniter\CodeIgniter->run()
WARNING - 2025-07-02 12:51:29 --> [DEPRECATED] Creation of dynamic property App\Controllers\Orders::$Allsettings is deprecated in APPPATH/Controllers/Orders.php on line 54.
 1 SYSTEMPATH/CodeIgniter.php(906): App\Controllers\Orders->__construct()
 2 SYSTEMPATH/CodeIgniter.php(490): CodeIgniter\CodeIgniter->createController()
 3 SYSTEMPATH/CodeIgniter.php(368): CodeIgniter\CodeIgniter->handleRequest(null, Object(Config\Cache), false)
 4 FCPATH/index.php(67): CodeIgniter\CodeIgniter->run()
WARNING - 2025-07-02 12:51:29 --> [DEPRECATED] Creation of dynamic property App\Controllers\Orders::$ShippingDataModel is deprecated in APPPATH/Controllers/Orders.php on line 55.
 1 SYSTEMPATH/CodeIgniter.php(906): App\Controllers\Orders->__construct()
 2 SYSTEMPATH/CodeIgniter.php(490): CodeIgniter\CodeIgniter->createController()
 3 SYSTEMPATH/CodeIgniter.php(368): CodeIgniter\CodeIgniter->handleRequest(null, Object(Config\Cache), false)
 4 FCPATH/index.php(67): CodeIgniter\CodeIgniter->run()
WARNING - 2025-07-02 12:51:29 --> [DEPRECATED] Creation of dynamic property App\Controllers\Orders::$cityModel is deprecated in APPPATH/Controllers/Orders.php on line 56.
 1 SYSTEMPATH/CodeIgniter.php(906): App\Controllers\Orders->__construct()
 2 SYSTEMPATH/CodeIgniter.php(490): CodeIgniter\CodeIgniter->createController()
 3 SYSTEMPATH/CodeIgniter.php(368): CodeIgniter\CodeIgniter->handleRequest(null, Object(Config\Cache), false)
 4 FCPATH/index.php(67): CodeIgniter\CodeIgniter->run()
WARNING - 2025-07-02 12:51:29 --> [DEPRECATED] Creation of dynamic property App\Controllers\Orders::$stateModel is deprecated in APPPATH/Controllers/Orders.php on line 57.
 1 SYSTEMPATH/CodeIgniter.php(906): App\Controllers\Orders->__construct()
 2 SYSTEMPATH/CodeIgniter.php(490): CodeIgniter\CodeIgniter->createController()
 3 SYSTEMPATH/CodeIgniter.php(368): CodeIgniter\CodeIgniter->handleRequest(null, Object(Config\Cache), false)
 4 FCPATH/index.php(67): CodeIgniter\CodeIgniter->run()
WARNING - 2025-07-02 12:51:29 --> [DEPRECATED] Creation of dynamic property App\Controllers\Orders::$taxModel is deprecated in APPPATH/Controllers/Orders.php on line 58.
 1 SYSTEMPATH/CodeIgniter.php(906): App\Controllers\Orders->__construct()
 2 SYSTEMPATH/CodeIgniter.php(490): CodeIgniter\CodeIgniter->createController()
 3 SYSTEMPATH/CodeIgniter.php(368): CodeIgniter\CodeIgniter->handleRequest(null, Object(Config\Cache), false)
 4 FCPATH/index.php(67): CodeIgniter\CodeIgniter->run()
INFO - 2025-07-02 12:51:30 --> Session: Class initialized using 'CodeIgniter\Session\Handlers\FileHandler' driver.
WARNING - 2025-07-02 12:51:30 --> [DEPRECATED] Creation of dynamic property App\Controllers\Home::$user_model is deprecated in APPPATH/Controllers/Home.php on line 35.
 1 SYSTEMPATH/CodeIgniter.php(906): App\Controllers\Home->__construct()
 2 SYSTEMPATH/CodeIgniter.php(490): CodeIgniter\CodeIgniter->createController()
 3 SYSTEMPATH/CodeIgniter.php(368): CodeIgniter\CodeIgniter->handleRequest(null, Object(Config\Cache), false)
 4 FCPATH/index.php(67): CodeIgniter\CodeIgniter->run()
WARNING - 2025-07-02 12:51:30 --> [DEPRECATED] Creation of dynamic property App\Controllers\Home::$BlogModel is deprecated in APPPATH/Controllers/Home.php on line 43.
 1 SYSTEMPATH/CodeIgniter.php(906): App\Controllers\Home->__construct()
 2 SYSTEMPATH/CodeIgniter.php(490): CodeIgniter\CodeIgniter->createController()
 3 SYSTEMPATH/CodeIgniter.php(368): CodeIgniter\CodeIgniter->handleRequest(null, Object(Config\Cache), false)
 4 FCPATH/index.php(67): CodeIgniter\CodeIgniter->run()
WARNING - 2025-07-02 12:51:30 --> [DEPRECATED] Creation of dynamic property App\Controllers\Home::$EnquiryModel is deprecated in APPPATH/Controllers/Home.php on line 44.
 1 SYSTEMPATH/CodeIgniter.php(906): App\Controllers\Home->__construct()
 2 SYSTEMPATH/CodeIgniter.php(490): CodeIgniter\CodeIgniter->createController()
 3 SYSTEMPATH/CodeIgniter.php(368): CodeIgniter\CodeIgniter->handleRequest(null, Object(Config\Cache), false)
 4 FCPATH/index.php(67): CodeIgniter\CodeIgniter->run()
WARNING - 2025-07-02 12:51:30 --> [DEPRECATED] Creation of dynamic property App\Controllers\Home::$Allsettingsmodel is deprecated in APPPATH/Controllers/Home.php on line 45.
 1 SYSTEMPATH/CodeIgniter.php(906): App\Controllers\Home->__construct()
 2 SYSTEMPATH/CodeIgniter.php(490): CodeIgniter\CodeIgniter->createController()
 3 SYSTEMPATH/CodeIgniter.php(368): CodeIgniter\CodeIgniter->handleRequest(null, Object(Config\Cache), false)
 4 FCPATH/index.php(67): CodeIgniter\CodeIgniter->run()
INFO - 2025-07-02 12:51:36 --> Session: Class initialized using 'CodeIgniter\Session\Handlers\FileHandler' driver.
WARNING - 2025-07-02 12:51:36 --> [DEPRECATED] Creation of dynamic property App\Controllers\Orders::$session is deprecated in APPPATH/Controllers/Orders.php on line 34.
 1 SYSTEMPATH/CodeIgniter.php(906): App\Controllers\Orders->__construct()
 2 SYSTEMPATH/CodeIgniter.php(490): CodeIgniter\CodeIgniter->createController()
 3 SYSTEMPATH/CodeIgniter.php(368): CodeIgniter\CodeIgniter->handleRequest(null, Object(Config\Cache), false)
 4 FCPATH/index.php(67): CodeIgniter\CodeIgniter->run()
WARNING - 2025-07-02 12:51:36 --> Session: Sessions is enabled, and one exists. Please don't $session->start();
WARNING - 2025-07-02 12:51:36 --> [DEPRECATED] Creation of dynamic property App\Controllers\Orders::$coupons is deprecated in APPPATH/Controllers/Orders.php on line 38.
 1 SYSTEMPATH/CodeIgniter.php(906): App\Controllers\Orders->__construct()
 2 SYSTEMPATH/CodeIgniter.php(490): CodeIgniter\CodeIgniter->createController()
 3 SYSTEMPATH/CodeIgniter.php(368): CodeIgniter\CodeIgniter->handleRequest(null, Object(Config\Cache), false)
 4 FCPATH/index.php(67): CodeIgniter\CodeIgniter->run()
WARNING - 2025-07-02 12:51:36 --> [DEPRECATED] Creation of dynamic property App\Controllers\Orders::$faqs is deprecated in APPPATH/Controllers/Orders.php on line 39.
 1 SYSTEMPATH/CodeIgniter.php(906): App\Controllers\Orders->__construct()
 2 SYSTEMPATH/CodeIgniter.php(490): CodeIgniter\CodeIgniter->createController()
 3 SYSTEMPATH/CodeIgniter.php(368): CodeIgniter\CodeIgniter->handleRequest(null, Object(Config\Cache), false)
 4 FCPATH/index.php(67): CodeIgniter\CodeIgniter->run()
WARNING - 2025-07-02 12:51:36 --> [DEPRECATED] Creation of dynamic property App\Controllers\Orders::$seo is deprecated in APPPATH/Controllers/Orders.php on line 40.
 1 SYSTEMPATH/CodeIgniter.php(906): App\Controllers\Orders->__construct()
 2 SYSTEMPATH/CodeIgniter.php(490): CodeIgniter\CodeIgniter->createController()
 3 SYSTEMPATH/CodeIgniter.php(368): CodeIgniter\CodeIgniter->handleRequest(null, Object(Config\Cache), false)
 4 FCPATH/index.php(67): CodeIgniter\CodeIgniter->run()
WARNING - 2025-07-02 12:51:36 --> [DEPRECATED] Creation of dynamic property App\Controllers\Orders::$Ordermodel is deprecated in APPPATH/Controllers/Orders.php on line 41.
 1 SYSTEMPATH/CodeIgniter.php(906): App\Controllers\Orders->__construct()
 2 SYSTEMPATH/CodeIgniter.php(490): CodeIgniter\CodeIgniter->createController()
 3 SYSTEMPATH/CodeIgniter.php(368): CodeIgniter\CodeIgniter->handleRequest(null, Object(Config\Cache), false)
 4 FCPATH/index.php(67): CodeIgniter\CodeIgniter->run()
WARNING - 2025-07-02 12:51:36 --> [DEPRECATED] Creation of dynamic property App\Controllers\Orders::$testimonial is deprecated in APPPATH/Controllers/Orders.php on line 42.
 1 SYSTEMPATH/CodeIgniter.php(906): App\Controllers\Orders->__construct()
 2 SYSTEMPATH/CodeIgniter.php(490): CodeIgniter\CodeIgniter->createController()
 3 SYSTEMPATH/CodeIgniter.php(368): CodeIgniter\CodeIgniter->handleRequest(null, Object(Config\Cache), false)
 4 FCPATH/index.php(67): CodeIgniter\CodeIgniter->run()
WARNING - 2025-07-02 12:51:36 --> [DEPRECATED] Creation of dynamic property App\Controllers\Orders::$enquiry is deprecated in APPPATH/Controllers/Orders.php on line 43.
 1 SYSTEMPATH/CodeIgniter.php(906): App\Controllers\Orders->__construct()
 2 SYSTEMPATH/CodeIgniter.php(490): CodeIgniter\CodeIgniter->createController()
 3 SYSTEMPATH/CodeIgniter.php(368): CodeIgniter\CodeIgniter->handleRequest(null, Object(Config\Cache), false)
 4 FCPATH/index.php(67): CodeIgniter\CodeIgniter->run()
WARNING - 2025-07-02 12:51:36 --> [DEPRECATED] Creation of dynamic property App\Controllers\Orders::$product is deprecated in APPPATH/Controllers/Orders.php on line 44.
 1 SYSTEMPATH/CodeIgniter.php(906): App\Controllers\Orders->__construct()
 2 SYSTEMPATH/CodeIgniter.php(490): CodeIgniter\CodeIgniter->createController()
 3 SYSTEMPATH/CodeIgniter.php(368): CodeIgniter\CodeIgniter->handleRequest(null, Object(Config\Cache), false)
 4 FCPATH/index.php(67): CodeIgniter\CodeIgniter->run()
WARNING - 2025-07-02 12:51:36 --> [DEPRECATED] Creation of dynamic property App\Controllers\Orders::$orderitem is deprecated in APPPATH/Controllers/Orders.php on line 45.
 1 SYSTEMPATH/CodeIgniter.php(906): App\Controllers\Orders->__construct()
 2 SYSTEMPATH/CodeIgniter.php(490): CodeIgniter\CodeIgniter->createController()
 3 SYSTEMPATH/CodeIgniter.php(368): CodeIgniter\CodeIgniter->handleRequest(null, Object(Config\Cache), false)
 4 FCPATH/index.php(67): CodeIgniter\CodeIgniter->run()
WARNING - 2025-07-02 12:51:36 --> [DEPRECATED] Creation of dynamic property App\Controllers\Orders::$Ordercomment is deprecated in APPPATH/Controllers/Orders.php on line 46.
 1 SYSTEMPATH/CodeIgniter.php(906): App\Controllers\Orders->__construct()
 2 SYSTEMPATH/CodeIgniter.php(490): CodeIgniter\CodeIgniter->createController()
 3 SYSTEMPATH/CodeIgniter.php(368): CodeIgniter\CodeIgniter->handleRequest(null, Object(Config\Cache), false)
 4 FCPATH/index.php(67): CodeIgniter\CodeIgniter->run()
WARNING - 2025-07-02 12:51:36 --> [DEPRECATED] Creation of dynamic property App\Controllers\Orders::$catagory is deprecated in APPPATH/Controllers/Orders.php on line 47.
 1 SYSTEMPATH/CodeIgniter.php(906): App\Controllers\Orders->__construct()
 2 SYSTEMPATH/CodeIgniter.php(490): CodeIgniter\CodeIgniter->createController()
 3 SYSTEMPATH/CodeIgniter.php(368): CodeIgniter\CodeIgniter->handleRequest(null, Object(Config\Cache), false)
 4 FCPATH/index.php(67): CodeIgniter\CodeIgniter->run()
WARNING - 2025-07-02 12:51:36 --> [DEPRECATED] Creation of dynamic property App\Controllers\Orders::$User is deprecated in APPPATH/Controllers/Orders.php on line 48.
 1 SYSTEMPATH/CodeIgniter.php(906): App\Controllers\Orders->__construct()
 2 SYSTEMPATH/CodeIgniter.php(490): CodeIgniter\CodeIgniter->createController()
 3 SYSTEMPATH/CodeIgniter.php(368): CodeIgniter\CodeIgniter->handleRequest(null, Object(Config\Cache), false)
 4 FCPATH/index.php(67): CodeIgniter\CodeIgniter->run()
WARNING - 2025-07-02 12:51:36 --> [DEPRECATED] Creation of dynamic property App\Controllers\Orders::$shippingmethod is deprecated in APPPATH/Controllers/Orders.php on line 49.
 1 SYSTEMPATH/CodeIgniter.php(906): App\Controllers\Orders->__construct()
 2 SYSTEMPATH/CodeIgniter.php(490): CodeIgniter\CodeIgniter->createController()
 3 SYSTEMPATH/CodeIgniter.php(368): CodeIgniter\CodeIgniter->handleRequest(null, Object(Config\Cache), false)
 4 FCPATH/index.php(67): CodeIgniter\CodeIgniter->run()
WARNING - 2025-07-02 12:51:36 --> [DEPRECATED] Creation of dynamic property App\Controllers\Orders::$shippingrate is deprecated in APPPATH/Controllers/Orders.php on line 50.
 1 SYSTEMPATH/CodeIgniter.php(906): App\Controllers\Orders->__construct()
 2 SYSTEMPATH/CodeIgniter.php(490): CodeIgniter\CodeIgniter->createController()
 3 SYSTEMPATH/CodeIgniter.php(368): CodeIgniter\CodeIgniter->handleRequest(null, Object(Config\Cache), false)
 4 FCPATH/index.php(67): CodeIgniter\CodeIgniter->run()
WARNING - 2025-07-02 12:51:36 --> [DEPRECATED] Creation of dynamic property App\Controllers\Orders::$shippingzone is deprecated in APPPATH/Controllers/Orders.php on line 51.
 1 SYSTEMPATH/CodeIgniter.php(906): App\Controllers\Orders->__construct()
 2 SYSTEMPATH/CodeIgniter.php(490): CodeIgniter\CodeIgniter->createController()
 3 SYSTEMPATH/CodeIgniter.php(368): CodeIgniter\CodeIgniter->handleRequest(null, Object(Config\Cache), false)
 4 FCPATH/index.php(67): CodeIgniter\CodeIgniter->run()
WARNING - 2025-07-02 12:51:36 --> [DEPRECATED] Creation of dynamic property App\Controllers\Orders::$country is deprecated in APPPATH/Controllers/Orders.php on line 52.
 1 SYSTEMPATH/CodeIgniter.php(906): App\Controllers\Orders->__construct()
 2 SYSTEMPATH/CodeIgniter.php(490): CodeIgniter\CodeIgniter->createController()
 3 SYSTEMPATH/CodeIgniter.php(368): CodeIgniter\CodeIgniter->handleRequest(null, Object(Config\Cache), false)
 4 FCPATH/index.php(67): CodeIgniter\CodeIgniter->run()
WARNING - 2025-07-02 12:51:36 --> [DEPRECATED] Creation of dynamic property App\Controllers\Orders::$ChatModel is deprecated in APPPATH/Controllers/Orders.php on line 53.
 1 SYSTEMPATH/CodeIgniter.php(906): App\Controllers\Orders->__construct()
 2 SYSTEMPATH/CodeIgniter.php(490): CodeIgniter\CodeIgniter->createController()
 3 SYSTEMPATH/CodeIgniter.php(368): CodeIgniter\CodeIgniter->handleRequest(null, Object(Config\Cache), false)
 4 FCPATH/index.php(67): CodeIgniter\CodeIgniter->run()
WARNING - 2025-07-02 12:51:36 --> [DEPRECATED] Creation of dynamic property App\Controllers\Orders::$Allsettings is deprecated in APPPATH/Controllers/Orders.php on line 54.
 1 SYSTEMPATH/CodeIgniter.php(906): App\Controllers\Orders->__construct()
 2 SYSTEMPATH/CodeIgniter.php(490): CodeIgniter\CodeIgniter->createController()
 3 SYSTEMPATH/CodeIgniter.php(368): CodeIgniter\CodeIgniter->handleRequest(null, Object(Config\Cache), false)
 4 FCPATH/index.php(67): CodeIgniter\CodeIgniter->run()
WARNING - 2025-07-02 12:51:36 --> [DEPRECATED] Creation of dynamic property App\Controllers\Orders::$ShippingDataModel is deprecated in APPPATH/Controllers/Orders.php on line 55.
 1 SYSTEMPATH/CodeIgniter.php(906): App\Controllers\Orders->__construct()
 2 SYSTEMPATH/CodeIgniter.php(490): CodeIgniter\CodeIgniter->createController()
 3 SYSTEMPATH/CodeIgniter.php(368): CodeIgniter\CodeIgniter->handleRequest(null, Object(Config\Cache), false)
 4 FCPATH/index.php(67): CodeIgniter\CodeIgniter->run()
WARNING - 2025-07-02 12:51:36 --> [DEPRECATED] Creation of dynamic property App\Controllers\Orders::$cityModel is deprecated in APPPATH/Controllers/Orders.php on line 56.
 1 SYSTEMPATH/CodeIgniter.php(906): App\Controllers\Orders->__construct()
 2 SYSTEMPATH/CodeIgniter.php(490): CodeIgniter\CodeIgniter->createController()
 3 SYSTEMPATH/CodeIgniter.php(368): CodeIgniter\CodeIgniter->handleRequest(null, Object(Config\Cache), false)
 4 FCPATH/index.php(67): CodeIgniter\CodeIgniter->run()
WARNING - 2025-07-02 12:51:36 --> [DEPRECATED] Creation of dynamic property App\Controllers\Orders::$stateModel is deprecated in APPPATH/Controllers/Orders.php on line 57.
 1 SYSTEMPATH/CodeIgniter.php(906): App\Controllers\Orders->__construct()
 2 SYSTEMPATH/CodeIgniter.php(490): CodeIgniter\CodeIgniter->createController()
 3 SYSTEMPATH/CodeIgniter.php(368): CodeIgniter\CodeIgniter->handleRequest(null, Object(Config\Cache), false)
 4 FCPATH/index.php(67): CodeIgniter\CodeIgniter->run()
WARNING - 2025-07-02 12:51:36 --> [DEPRECATED] Creation of dynamic property App\Controllers\Orders::$taxModel is deprecated in APPPATH/Controllers/Orders.php on line 58.
 1 SYSTEMPATH/CodeIgniter.php(906): App\Controllers\Orders->__construct()
 2 SYSTEMPATH/CodeIgniter.php(490): CodeIgniter\CodeIgniter->createController()
 3 SYSTEMPATH/CodeIgniter.php(368): CodeIgniter\CodeIgniter->handleRequest(null, Object(Config\Cache), false)
 4 FCPATH/index.php(67): CodeIgniter\CodeIgniter->run()
INFO - 2025-07-02 12:52:11 --> Session: Class initialized using 'CodeIgniter\Session\Handlers\FileHandler' driver.
WARNING - 2025-07-02 12:52:11 --> [DEPRECATED] Creation of dynamic property App\Controllers\Orders::$session is deprecated in APPPATH/Controllers/Orders.php on line 34.
 1 SYSTEMPATH/CodeIgniter.php(906): App\Controllers\Orders->__construct()
 2 SYSTEMPATH/CodeIgniter.php(490): CodeIgniter\CodeIgniter->createController()
 3 SYSTEMPATH/CodeIgniter.php(368): CodeIgniter\CodeIgniter->handleRequest(null, Object(Config\Cache), false)
 4 FCPATH/index.php(67): CodeIgniter\CodeIgniter->run()
WARNING - 2025-07-02 12:52:11 --> Session: Sessions is enabled, and one exists. Please don't $session->start();
WARNING - 2025-07-02 12:52:11 --> [DEPRECATED] Creation of dynamic property App\Controllers\Orders::$coupons is deprecated in APPPATH/Controllers/Orders.php on line 38.
 1 SYSTEMPATH/CodeIgniter.php(906): App\Controllers\Orders->__construct()
 2 SYSTEMPATH/CodeIgniter.php(490): CodeIgniter\CodeIgniter->createController()
 3 SYSTEMPATH/CodeIgniter.php(368): CodeIgniter\CodeIgniter->handleRequest(null, Object(Config\Cache), false)
 4 FCPATH/index.php(67): CodeIgniter\CodeIgniter->run()
WARNING - 2025-07-02 12:52:11 --> [DEPRECATED] Creation of dynamic property App\Controllers\Orders::$faqs is deprecated in APPPATH/Controllers/Orders.php on line 39.
 1 SYSTEMPATH/CodeIgniter.php(906): App\Controllers\Orders->__construct()
 2 SYSTEMPATH/CodeIgniter.php(490): CodeIgniter\CodeIgniter->createController()
 3 SYSTEMPATH/CodeIgniter.php(368): CodeIgniter\CodeIgniter->handleRequest(null, Object(Config\Cache), false)
 4 FCPATH/index.php(67): CodeIgniter\CodeIgniter->run()
WARNING - 2025-07-02 12:52:11 --> [DEPRECATED] Creation of dynamic property App\Controllers\Orders::$seo is deprecated in APPPATH/Controllers/Orders.php on line 40.
 1 SYSTEMPATH/CodeIgniter.php(906): App\Controllers\Orders->__construct()
 2 SYSTEMPATH/CodeIgniter.php(490): CodeIgniter\CodeIgniter->createController()
 3 SYSTEMPATH/CodeIgniter.php(368): CodeIgniter\CodeIgniter->handleRequest(null, Object(Config\Cache), false)
 4 FCPATH/index.php(67): CodeIgniter\CodeIgniter->run()
WARNING - 2025-07-02 12:52:11 --> [DEPRECATED] Creation of dynamic property App\Controllers\Orders::$Ordermodel is deprecated in APPPATH/Controllers/Orders.php on line 41.
 1 SYSTEMPATH/CodeIgniter.php(906): App\Controllers\Orders->__construct()
 2 SYSTEMPATH/CodeIgniter.php(490): CodeIgniter\CodeIgniter->createController()
 3 SYSTEMPATH/CodeIgniter.php(368): CodeIgniter\CodeIgniter->handleRequest(null, Object(Config\Cache), false)
 4 FCPATH/index.php(67): CodeIgniter\CodeIgniter->run()
WARNING - 2025-07-02 12:52:11 --> [DEPRECATED] Creation of dynamic property App\Controllers\Orders::$testimonial is deprecated in APPPATH/Controllers/Orders.php on line 42.
 1 SYSTEMPATH/CodeIgniter.php(906): App\Controllers\Orders->__construct()
 2 SYSTEMPATH/CodeIgniter.php(490): CodeIgniter\CodeIgniter->createController()
 3 SYSTEMPATH/CodeIgniter.php(368): CodeIgniter\CodeIgniter->handleRequest(null, Object(Config\Cache), false)
 4 FCPATH/index.php(67): CodeIgniter\CodeIgniter->run()
WARNING - 2025-07-02 12:52:11 --> [DEPRECATED] Creation of dynamic property App\Controllers\Orders::$enquiry is deprecated in APPPATH/Controllers/Orders.php on line 43.
 1 SYSTEMPATH/CodeIgniter.php(906): App\Controllers\Orders->__construct()
 2 SYSTEMPATH/CodeIgniter.php(490): CodeIgniter\CodeIgniter->createController()
 3 SYSTEMPATH/CodeIgniter.php(368): CodeIgniter\CodeIgniter->handleRequest(null, Object(Config\Cache), false)
 4 FCPATH/index.php(67): CodeIgniter\CodeIgniter->run()
WARNING - 2025-07-02 12:52:11 --> [DEPRECATED] Creation of dynamic property App\Controllers\Orders::$product is deprecated in APPPATH/Controllers/Orders.php on line 44.
 1 SYSTEMPATH/CodeIgniter.php(906): App\Controllers\Orders->__construct()
 2 SYSTEMPATH/CodeIgniter.php(490): CodeIgniter\CodeIgniter->createController()
 3 SYSTEMPATH/CodeIgniter.php(368): CodeIgniter\CodeIgniter->handleRequest(null, Object(Config\Cache), false)
 4 FCPATH/index.php(67): CodeIgniter\CodeIgniter->run()
WARNING - 2025-07-02 12:52:11 --> [DEPRECATED] Creation of dynamic property App\Controllers\Orders::$orderitem is deprecated in APPPATH/Controllers/Orders.php on line 45.
 1 SYSTEMPATH/CodeIgniter.php(906): App\Controllers\Orders->__construct()
 2 SYSTEMPATH/CodeIgniter.php(490): CodeIgniter\CodeIgniter->createController()
 3 SYSTEMPATH/CodeIgniter.php(368): CodeIgniter\CodeIgniter->handleRequest(null, Object(Config\Cache), false)
 4 FCPATH/index.php(67): CodeIgniter\CodeIgniter->run()
WARNING - 2025-07-02 12:52:11 --> [DEPRECATED] Creation of dynamic property App\Controllers\Orders::$Ordercomment is deprecated in APPPATH/Controllers/Orders.php on line 46.
 1 SYSTEMPATH/CodeIgniter.php(906): App\Controllers\Orders->__construct()
 2 SYSTEMPATH/CodeIgniter.php(490): CodeIgniter\CodeIgniter->createController()
 3 SYSTEMPATH/CodeIgniter.php(368): CodeIgniter\CodeIgniter->handleRequest(null, Object(Config\Cache), false)
 4 FCPATH/index.php(67): CodeIgniter\CodeIgniter->run()
WARNING - 2025-07-02 12:52:11 --> [DEPRECATED] Creation of dynamic property App\Controllers\Orders::$catagory is deprecated in APPPATH/Controllers/Orders.php on line 47.
 1 SYSTEMPATH/CodeIgniter.php(906): App\Controllers\Orders->__construct()
 2 SYSTEMPATH/CodeIgniter.php(490): CodeIgniter\CodeIgniter->createController()
 3 SYSTEMPATH/CodeIgniter.php(368): CodeIgniter\CodeIgniter->handleRequest(null, Object(Config\Cache), false)
 4 FCPATH/index.php(67): CodeIgniter\CodeIgniter->run()
WARNING - 2025-07-02 12:52:11 --> [DEPRECATED] Creation of dynamic property App\Controllers\Orders::$User is deprecated in APPPATH/Controllers/Orders.php on line 48.
 1 SYSTEMPATH/CodeIgniter.php(906): App\Controllers\Orders->__construct()
 2 SYSTEMPATH/CodeIgniter.php(490): CodeIgniter\CodeIgniter->createController()
 3 SYSTEMPATH/CodeIgniter.php(368): CodeIgniter\CodeIgniter->handleRequest(null, Object(Config\Cache), false)
 4 FCPATH/index.php(67): CodeIgniter\CodeIgniter->run()
WARNING - 2025-07-02 12:52:11 --> [DEPRECATED] Creation of dynamic property App\Controllers\Orders::$shippingmethod is deprecated in APPPATH/Controllers/Orders.php on line 49.
 1 SYSTEMPATH/CodeIgniter.php(906): App\Controllers\Orders->__construct()
 2 SYSTEMPATH/CodeIgniter.php(490): CodeIgniter\CodeIgniter->createController()
 3 SYSTEMPATH/CodeIgniter.php(368): CodeIgniter\CodeIgniter->handleRequest(null, Object(Config\Cache), false)
 4 FCPATH/index.php(67): CodeIgniter\CodeIgniter->run()
WARNING - 2025-07-02 12:52:11 --> [DEPRECATED] Creation of dynamic property App\Controllers\Orders::$shippingrate is deprecated in APPPATH/Controllers/Orders.php on line 50.
 1 SYSTEMPATH/CodeIgniter.php(906): App\Controllers\Orders->__construct()
 2 SYSTEMPATH/CodeIgniter.php(490): CodeIgniter\CodeIgniter->createController()
 3 SYSTEMPATH/CodeIgniter.php(368): CodeIgniter\CodeIgniter->handleRequest(null, Object(Config\Cache), false)
 4 FCPATH/index.php(67): CodeIgniter\CodeIgniter->run()
WARNING - 2025-07-02 12:52:11 --> [DEPRECATED] Creation of dynamic property App\Controllers\Orders::$shippingzone is deprecated in APPPATH/Controllers/Orders.php on line 51.
 1 SYSTEMPATH/CodeIgniter.php(906): App\Controllers\Orders->__construct()
 2 SYSTEMPATH/CodeIgniter.php(490): CodeIgniter\CodeIgniter->createController()
 3 SYSTEMPATH/CodeIgniter.php(368): CodeIgniter\CodeIgniter->handleRequest(null, Object(Config\Cache), false)
 4 FCPATH/index.php(67): CodeIgniter\CodeIgniter->run()
WARNING - 2025-07-02 12:52:11 --> [DEPRECATED] Creation of dynamic property App\Controllers\Orders::$country is deprecated in APPPATH/Controllers/Orders.php on line 52.
 1 SYSTEMPATH/CodeIgniter.php(906): App\Controllers\Orders->__construct()
 2 SYSTEMPATH/CodeIgniter.php(490): CodeIgniter\CodeIgniter->createController()
 3 SYSTEMPATH/CodeIgniter.php(368): CodeIgniter\CodeIgniter->handleRequest(null, Object(Config\Cache), false)
 4 FCPATH/index.php(67): CodeIgniter\CodeIgniter->run()
WARNING - 2025-07-02 12:52:11 --> [DEPRECATED] Creation of dynamic property App\Controllers\Orders::$ChatModel is deprecated in APPPATH/Controllers/Orders.php on line 53.
 1 SYSTEMPATH/CodeIgniter.php(906): App\Controllers\Orders->__construct()
 2 SYSTEMPATH/CodeIgniter.php(490): CodeIgniter\CodeIgniter->createController()
 3 SYSTEMPATH/CodeIgniter.php(368): CodeIgniter\CodeIgniter->handleRequest(null, Object(Config\Cache), false)
 4 FCPATH/index.php(67): CodeIgniter\CodeIgniter->run()
WARNING - 2025-07-02 12:52:11 --> [DEPRECATED] Creation of dynamic property App\Controllers\Orders::$Allsettings is deprecated in APPPATH/Controllers/Orders.php on line 54.
 1 SYSTEMPATH/CodeIgniter.php(906): App\Controllers\Orders->__construct()
 2 SYSTEMPATH/CodeIgniter.php(490): CodeIgniter\CodeIgniter->createController()
 3 SYSTEMPATH/CodeIgniter.php(368): CodeIgniter\CodeIgniter->handleRequest(null, Object(Config\Cache), false)
 4 FCPATH/index.php(67): CodeIgniter\CodeIgniter->run()
WARNING - 2025-07-02 12:52:11 --> [DEPRECATED] Creation of dynamic property App\Controllers\Orders::$ShippingDataModel is deprecated in APPPATH/Controllers/Orders.php on line 55.
 1 SYSTEMPATH/CodeIgniter.php(906): App\Controllers\Orders->__construct()
 2 SYSTEMPATH/CodeIgniter.php(490): CodeIgniter\CodeIgniter->createController()
 3 SYSTEMPATH/CodeIgniter.php(368): CodeIgniter\CodeIgniter->handleRequest(null, Object(Config\Cache), false)
 4 FCPATH/index.php(67): CodeIgniter\CodeIgniter->run()
WARNING - 2025-07-02 12:52:11 --> [DEPRECATED] Creation of dynamic property App\Controllers\Orders::$cityModel is deprecated in APPPATH/Controllers/Orders.php on line 56.
 1 SYSTEMPATH/CodeIgniter.php(906): App\Controllers\Orders->__construct()
 2 SYSTEMPATH/CodeIgniter.php(490): CodeIgniter\CodeIgniter->createController()
 3 SYSTEMPATH/CodeIgniter.php(368): CodeIgniter\CodeIgniter->handleRequest(null, Object(Config\Cache), false)
 4 FCPATH/index.php(67): CodeIgniter\CodeIgniter->run()
WARNING - 2025-07-02 12:52:11 --> [DEPRECATED] Creation of dynamic property App\Controllers\Orders::$stateModel is deprecated in APPPATH/Controllers/Orders.php on line 57.
 1 SYSTEMPATH/CodeIgniter.php(906): App\Controllers\Orders->__construct()
 2 SYSTEMPATH/CodeIgniter.php(490): CodeIgniter\CodeIgniter->createController()
 3 SYSTEMPATH/CodeIgniter.php(368): CodeIgniter\CodeIgniter->handleRequest(null, Object(Config\Cache), false)
 4 FCPATH/index.php(67): CodeIgniter\CodeIgniter->run()
WARNING - 2025-07-02 12:52:11 --> [DEPRECATED] Creation of dynamic property App\Controllers\Orders::$taxModel is deprecated in APPPATH/Controllers/Orders.php on line 58.
 1 SYSTEMPATH/CodeIgniter.php(906): App\Controllers\Orders->__construct()
 2 SYSTEMPATH/CodeIgniter.php(490): CodeIgniter\CodeIgniter->createController()
 3 SYSTEMPATH/CodeIgniter.php(368): CodeIgniter\CodeIgniter->handleRequest(null, Object(Config\Cache), false)
 4 FCPATH/index.php(67): CodeIgniter\CodeIgniter->run()
CRITICAL - 2025-07-02 12:52:11 --> Trying to access array offset on value of type null
in APPPATH/Controllers/Orders.php on line 2080.
 1 APPPATH/Controllers/Orders.php(2080): CodeIgniter\Debug\Exceptions->errorHandler()
 2 SYSTEMPATH/CodeIgniter.php(934): App\Controllers\Orders->save_order()
 3 SYSTEMPATH/CodeIgniter.php(499): CodeIgniter\CodeIgniter->runController()
 4 SYSTEMPATH/CodeIgniter.php(368): CodeIgniter\CodeIgniter->handleRequest()
 5 FCPATH/index.php(67): CodeIgniter\CodeIgniter->run()
INFO - 2025-07-02 12:52:17 --> Session: Class initialized using 'CodeIgniter\Session\Handlers\FileHandler' driver.
WARNING - 2025-07-02 12:52:17 --> [DEPRECATED] Creation of dynamic property App\Controllers\Orders::$session is deprecated in APPPATH/Controllers/Orders.php on line 34.
 1 SYSTEMPATH/CodeIgniter.php(906): App\Controllers\Orders->__construct()
 2 SYSTEMPATH/CodeIgniter.php(490): CodeIgniter\CodeIgniter->createController()
 3 SYSTEMPATH/CodeIgniter.php(368): CodeIgniter\CodeIgniter->handleRequest(null, Object(Config\Cache), false)
 4 FCPATH/index.php(67): CodeIgniter\CodeIgniter->run()
WARNING - 2025-07-02 12:52:17 --> Session: Sessions is enabled, and one exists. Please don't $session->start();
WARNING - 2025-07-02 12:52:17 --> [DEPRECATED] Creation of dynamic property App\Controllers\Orders::$coupons is deprecated in APPPATH/Controllers/Orders.php on line 38.
 1 SYSTEMPATH/CodeIgniter.php(906): App\Controllers\Orders->__construct()
 2 SYSTEMPATH/CodeIgniter.php(490): CodeIgniter\CodeIgniter->createController()
 3 SYSTEMPATH/CodeIgniter.php(368): CodeIgniter\CodeIgniter->handleRequest(null, Object(Config\Cache), false)
 4 FCPATH/index.php(67): CodeIgniter\CodeIgniter->run()
WARNING - 2025-07-02 12:52:17 --> [DEPRECATED] Creation of dynamic property App\Controllers\Orders::$faqs is deprecated in APPPATH/Controllers/Orders.php on line 39.
 1 SYSTEMPATH/CodeIgniter.php(906): App\Controllers\Orders->__construct()
 2 SYSTEMPATH/CodeIgniter.php(490): CodeIgniter\CodeIgniter->createController()
 3 SYSTEMPATH/CodeIgniter.php(368): CodeIgniter\CodeIgniter->handleRequest(null, Object(Config\Cache), false)
 4 FCPATH/index.php(67): CodeIgniter\CodeIgniter->run()
WARNING - 2025-07-02 12:52:17 --> [DEPRECATED] Creation of dynamic property App\Controllers\Orders::$seo is deprecated in APPPATH/Controllers/Orders.php on line 40.
 1 SYSTEMPATH/CodeIgniter.php(906): App\Controllers\Orders->__construct()
 2 SYSTEMPATH/CodeIgniter.php(490): CodeIgniter\CodeIgniter->createController()
 3 SYSTEMPATH/CodeIgniter.php(368): CodeIgniter\CodeIgniter->handleRequest(null, Object(Config\Cache), false)
 4 FCPATH/index.php(67): CodeIgniter\CodeIgniter->run()
WARNING - 2025-07-02 12:52:17 --> [DEPRECATED] Creation of dynamic property App\Controllers\Orders::$Ordermodel is deprecated in APPPATH/Controllers/Orders.php on line 41.
 1 SYSTEMPATH/CodeIgniter.php(906): App\Controllers\Orders->__construct()
 2 SYSTEMPATH/CodeIgniter.php(490): CodeIgniter\CodeIgniter->createController()
 3 SYSTEMPATH/CodeIgniter.php(368): CodeIgniter\CodeIgniter->handleRequest(null, Object(Config\Cache), false)
 4 FCPATH/index.php(67): CodeIgniter\CodeIgniter->run()
WARNING - 2025-07-02 12:52:17 --> [DEPRECATED] Creation of dynamic property App\Controllers\Orders::$testimonial is deprecated in APPPATH/Controllers/Orders.php on line 42.
 1 SYSTEMPATH/CodeIgniter.php(906): App\Controllers\Orders->__construct()
 2 SYSTEMPATH/CodeIgniter.php(490): CodeIgniter\CodeIgniter->createController()
 3 SYSTEMPATH/CodeIgniter.php(368): CodeIgniter\CodeIgniter->handleRequest(null, Object(Config\Cache), false)
 4 FCPATH/index.php(67): CodeIgniter\CodeIgniter->run()
WARNING - 2025-07-02 12:52:17 --> [DEPRECATED] Creation of dynamic property App\Controllers\Orders::$enquiry is deprecated in APPPATH/Controllers/Orders.php on line 43.
 1 SYSTEMPATH/CodeIgniter.php(906): App\Controllers\Orders->__construct()
 2 SYSTEMPATH/CodeIgniter.php(490): CodeIgniter\CodeIgniter->createController()
 3 SYSTEMPATH/CodeIgniter.php(368): CodeIgniter\CodeIgniter->handleRequest(null, Object(Config\Cache), false)
 4 FCPATH/index.php(67): CodeIgniter\CodeIgniter->run()
WARNING - 2025-07-02 12:52:17 --> [DEPRECATED] Creation of dynamic property App\Controllers\Orders::$product is deprecated in APPPATH/Controllers/Orders.php on line 44.
 1 SYSTEMPATH/CodeIgniter.php(906): App\Controllers\Orders->__construct()
 2 SYSTEMPATH/CodeIgniter.php(490): CodeIgniter\CodeIgniter->createController()
 3 SYSTEMPATH/CodeIgniter.php(368): CodeIgniter\CodeIgniter->handleRequest(null, Object(Config\Cache), false)
 4 FCPATH/index.php(67): CodeIgniter\CodeIgniter->run()
WARNING - 2025-07-02 12:52:17 --> [DEPRECATED] Creation of dynamic property App\Controllers\Orders::$orderitem is deprecated in APPPATH/Controllers/Orders.php on line 45.
 1 SYSTEMPATH/CodeIgniter.php(906): App\Controllers\Orders->__construct()
 2 SYSTEMPATH/CodeIgniter.php(490): CodeIgniter\CodeIgniter->createController()
 3 SYSTEMPATH/CodeIgniter.php(368): CodeIgniter\CodeIgniter->handleRequest(null, Object(Config\Cache), false)
 4 FCPATH/index.php(67): CodeIgniter\CodeIgniter->run()
WARNING - 2025-07-02 12:52:17 --> [DEPRECATED] Creation of dynamic property App\Controllers\Orders::$Ordercomment is deprecated in APPPATH/Controllers/Orders.php on line 46.
 1 SYSTEMPATH/CodeIgniter.php(906): App\Controllers\Orders->__construct()
 2 SYSTEMPATH/CodeIgniter.php(490): CodeIgniter\CodeIgniter->createController()
 3 SYSTEMPATH/CodeIgniter.php(368): CodeIgniter\CodeIgniter->handleRequest(null, Object(Config\Cache), false)
 4 FCPATH/index.php(67): CodeIgniter\CodeIgniter->run()
WARNING - 2025-07-02 12:52:17 --> [DEPRECATED] Creation of dynamic property App\Controllers\Orders::$catagory is deprecated in APPPATH/Controllers/Orders.php on line 47.
 1 SYSTEMPATH/CodeIgniter.php(906): App\Controllers\Orders->__construct()
 2 SYSTEMPATH/CodeIgniter.php(490): CodeIgniter\CodeIgniter->createController()
 3 SYSTEMPATH/CodeIgniter.php(368): CodeIgniter\CodeIgniter->handleRequest(null, Object(Config\Cache), false)
 4 FCPATH/index.php(67): CodeIgniter\CodeIgniter->run()
WARNING - 2025-07-02 12:52:17 --> [DEPRECATED] Creation of dynamic property App\Controllers\Orders::$User is deprecated in APPPATH/Controllers/Orders.php on line 48.
 1 SYSTEMPATH/CodeIgniter.php(906): App\Controllers\Orders->__construct()
 2 SYSTEMPATH/CodeIgniter.php(490): CodeIgniter\CodeIgniter->createController()
 3 SYSTEMPATH/CodeIgniter.php(368): CodeIgniter\CodeIgniter->handleRequest(null, Object(Config\Cache), false)
 4 FCPATH/index.php(67): CodeIgniter\CodeIgniter->run()
WARNING - 2025-07-02 12:52:17 --> [DEPRECATED] Creation of dynamic property App\Controllers\Orders::$shippingmethod is deprecated in APPPATH/Controllers/Orders.php on line 49.
 1 SYSTEMPATH/CodeIgniter.php(906): App\Controllers\Orders->__construct()
 2 SYSTEMPATH/CodeIgniter.php(490): CodeIgniter\CodeIgniter->createController()
 3 SYSTEMPATH/CodeIgniter.php(368): CodeIgniter\CodeIgniter->handleRequest(null, Object(Config\Cache), false)
 4 FCPATH/index.php(67): CodeIgniter\CodeIgniter->run()
WARNING - 2025-07-02 12:52:17 --> [DEPRECATED] Creation of dynamic property App\Controllers\Orders::$shippingrate is deprecated in APPPATH/Controllers/Orders.php on line 50.
 1 SYSTEMPATH/CodeIgniter.php(906): App\Controllers\Orders->__construct()
 2 SYSTEMPATH/CodeIgniter.php(490): CodeIgniter\CodeIgniter->createController()
 3 SYSTEMPATH/CodeIgniter.php(368): CodeIgniter\CodeIgniter->handleRequest(null, Object(Config\Cache), false)
 4 FCPATH/index.php(67): CodeIgniter\CodeIgniter->run()
WARNING - 2025-07-02 12:52:17 --> [DEPRECATED] Creation of dynamic property App\Controllers\Orders::$shippingzone is deprecated in APPPATH/Controllers/Orders.php on line 51.
 1 SYSTEMPATH/CodeIgniter.php(906): App\Controllers\Orders->__construct()
 2 SYSTEMPATH/CodeIgniter.php(490): CodeIgniter\CodeIgniter->createController()
 3 SYSTEMPATH/CodeIgniter.php(368): CodeIgniter\CodeIgniter->handleRequest(null, Object(Config\Cache), false)
 4 FCPATH/index.php(67): CodeIgniter\CodeIgniter->run()
WARNING - 2025-07-02 12:52:17 --> [DEPRECATED] Creation of dynamic property App\Controllers\Orders::$country is deprecated in APPPATH/Controllers/Orders.php on line 52.
 1 SYSTEMPATH/CodeIgniter.php(906): App\Controllers\Orders->__construct()
 2 SYSTEMPATH/CodeIgniter.php(490): CodeIgniter\CodeIgniter->createController()
 3 SYSTEMPATH/CodeIgniter.php(368): CodeIgniter\CodeIgniter->handleRequest(null, Object(Config\Cache), false)
 4 FCPATH/index.php(67): CodeIgniter\CodeIgniter->run()
WARNING - 2025-07-02 12:52:17 --> [DEPRECATED] Creation of dynamic property App\Controllers\Orders::$ChatModel is deprecated in APPPATH/Controllers/Orders.php on line 53.
 1 SYSTEMPATH/CodeIgniter.php(906): App\Controllers\Orders->__construct()
 2 SYSTEMPATH/CodeIgniter.php(490): CodeIgniter\CodeIgniter->createController()
 3 SYSTEMPATH/CodeIgniter.php(368): CodeIgniter\CodeIgniter->handleRequest(null, Object(Config\Cache), false)
 4 FCPATH/index.php(67): CodeIgniter\CodeIgniter->run()
WARNING - 2025-07-02 12:52:17 --> [DEPRECATED] Creation of dynamic property App\Controllers\Orders::$Allsettings is deprecated in APPPATH/Controllers/Orders.php on line 54.
 1 SYSTEMPATH/CodeIgniter.php(906): App\Controllers\Orders->__construct()
 2 SYSTEMPATH/CodeIgniter.php(490): CodeIgniter\CodeIgniter->createController()
 3 SYSTEMPATH/CodeIgniter.php(368): CodeIgniter\CodeIgniter->handleRequest(null, Object(Config\Cache), false)
 4 FCPATH/index.php(67): CodeIgniter\CodeIgniter->run()
WARNING - 2025-07-02 12:52:17 --> [DEPRECATED] Creation of dynamic property App\Controllers\Orders::$ShippingDataModel is deprecated in APPPATH/Controllers/Orders.php on line 55.
 1 SYSTEMPATH/CodeIgniter.php(906): App\Controllers\Orders->__construct()
 2 SYSTEMPATH/CodeIgniter.php(490): CodeIgniter\CodeIgniter->createController()
 3 SYSTEMPATH/CodeIgniter.php(368): CodeIgniter\CodeIgniter->handleRequest(null, Object(Config\Cache), false)
 4 FCPATH/index.php(67): CodeIgniter\CodeIgniter->run()
WARNING - 2025-07-02 12:52:17 --> [DEPRECATED] Creation of dynamic property App\Controllers\Orders::$cityModel is deprecated in APPPATH/Controllers/Orders.php on line 56.
 1 SYSTEMPATH/CodeIgniter.php(906): App\Controllers\Orders->__construct()
 2 SYSTEMPATH/CodeIgniter.php(490): CodeIgniter\CodeIgniter->createController()
 3 SYSTEMPATH/CodeIgniter.php(368): CodeIgniter\CodeIgniter->handleRequest(null, Object(Config\Cache), false)
 4 FCPATH/index.php(67): CodeIgniter\CodeIgniter->run()
WARNING - 2025-07-02 12:52:17 --> [DEPRECATED] Creation of dynamic property App\Controllers\Orders::$stateModel is deprecated in APPPATH/Controllers/Orders.php on line 57.
 1 SYSTEMPATH/CodeIgniter.php(906): App\Controllers\Orders->__construct()
 2 SYSTEMPATH/CodeIgniter.php(490): CodeIgniter\CodeIgniter->createController()
 3 SYSTEMPATH/CodeIgniter.php(368): CodeIgniter\CodeIgniter->handleRequest(null, Object(Config\Cache), false)
 4 FCPATH/index.php(67): CodeIgniter\CodeIgniter->run()
WARNING - 2025-07-02 12:52:17 --> [DEPRECATED] Creation of dynamic property App\Controllers\Orders::$taxModel is deprecated in APPPATH/Controllers/Orders.php on line 58.
 1 SYSTEMPATH/CodeIgniter.php(906): App\Controllers\Orders->__construct()
 2 SYSTEMPATH/CodeIgniter.php(490): CodeIgniter\CodeIgniter->createController()
 3 SYSTEMPATH/CodeIgniter.php(368): CodeIgniter\CodeIgniter->handleRequest(null, Object(Config\Cache), false)
 4 FCPATH/index.php(67): CodeIgniter\CodeIgniter->run()
CRITICAL - 2025-07-02 12:52:17 --> Trying to access array offset on value of type null
in APPPATH/Controllers/Orders.php on line 2080.
 1 APPPATH/Controllers/Orders.php(2080): CodeIgniter\Debug\Exceptions->errorHandler()
 2 SYSTEMPATH/CodeIgniter.php(934): App\Controllers\Orders->save_order()
 3 SYSTEMPATH/CodeIgniter.php(499): CodeIgniter\CodeIgniter->runController()
 4 SYSTEMPATH/CodeIgniter.php(368): CodeIgniter\CodeIgniter->handleRequest()
 5 FCPATH/index.php(67): CodeIgniter\CodeIgniter->run()
INFO - 2025-07-02 12:52:19 --> Session: Class initialized using 'CodeIgniter\Session\Handlers\FileHandler' driver.
WARNING - 2025-07-02 12:52:19 --> [DEPRECATED] Creation of dynamic property App\Controllers\Orders::$session is deprecated in APPPATH/Controllers/Orders.php on line 34.
 1 SYSTEMPATH/CodeIgniter.php(906): App\Controllers\Orders->__construct()
 2 SYSTEMPATH/CodeIgniter.php(490): CodeIgniter\CodeIgniter->createController()
 3 SYSTEMPATH/CodeIgniter.php(368): CodeIgniter\CodeIgniter->handleRequest(null, Object(Config\Cache), false)
 4 FCPATH/index.php(67): CodeIgniter\CodeIgniter->run()
WARNING - 2025-07-02 12:52:19 --> Session: Sessions is enabled, and one exists. Please don't $session->start();
WARNING - 2025-07-02 12:52:19 --> [DEPRECATED] Creation of dynamic property App\Controllers\Orders::$coupons is deprecated in APPPATH/Controllers/Orders.php on line 38.
 1 SYSTEMPATH/CodeIgniter.php(906): App\Controllers\Orders->__construct()
 2 SYSTEMPATH/CodeIgniter.php(490): CodeIgniter\CodeIgniter->createController()
 3 SYSTEMPATH/CodeIgniter.php(368): CodeIgniter\CodeIgniter->handleRequest(null, Object(Config\Cache), false)
 4 FCPATH/index.php(67): CodeIgniter\CodeIgniter->run()
WARNING - 2025-07-02 12:52:19 --> [DEPRECATED] Creation of dynamic property App\Controllers\Orders::$faqs is deprecated in APPPATH/Controllers/Orders.php on line 39.
 1 SYSTEMPATH/CodeIgniter.php(906): App\Controllers\Orders->__construct()
 2 SYSTEMPATH/CodeIgniter.php(490): CodeIgniter\CodeIgniter->createController()
 3 SYSTEMPATH/CodeIgniter.php(368): CodeIgniter\CodeIgniter->handleRequest(null, Object(Config\Cache), false)
 4 FCPATH/index.php(67): CodeIgniter\CodeIgniter->run()
WARNING - 2025-07-02 12:52:19 --> [DEPRECATED] Creation of dynamic property App\Controllers\Orders::$seo is deprecated in APPPATH/Controllers/Orders.php on line 40.
 1 SYSTEMPATH/CodeIgniter.php(906): App\Controllers\Orders->__construct()
 2 SYSTEMPATH/CodeIgniter.php(490): CodeIgniter\CodeIgniter->createController()
 3 SYSTEMPATH/CodeIgniter.php(368): CodeIgniter\CodeIgniter->handleRequest(null, Object(Config\Cache), false)
 4 FCPATH/index.php(67): CodeIgniter\CodeIgniter->run()
WARNING - 2025-07-02 12:52:19 --> [DEPRECATED] Creation of dynamic property App\Controllers\Orders::$Ordermodel is deprecated in APPPATH/Controllers/Orders.php on line 41.
 1 SYSTEMPATH/CodeIgniter.php(906): App\Controllers\Orders->__construct()
 2 SYSTEMPATH/CodeIgniter.php(490): CodeIgniter\CodeIgniter->createController()
 3 SYSTEMPATH/CodeIgniter.php(368): CodeIgniter\CodeIgniter->handleRequest(null, Object(Config\Cache), false)
 4 FCPATH/index.php(67): CodeIgniter\CodeIgniter->run()
WARNING - 2025-07-02 12:52:19 --> [DEPRECATED] Creation of dynamic property App\Controllers\Orders::$testimonial is deprecated in APPPATH/Controllers/Orders.php on line 42.
 1 SYSTEMPATH/CodeIgniter.php(906): App\Controllers\Orders->__construct()
 2 SYSTEMPATH/CodeIgniter.php(490): CodeIgniter\CodeIgniter->createController()
 3 SYSTEMPATH/CodeIgniter.php(368): CodeIgniter\CodeIgniter->handleRequest(null, Object(Config\Cache), false)
 4 FCPATH/index.php(67): CodeIgniter\CodeIgniter->run()
WARNING - 2025-07-02 12:52:19 --> [DEPRECATED] Creation of dynamic property App\Controllers\Orders::$enquiry is deprecated in APPPATH/Controllers/Orders.php on line 43.
 1 SYSTEMPATH/CodeIgniter.php(906): App\Controllers\Orders->__construct()
 2 SYSTEMPATH/CodeIgniter.php(490): CodeIgniter\CodeIgniter->createController()
 3 SYSTEMPATH/CodeIgniter.php(368): CodeIgniter\CodeIgniter->handleRequest(null, Object(Config\Cache), false)
 4 FCPATH/index.php(67): CodeIgniter\CodeIgniter->run()
WARNING - 2025-07-02 12:52:19 --> [DEPRECATED] Creation of dynamic property App\Controllers\Orders::$product is deprecated in APPPATH/Controllers/Orders.php on line 44.
 1 SYSTEMPATH/CodeIgniter.php(906): App\Controllers\Orders->__construct()
 2 SYSTEMPATH/CodeIgniter.php(490): CodeIgniter\CodeIgniter->createController()
 3 SYSTEMPATH/CodeIgniter.php(368): CodeIgniter\CodeIgniter->handleRequest(null, Object(Config\Cache), false)
 4 FCPATH/index.php(67): CodeIgniter\CodeIgniter->run()
WARNING - 2025-07-02 12:52:19 --> [DEPRECATED] Creation of dynamic property App\Controllers\Orders::$orderitem is deprecated in APPPATH/Controllers/Orders.php on line 45.
 1 SYSTEMPATH/CodeIgniter.php(906): App\Controllers\Orders->__construct()
 2 SYSTEMPATH/CodeIgniter.php(490): CodeIgniter\CodeIgniter->createController()
 3 SYSTEMPATH/CodeIgniter.php(368): CodeIgniter\CodeIgniter->handleRequest(null, Object(Config\Cache), false)
 4 FCPATH/index.php(67): CodeIgniter\CodeIgniter->run()
WARNING - 2025-07-02 12:52:19 --> [DEPRECATED] Creation of dynamic property App\Controllers\Orders::$Ordercomment is deprecated in APPPATH/Controllers/Orders.php on line 46.
 1 SYSTEMPATH/CodeIgniter.php(906): App\Controllers\Orders->__construct()
 2 SYSTEMPATH/CodeIgniter.php(490): CodeIgniter\CodeIgniter->createController()
 3 SYSTEMPATH/CodeIgniter.php(368): CodeIgniter\CodeIgniter->handleRequest(null, Object(Config\Cache), false)
 4 FCPATH/index.php(67): CodeIgniter\CodeIgniter->run()
WARNING - 2025-07-02 12:52:19 --> [DEPRECATED] Creation of dynamic property App\Controllers\Orders::$catagory is deprecated in APPPATH/Controllers/Orders.php on line 47.
 1 SYSTEMPATH/CodeIgniter.php(906): App\Controllers\Orders->__construct()
 2 SYSTEMPATH/CodeIgniter.php(490): CodeIgniter\CodeIgniter->createController()
 3 SYSTEMPATH/CodeIgniter.php(368): CodeIgniter\CodeIgniter->handleRequest(null, Object(Config\Cache), false)
 4 FCPATH/index.php(67): CodeIgniter\CodeIgniter->run()
WARNING - 2025-07-02 12:52:19 --> [DEPRECATED] Creation of dynamic property App\Controllers\Orders::$User is deprecated in APPPATH/Controllers/Orders.php on line 48.
 1 SYSTEMPATH/CodeIgniter.php(906): App\Controllers\Orders->__construct()
 2 SYSTEMPATH/CodeIgniter.php(490): CodeIgniter\CodeIgniter->createController()
 3 SYSTEMPATH/CodeIgniter.php(368): CodeIgniter\CodeIgniter->handleRequest(null, Object(Config\Cache), false)
 4 FCPATH/index.php(67): CodeIgniter\CodeIgniter->run()
WARNING - 2025-07-02 12:52:19 --> [DEPRECATED] Creation of dynamic property App\Controllers\Orders::$shippingmethod is deprecated in APPPATH/Controllers/Orders.php on line 49.
 1 SYSTEMPATH/CodeIgniter.php(906): App\Controllers\Orders->__construct()
 2 SYSTEMPATH/CodeIgniter.php(490): CodeIgniter\CodeIgniter->createController()
 3 SYSTEMPATH/CodeIgniter.php(368): CodeIgniter\CodeIgniter->handleRequest(null, Object(Config\Cache), false)
 4 FCPATH/index.php(67): CodeIgniter\CodeIgniter->run()
WARNING - 2025-07-02 12:52:19 --> [DEPRECATED] Creation of dynamic property App\Controllers\Orders::$shippingrate is deprecated in APPPATH/Controllers/Orders.php on line 50.
 1 SYSTEMPATH/CodeIgniter.php(906): App\Controllers\Orders->__construct()
 2 SYSTEMPATH/CodeIgniter.php(490): CodeIgniter\CodeIgniter->createController()
 3 SYSTEMPATH/CodeIgniter.php(368): CodeIgniter\CodeIgniter->handleRequest(null, Object(Config\Cache), false)
 4 FCPATH/index.php(67): CodeIgniter\CodeIgniter->run()
WARNING - 2025-07-02 12:52:19 --> [DEPRECATED] Creation of dynamic property App\Controllers\Orders::$shippingzone is deprecated in APPPATH/Controllers/Orders.php on line 51.
 1 SYSTEMPATH/CodeIgniter.php(906): App\Controllers\Orders->__construct()
 2 SYSTEMPATH/CodeIgniter.php(490): CodeIgniter\CodeIgniter->createController()
 3 SYSTEMPATH/CodeIgniter.php(368): CodeIgniter\CodeIgniter->handleRequest(null, Object(Config\Cache), false)
 4 FCPATH/index.php(67): CodeIgniter\CodeIgniter->run()
WARNING - 2025-07-02 12:52:19 --> [DEPRECATED] Creation of dynamic property App\Controllers\Orders::$country is deprecated in APPPATH/Controllers/Orders.php on line 52.
 1 SYSTEMPATH/CodeIgniter.php(906): App\Controllers\Orders->__construct()
 2 SYSTEMPATH/CodeIgniter.php(490): CodeIgniter\CodeIgniter->createController()
 3 SYSTEMPATH/CodeIgniter.php(368): CodeIgniter\CodeIgniter->handleRequest(null, Object(Config\Cache), false)
 4 FCPATH/index.php(67): CodeIgniter\CodeIgniter->run()
WARNING - 2025-07-02 12:52:19 --> [DEPRECATED] Creation of dynamic property App\Controllers\Orders::$ChatModel is deprecated in APPPATH/Controllers/Orders.php on line 53.
 1 SYSTEMPATH/CodeIgniter.php(906): App\Controllers\Orders->__construct()
 2 SYSTEMPATH/CodeIgniter.php(490): CodeIgniter\CodeIgniter->createController()
 3 SYSTEMPATH/CodeIgniter.php(368): CodeIgniter\CodeIgniter->handleRequest(null, Object(Config\Cache), false)
 4 FCPATH/index.php(67): CodeIgniter\CodeIgniter->run()
WARNING - 2025-07-02 12:52:19 --> [DEPRECATED] Creation of dynamic property App\Controllers\Orders::$Allsettings is deprecated in APPPATH/Controllers/Orders.php on line 54.
 1 SYSTEMPATH/CodeIgniter.php(906): App\Controllers\Orders->__construct()
 2 SYSTEMPATH/CodeIgniter.php(490): CodeIgniter\CodeIgniter->createController()
 3 SYSTEMPATH/CodeIgniter.php(368): CodeIgniter\CodeIgniter->handleRequest(null, Object(Config\Cache), false)
 4 FCPATH/index.php(67): CodeIgniter\CodeIgniter->run()
WARNING - 2025-07-02 12:52:19 --> [DEPRECATED] Creation of dynamic property App\Controllers\Orders::$ShippingDataModel is deprecated in APPPATH/Controllers/Orders.php on line 55.
 1 SYSTEMPATH/CodeIgniter.php(906): App\Controllers\Orders->__construct()
 2 SYSTEMPATH/CodeIgniter.php(490): CodeIgniter\CodeIgniter->createController()
 3 SYSTEMPATH/CodeIgniter.php(368): CodeIgniter\CodeIgniter->handleRequest(null, Object(Config\Cache), false)
 4 FCPATH/index.php(67): CodeIgniter\CodeIgniter->run()
WARNING - 2025-07-02 12:52:19 --> [DEPRECATED] Creation of dynamic property App\Controllers\Orders::$cityModel is deprecated in APPPATH/Controllers/Orders.php on line 56.
 1 SYSTEMPATH/CodeIgniter.php(906): App\Controllers\Orders->__construct()
 2 SYSTEMPATH/CodeIgniter.php(490): CodeIgniter\CodeIgniter->createController()
 3 SYSTEMPATH/CodeIgniter.php(368): CodeIgniter\CodeIgniter->handleRequest(null, Object(Config\Cache), false)
 4 FCPATH/index.php(67): CodeIgniter\CodeIgniter->run()
WARNING - 2025-07-02 12:52:19 --> [DEPRECATED] Creation of dynamic property App\Controllers\Orders::$stateModel is deprecated in APPPATH/Controllers/Orders.php on line 57.
 1 SYSTEMPATH/CodeIgniter.php(906): App\Controllers\Orders->__construct()
 2 SYSTEMPATH/CodeIgniter.php(490): CodeIgniter\CodeIgniter->createController()
 3 SYSTEMPATH/CodeIgniter.php(368): CodeIgniter\CodeIgniter->handleRequest(null, Object(Config\Cache), false)
 4 FCPATH/index.php(67): CodeIgniter\CodeIgniter->run()
WARNING - 2025-07-02 12:52:19 --> [DEPRECATED] Creation of dynamic property App\Controllers\Orders::$taxModel is deprecated in APPPATH/Controllers/Orders.php on line 58.
 1 SYSTEMPATH/CodeIgniter.php(906): App\Controllers\Orders->__construct()
 2 SYSTEMPATH/CodeIgniter.php(490): CodeIgniter\CodeIgniter->createController()
 3 SYSTEMPATH/CodeIgniter.php(368): CodeIgniter\CodeIgniter->handleRequest(null, Object(Config\Cache), false)
 4 FCPATH/index.php(67): CodeIgniter\CodeIgniter->run()
INFO - 2025-07-02 12:52:20 --> Session: Class initialized using 'CodeIgniter\Session\Handlers\FileHandler' driver.
WARNING - 2025-07-02 12:52:20 --> [DEPRECATED] Creation of dynamic property App\Controllers\Home::$user_model is deprecated in APPPATH/Controllers/Home.php on line 35.
 1 SYSTEMPATH/CodeIgniter.php(906): App\Controllers\Home->__construct()
 2 SYSTEMPATH/CodeIgniter.php(490): CodeIgniter\CodeIgniter->createController()
 3 SYSTEMPATH/CodeIgniter.php(368): CodeIgniter\CodeIgniter->handleRequest(null, Object(Config\Cache), false)
 4 FCPATH/index.php(67): CodeIgniter\CodeIgniter->run()
WARNING - 2025-07-02 12:52:20 --> [DEPRECATED] Creation of dynamic property App\Controllers\Home::$BlogModel is deprecated in APPPATH/Controllers/Home.php on line 43.
 1 SYSTEMPATH/CodeIgniter.php(906): App\Controllers\Home->__construct()
 2 SYSTEMPATH/CodeIgniter.php(490): CodeIgniter\CodeIgniter->createController()
 3 SYSTEMPATH/CodeIgniter.php(368): CodeIgniter\CodeIgniter->handleRequest(null, Object(Config\Cache), false)
 4 FCPATH/index.php(67): CodeIgniter\CodeIgniter->run()
WARNING - 2025-07-02 12:52:20 --> [DEPRECATED] Creation of dynamic property App\Controllers\Home::$EnquiryModel is deprecated in APPPATH/Controllers/Home.php on line 44.
 1 SYSTEMPATH/CodeIgniter.php(906): App\Controllers\Home->__construct()
 2 SYSTEMPATH/CodeIgniter.php(490): CodeIgniter\CodeIgniter->createController()
 3 SYSTEMPATH/CodeIgniter.php(368): CodeIgniter\CodeIgniter->handleRequest(null, Object(Config\Cache), false)
 4 FCPATH/index.php(67): CodeIgniter\CodeIgniter->run()
WARNING - 2025-07-02 12:52:20 --> [DEPRECATED] Creation of dynamic property App\Controllers\Home::$Allsettingsmodel is deprecated in APPPATH/Controllers/Home.php on line 45.
 1 SYSTEMPATH/CodeIgniter.php(906): App\Controllers\Home->__construct()
 2 SYSTEMPATH/CodeIgniter.php(490): CodeIgniter\CodeIgniter->createController()
 3 SYSTEMPATH/CodeIgniter.php(368): CodeIgniter\CodeIgniter->handleRequest(null, Object(Config\Cache), false)
 4 FCPATH/index.php(67): CodeIgniter\CodeIgniter->run()
INFO - 2025-07-02 12:52:24 --> Session: Class initialized using 'CodeIgniter\Session\Handlers\FileHandler' driver.
WARNING - 2025-07-02 12:52:24 --> [DEPRECATED] Creation of dynamic property App\Controllers\Orders::$session is deprecated in APPPATH/Controllers/Orders.php on line 34.
 1 SYSTEMPATH/CodeIgniter.php(906): App\Controllers\Orders->__construct()
 2 SYSTEMPATH/CodeIgniter.php(490): CodeIgniter\CodeIgniter->createController()
 3 SYSTEMPATH/CodeIgniter.php(368): CodeIgniter\CodeIgniter->handleRequest(null, Object(Config\Cache), false)
 4 FCPATH/index.php(67): CodeIgniter\CodeIgniter->run()
WARNING - 2025-07-02 12:52:24 --> Session: Sessions is enabled, and one exists. Please don't $session->start();
WARNING - 2025-07-02 12:52:24 --> [DEPRECATED] Creation of dynamic property App\Controllers\Orders::$coupons is deprecated in APPPATH/Controllers/Orders.php on line 38.
 1 SYSTEMPATH/CodeIgniter.php(906): App\Controllers\Orders->__construct()
 2 SYSTEMPATH/CodeIgniter.php(490): CodeIgniter\CodeIgniter->createController()
 3 SYSTEMPATH/CodeIgniter.php(368): CodeIgniter\CodeIgniter->handleRequest(null, Object(Config\Cache), false)
 4 FCPATH/index.php(67): CodeIgniter\CodeIgniter->run()
WARNING - 2025-07-02 12:52:24 --> [DEPRECATED] Creation of dynamic property App\Controllers\Orders::$faqs is deprecated in APPPATH/Controllers/Orders.php on line 39.
 1 SYSTEMPATH/CodeIgniter.php(906): App\Controllers\Orders->__construct()
 2 SYSTEMPATH/CodeIgniter.php(490): CodeIgniter\CodeIgniter->createController()
 3 SYSTEMPATH/CodeIgniter.php(368): CodeIgniter\CodeIgniter->handleRequest(null, Object(Config\Cache), false)
 4 FCPATH/index.php(67): CodeIgniter\CodeIgniter->run()
WARNING - 2025-07-02 12:52:24 --> [DEPRECATED] Creation of dynamic property App\Controllers\Orders::$seo is deprecated in APPPATH/Controllers/Orders.php on line 40.
 1 SYSTEMPATH/CodeIgniter.php(906): App\Controllers\Orders->__construct()
 2 SYSTEMPATH/CodeIgniter.php(490): CodeIgniter\CodeIgniter->createController()
 3 SYSTEMPATH/CodeIgniter.php(368): CodeIgniter\CodeIgniter->handleRequest(null, Object(Config\Cache), false)
 4 FCPATH/index.php(67): CodeIgniter\CodeIgniter->run()
WARNING - 2025-07-02 12:52:24 --> [DEPRECATED] Creation of dynamic property App\Controllers\Orders::$Ordermodel is deprecated in APPPATH/Controllers/Orders.php on line 41.
 1 SYSTEMPATH/CodeIgniter.php(906): App\Controllers\Orders->__construct()
 2 SYSTEMPATH/CodeIgniter.php(490): CodeIgniter\CodeIgniter->createController()
 3 SYSTEMPATH/CodeIgniter.php(368): CodeIgniter\CodeIgniter->handleRequest(null, Object(Config\Cache), false)
 4 FCPATH/index.php(67): CodeIgniter\CodeIgniter->run()
WARNING - 2025-07-02 12:52:24 --> [DEPRECATED] Creation of dynamic property App\Controllers\Orders::$testimonial is deprecated in APPPATH/Controllers/Orders.php on line 42.
 1 SYSTEMPATH/CodeIgniter.php(906): App\Controllers\Orders->__construct()
 2 SYSTEMPATH/CodeIgniter.php(490): CodeIgniter\CodeIgniter->createController()
 3 SYSTEMPATH/CodeIgniter.php(368): CodeIgniter\CodeIgniter->handleRequest(null, Object(Config\Cache), false)
 4 FCPATH/index.php(67): CodeIgniter\CodeIgniter->run()
WARNING - 2025-07-02 12:52:24 --> [DEPRECATED] Creation of dynamic property App\Controllers\Orders::$enquiry is deprecated in APPPATH/Controllers/Orders.php on line 43.
 1 SYSTEMPATH/CodeIgniter.php(906): App\Controllers\Orders->__construct()
 2 SYSTEMPATH/CodeIgniter.php(490): CodeIgniter\CodeIgniter->createController()
 3 SYSTEMPATH/CodeIgniter.php(368): CodeIgniter\CodeIgniter->handleRequest(null, Object(Config\Cache), false)
 4 FCPATH/index.php(67): CodeIgniter\CodeIgniter->run()
WARNING - 2025-07-02 12:52:24 --> [DEPRECATED] Creation of dynamic property App\Controllers\Orders::$product is deprecated in APPPATH/Controllers/Orders.php on line 44.
 1 SYSTEMPATH/CodeIgniter.php(906): App\Controllers\Orders->__construct()
 2 SYSTEMPATH/CodeIgniter.php(490): CodeIgniter\CodeIgniter->createController()
 3 SYSTEMPATH/CodeIgniter.php(368): CodeIgniter\CodeIgniter->handleRequest(null, Object(Config\Cache), false)
 4 FCPATH/index.php(67): CodeIgniter\CodeIgniter->run()
WARNING - 2025-07-02 12:52:24 --> [DEPRECATED] Creation of dynamic property App\Controllers\Orders::$orderitem is deprecated in APPPATH/Controllers/Orders.php on line 45.
 1 SYSTEMPATH/CodeIgniter.php(906): App\Controllers\Orders->__construct()
 2 SYSTEMPATH/CodeIgniter.php(490): CodeIgniter\CodeIgniter->createController()
 3 SYSTEMPATH/CodeIgniter.php(368): CodeIgniter\CodeIgniter->handleRequest(null, Object(Config\Cache), false)
 4 FCPATH/index.php(67): CodeIgniter\CodeIgniter->run()
WARNING - 2025-07-02 12:52:24 --> [DEPRECATED] Creation of dynamic property App\Controllers\Orders::$Ordercomment is deprecated in APPPATH/Controllers/Orders.php on line 46.
 1 SYSTEMPATH/CodeIgniter.php(906): App\Controllers\Orders->__construct()
 2 SYSTEMPATH/CodeIgniter.php(490): CodeIgniter\CodeIgniter->createController()
 3 SYSTEMPATH/CodeIgniter.php(368): CodeIgniter\CodeIgniter->handleRequest(null, Object(Config\Cache), false)
 4 FCPATH/index.php(67): CodeIgniter\CodeIgniter->run()
WARNING - 2025-07-02 12:52:24 --> [DEPRECATED] Creation of dynamic property App\Controllers\Orders::$catagory is deprecated in APPPATH/Controllers/Orders.php on line 47.
 1 SYSTEMPATH/CodeIgniter.php(906): App\Controllers\Orders->__construct()
 2 SYSTEMPATH/CodeIgniter.php(490): CodeIgniter\CodeIgniter->createController()
 3 SYSTEMPATH/CodeIgniter.php(368): CodeIgniter\CodeIgniter->handleRequest(null, Object(Config\Cache), false)
 4 FCPATH/index.php(67): CodeIgniter\CodeIgniter->run()
WARNING - 2025-07-02 12:52:24 --> [DEPRECATED] Creation of dynamic property App\Controllers\Orders::$User is deprecated in APPPATH/Controllers/Orders.php on line 48.
 1 SYSTEMPATH/CodeIgniter.php(906): App\Controllers\Orders->__construct()
 2 SYSTEMPATH/CodeIgniter.php(490): CodeIgniter\CodeIgniter->createController()
 3 SYSTEMPATH/CodeIgniter.php(368): CodeIgniter\CodeIgniter->handleRequest(null, Object(Config\Cache), false)
 4 FCPATH/index.php(67): CodeIgniter\CodeIgniter->run()
WARNING - 2025-07-02 12:52:24 --> [DEPRECATED] Creation of dynamic property App\Controllers\Orders::$shippingmethod is deprecated in APPPATH/Controllers/Orders.php on line 49.
 1 SYSTEMPATH/CodeIgniter.php(906): App\Controllers\Orders->__construct()
 2 SYSTEMPATH/CodeIgniter.php(490): CodeIgniter\CodeIgniter->createController()
 3 SYSTEMPATH/CodeIgniter.php(368): CodeIgniter\CodeIgniter->handleRequest(null, Object(Config\Cache), false)
 4 FCPATH/index.php(67): CodeIgniter\CodeIgniter->run()
WARNING - 2025-07-02 12:52:24 --> [DEPRECATED] Creation of dynamic property App\Controllers\Orders::$shippingrate is deprecated in APPPATH/Controllers/Orders.php on line 50.
 1 SYSTEMPATH/CodeIgniter.php(906): App\Controllers\Orders->__construct()
 2 SYSTEMPATH/CodeIgniter.php(490): CodeIgniter\CodeIgniter->createController()
 3 SYSTEMPATH/CodeIgniter.php(368): CodeIgniter\CodeIgniter->handleRequest(null, Object(Config\Cache), false)
 4 FCPATH/index.php(67): CodeIgniter\CodeIgniter->run()
WARNING - 2025-07-02 12:52:24 --> [DEPRECATED] Creation of dynamic property App\Controllers\Orders::$shippingzone is deprecated in APPPATH/Controllers/Orders.php on line 51.
 1 SYSTEMPATH/CodeIgniter.php(906): App\Controllers\Orders->__construct()
 2 SYSTEMPATH/CodeIgniter.php(490): CodeIgniter\CodeIgniter->createController()
 3 SYSTEMPATH/CodeIgniter.php(368): CodeIgniter\CodeIgniter->handleRequest(null, Object(Config\Cache), false)
 4 FCPATH/index.php(67): CodeIgniter\CodeIgniter->run()
WARNING - 2025-07-02 12:52:24 --> [DEPRECATED] Creation of dynamic property App\Controllers\Orders::$country is deprecated in APPPATH/Controllers/Orders.php on line 52.
 1 SYSTEMPATH/CodeIgniter.php(906): App\Controllers\Orders->__construct()
 2 SYSTEMPATH/CodeIgniter.php(490): CodeIgniter\CodeIgniter->createController()
 3 SYSTEMPATH/CodeIgniter.php(368): CodeIgniter\CodeIgniter->handleRequest(null, Object(Config\Cache), false)
 4 FCPATH/index.php(67): CodeIgniter\CodeIgniter->run()
WARNING - 2025-07-02 12:52:24 --> [DEPRECATED] Creation of dynamic property App\Controllers\Orders::$ChatModel is deprecated in APPPATH/Controllers/Orders.php on line 53.
 1 SYSTEMPATH/CodeIgniter.php(906): App\Controllers\Orders->__construct()
 2 SYSTEMPATH/CodeIgniter.php(490): CodeIgniter\CodeIgniter->createController()
 3 SYSTEMPATH/CodeIgniter.php(368): CodeIgniter\CodeIgniter->handleRequest(null, Object(Config\Cache), false)
 4 FCPATH/index.php(67): CodeIgniter\CodeIgniter->run()
WARNING - 2025-07-02 12:52:24 --> [DEPRECATED] Creation of dynamic property App\Controllers\Orders::$Allsettings is deprecated in APPPATH/Controllers/Orders.php on line 54.
 1 SYSTEMPATH/CodeIgniter.php(906): App\Controllers\Orders->__construct()
 2 SYSTEMPATH/CodeIgniter.php(490): CodeIgniter\CodeIgniter->createController()
 3 SYSTEMPATH/CodeIgniter.php(368): CodeIgniter\CodeIgniter->handleRequest(null, Object(Config\Cache), false)
 4 FCPATH/index.php(67): CodeIgniter\CodeIgniter->run()
WARNING - 2025-07-02 12:52:24 --> [DEPRECATED] Creation of dynamic property App\Controllers\Orders::$ShippingDataModel is deprecated in APPPATH/Controllers/Orders.php on line 55.
 1 SYSTEMPATH/CodeIgniter.php(906): App\Controllers\Orders->__construct()
 2 SYSTEMPATH/CodeIgniter.php(490): CodeIgniter\CodeIgniter->createController()
 3 SYSTEMPATH/CodeIgniter.php(368): CodeIgniter\CodeIgniter->handleRequest(null, Object(Config\Cache), false)
 4 FCPATH/index.php(67): CodeIgniter\CodeIgniter->run()
WARNING - 2025-07-02 12:52:24 --> [DEPRECATED] Creation of dynamic property App\Controllers\Orders::$cityModel is deprecated in APPPATH/Controllers/Orders.php on line 56.
 1 SYSTEMPATH/CodeIgniter.php(906): App\Controllers\Orders->__construct()
 2 SYSTEMPATH/CodeIgniter.php(490): CodeIgniter\CodeIgniter->createController()
 3 SYSTEMPATH/CodeIgniter.php(368): CodeIgniter\CodeIgniter->handleRequest(null, Object(Config\Cache), false)
 4 FCPATH/index.php(67): CodeIgniter\CodeIgniter->run()
WARNING - 2025-07-02 12:52:24 --> [DEPRECATED] Creation of dynamic property App\Controllers\Orders::$stateModel is deprecated in APPPATH/Controllers/Orders.php on line 57.
 1 SYSTEMPATH/CodeIgniter.php(906): App\Controllers\Orders->__construct()
 2 SYSTEMPATH/CodeIgniter.php(490): CodeIgniter\CodeIgniter->createController()
 3 SYSTEMPATH/CodeIgniter.php(368): CodeIgniter\CodeIgniter->handleRequest(null, Object(Config\Cache), false)
 4 FCPATH/index.php(67): CodeIgniter\CodeIgniter->run()
WARNING - 2025-07-02 12:52:24 --> [DEPRECATED] Creation of dynamic property App\Controllers\Orders::$taxModel is deprecated in APPPATH/Controllers/Orders.php on line 58.
 1 SYSTEMPATH/CodeIgniter.php(906): App\Controllers\Orders->__construct()
 2 SYSTEMPATH/CodeIgniter.php(490): CodeIgniter\CodeIgniter->createController()
 3 SYSTEMPATH/CodeIgniter.php(368): CodeIgniter\CodeIgniter->handleRequest(null, Object(Config\Cache), false)
 4 FCPATH/index.php(67): CodeIgniter\CodeIgniter->run()
INFO - 2025-07-02 12:52:40 --> Session: Class initialized using 'CodeIgniter\Session\Handlers\FileHandler' driver.
WARNING - 2025-07-02 12:52:40 --> [DEPRECATED] Creation of dynamic property App\Controllers\Orders::$session is deprecated in APPPATH/Controllers/Orders.php on line 34.
 1 SYSTEMPATH/CodeIgniter.php(906): App\Controllers\Orders->__construct()
 2 SYSTEMPATH/CodeIgniter.php(490): CodeIgniter\CodeIgniter->createController()
 3 SYSTEMPATH/CodeIgniter.php(368): CodeIgniter\CodeIgniter->handleRequest(null, Object(Config\Cache), false)
 4 FCPATH/index.php(67): CodeIgniter\CodeIgniter->run()
WARNING - 2025-07-02 12:52:40 --> Session: Sessions is enabled, and one exists. Please don't $session->start();
WARNING - 2025-07-02 12:52:40 --> [DEPRECATED] Creation of dynamic property App\Controllers\Orders::$coupons is deprecated in APPPATH/Controllers/Orders.php on line 38.
 1 SYSTEMPATH/CodeIgniter.php(906): App\Controllers\Orders->__construct()
 2 SYSTEMPATH/CodeIgniter.php(490): CodeIgniter\CodeIgniter->createController()
 3 SYSTEMPATH/CodeIgniter.php(368): CodeIgniter\CodeIgniter->handleRequest(null, Object(Config\Cache), false)
 4 FCPATH/index.php(67): CodeIgniter\CodeIgniter->run()
WARNING - 2025-07-02 12:52:40 --> [DEPRECATED] Creation of dynamic property App\Controllers\Orders::$faqs is deprecated in APPPATH/Controllers/Orders.php on line 39.
 1 SYSTEMPATH/CodeIgniter.php(906): App\Controllers\Orders->__construct()
 2 SYSTEMPATH/CodeIgniter.php(490): CodeIgniter\CodeIgniter->createController()
 3 SYSTEMPATH/CodeIgniter.php(368): CodeIgniter\CodeIgniter->handleRequest(null, Object(Config\Cache), false)
 4 FCPATH/index.php(67): CodeIgniter\CodeIgniter->run()
WARNING - 2025-07-02 12:52:40 --> [DEPRECATED] Creation of dynamic property App\Controllers\Orders::$seo is deprecated in APPPATH/Controllers/Orders.php on line 40.
 1 SYSTEMPATH/CodeIgniter.php(906): App\Controllers\Orders->__construct()
 2 SYSTEMPATH/CodeIgniter.php(490): CodeIgniter\CodeIgniter->createController()
 3 SYSTEMPATH/CodeIgniter.php(368): CodeIgniter\CodeIgniter->handleRequest(null, Object(Config\Cache), false)
 4 FCPATH/index.php(67): CodeIgniter\CodeIgniter->run()
WARNING - 2025-07-02 12:52:40 --> [DEPRECATED] Creation of dynamic property App\Controllers\Orders::$Ordermodel is deprecated in APPPATH/Controllers/Orders.php on line 41.
 1 SYSTEMPATH/CodeIgniter.php(906): App\Controllers\Orders->__construct()
 2 SYSTEMPATH/CodeIgniter.php(490): CodeIgniter\CodeIgniter->createController()
 3 SYSTEMPATH/CodeIgniter.php(368): CodeIgniter\CodeIgniter->handleRequest(null, Object(Config\Cache), false)
 4 FCPATH/index.php(67): CodeIgniter\CodeIgniter->run()
WARNING - 2025-07-02 12:52:40 --> [DEPRECATED] Creation of dynamic property App\Controllers\Orders::$testimonial is deprecated in APPPATH/Controllers/Orders.php on line 42.
 1 SYSTEMPATH/CodeIgniter.php(906): App\Controllers\Orders->__construct()
 2 SYSTEMPATH/CodeIgniter.php(490): CodeIgniter\CodeIgniter->createController()
 3 SYSTEMPATH/CodeIgniter.php(368): CodeIgniter\CodeIgniter->handleRequest(null, Object(Config\Cache), false)
 4 FCPATH/index.php(67): CodeIgniter\CodeIgniter->run()
WARNING - 2025-07-02 12:52:40 --> [DEPRECATED] Creation of dynamic property App\Controllers\Orders::$enquiry is deprecated in APPPATH/Controllers/Orders.php on line 43.
 1 SYSTEMPATH/CodeIgniter.php(906): App\Controllers\Orders->__construct()
 2 SYSTEMPATH/CodeIgniter.php(490): CodeIgniter\CodeIgniter->createController()
 3 SYSTEMPATH/CodeIgniter.php(368): CodeIgniter\CodeIgniter->handleRequest(null, Object(Config\Cache), false)
 4 FCPATH/index.php(67): CodeIgniter\CodeIgniter->run()
WARNING - 2025-07-02 12:52:40 --> [DEPRECATED] Creation of dynamic property App\Controllers\Orders::$product is deprecated in APPPATH/Controllers/Orders.php on line 44.
 1 SYSTEMPATH/CodeIgniter.php(906): App\Controllers\Orders->__construct()
 2 SYSTEMPATH/CodeIgniter.php(490): CodeIgniter\CodeIgniter->createController()
 3 SYSTEMPATH/CodeIgniter.php(368): CodeIgniter\CodeIgniter->handleRequest(null, Object(Config\Cache), false)
 4 FCPATH/index.php(67): CodeIgniter\CodeIgniter->run()
WARNING - 2025-07-02 12:52:40 --> [DEPRECATED] Creation of dynamic property App\Controllers\Orders::$orderitem is deprecated in APPPATH/Controllers/Orders.php on line 45.
 1 SYSTEMPATH/CodeIgniter.php(906): App\Controllers\Orders->__construct()
 2 SYSTEMPATH/CodeIgniter.php(490): CodeIgniter\CodeIgniter->createController()
 3 SYSTEMPATH/CodeIgniter.php(368): CodeIgniter\CodeIgniter->handleRequest(null, Object(Config\Cache), false)
 4 FCPATH/index.php(67): CodeIgniter\CodeIgniter->run()
WARNING - 2025-07-02 12:52:40 --> [DEPRECATED] Creation of dynamic property App\Controllers\Orders::$Ordercomment is deprecated in APPPATH/Controllers/Orders.php on line 46.
 1 SYSTEMPATH/CodeIgniter.php(906): App\Controllers\Orders->__construct()
 2 SYSTEMPATH/CodeIgniter.php(490): CodeIgniter\CodeIgniter->createController()
 3 SYSTEMPATH/CodeIgniter.php(368): CodeIgniter\CodeIgniter->handleRequest(null, Object(Config\Cache), false)
 4 FCPATH/index.php(67): CodeIgniter\CodeIgniter->run()
WARNING - 2025-07-02 12:52:40 --> [DEPRECATED] Creation of dynamic property App\Controllers\Orders::$catagory is deprecated in APPPATH/Controllers/Orders.php on line 47.
 1 SYSTEMPATH/CodeIgniter.php(906): App\Controllers\Orders->__construct()
 2 SYSTEMPATH/CodeIgniter.php(490): CodeIgniter\CodeIgniter->createController()
 3 SYSTEMPATH/CodeIgniter.php(368): CodeIgniter\CodeIgniter->handleRequest(null, Object(Config\Cache), false)
 4 FCPATH/index.php(67): CodeIgniter\CodeIgniter->run()
WARNING - 2025-07-02 12:52:40 --> [DEPRECATED] Creation of dynamic property App\Controllers\Orders::$User is deprecated in APPPATH/Controllers/Orders.php on line 48.
 1 SYSTEMPATH/CodeIgniter.php(906): App\Controllers\Orders->__construct()
 2 SYSTEMPATH/CodeIgniter.php(490): CodeIgniter\CodeIgniter->createController()
 3 SYSTEMPATH/CodeIgniter.php(368): CodeIgniter\CodeIgniter->handleRequest(null, Object(Config\Cache), false)
 4 FCPATH/index.php(67): CodeIgniter\CodeIgniter->run()
WARNING - 2025-07-02 12:52:40 --> [DEPRECATED] Creation of dynamic property App\Controllers\Orders::$shippingmethod is deprecated in APPPATH/Controllers/Orders.php on line 49.
 1 SYSTEMPATH/CodeIgniter.php(906): App\Controllers\Orders->__construct()
 2 SYSTEMPATH/CodeIgniter.php(490): CodeIgniter\CodeIgniter->createController()
 3 SYSTEMPATH/CodeIgniter.php(368): CodeIgniter\CodeIgniter->handleRequest(null, Object(Config\Cache), false)
 4 FCPATH/index.php(67): CodeIgniter\CodeIgniter->run()
WARNING - 2025-07-02 12:52:40 --> [DEPRECATED] Creation of dynamic property App\Controllers\Orders::$shippingrate is deprecated in APPPATH/Controllers/Orders.php on line 50.
 1 SYSTEMPATH/CodeIgniter.php(906): App\Controllers\Orders->__construct()
 2 SYSTEMPATH/CodeIgniter.php(490): CodeIgniter\CodeIgniter->createController()
 3 SYSTEMPATH/CodeIgniter.php(368): CodeIgniter\CodeIgniter->handleRequest(null, Object(Config\Cache), false)
 4 FCPATH/index.php(67): CodeIgniter\CodeIgniter->run()
WARNING - 2025-07-02 12:52:40 --> [DEPRECATED] Creation of dynamic property App\Controllers\Orders::$shippingzone is deprecated in APPPATH/Controllers/Orders.php on line 51.
 1 SYSTEMPATH/CodeIgniter.php(906): App\Controllers\Orders->__construct()
 2 SYSTEMPATH/CodeIgniter.php(490): CodeIgniter\CodeIgniter->createController()
 3 SYSTEMPATH/CodeIgniter.php(368): CodeIgniter\CodeIgniter->handleRequest(null, Object(Config\Cache), false)
 4 FCPATH/index.php(67): CodeIgniter\CodeIgniter->run()
WARNING - 2025-07-02 12:52:40 --> [DEPRECATED] Creation of dynamic property App\Controllers\Orders::$country is deprecated in APPPATH/Controllers/Orders.php on line 52.
 1 SYSTEMPATH/CodeIgniter.php(906): App\Controllers\Orders->__construct()
 2 SYSTEMPATH/CodeIgniter.php(490): CodeIgniter\CodeIgniter->createController()
 3 SYSTEMPATH/CodeIgniter.php(368): CodeIgniter\CodeIgniter->handleRequest(null, Object(Config\Cache), false)
 4 FCPATH/index.php(67): CodeIgniter\CodeIgniter->run()
WARNING - 2025-07-02 12:52:40 --> [DEPRECATED] Creation of dynamic property App\Controllers\Orders::$ChatModel is deprecated in APPPATH/Controllers/Orders.php on line 53.
 1 SYSTEMPATH/CodeIgniter.php(906): App\Controllers\Orders->__construct()
 2 SYSTEMPATH/CodeIgniter.php(490): CodeIgniter\CodeIgniter->createController()
 3 SYSTEMPATH/CodeIgniter.php(368): CodeIgniter\CodeIgniter->handleRequest(null, Object(Config\Cache), false)
 4 FCPATH/index.php(67): CodeIgniter\CodeIgniter->run()
WARNING - 2025-07-02 12:52:40 --> [DEPRECATED] Creation of dynamic property App\Controllers\Orders::$Allsettings is deprecated in APPPATH/Controllers/Orders.php on line 54.
 1 SYSTEMPATH/CodeIgniter.php(906): App\Controllers\Orders->__construct()
 2 SYSTEMPATH/CodeIgniter.php(490): CodeIgniter\CodeIgniter->createController()
 3 SYSTEMPATH/CodeIgniter.php(368): CodeIgniter\CodeIgniter->handleRequest(null, Object(Config\Cache), false)
 4 FCPATH/index.php(67): CodeIgniter\CodeIgniter->run()
WARNING - 2025-07-02 12:52:40 --> [DEPRECATED] Creation of dynamic property App\Controllers\Orders::$ShippingDataModel is deprecated in APPPATH/Controllers/Orders.php on line 55.
 1 SYSTEMPATH/CodeIgniter.php(906): App\Controllers\Orders->__construct()
 2 SYSTEMPATH/CodeIgniter.php(490): CodeIgniter\CodeIgniter->createController()
 3 SYSTEMPATH/CodeIgniter.php(368): CodeIgniter\CodeIgniter->handleRequest(null, Object(Config\Cache), false)
 4 FCPATH/index.php(67): CodeIgniter\CodeIgniter->run()
WARNING - 2025-07-02 12:52:40 --> [DEPRECATED] Creation of dynamic property App\Controllers\Orders::$cityModel is deprecated in APPPATH/Controllers/Orders.php on line 56.
 1 SYSTEMPATH/CodeIgniter.php(906): App\Controllers\Orders->__construct()
 2 SYSTEMPATH/CodeIgniter.php(490): CodeIgniter\CodeIgniter->createController()
 3 SYSTEMPATH/CodeIgniter.php(368): CodeIgniter\CodeIgniter->handleRequest(null, Object(Config\Cache), false)
 4 FCPATH/index.php(67): CodeIgniter\CodeIgniter->run()
WARNING - 2025-07-02 12:52:40 --> [DEPRECATED] Creation of dynamic property App\Controllers\Orders::$stateModel is deprecated in APPPATH/Controllers/Orders.php on line 57.
 1 SYSTEMPATH/CodeIgniter.php(906): App\Controllers\Orders->__construct()
 2 SYSTEMPATH/CodeIgniter.php(490): CodeIgniter\CodeIgniter->createController()
 3 SYSTEMPATH/CodeIgniter.php(368): CodeIgniter\CodeIgniter->handleRequest(null, Object(Config\Cache), false)
 4 FCPATH/index.php(67): CodeIgniter\CodeIgniter->run()
WARNING - 2025-07-02 12:52:40 --> [DEPRECATED] Creation of dynamic property App\Controllers\Orders::$taxModel is deprecated in APPPATH/Controllers/Orders.php on line 58.
 1 SYSTEMPATH/CodeIgniter.php(906): App\Controllers\Orders->__construct()
 2 SYSTEMPATH/CodeIgniter.php(490): CodeIgniter\CodeIgniter->createController()
 3 SYSTEMPATH/CodeIgniter.php(368): CodeIgniter\CodeIgniter->handleRequest(null, Object(Config\Cache), false)
 4 FCPATH/index.php(67): CodeIgniter\CodeIgniter->run()
INFO - 2025-07-02 12:52:45 --> Session: Class initialized using 'CodeIgniter\Session\Handlers\FileHandler' driver.
WARNING - 2025-07-02 12:52:45 --> [DEPRECATED] Creation of dynamic property App\Controllers\Orders::$session is deprecated in APPPATH/Controllers/Orders.php on line 34.
 1 SYSTEMPATH/CodeIgniter.php(906): App\Controllers\Orders->__construct()
 2 SYSTEMPATH/CodeIgniter.php(490): CodeIgniter\CodeIgniter->createController()
 3 SYSTEMPATH/CodeIgniter.php(368): CodeIgniter\CodeIgniter->handleRequest(null, Object(Config\Cache), false)
 4 FCPATH/index.php(67): CodeIgniter\CodeIgniter->run()
WARNING - 2025-07-02 12:52:45 --> Session: Sessions is enabled, and one exists. Please don't $session->start();
WARNING - 2025-07-02 12:52:45 --> [DEPRECATED] Creation of dynamic property App\Controllers\Orders::$coupons is deprecated in APPPATH/Controllers/Orders.php on line 38.
 1 SYSTEMPATH/CodeIgniter.php(906): App\Controllers\Orders->__construct()
 2 SYSTEMPATH/CodeIgniter.php(490): CodeIgniter\CodeIgniter->createController()
 3 SYSTEMPATH/CodeIgniter.php(368): CodeIgniter\CodeIgniter->handleRequest(null, Object(Config\Cache), false)
 4 FCPATH/index.php(67): CodeIgniter\CodeIgniter->run()
WARNING - 2025-07-02 12:52:45 --> [DEPRECATED] Creation of dynamic property App\Controllers\Orders::$faqs is deprecated in APPPATH/Controllers/Orders.php on line 39.
 1 SYSTEMPATH/CodeIgniter.php(906): App\Controllers\Orders->__construct()
 2 SYSTEMPATH/CodeIgniter.php(490): CodeIgniter\CodeIgniter->createController()
 3 SYSTEMPATH/CodeIgniter.php(368): CodeIgniter\CodeIgniter->handleRequest(null, Object(Config\Cache), false)
 4 FCPATH/index.php(67): CodeIgniter\CodeIgniter->run()
WARNING - 2025-07-02 12:52:45 --> [DEPRECATED] Creation of dynamic property App\Controllers\Orders::$seo is deprecated in APPPATH/Controllers/Orders.php on line 40.
 1 SYSTEMPATH/CodeIgniter.php(906): App\Controllers\Orders->__construct()
 2 SYSTEMPATH/CodeIgniter.php(490): CodeIgniter\CodeIgniter->createController()
 3 SYSTEMPATH/CodeIgniter.php(368): CodeIgniter\CodeIgniter->handleRequest(null, Object(Config\Cache), false)
 4 FCPATH/index.php(67): CodeIgniter\CodeIgniter->run()
WARNING - 2025-07-02 12:52:45 --> [DEPRECATED] Creation of dynamic property App\Controllers\Orders::$Ordermodel is deprecated in APPPATH/Controllers/Orders.php on line 41.
 1 SYSTEMPATH/CodeIgniter.php(906): App\Controllers\Orders->__construct()
 2 SYSTEMPATH/CodeIgniter.php(490): CodeIgniter\CodeIgniter->createController()
 3 SYSTEMPATH/CodeIgniter.php(368): CodeIgniter\CodeIgniter->handleRequest(null, Object(Config\Cache), false)
 4 FCPATH/index.php(67): CodeIgniter\CodeIgniter->run()
WARNING - 2025-07-02 12:52:45 --> [DEPRECATED] Creation of dynamic property App\Controllers\Orders::$testimonial is deprecated in APPPATH/Controllers/Orders.php on line 42.
 1 SYSTEMPATH/CodeIgniter.php(906): App\Controllers\Orders->__construct()
 2 SYSTEMPATH/CodeIgniter.php(490): CodeIgniter\CodeIgniter->createController()
 3 SYSTEMPATH/CodeIgniter.php(368): CodeIgniter\CodeIgniter->handleRequest(null, Object(Config\Cache), false)
 4 FCPATH/index.php(67): CodeIgniter\CodeIgniter->run()
WARNING - 2025-07-02 12:52:45 --> [DEPRECATED] Creation of dynamic property App\Controllers\Orders::$enquiry is deprecated in APPPATH/Controllers/Orders.php on line 43.
 1 SYSTEMPATH/CodeIgniter.php(906): App\Controllers\Orders->__construct()
 2 SYSTEMPATH/CodeIgniter.php(490): CodeIgniter\CodeIgniter->createController()
 3 SYSTEMPATH/CodeIgniter.php(368): CodeIgniter\CodeIgniter->handleRequest(null, Object(Config\Cache), false)
 4 FCPATH/index.php(67): CodeIgniter\CodeIgniter->run()
WARNING - 2025-07-02 12:52:45 --> [DEPRECATED] Creation of dynamic property App\Controllers\Orders::$product is deprecated in APPPATH/Controllers/Orders.php on line 44.
 1 SYSTEMPATH/CodeIgniter.php(906): App\Controllers\Orders->__construct()
 2 SYSTEMPATH/CodeIgniter.php(490): CodeIgniter\CodeIgniter->createController()
 3 SYSTEMPATH/CodeIgniter.php(368): CodeIgniter\CodeIgniter->handleRequest(null, Object(Config\Cache), false)
 4 FCPATH/index.php(67): CodeIgniter\CodeIgniter->run()
WARNING - 2025-07-02 12:52:45 --> [DEPRECATED] Creation of dynamic property App\Controllers\Orders::$orderitem is deprecated in APPPATH/Controllers/Orders.php on line 45.
 1 SYSTEMPATH/CodeIgniter.php(906): App\Controllers\Orders->__construct()
 2 SYSTEMPATH/CodeIgniter.php(490): CodeIgniter\CodeIgniter->createController()
 3 SYSTEMPATH/CodeIgniter.php(368): CodeIgniter\CodeIgniter->handleRequest(null, Object(Config\Cache), false)
 4 FCPATH/index.php(67): CodeIgniter\CodeIgniter->run()
WARNING - 2025-07-02 12:52:45 --> [DEPRECATED] Creation of dynamic property App\Controllers\Orders::$Ordercomment is deprecated in APPPATH/Controllers/Orders.php on line 46.
 1 SYSTEMPATH/CodeIgniter.php(906): App\Controllers\Orders->__construct()
 2 SYSTEMPATH/CodeIgniter.php(490): CodeIgniter\CodeIgniter->createController()
 3 SYSTEMPATH/CodeIgniter.php(368): CodeIgniter\CodeIgniter->handleRequest(null, Object(Config\Cache), false)
 4 FCPATH/index.php(67): CodeIgniter\CodeIgniter->run()
WARNING - 2025-07-02 12:52:45 --> [DEPRECATED] Creation of dynamic property App\Controllers\Orders::$catagory is deprecated in APPPATH/Controllers/Orders.php on line 47.
 1 SYSTEMPATH/CodeIgniter.php(906): App\Controllers\Orders->__construct()
 2 SYSTEMPATH/CodeIgniter.php(490): CodeIgniter\CodeIgniter->createController()
 3 SYSTEMPATH/CodeIgniter.php(368): CodeIgniter\CodeIgniter->handleRequest(null, Object(Config\Cache), false)
 4 FCPATH/index.php(67): CodeIgniter\CodeIgniter->run()
WARNING - 2025-07-02 12:52:45 --> [DEPRECATED] Creation of dynamic property App\Controllers\Orders::$User is deprecated in APPPATH/Controllers/Orders.php on line 48.
 1 SYSTEMPATH/CodeIgniter.php(906): App\Controllers\Orders->__construct()
 2 SYSTEMPATH/CodeIgniter.php(490): CodeIgniter\CodeIgniter->createController()
 3 SYSTEMPATH/CodeIgniter.php(368): CodeIgniter\CodeIgniter->handleRequest(null, Object(Config\Cache), false)
 4 FCPATH/index.php(67): CodeIgniter\CodeIgniter->run()
WARNING - 2025-07-02 12:52:45 --> [DEPRECATED] Creation of dynamic property App\Controllers\Orders::$shippingmethod is deprecated in APPPATH/Controllers/Orders.php on line 49.
 1 SYSTEMPATH/CodeIgniter.php(906): App\Controllers\Orders->__construct()
 2 SYSTEMPATH/CodeIgniter.php(490): CodeIgniter\CodeIgniter->createController()
 3 SYSTEMPATH/CodeIgniter.php(368): CodeIgniter\CodeIgniter->handleRequest(null, Object(Config\Cache), false)
 4 FCPATH/index.php(67): CodeIgniter\CodeIgniter->run()
WARNING - 2025-07-02 12:52:45 --> [DEPRECATED] Creation of dynamic property App\Controllers\Orders::$shippingrate is deprecated in APPPATH/Controllers/Orders.php on line 50.
 1 SYSTEMPATH/CodeIgniter.php(906): App\Controllers\Orders->__construct()
 2 SYSTEMPATH/CodeIgniter.php(490): CodeIgniter\CodeIgniter->createController()
 3 SYSTEMPATH/CodeIgniter.php(368): CodeIgniter\CodeIgniter->handleRequest(null, Object(Config\Cache), false)
 4 FCPATH/index.php(67): CodeIgniter\CodeIgniter->run()
WARNING - 2025-07-02 12:52:45 --> [DEPRECATED] Creation of dynamic property App\Controllers\Orders::$shippingzone is deprecated in APPPATH/Controllers/Orders.php on line 51.
 1 SYSTEMPATH/CodeIgniter.php(906): App\Controllers\Orders->__construct()
 2 SYSTEMPATH/CodeIgniter.php(490): CodeIgniter\CodeIgniter->createController()
 3 SYSTEMPATH/CodeIgniter.php(368): CodeIgniter\CodeIgniter->handleRequest(null, Object(Config\Cache), false)
 4 FCPATH/index.php(67): CodeIgniter\CodeIgniter->run()
WARNING - 2025-07-02 12:52:45 --> [DEPRECATED] Creation of dynamic property App\Controllers\Orders::$country is deprecated in APPPATH/Controllers/Orders.php on line 52.
 1 SYSTEMPATH/CodeIgniter.php(906): App\Controllers\Orders->__construct()
 2 SYSTEMPATH/CodeIgniter.php(490): CodeIgniter\CodeIgniter->createController()
 3 SYSTEMPATH/CodeIgniter.php(368): CodeIgniter\CodeIgniter->handleRequest(null, Object(Config\Cache), false)
 4 FCPATH/index.php(67): CodeIgniter\CodeIgniter->run()
WARNING - 2025-07-02 12:52:45 --> [DEPRECATED] Creation of dynamic property App\Controllers\Orders::$ChatModel is deprecated in APPPATH/Controllers/Orders.php on line 53.
 1 SYSTEMPATH/CodeIgniter.php(906): App\Controllers\Orders->__construct()
 2 SYSTEMPATH/CodeIgniter.php(490): CodeIgniter\CodeIgniter->createController()
 3 SYSTEMPATH/CodeIgniter.php(368): CodeIgniter\CodeIgniter->handleRequest(null, Object(Config\Cache), false)
 4 FCPATH/index.php(67): CodeIgniter\CodeIgniter->run()
WARNING - 2025-07-02 12:52:45 --> [DEPRECATED] Creation of dynamic property App\Controllers\Orders::$Allsettings is deprecated in APPPATH/Controllers/Orders.php on line 54.
 1 SYSTEMPATH/CodeIgniter.php(906): App\Controllers\Orders->__construct()
 2 SYSTEMPATH/CodeIgniter.php(490): CodeIgniter\CodeIgniter->createController()
 3 SYSTEMPATH/CodeIgniter.php(368): CodeIgniter\CodeIgniter->handleRequest(null, Object(Config\Cache), false)
 4 FCPATH/index.php(67): CodeIgniter\CodeIgniter->run()
WARNING - 2025-07-02 12:52:45 --> [DEPRECATED] Creation of dynamic property App\Controllers\Orders::$ShippingDataModel is deprecated in APPPATH/Controllers/Orders.php on line 55.
 1 SYSTEMPATH/CodeIgniter.php(906): App\Controllers\Orders->__construct()
 2 SYSTEMPATH/CodeIgniter.php(490): CodeIgniter\CodeIgniter->createController()
 3 SYSTEMPATH/CodeIgniter.php(368): CodeIgniter\CodeIgniter->handleRequest(null, Object(Config\Cache), false)
 4 FCPATH/index.php(67): CodeIgniter\CodeIgniter->run()
WARNING - 2025-07-02 12:52:45 --> [DEPRECATED] Creation of dynamic property App\Controllers\Orders::$cityModel is deprecated in APPPATH/Controllers/Orders.php on line 56.
 1 SYSTEMPATH/CodeIgniter.php(906): App\Controllers\Orders->__construct()
 2 SYSTEMPATH/CodeIgniter.php(490): CodeIgniter\CodeIgniter->createController()
 3 SYSTEMPATH/CodeIgniter.php(368): CodeIgniter\CodeIgniter->handleRequest(null, Object(Config\Cache), false)
 4 FCPATH/index.php(67): CodeIgniter\CodeIgniter->run()
WARNING - 2025-07-02 12:52:45 --> [DEPRECATED] Creation of dynamic property App\Controllers\Orders::$stateModel is deprecated in APPPATH/Controllers/Orders.php on line 57.
 1 SYSTEMPATH/CodeIgniter.php(906): App\Controllers\Orders->__construct()
 2 SYSTEMPATH/CodeIgniter.php(490): CodeIgniter\CodeIgniter->createController()
 3 SYSTEMPATH/CodeIgniter.php(368): CodeIgniter\CodeIgniter->handleRequest(null, Object(Config\Cache), false)
 4 FCPATH/index.php(67): CodeIgniter\CodeIgniter->run()
WARNING - 2025-07-02 12:52:45 --> [DEPRECATED] Creation of dynamic property App\Controllers\Orders::$taxModel is deprecated in APPPATH/Controllers/Orders.php on line 58.
 1 SYSTEMPATH/CodeIgniter.php(906): App\Controllers\Orders->__construct()
 2 SYSTEMPATH/CodeIgniter.php(490): CodeIgniter\CodeIgniter->createController()
 3 SYSTEMPATH/CodeIgniter.php(368): CodeIgniter\CodeIgniter->handleRequest(null, Object(Config\Cache), false)
 4 FCPATH/index.php(67): CodeIgniter\CodeIgniter->run()
INFO - 2025-07-02 12:52:46 --> Session: Class initialized using 'CodeIgniter\Session\Handlers\FileHandler' driver.
WARNING - 2025-07-02 12:52:46 --> [DEPRECATED] Creation of dynamic property App\Controllers\Home::$user_model is deprecated in APPPATH/Controllers/Home.php on line 35.
 1 SYSTEMPATH/CodeIgniter.php(906): App\Controllers\Home->__construct()
 2 SYSTEMPATH/CodeIgniter.php(490): CodeIgniter\CodeIgniter->createController()
 3 SYSTEMPATH/CodeIgniter.php(368): CodeIgniter\CodeIgniter->handleRequest(null, Object(Config\Cache), false)
 4 FCPATH/index.php(67): CodeIgniter\CodeIgniter->run()
WARNING - 2025-07-02 12:52:46 --> [DEPRECATED] Creation of dynamic property App\Controllers\Home::$BlogModel is deprecated in APPPATH/Controllers/Home.php on line 43.
 1 SYSTEMPATH/CodeIgniter.php(906): App\Controllers\Home->__construct()
 2 SYSTEMPATH/CodeIgniter.php(490): CodeIgniter\CodeIgniter->createController()
 3 SYSTEMPATH/CodeIgniter.php(368): CodeIgniter\CodeIgniter->handleRequest(null, Object(Config\Cache), false)
 4 FCPATH/index.php(67): CodeIgniter\CodeIgniter->run()
WARNING - 2025-07-02 12:52:46 --> [DEPRECATED] Creation of dynamic property App\Controllers\Home::$EnquiryModel is deprecated in APPPATH/Controllers/Home.php on line 44.
 1 SYSTEMPATH/CodeIgniter.php(906): App\Controllers\Home->__construct()
 2 SYSTEMPATH/CodeIgniter.php(490): CodeIgniter\CodeIgniter->createController()
 3 SYSTEMPATH/CodeIgniter.php(368): CodeIgniter\CodeIgniter->handleRequest(null, Object(Config\Cache), false)
 4 FCPATH/index.php(67): CodeIgniter\CodeIgniter->run()
WARNING - 2025-07-02 12:52:46 --> [DEPRECATED] Creation of dynamic property App\Controllers\Home::$Allsettingsmodel is deprecated in APPPATH/Controllers/Home.php on line 45.
 1 SYSTEMPATH/CodeIgniter.php(906): App\Controllers\Home->__construct()
 2 SYSTEMPATH/CodeIgniter.php(490): CodeIgniter\CodeIgniter->createController()
 3 SYSTEMPATH/CodeIgniter.php(368): CodeIgniter\CodeIgniter->handleRequest(null, Object(Config\Cache), false)
 4 FCPATH/index.php(67): CodeIgniter\CodeIgniter->run()
INFO - 2025-07-02 12:52:47 --> Session: Class initialized using 'CodeIgniter\Session\Handlers\FileHandler' driver.
WARNING - 2025-07-02 12:52:47 --> [DEPRECATED] Creation of dynamic property App\Controllers\Orders::$session is deprecated in APPPATH/Controllers/Orders.php on line 34.
 1 SYSTEMPATH/CodeIgniter.php(906): App\Controllers\Orders->__construct()
 2 SYSTEMPATH/CodeIgniter.php(490): CodeIgniter\CodeIgniter->createController()
 3 SYSTEMPATH/CodeIgniter.php(368): CodeIgniter\CodeIgniter->handleRequest(null, Object(Config\Cache), false)
 4 FCPATH/index.php(67): CodeIgniter\CodeIgniter->run()
WARNING - 2025-07-02 12:52:47 --> Session: Sessions is enabled, and one exists. Please don't $session->start();
WARNING - 2025-07-02 12:52:47 --> [DEPRECATED] Creation of dynamic property App\Controllers\Orders::$coupons is deprecated in APPPATH/Controllers/Orders.php on line 38.
 1 SYSTEMPATH/CodeIgniter.php(906): App\Controllers\Orders->__construct()
 2 SYSTEMPATH/CodeIgniter.php(490): CodeIgniter\CodeIgniter->createController()
 3 SYSTEMPATH/CodeIgniter.php(368): CodeIgniter\CodeIgniter->handleRequest(null, Object(Config\Cache), false)
 4 FCPATH/index.php(67): CodeIgniter\CodeIgniter->run()
WARNING - 2025-07-02 12:52:47 --> [DEPRECATED] Creation of dynamic property App\Controllers\Orders::$faqs is deprecated in APPPATH/Controllers/Orders.php on line 39.
 1 SYSTEMPATH/CodeIgniter.php(906): App\Controllers\Orders->__construct()
 2 SYSTEMPATH/CodeIgniter.php(490): CodeIgniter\CodeIgniter->createController()
 3 SYSTEMPATH/CodeIgniter.php(368): CodeIgniter\CodeIgniter->handleRequest(null, Object(Config\Cache), false)
 4 FCPATH/index.php(67): CodeIgniter\CodeIgniter->run()
WARNING - 2025-07-02 12:52:47 --> [DEPRECATED] Creation of dynamic property App\Controllers\Orders::$seo is deprecated in APPPATH/Controllers/Orders.php on line 40.
 1 SYSTEMPATH/CodeIgniter.php(906): App\Controllers\Orders->__construct()
 2 SYSTEMPATH/CodeIgniter.php(490): CodeIgniter\CodeIgniter->createController()
 3 SYSTEMPATH/CodeIgniter.php(368): CodeIgniter\CodeIgniter->handleRequest(null, Object(Config\Cache), false)
 4 FCPATH/index.php(67): CodeIgniter\CodeIgniter->run()
WARNING - 2025-07-02 12:52:47 --> [DEPRECATED] Creation of dynamic property App\Controllers\Orders::$Ordermodel is deprecated in APPPATH/Controllers/Orders.php on line 41.
 1 SYSTEMPATH/CodeIgniter.php(906): App\Controllers\Orders->__construct()
 2 SYSTEMPATH/CodeIgniter.php(490): CodeIgniter\CodeIgniter->createController()
 3 SYSTEMPATH/CodeIgniter.php(368): CodeIgniter\CodeIgniter->handleRequest(null, Object(Config\Cache), false)
 4 FCPATH/index.php(67): CodeIgniter\CodeIgniter->run()
WARNING - 2025-07-02 12:52:47 --> [DEPRECATED] Creation of dynamic property App\Controllers\Orders::$testimonial is deprecated in APPPATH/Controllers/Orders.php on line 42.
 1 SYSTEMPATH/CodeIgniter.php(906): App\Controllers\Orders->__construct()
 2 SYSTEMPATH/CodeIgniter.php(490): CodeIgniter\CodeIgniter->createController()
 3 SYSTEMPATH/CodeIgniter.php(368): CodeIgniter\CodeIgniter->handleRequest(null, Object(Config\Cache), false)
 4 FCPATH/index.php(67): CodeIgniter\CodeIgniter->run()
WARNING - 2025-07-02 12:52:47 --> [DEPRECATED] Creation of dynamic property App\Controllers\Orders::$enquiry is deprecated in APPPATH/Controllers/Orders.php on line 43.
 1 SYSTEMPATH/CodeIgniter.php(906): App\Controllers\Orders->__construct()
 2 SYSTEMPATH/CodeIgniter.php(490): CodeIgniter\CodeIgniter->createController()
 3 SYSTEMPATH/CodeIgniter.php(368): CodeIgniter\CodeIgniter->handleRequest(null, Object(Config\Cache), false)
 4 FCPATH/index.php(67): CodeIgniter\CodeIgniter->run()
WARNING - 2025-07-02 12:52:47 --> [DEPRECATED] Creation of dynamic property App\Controllers\Orders::$product is deprecated in APPPATH/Controllers/Orders.php on line 44.
 1 SYSTEMPATH/CodeIgniter.php(906): App\Controllers\Orders->__construct()
 2 SYSTEMPATH/CodeIgniter.php(490): CodeIgniter\CodeIgniter->createController()
 3 SYSTEMPATH/CodeIgniter.php(368): CodeIgniter\CodeIgniter->handleRequest(null, Object(Config\Cache), false)
 4 FCPATH/index.php(67): CodeIgniter\CodeIgniter->run()
WARNING - 2025-07-02 12:52:47 --> [DEPRECATED] Creation of dynamic property App\Controllers\Orders::$orderitem is deprecated in APPPATH/Controllers/Orders.php on line 45.
 1 SYSTEMPATH/CodeIgniter.php(906): App\Controllers\Orders->__construct()
 2 SYSTEMPATH/CodeIgniter.php(490): CodeIgniter\CodeIgniter->createController()
 3 SYSTEMPATH/CodeIgniter.php(368): CodeIgniter\CodeIgniter->handleRequest(null, Object(Config\Cache), false)
 4 FCPATH/index.php(67): CodeIgniter\CodeIgniter->run()
WARNING - 2025-07-02 12:52:47 --> [DEPRECATED] Creation of dynamic property App\Controllers\Orders::$Ordercomment is deprecated in APPPATH/Controllers/Orders.php on line 46.
 1 SYSTEMPATH/CodeIgniter.php(906): App\Controllers\Orders->__construct()
 2 SYSTEMPATH/CodeIgniter.php(490): CodeIgniter\CodeIgniter->createController()
 3 SYSTEMPATH/CodeIgniter.php(368): CodeIgniter\CodeIgniter->handleRequest(null, Object(Config\Cache), false)
 4 FCPATH/index.php(67): CodeIgniter\CodeIgniter->run()
WARNING - 2025-07-02 12:52:47 --> [DEPRECATED] Creation of dynamic property App\Controllers\Orders::$catagory is deprecated in APPPATH/Controllers/Orders.php on line 47.
 1 SYSTEMPATH/CodeIgniter.php(906): App\Controllers\Orders->__construct()
 2 SYSTEMPATH/CodeIgniter.php(490): CodeIgniter\CodeIgniter->createController()
 3 SYSTEMPATH/CodeIgniter.php(368): CodeIgniter\CodeIgniter->handleRequest(null, Object(Config\Cache), false)
 4 FCPATH/index.php(67): CodeIgniter\CodeIgniter->run()
WARNING - 2025-07-02 12:52:47 --> [DEPRECATED] Creation of dynamic property App\Controllers\Orders::$User is deprecated in APPPATH/Controllers/Orders.php on line 48.
 1 SYSTEMPATH/CodeIgniter.php(906): App\Controllers\Orders->__construct()
 2 SYSTEMPATH/CodeIgniter.php(490): CodeIgniter\CodeIgniter->createController()
 3 SYSTEMPATH/CodeIgniter.php(368): CodeIgniter\CodeIgniter->handleRequest(null, Object(Config\Cache), false)
 4 FCPATH/index.php(67): CodeIgniter\CodeIgniter->run()
WARNING - 2025-07-02 12:52:47 --> [DEPRECATED] Creation of dynamic property App\Controllers\Orders::$shippingmethod is deprecated in APPPATH/Controllers/Orders.php on line 49.
 1 SYSTEMPATH/CodeIgniter.php(906): App\Controllers\Orders->__construct()
 2 SYSTEMPATH/CodeIgniter.php(490): CodeIgniter\CodeIgniter->createController()
 3 SYSTEMPATH/CodeIgniter.php(368): CodeIgniter\CodeIgniter->handleRequest(null, Object(Config\Cache), false)
 4 FCPATH/index.php(67): CodeIgniter\CodeIgniter->run()
WARNING - 2025-07-02 12:52:47 --> [DEPRECATED] Creation of dynamic property App\Controllers\Orders::$shippingrate is deprecated in APPPATH/Controllers/Orders.php on line 50.
 1 SYSTEMPATH/CodeIgniter.php(906): App\Controllers\Orders->__construct()
 2 SYSTEMPATH/CodeIgniter.php(490): CodeIgniter\CodeIgniter->createController()
 3 SYSTEMPATH/CodeIgniter.php(368): CodeIgniter\CodeIgniter->handleRequest(null, Object(Config\Cache), false)
 4 FCPATH/index.php(67): CodeIgniter\CodeIgniter->run()
WARNING - 2025-07-02 12:52:47 --> [DEPRECATED] Creation of dynamic property App\Controllers\Orders::$shippingzone is deprecated in APPPATH/Controllers/Orders.php on line 51.
 1 SYSTEMPATH/CodeIgniter.php(906): App\Controllers\Orders->__construct()
 2 SYSTEMPATH/CodeIgniter.php(490): CodeIgniter\CodeIgniter->createController()
 3 SYSTEMPATH/CodeIgniter.php(368): CodeIgniter\CodeIgniter->handleRequest(null, Object(Config\Cache), false)
 4 FCPATH/index.php(67): CodeIgniter\CodeIgniter->run()
WARNING - 2025-07-02 12:52:47 --> [DEPRECATED] Creation of dynamic property App\Controllers\Orders::$country is deprecated in APPPATH/Controllers/Orders.php on line 52.
 1 SYSTEMPATH/CodeIgniter.php(906): App\Controllers\Orders->__construct()
 2 SYSTEMPATH/CodeIgniter.php(490): CodeIgniter\CodeIgniter->createController()
 3 SYSTEMPATH/CodeIgniter.php(368): CodeIgniter\CodeIgniter->handleRequest(null, Object(Config\Cache), false)
 4 FCPATH/index.php(67): CodeIgniter\CodeIgniter->run()
WARNING - 2025-07-02 12:52:47 --> [DEPRECATED] Creation of dynamic property App\Controllers\Orders::$ChatModel is deprecated in APPPATH/Controllers/Orders.php on line 53.
 1 SYSTEMPATH/CodeIgniter.php(906): App\Controllers\Orders->__construct()
 2 SYSTEMPATH/CodeIgniter.php(490): CodeIgniter\CodeIgniter->createController()
 3 SYSTEMPATH/CodeIgniter.php(368): CodeIgniter\CodeIgniter->handleRequest(null, Object(Config\Cache), false)
 4 FCPATH/index.php(67): CodeIgniter\CodeIgniter->run()
WARNING - 2025-07-02 12:52:47 --> [DEPRECATED] Creation of dynamic property App\Controllers\Orders::$Allsettings is deprecated in APPPATH/Controllers/Orders.php on line 54.
 1 SYSTEMPATH/CodeIgniter.php(906): App\Controllers\Orders->__construct()
 2 SYSTEMPATH/CodeIgniter.php(490): CodeIgniter\CodeIgniter->createController()
 3 SYSTEMPATH/CodeIgniter.php(368): CodeIgniter\CodeIgniter->handleRequest(null, Object(Config\Cache), false)
 4 FCPATH/index.php(67): CodeIgniter\CodeIgniter->run()
WARNING - 2025-07-02 12:52:47 --> [DEPRECATED] Creation of dynamic property App\Controllers\Orders::$ShippingDataModel is deprecated in APPPATH/Controllers/Orders.php on line 55.
 1 SYSTEMPATH/CodeIgniter.php(906): App\Controllers\Orders->__construct()
 2 SYSTEMPATH/CodeIgniter.php(490): CodeIgniter\CodeIgniter->createController()
 3 SYSTEMPATH/CodeIgniter.php(368): CodeIgniter\CodeIgniter->handleRequest(null, Object(Config\Cache), false)
 4 FCPATH/index.php(67): CodeIgniter\CodeIgniter->run()
WARNING - 2025-07-02 12:52:47 --> [DEPRECATED] Creation of dynamic property App\Controllers\Orders::$cityModel is deprecated in APPPATH/Controllers/Orders.php on line 56.
 1 SYSTEMPATH/CodeIgniter.php(906): App\Controllers\Orders->__construct()
 2 SYSTEMPATH/CodeIgniter.php(490): CodeIgniter\CodeIgniter->createController()
 3 SYSTEMPATH/CodeIgniter.php(368): CodeIgniter\CodeIgniter->handleRequest(null, Object(Config\Cache), false)
 4 FCPATH/index.php(67): CodeIgniter\CodeIgniter->run()
WARNING - 2025-07-02 12:52:47 --> [DEPRECATED] Creation of dynamic property App\Controllers\Orders::$stateModel is deprecated in APPPATH/Controllers/Orders.php on line 57.
 1 SYSTEMPATH/CodeIgniter.php(906): App\Controllers\Orders->__construct()
 2 SYSTEMPATH/CodeIgniter.php(490): CodeIgniter\CodeIgniter->createController()
 3 SYSTEMPATH/CodeIgniter.php(368): CodeIgniter\CodeIgniter->handleRequest(null, Object(Config\Cache), false)
 4 FCPATH/index.php(67): CodeIgniter\CodeIgniter->run()
WARNING - 2025-07-02 12:52:47 --> [DEPRECATED] Creation of dynamic property App\Controllers\Orders::$taxModel is deprecated in APPPATH/Controllers/Orders.php on line 58.
 1 SYSTEMPATH/CodeIgniter.php(906): App\Controllers\Orders->__construct()
 2 SYSTEMPATH/CodeIgniter.php(490): CodeIgniter\CodeIgniter->createController()
 3 SYSTEMPATH/CodeIgniter.php(368): CodeIgniter\CodeIgniter->handleRequest(null, Object(Config\Cache), false)
 4 FCPATH/index.php(67): CodeIgniter\CodeIgniter->run()
INFO - 2025-07-02 12:52:47 --> Session: Class initialized using 'CodeIgniter\Session\Handlers\FileHandler' driver.
WARNING - 2025-07-02 12:52:47 --> [DEPRECATED] Creation of dynamic property App\Controllers\Home::$user_model is deprecated in APPPATH/Controllers/Home.php on line 35.
 1 SYSTEMPATH/CodeIgniter.php(906): App\Controllers\Home->__construct()
 2 SYSTEMPATH/CodeIgniter.php(490): CodeIgniter\CodeIgniter->createController()
 3 SYSTEMPATH/CodeIgniter.php(368): CodeIgniter\CodeIgniter->handleRequest(null, Object(Config\Cache), false)
 4 FCPATH/index.php(67): CodeIgniter\CodeIgniter->run()
WARNING - 2025-07-02 12:52:47 --> [DEPRECATED] Creation of dynamic property App\Controllers\Home::$BlogModel is deprecated in APPPATH/Controllers/Home.php on line 43.
 1 SYSTEMPATH/CodeIgniter.php(906): App\Controllers\Home->__construct()
 2 SYSTEMPATH/CodeIgniter.php(490): CodeIgniter\CodeIgniter->createController()
 3 SYSTEMPATH/CodeIgniter.php(368): CodeIgniter\CodeIgniter->handleRequest(null, Object(Config\Cache), false)
 4 FCPATH/index.php(67): CodeIgniter\CodeIgniter->run()
WARNING - 2025-07-02 12:52:47 --> [DEPRECATED] Creation of dynamic property App\Controllers\Home::$EnquiryModel is deprecated in APPPATH/Controllers/Home.php on line 44.
 1 SYSTEMPATH/CodeIgniter.php(906): App\Controllers\Home->__construct()
 2 SYSTEMPATH/CodeIgniter.php(490): CodeIgniter\CodeIgniter->createController()
 3 SYSTEMPATH/CodeIgniter.php(368): CodeIgniter\CodeIgniter->handleRequest(null, Object(Config\Cache), false)
 4 FCPATH/index.php(67): CodeIgniter\CodeIgniter->run()
WARNING - 2025-07-02 12:52:47 --> [DEPRECATED] Creation of dynamic property App\Controllers\Home::$Allsettingsmodel is deprecated in APPPATH/Controllers/Home.php on line 45.
 1 SYSTEMPATH/CodeIgniter.php(906): App\Controllers\Home->__construct()
 2 SYSTEMPATH/CodeIgniter.php(490): CodeIgniter\CodeIgniter->createController()
 3 SYSTEMPATH/CodeIgniter.php(368): CodeIgniter\CodeIgniter->handleRequest(null, Object(Config\Cache), false)
 4 FCPATH/index.php(67): CodeIgniter\CodeIgniter->run()
INFO - 2025-07-02 12:52:53 --> Session: Class initialized using 'CodeIgniter\Session\Handlers\FileHandler' driver.
WARNING - 2025-07-02 12:52:53 --> [DEPRECATED] Creation of dynamic property App\Controllers\Orders::$session is deprecated in APPPATH/Controllers/Orders.php on line 34.
 1 SYSTEMPATH/CodeIgniter.php(906): App\Controllers\Orders->__construct()
 2 SYSTEMPATH/CodeIgniter.php(490): CodeIgniter\CodeIgniter->createController()
 3 SYSTEMPATH/CodeIgniter.php(368): CodeIgniter\CodeIgniter->handleRequest(null, Object(Config\Cache), false)
 4 FCPATH/index.php(67): CodeIgniter\CodeIgniter->run()
WARNING - 2025-07-02 12:52:53 --> Session: Sessions is enabled, and one exists. Please don't $session->start();
WARNING - 2025-07-02 12:52:53 --> [DEPRECATED] Creation of dynamic property App\Controllers\Orders::$coupons is deprecated in APPPATH/Controllers/Orders.php on line 38.
 1 SYSTEMPATH/CodeIgniter.php(906): App\Controllers\Orders->__construct()
 2 SYSTEMPATH/CodeIgniter.php(490): CodeIgniter\CodeIgniter->createController()
 3 SYSTEMPATH/CodeIgniter.php(368): CodeIgniter\CodeIgniter->handleRequest(null, Object(Config\Cache), false)
 4 FCPATH/index.php(67): CodeIgniter\CodeIgniter->run()
WARNING - 2025-07-02 12:52:53 --> [DEPRECATED] Creation of dynamic property App\Controllers\Orders::$faqs is deprecated in APPPATH/Controllers/Orders.php on line 39.
 1 SYSTEMPATH/CodeIgniter.php(906): App\Controllers\Orders->__construct()
 2 SYSTEMPATH/CodeIgniter.php(490): CodeIgniter\CodeIgniter->createController()
 3 SYSTEMPATH/CodeIgniter.php(368): CodeIgniter\CodeIgniter->handleRequest(null, Object(Config\Cache), false)
 4 FCPATH/index.php(67): CodeIgniter\CodeIgniter->run()
WARNING - 2025-07-02 12:52:53 --> [DEPRECATED] Creation of dynamic property App\Controllers\Orders::$seo is deprecated in APPPATH/Controllers/Orders.php on line 40.
 1 SYSTEMPATH/CodeIgniter.php(906): App\Controllers\Orders->__construct()
 2 SYSTEMPATH/CodeIgniter.php(490): CodeIgniter\CodeIgniter->createController()
 3 SYSTEMPATH/CodeIgniter.php(368): CodeIgniter\CodeIgniter->handleRequest(null, Object(Config\Cache), false)
 4 FCPATH/index.php(67): CodeIgniter\CodeIgniter->run()
WARNING - 2025-07-02 12:52:53 --> [DEPRECATED] Creation of dynamic property App\Controllers\Orders::$Ordermodel is deprecated in APPPATH/Controllers/Orders.php on line 41.
 1 SYSTEMPATH/CodeIgniter.php(906): App\Controllers\Orders->__construct()
 2 SYSTEMPATH/CodeIgniter.php(490): CodeIgniter\CodeIgniter->createController()
 3 SYSTEMPATH/CodeIgniter.php(368): CodeIgniter\CodeIgniter->handleRequest(null, Object(Config\Cache), false)
 4 FCPATH/index.php(67): CodeIgniter\CodeIgniter->run()
WARNING - 2025-07-02 12:52:53 --> [DEPRECATED] Creation of dynamic property App\Controllers\Orders::$testimonial is deprecated in APPPATH/Controllers/Orders.php on line 42.
 1 SYSTEMPATH/CodeIgniter.php(906): App\Controllers\Orders->__construct()
 2 SYSTEMPATH/CodeIgniter.php(490): CodeIgniter\CodeIgniter->createController()
 3 SYSTEMPATH/CodeIgniter.php(368): CodeIgniter\CodeIgniter->handleRequest(null, Object(Config\Cache), false)
 4 FCPATH/index.php(67): CodeIgniter\CodeIgniter->run()
WARNING - 2025-07-02 12:52:53 --> [DEPRECATED] Creation of dynamic property App\Controllers\Orders::$enquiry is deprecated in APPPATH/Controllers/Orders.php on line 43.
 1 SYSTEMPATH/CodeIgniter.php(906): App\Controllers\Orders->__construct()
 2 SYSTEMPATH/CodeIgniter.php(490): CodeIgniter\CodeIgniter->createController()
 3 SYSTEMPATH/CodeIgniter.php(368): CodeIgniter\CodeIgniter->handleRequest(null, Object(Config\Cache), false)
 4 FCPATH/index.php(67): CodeIgniter\CodeIgniter->run()
WARNING - 2025-07-02 12:52:53 --> [DEPRECATED] Creation of dynamic property App\Controllers\Orders::$product is deprecated in APPPATH/Controllers/Orders.php on line 44.
 1 SYSTEMPATH/CodeIgniter.php(906): App\Controllers\Orders->__construct()
 2 SYSTEMPATH/CodeIgniter.php(490): CodeIgniter\CodeIgniter->createController()
 3 SYSTEMPATH/CodeIgniter.php(368): CodeIgniter\CodeIgniter->handleRequest(null, Object(Config\Cache), false)
 4 FCPATH/index.php(67): CodeIgniter\CodeIgniter->run()
WARNING - 2025-07-02 12:52:53 --> [DEPRECATED] Creation of dynamic property App\Controllers\Orders::$orderitem is deprecated in APPPATH/Controllers/Orders.php on line 45.
 1 SYSTEMPATH/CodeIgniter.php(906): App\Controllers\Orders->__construct()
 2 SYSTEMPATH/CodeIgniter.php(490): CodeIgniter\CodeIgniter->createController()
 3 SYSTEMPATH/CodeIgniter.php(368): CodeIgniter\CodeIgniter->handleRequest(null, Object(Config\Cache), false)
 4 FCPATH/index.php(67): CodeIgniter\CodeIgniter->run()
WARNING - 2025-07-02 12:52:53 --> [DEPRECATED] Creation of dynamic property App\Controllers\Orders::$Ordercomment is deprecated in APPPATH/Controllers/Orders.php on line 46.
 1 SYSTEMPATH/CodeIgniter.php(906): App\Controllers\Orders->__construct()
 2 SYSTEMPATH/CodeIgniter.php(490): CodeIgniter\CodeIgniter->createController()
 3 SYSTEMPATH/CodeIgniter.php(368): CodeIgniter\CodeIgniter->handleRequest(null, Object(Config\Cache), false)
 4 FCPATH/index.php(67): CodeIgniter\CodeIgniter->run()
WARNING - 2025-07-02 12:52:53 --> [DEPRECATED] Creation of dynamic property App\Controllers\Orders::$catagory is deprecated in APPPATH/Controllers/Orders.php on line 47.
 1 SYSTEMPATH/CodeIgniter.php(906): App\Controllers\Orders->__construct()
 2 SYSTEMPATH/CodeIgniter.php(490): CodeIgniter\CodeIgniter->createController()
 3 SYSTEMPATH/CodeIgniter.php(368): CodeIgniter\CodeIgniter->handleRequest(null, Object(Config\Cache), false)
 4 FCPATH/index.php(67): CodeIgniter\CodeIgniter->run()
WARNING - 2025-07-02 12:52:53 --> [DEPRECATED] Creation of dynamic property App\Controllers\Orders::$User is deprecated in APPPATH/Controllers/Orders.php on line 48.
 1 SYSTEMPATH/CodeIgniter.php(906): App\Controllers\Orders->__construct()
 2 SYSTEMPATH/CodeIgniter.php(490): CodeIgniter\CodeIgniter->createController()
 3 SYSTEMPATH/CodeIgniter.php(368): CodeIgniter\CodeIgniter->handleRequest(null, Object(Config\Cache), false)
 4 FCPATH/index.php(67): CodeIgniter\CodeIgniter->run()
WARNING - 2025-07-02 12:52:53 --> [DEPRECATED] Creation of dynamic property App\Controllers\Orders::$shippingmethod is deprecated in APPPATH/Controllers/Orders.php on line 49.
 1 SYSTEMPATH/CodeIgniter.php(906): App\Controllers\Orders->__construct()
 2 SYSTEMPATH/CodeIgniter.php(490): CodeIgniter\CodeIgniter->createController()
 3 SYSTEMPATH/CodeIgniter.php(368): CodeIgniter\CodeIgniter->handleRequest(null, Object(Config\Cache), false)
 4 FCPATH/index.php(67): CodeIgniter\CodeIgniter->run()
WARNING - 2025-07-02 12:52:53 --> [DEPRECATED] Creation of dynamic property App\Controllers\Orders::$shippingrate is deprecated in APPPATH/Controllers/Orders.php on line 50.
 1 SYSTEMPATH/CodeIgniter.php(906): App\Controllers\Orders->__construct()
 2 SYSTEMPATH/CodeIgniter.php(490): CodeIgniter\CodeIgniter->createController()
 3 SYSTEMPATH/CodeIgniter.php(368): CodeIgniter\CodeIgniter->handleRequest(null, Object(Config\Cache), false)
 4 FCPATH/index.php(67): CodeIgniter\CodeIgniter->run()
WARNING - 2025-07-02 12:52:53 --> [DEPRECATED] Creation of dynamic property App\Controllers\Orders::$shippingzone is deprecated in APPPATH/Controllers/Orders.php on line 51.
 1 SYSTEMPATH/CodeIgniter.php(906): App\Controllers\Orders->__construct()
 2 SYSTEMPATH/CodeIgniter.php(490): CodeIgniter\CodeIgniter->createController()
 3 SYSTEMPATH/CodeIgniter.php(368): CodeIgniter\CodeIgniter->handleRequest(null, Object(Config\Cache), false)
 4 FCPATH/index.php(67): CodeIgniter\CodeIgniter->run()
WARNING - 2025-07-02 12:52:53 --> [DEPRECATED] Creation of dynamic property App\Controllers\Orders::$country is deprecated in APPPATH/Controllers/Orders.php on line 52.
 1 SYSTEMPATH/CodeIgniter.php(906): App\Controllers\Orders->__construct()
 2 SYSTEMPATH/CodeIgniter.php(490): CodeIgniter\CodeIgniter->createController()
 3 SYSTEMPATH/CodeIgniter.php(368): CodeIgniter\CodeIgniter->handleRequest(null, Object(Config\Cache), false)
 4 FCPATH/index.php(67): CodeIgniter\CodeIgniter->run()
WARNING - 2025-07-02 12:52:53 --> [DEPRECATED] Creation of dynamic property App\Controllers\Orders::$ChatModel is deprecated in APPPATH/Controllers/Orders.php on line 53.
 1 SYSTEMPATH/CodeIgniter.php(906): App\Controllers\Orders->__construct()
 2 SYSTEMPATH/CodeIgniter.php(490): CodeIgniter\CodeIgniter->createController()
 3 SYSTEMPATH/CodeIgniter.php(368): CodeIgniter\CodeIgniter->handleRequest(null, Object(Config\Cache), false)
 4 FCPATH/index.php(67): CodeIgniter\CodeIgniter->run()
WARNING - 2025-07-02 12:52:53 --> [DEPRECATED] Creation of dynamic property App\Controllers\Orders::$Allsettings is deprecated in APPPATH/Controllers/Orders.php on line 54.
 1 SYSTEMPATH/CodeIgniter.php(906): App\Controllers\Orders->__construct()
 2 SYSTEMPATH/CodeIgniter.php(490): CodeIgniter\CodeIgniter->createController()
 3 SYSTEMPATH/CodeIgniter.php(368): CodeIgniter\CodeIgniter->handleRequest(null, Object(Config\Cache), false)
 4 FCPATH/index.php(67): CodeIgniter\CodeIgniter->run()
WARNING - 2025-07-02 12:52:53 --> [DEPRECATED] Creation of dynamic property App\Controllers\Orders::$ShippingDataModel is deprecated in APPPATH/Controllers/Orders.php on line 55.
 1 SYSTEMPATH/CodeIgniter.php(906): App\Controllers\Orders->__construct()
 2 SYSTEMPATH/CodeIgniter.php(490): CodeIgniter\CodeIgniter->createController()
 3 SYSTEMPATH/CodeIgniter.php(368): CodeIgniter\CodeIgniter->handleRequest(null, Object(Config\Cache), false)
 4 FCPATH/index.php(67): CodeIgniter\CodeIgniter->run()
WARNING - 2025-07-02 12:52:53 --> [DEPRECATED] Creation of dynamic property App\Controllers\Orders::$cityModel is deprecated in APPPATH/Controllers/Orders.php on line 56.
 1 SYSTEMPATH/CodeIgniter.php(906): App\Controllers\Orders->__construct()
 2 SYSTEMPATH/CodeIgniter.php(490): CodeIgniter\CodeIgniter->createController()
 3 SYSTEMPATH/CodeIgniter.php(368): CodeIgniter\CodeIgniter->handleRequest(null, Object(Config\Cache), false)
 4 FCPATH/index.php(67): CodeIgniter\CodeIgniter->run()
WARNING - 2025-07-02 12:52:53 --> [DEPRECATED] Creation of dynamic property App\Controllers\Orders::$stateModel is deprecated in APPPATH/Controllers/Orders.php on line 57.
 1 SYSTEMPATH/CodeIgniter.php(906): App\Controllers\Orders->__construct()
 2 SYSTEMPATH/CodeIgniter.php(490): CodeIgniter\CodeIgniter->createController()
 3 SYSTEMPATH/CodeIgniter.php(368): CodeIgniter\CodeIgniter->handleRequest(null, Object(Config\Cache), false)
 4 FCPATH/index.php(67): CodeIgniter\CodeIgniter->run()
WARNING - 2025-07-02 12:52:53 --> [DEPRECATED] Creation of dynamic property App\Controllers\Orders::$taxModel is deprecated in APPPATH/Controllers/Orders.php on line 58.
 1 SYSTEMPATH/CodeIgniter.php(906): App\Controllers\Orders->__construct()
 2 SYSTEMPATH/CodeIgniter.php(490): CodeIgniter\CodeIgniter->createController()
 3 SYSTEMPATH/CodeIgniter.php(368): CodeIgniter\CodeIgniter->handleRequest(null, Object(Config\Cache), false)
 4 FCPATH/index.php(67): CodeIgniter\CodeIgniter->run()
INFO - 2025-07-02 12:53:19 --> Session: Class initialized using 'CodeIgniter\Session\Handlers\FileHandler' driver.
WARNING - 2025-07-02 12:53:19 --> [DEPRECATED] Creation of dynamic property App\Controllers\Orders::$session is deprecated in APPPATH/Controllers/Orders.php on line 34.
 1 SYSTEMPATH/CodeIgniter.php(906): App\Controllers\Orders->__construct()
 2 SYSTEMPATH/CodeIgniter.php(490): CodeIgniter\CodeIgniter->createController()
 3 SYSTEMPATH/CodeIgniter.php(368): CodeIgniter\CodeIgniter->handleRequest(null, Object(Config\Cache), false)
 4 FCPATH/index.php(67): CodeIgniter\CodeIgniter->run()
WARNING - 2025-07-02 12:53:19 --> Session: Sessions is enabled, and one exists. Please don't $session->start();
WARNING - 2025-07-02 12:53:19 --> [DEPRECATED] Creation of dynamic property App\Controllers\Orders::$coupons is deprecated in APPPATH/Controllers/Orders.php on line 38.
 1 SYSTEMPATH/CodeIgniter.php(906): App\Controllers\Orders->__construct()
 2 SYSTEMPATH/CodeIgniter.php(490): CodeIgniter\CodeIgniter->createController()
 3 SYSTEMPATH/CodeIgniter.php(368): CodeIgniter\CodeIgniter->handleRequest(null, Object(Config\Cache), false)
 4 FCPATH/index.php(67): CodeIgniter\CodeIgniter->run()
WARNING - 2025-07-02 12:53:19 --> [DEPRECATED] Creation of dynamic property App\Controllers\Orders::$faqs is deprecated in APPPATH/Controllers/Orders.php on line 39.
 1 SYSTEMPATH/CodeIgniter.php(906): App\Controllers\Orders->__construct()
 2 SYSTEMPATH/CodeIgniter.php(490): CodeIgniter\CodeIgniter->createController()
 3 SYSTEMPATH/CodeIgniter.php(368): CodeIgniter\CodeIgniter->handleRequest(null, Object(Config\Cache), false)
 4 FCPATH/index.php(67): CodeIgniter\CodeIgniter->run()
WARNING - 2025-07-02 12:53:19 --> [DEPRECATED] Creation of dynamic property App\Controllers\Orders::$seo is deprecated in APPPATH/Controllers/Orders.php on line 40.
 1 SYSTEMPATH/CodeIgniter.php(906): App\Controllers\Orders->__construct()
 2 SYSTEMPATH/CodeIgniter.php(490): CodeIgniter\CodeIgniter->createController()
 3 SYSTEMPATH/CodeIgniter.php(368): CodeIgniter\CodeIgniter->handleRequest(null, Object(Config\Cache), false)
 4 FCPATH/index.php(67): CodeIgniter\CodeIgniter->run()
WARNING - 2025-07-02 12:53:19 --> [DEPRECATED] Creation of dynamic property App\Controllers\Orders::$Ordermodel is deprecated in APPPATH/Controllers/Orders.php on line 41.
 1 SYSTEMPATH/CodeIgniter.php(906): App\Controllers\Orders->__construct()
 2 SYSTEMPATH/CodeIgniter.php(490): CodeIgniter\CodeIgniter->createController()
 3 SYSTEMPATH/CodeIgniter.php(368): CodeIgniter\CodeIgniter->handleRequest(null, Object(Config\Cache), false)
 4 FCPATH/index.php(67): CodeIgniter\CodeIgniter->run()
WARNING - 2025-07-02 12:53:19 --> [DEPRECATED] Creation of dynamic property App\Controllers\Orders::$testimonial is deprecated in APPPATH/Controllers/Orders.php on line 42.
 1 SYSTEMPATH/CodeIgniter.php(906): App\Controllers\Orders->__construct()
 2 SYSTEMPATH/CodeIgniter.php(490): CodeIgniter\CodeIgniter->createController()
 3 SYSTEMPATH/CodeIgniter.php(368): CodeIgniter\CodeIgniter->handleRequest(null, Object(Config\Cache), false)
 4 FCPATH/index.php(67): CodeIgniter\CodeIgniter->run()
WARNING - 2025-07-02 12:53:19 --> [DEPRECATED] Creation of dynamic property App\Controllers\Orders::$enquiry is deprecated in APPPATH/Controllers/Orders.php on line 43.
 1 SYSTEMPATH/CodeIgniter.php(906): App\Controllers\Orders->__construct()
 2 SYSTEMPATH/CodeIgniter.php(490): CodeIgniter\CodeIgniter->createController()
 3 SYSTEMPATH/CodeIgniter.php(368): CodeIgniter\CodeIgniter->handleRequest(null, Object(Config\Cache), false)
 4 FCPATH/index.php(67): CodeIgniter\CodeIgniter->run()
WARNING - 2025-07-02 12:53:19 --> [DEPRECATED] Creation of dynamic property App\Controllers\Orders::$product is deprecated in APPPATH/Controllers/Orders.php on line 44.
 1 SYSTEMPATH/CodeIgniter.php(906): App\Controllers\Orders->__construct()
 2 SYSTEMPATH/CodeIgniter.php(490): CodeIgniter\CodeIgniter->createController()
 3 SYSTEMPATH/CodeIgniter.php(368): CodeIgniter\CodeIgniter->handleRequest(null, Object(Config\Cache), false)
 4 FCPATH/index.php(67): CodeIgniter\CodeIgniter->run()
WARNING - 2025-07-02 12:53:19 --> [DEPRECATED] Creation of dynamic property App\Controllers\Orders::$orderitem is deprecated in APPPATH/Controllers/Orders.php on line 45.
 1 SYSTEMPATH/CodeIgniter.php(906): App\Controllers\Orders->__construct()
 2 SYSTEMPATH/CodeIgniter.php(490): CodeIgniter\CodeIgniter->createController()
 3 SYSTEMPATH/CodeIgniter.php(368): CodeIgniter\CodeIgniter->handleRequest(null, Object(Config\Cache), false)
 4 FCPATH/index.php(67): CodeIgniter\CodeIgniter->run()
WARNING - 2025-07-02 12:53:19 --> [DEPRECATED] Creation of dynamic property App\Controllers\Orders::$Ordercomment is deprecated in APPPATH/Controllers/Orders.php on line 46.
 1 SYSTEMPATH/CodeIgniter.php(906): App\Controllers\Orders->__construct()
 2 SYSTEMPATH/CodeIgniter.php(490): CodeIgniter\CodeIgniter->createController()
 3 SYSTEMPATH/CodeIgniter.php(368): CodeIgniter\CodeIgniter->handleRequest(null, Object(Config\Cache), false)
 4 FCPATH/index.php(67): CodeIgniter\CodeIgniter->run()
WARNING - 2025-07-02 12:53:19 --> [DEPRECATED] Creation of dynamic property App\Controllers\Orders::$catagory is deprecated in APPPATH/Controllers/Orders.php on line 47.
 1 SYSTEMPATH/CodeIgniter.php(906): App\Controllers\Orders->__construct()
 2 SYSTEMPATH/CodeIgniter.php(490): CodeIgniter\CodeIgniter->createController()
 3 SYSTEMPATH/CodeIgniter.php(368): CodeIgniter\CodeIgniter->handleRequest(null, Object(Config\Cache), false)
 4 FCPATH/index.php(67): CodeIgniter\CodeIgniter->run()
WARNING - 2025-07-02 12:53:19 --> [DEPRECATED] Creation of dynamic property App\Controllers\Orders::$User is deprecated in APPPATH/Controllers/Orders.php on line 48.
 1 SYSTEMPATH/CodeIgniter.php(906): App\Controllers\Orders->__construct()
 2 SYSTEMPATH/CodeIgniter.php(490): CodeIgniter\CodeIgniter->createController()
 3 SYSTEMPATH/CodeIgniter.php(368): CodeIgniter\CodeIgniter->handleRequest(null, Object(Config\Cache), false)
 4 FCPATH/index.php(67): CodeIgniter\CodeIgniter->run()
WARNING - 2025-07-02 12:53:19 --> [DEPRECATED] Creation of dynamic property App\Controllers\Orders::$shippingmethod is deprecated in APPPATH/Controllers/Orders.php on line 49.
 1 SYSTEMPATH/CodeIgniter.php(906): App\Controllers\Orders->__construct()
 2 SYSTEMPATH/CodeIgniter.php(490): CodeIgniter\CodeIgniter->createController()
 3 SYSTEMPATH/CodeIgniter.php(368): CodeIgniter\CodeIgniter->handleRequest(null, Object(Config\Cache), false)
 4 FCPATH/index.php(67): CodeIgniter\CodeIgniter->run()
WARNING - 2025-07-02 12:53:19 --> [DEPRECATED] Creation of dynamic property App\Controllers\Orders::$shippingrate is deprecated in APPPATH/Controllers/Orders.php on line 50.
 1 SYSTEMPATH/CodeIgniter.php(906): App\Controllers\Orders->__construct()
 2 SYSTEMPATH/CodeIgniter.php(490): CodeIgniter\CodeIgniter->createController()
 3 SYSTEMPATH/CodeIgniter.php(368): CodeIgniter\CodeIgniter->handleRequest(null, Object(Config\Cache), false)
 4 FCPATH/index.php(67): CodeIgniter\CodeIgniter->run()
WARNING - 2025-07-02 12:53:19 --> [DEPRECATED] Creation of dynamic property App\Controllers\Orders::$shippingzone is deprecated in APPPATH/Controllers/Orders.php on line 51.
 1 SYSTEMPATH/CodeIgniter.php(906): App\Controllers\Orders->__construct()
 2 SYSTEMPATH/CodeIgniter.php(490): CodeIgniter\CodeIgniter->createController()
 3 SYSTEMPATH/CodeIgniter.php(368): CodeIgniter\CodeIgniter->handleRequest(null, Object(Config\Cache), false)
 4 FCPATH/index.php(67): CodeIgniter\CodeIgniter->run()
WARNING - 2025-07-02 12:53:19 --> [DEPRECATED] Creation of dynamic property App\Controllers\Orders::$country is deprecated in APPPATH/Controllers/Orders.php on line 52.
 1 SYSTEMPATH/CodeIgniter.php(906): App\Controllers\Orders->__construct()
 2 SYSTEMPATH/CodeIgniter.php(490): CodeIgniter\CodeIgniter->createController()
 3 SYSTEMPATH/CodeIgniter.php(368): CodeIgniter\CodeIgniter->handleRequest(null, Object(Config\Cache), false)
 4 FCPATH/index.php(67): CodeIgniter\CodeIgniter->run()
WARNING - 2025-07-02 12:53:19 --> [DEPRECATED] Creation of dynamic property App\Controllers\Orders::$ChatModel is deprecated in APPPATH/Controllers/Orders.php on line 53.
 1 SYSTEMPATH/CodeIgniter.php(906): App\Controllers\Orders->__construct()
 2 SYSTEMPATH/CodeIgniter.php(490): CodeIgniter\CodeIgniter->createController()
 3 SYSTEMPATH/CodeIgniter.php(368): CodeIgniter\CodeIgniter->handleRequest(null, Object(Config\Cache), false)
 4 FCPATH/index.php(67): CodeIgniter\CodeIgniter->run()
WARNING - 2025-07-02 12:53:19 --> [DEPRECATED] Creation of dynamic property App\Controllers\Orders::$Allsettings is deprecated in APPPATH/Controllers/Orders.php on line 54.
 1 SYSTEMPATH/CodeIgniter.php(906): App\Controllers\Orders->__construct()
 2 SYSTEMPATH/CodeIgniter.php(490): CodeIgniter\CodeIgniter->createController()
 3 SYSTEMPATH/CodeIgniter.php(368): CodeIgniter\CodeIgniter->handleRequest(null, Object(Config\Cache), false)
 4 FCPATH/index.php(67): CodeIgniter\CodeIgniter->run()
WARNING - 2025-07-02 12:53:19 --> [DEPRECATED] Creation of dynamic property App\Controllers\Orders::$ShippingDataModel is deprecated in APPPATH/Controllers/Orders.php on line 55.
 1 SYSTEMPATH/CodeIgniter.php(906): App\Controllers\Orders->__construct()
 2 SYSTEMPATH/CodeIgniter.php(490): CodeIgniter\CodeIgniter->createController()
 3 SYSTEMPATH/CodeIgniter.php(368): CodeIgniter\CodeIgniter->handleRequest(null, Object(Config\Cache), false)
 4 FCPATH/index.php(67): CodeIgniter\CodeIgniter->run()
WARNING - 2025-07-02 12:53:19 --> [DEPRECATED] Creation of dynamic property App\Controllers\Orders::$cityModel is deprecated in APPPATH/Controllers/Orders.php on line 56.
 1 SYSTEMPATH/CodeIgniter.php(906): App\Controllers\Orders->__construct()
 2 SYSTEMPATH/CodeIgniter.php(490): CodeIgniter\CodeIgniter->createController()
 3 SYSTEMPATH/CodeIgniter.php(368): CodeIgniter\CodeIgniter->handleRequest(null, Object(Config\Cache), false)
 4 FCPATH/index.php(67): CodeIgniter\CodeIgniter->run()
WARNING - 2025-07-02 12:53:19 --> [DEPRECATED] Creation of dynamic property App\Controllers\Orders::$stateModel is deprecated in APPPATH/Controllers/Orders.php on line 57.
 1 SYSTEMPATH/CodeIgniter.php(906): App\Controllers\Orders->__construct()
 2 SYSTEMPATH/CodeIgniter.php(490): CodeIgniter\CodeIgniter->createController()
 3 SYSTEMPATH/CodeIgniter.php(368): CodeIgniter\CodeIgniter->handleRequest(null, Object(Config\Cache), false)
 4 FCPATH/index.php(67): CodeIgniter\CodeIgniter->run()
WARNING - 2025-07-02 12:53:19 --> [DEPRECATED] Creation of dynamic property App\Controllers\Orders::$taxModel is deprecated in APPPATH/Controllers/Orders.php on line 58.
 1 SYSTEMPATH/CodeIgniter.php(906): App\Controllers\Orders->__construct()
 2 SYSTEMPATH/CodeIgniter.php(490): CodeIgniter\CodeIgniter->createController()
 3 SYSTEMPATH/CodeIgniter.php(368): CodeIgniter\CodeIgniter->handleRequest(null, Object(Config\Cache), false)
 4 FCPATH/index.php(67): CodeIgniter\CodeIgniter->run()
CRITICAL - 2025-07-02 12:53:19 --> Trying to access array offset on value of type null
in APPPATH/Controllers/Orders.php on line 2080.
 1 APPPATH/Controllers/Orders.php(2080): CodeIgniter\Debug\Exceptions->errorHandler()
 2 SYSTEMPATH/CodeIgniter.php(934): App\Controllers\Orders->save_order()
 3 SYSTEMPATH/CodeIgniter.php(499): CodeIgniter\CodeIgniter->runController()
 4 SYSTEMPATH/CodeIgniter.php(368): CodeIgniter\CodeIgniter->handleRequest()
 5 FCPATH/index.php(67): CodeIgniter\CodeIgniter->run()
INFO - 2025-07-02 12:53:27 --> Session: Class initialized using 'CodeIgniter\Session\Handlers\FileHandler' driver.
WARNING - 2025-07-02 12:53:27 --> [DEPRECATED] Creation of dynamic property App\Controllers\Orders::$session is deprecated in APPPATH/Controllers/Orders.php on line 34.
 1 SYSTEMPATH/CodeIgniter.php(906): App\Controllers\Orders->__construct()
 2 SYSTEMPATH/CodeIgniter.php(490): CodeIgniter\CodeIgniter->createController()
 3 SYSTEMPATH/CodeIgniter.php(368): CodeIgniter\CodeIgniter->handleRequest(null, Object(Config\Cache), false)
 4 FCPATH/index.php(67): CodeIgniter\CodeIgniter->run()
WARNING - 2025-07-02 12:53:27 --> Session: Sessions is enabled, and one exists. Please don't $session->start();
WARNING - 2025-07-02 12:53:27 --> [DEPRECATED] Creation of dynamic property App\Controllers\Orders::$coupons is deprecated in APPPATH/Controllers/Orders.php on line 38.
 1 SYSTEMPATH/CodeIgniter.php(906): App\Controllers\Orders->__construct()
 2 SYSTEMPATH/CodeIgniter.php(490): CodeIgniter\CodeIgniter->createController()
 3 SYSTEMPATH/CodeIgniter.php(368): CodeIgniter\CodeIgniter->handleRequest(null, Object(Config\Cache), false)
 4 FCPATH/index.php(67): CodeIgniter\CodeIgniter->run()
WARNING - 2025-07-02 12:53:27 --> [DEPRECATED] Creation of dynamic property App\Controllers\Orders::$faqs is deprecated in APPPATH/Controllers/Orders.php on line 39.
 1 SYSTEMPATH/CodeIgniter.php(906): App\Controllers\Orders->__construct()
 2 SYSTEMPATH/CodeIgniter.php(490): CodeIgniter\CodeIgniter->createController()
 3 SYSTEMPATH/CodeIgniter.php(368): CodeIgniter\CodeIgniter->handleRequest(null, Object(Config\Cache), false)
 4 FCPATH/index.php(67): CodeIgniter\CodeIgniter->run()
WARNING - 2025-07-02 12:53:27 --> [DEPRECATED] Creation of dynamic property App\Controllers\Orders::$seo is deprecated in APPPATH/Controllers/Orders.php on line 40.
 1 SYSTEMPATH/CodeIgniter.php(906): App\Controllers\Orders->__construct()
 2 SYSTEMPATH/CodeIgniter.php(490): CodeIgniter\CodeIgniter->createController()
 3 SYSTEMPATH/CodeIgniter.php(368): CodeIgniter\CodeIgniter->handleRequest(null, Object(Config\Cache), false)
 4 FCPATH/index.php(67): CodeIgniter\CodeIgniter->run()
WARNING - 2025-07-02 12:53:27 --> [DEPRECATED] Creation of dynamic property App\Controllers\Orders::$Ordermodel is deprecated in APPPATH/Controllers/Orders.php on line 41.
 1 SYSTEMPATH/CodeIgniter.php(906): App\Controllers\Orders->__construct()
 2 SYSTEMPATH/CodeIgniter.php(490): CodeIgniter\CodeIgniter->createController()
 3 SYSTEMPATH/CodeIgniter.php(368): CodeIgniter\CodeIgniter->handleRequest(null, Object(Config\Cache), false)
 4 FCPATH/index.php(67): CodeIgniter\CodeIgniter->run()
WARNING - 2025-07-02 12:53:27 --> [DEPRECATED] Creation of dynamic property App\Controllers\Orders::$testimonial is deprecated in APPPATH/Controllers/Orders.php on line 42.
 1 SYSTEMPATH/CodeIgniter.php(906): App\Controllers\Orders->__construct()
 2 SYSTEMPATH/CodeIgniter.php(490): CodeIgniter\CodeIgniter->createController()
 3 SYSTEMPATH/CodeIgniter.php(368): CodeIgniter\CodeIgniter->handleRequest(null, Object(Config\Cache), false)
 4 FCPATH/index.php(67): CodeIgniter\CodeIgniter->run()
WARNING - 2025-07-02 12:53:27 --> [DEPRECATED] Creation of dynamic property App\Controllers\Orders::$enquiry is deprecated in APPPATH/Controllers/Orders.php on line 43.
 1 SYSTEMPATH/CodeIgniter.php(906): App\Controllers\Orders->__construct()
 2 SYSTEMPATH/CodeIgniter.php(490): CodeIgniter\CodeIgniter->createController()
 3 SYSTEMPATH/CodeIgniter.php(368): CodeIgniter\CodeIgniter->handleRequest(null, Object(Config\Cache), false)
 4 FCPATH/index.php(67): CodeIgniter\CodeIgniter->run()
WARNING - 2025-07-02 12:53:27 --> [DEPRECATED] Creation of dynamic property App\Controllers\Orders::$product is deprecated in APPPATH/Controllers/Orders.php on line 44.
 1 SYSTEMPATH/CodeIgniter.php(906): App\Controllers\Orders->__construct()
 2 SYSTEMPATH/CodeIgniter.php(490): CodeIgniter\CodeIgniter->createController()
 3 SYSTEMPATH/CodeIgniter.php(368): CodeIgniter\CodeIgniter->handleRequest(null, Object(Config\Cache), false)
 4 FCPATH/index.php(67): CodeIgniter\CodeIgniter->run()
WARNING - 2025-07-02 12:53:27 --> [DEPRECATED] Creation of dynamic property App\Controllers\Orders::$orderitem is deprecated in APPPATH/Controllers/Orders.php on line 45.
 1 SYSTEMPATH/CodeIgniter.php(906): App\Controllers\Orders->__construct()
 2 SYSTEMPATH/CodeIgniter.php(490): CodeIgniter\CodeIgniter->createController()
 3 SYSTEMPATH/CodeIgniter.php(368): CodeIgniter\CodeIgniter->handleRequest(null, Object(Config\Cache), false)
 4 FCPATH/index.php(67): CodeIgniter\CodeIgniter->run()
WARNING - 2025-07-02 12:53:27 --> [DEPRECATED] Creation of dynamic property App\Controllers\Orders::$Ordercomment is deprecated in APPPATH/Controllers/Orders.php on line 46.
 1 SYSTEMPATH/CodeIgniter.php(906): App\Controllers\Orders->__construct()
 2 SYSTEMPATH/CodeIgniter.php(490): CodeIgniter\CodeIgniter->createController()
 3 SYSTEMPATH/CodeIgniter.php(368): CodeIgniter\CodeIgniter->handleRequest(null, Object(Config\Cache), false)
 4 FCPATH/index.php(67): CodeIgniter\CodeIgniter->run()
WARNING - 2025-07-02 12:53:27 --> [DEPRECATED] Creation of dynamic property App\Controllers\Orders::$catagory is deprecated in APPPATH/Controllers/Orders.php on line 47.
 1 SYSTEMPATH/CodeIgniter.php(906): App\Controllers\Orders->__construct()
 2 SYSTEMPATH/CodeIgniter.php(490): CodeIgniter\CodeIgniter->createController()
 3 SYSTEMPATH/CodeIgniter.php(368): CodeIgniter\CodeIgniter->handleRequest(null, Object(Config\Cache), false)
 4 FCPATH/index.php(67): CodeIgniter\CodeIgniter->run()
WARNING - 2025-07-02 12:53:27 --> [DEPRECATED] Creation of dynamic property App\Controllers\Orders::$User is deprecated in APPPATH/Controllers/Orders.php on line 48.
 1 SYSTEMPATH/CodeIgniter.php(906): App\Controllers\Orders->__construct()
 2 SYSTEMPATH/CodeIgniter.php(490): CodeIgniter\CodeIgniter->createController()
 3 SYSTEMPATH/CodeIgniter.php(368): CodeIgniter\CodeIgniter->handleRequest(null, Object(Config\Cache), false)
 4 FCPATH/index.php(67): CodeIgniter\CodeIgniter->run()
WARNING - 2025-07-02 12:53:27 --> [DEPRECATED] Creation of dynamic property App\Controllers\Orders::$shippingmethod is deprecated in APPPATH/Controllers/Orders.php on line 49.
 1 SYSTEMPATH/CodeIgniter.php(906): App\Controllers\Orders->__construct()
 2 SYSTEMPATH/CodeIgniter.php(490): CodeIgniter\CodeIgniter->createController()
 3 SYSTEMPATH/CodeIgniter.php(368): CodeIgniter\CodeIgniter->handleRequest(null, Object(Config\Cache), false)
 4 FCPATH/index.php(67): CodeIgniter\CodeIgniter->run()
WARNING - 2025-07-02 12:53:27 --> [DEPRECATED] Creation of dynamic property App\Controllers\Orders::$shippingrate is deprecated in APPPATH/Controllers/Orders.php on line 50.
 1 SYSTEMPATH/CodeIgniter.php(906): App\Controllers\Orders->__construct()
 2 SYSTEMPATH/CodeIgniter.php(490): CodeIgniter\CodeIgniter->createController()
 3 SYSTEMPATH/CodeIgniter.php(368): CodeIgniter\CodeIgniter->handleRequest(null, Object(Config\Cache), false)
 4 FCPATH/index.php(67): CodeIgniter\CodeIgniter->run()
WARNING - 2025-07-02 12:53:27 --> [DEPRECATED] Creation of dynamic property App\Controllers\Orders::$shippingzone is deprecated in APPPATH/Controllers/Orders.php on line 51.
 1 SYSTEMPATH/CodeIgniter.php(906): App\Controllers\Orders->__construct()
 2 SYSTEMPATH/CodeIgniter.php(490): CodeIgniter\CodeIgniter->createController()
 3 SYSTEMPATH/CodeIgniter.php(368): CodeIgniter\CodeIgniter->handleRequest(null, Object(Config\Cache), false)
 4 FCPATH/index.php(67): CodeIgniter\CodeIgniter->run()
WARNING - 2025-07-02 12:53:27 --> [DEPRECATED] Creation of dynamic property App\Controllers\Orders::$country is deprecated in APPPATH/Controllers/Orders.php on line 52.
 1 SYSTEMPATH/CodeIgniter.php(906): App\Controllers\Orders->__construct()
 2 SYSTEMPATH/CodeIgniter.php(490): CodeIgniter\CodeIgniter->createController()
 3 SYSTEMPATH/CodeIgniter.php(368): CodeIgniter\CodeIgniter->handleRequest(null, Object(Config\Cache), false)
 4 FCPATH/index.php(67): CodeIgniter\CodeIgniter->run()
WARNING - 2025-07-02 12:53:27 --> [DEPRECATED] Creation of dynamic property App\Controllers\Orders::$ChatModel is deprecated in APPPATH/Controllers/Orders.php on line 53.
 1 SYSTEMPATH/CodeIgniter.php(906): App\Controllers\Orders->__construct()
 2 SYSTEMPATH/CodeIgniter.php(490): CodeIgniter\CodeIgniter->createController()
 3 SYSTEMPATH/CodeIgniter.php(368): CodeIgniter\CodeIgniter->handleRequest(null, Object(Config\Cache), false)
 4 FCPATH/index.php(67): CodeIgniter\CodeIgniter->run()
WARNING - 2025-07-02 12:53:27 --> [DEPRECATED] Creation of dynamic property App\Controllers\Orders::$Allsettings is deprecated in APPPATH/Controllers/Orders.php on line 54.
 1 SYSTEMPATH/CodeIgniter.php(906): App\Controllers\Orders->__construct()
 2 SYSTEMPATH/CodeIgniter.php(490): CodeIgniter\CodeIgniter->createController()
 3 SYSTEMPATH/CodeIgniter.php(368): CodeIgniter\CodeIgniter->handleRequest(null, Object(Config\Cache), false)
 4 FCPATH/index.php(67): CodeIgniter\CodeIgniter->run()
WARNING - 2025-07-02 12:53:27 --> [DEPRECATED] Creation of dynamic property App\Controllers\Orders::$ShippingDataModel is deprecated in APPPATH/Controllers/Orders.php on line 55.
 1 SYSTEMPATH/CodeIgniter.php(906): App\Controllers\Orders->__construct()
 2 SYSTEMPATH/CodeIgniter.php(490): CodeIgniter\CodeIgniter->createController()
 3 SYSTEMPATH/CodeIgniter.php(368): CodeIgniter\CodeIgniter->handleRequest(null, Object(Config\Cache), false)
 4 FCPATH/index.php(67): CodeIgniter\CodeIgniter->run()
WARNING - 2025-07-02 12:53:27 --> [DEPRECATED] Creation of dynamic property App\Controllers\Orders::$cityModel is deprecated in APPPATH/Controllers/Orders.php on line 56.
 1 SYSTEMPATH/CodeIgniter.php(906): App\Controllers\Orders->__construct()
 2 SYSTEMPATH/CodeIgniter.php(490): CodeIgniter\CodeIgniter->createController()
 3 SYSTEMPATH/CodeIgniter.php(368): CodeIgniter\CodeIgniter->handleRequest(null, Object(Config\Cache), false)
 4 FCPATH/index.php(67): CodeIgniter\CodeIgniter->run()
WARNING - 2025-07-02 12:53:27 --> [DEPRECATED] Creation of dynamic property App\Controllers\Orders::$stateModel is deprecated in APPPATH/Controllers/Orders.php on line 57.
 1 SYSTEMPATH/CodeIgniter.php(906): App\Controllers\Orders->__construct()
 2 SYSTEMPATH/CodeIgniter.php(490): CodeIgniter\CodeIgniter->createController()
 3 SYSTEMPATH/CodeIgniter.php(368): CodeIgniter\CodeIgniter->handleRequest(null, Object(Config\Cache), false)
 4 FCPATH/index.php(67): CodeIgniter\CodeIgniter->run()
WARNING - 2025-07-02 12:53:27 --> [DEPRECATED] Creation of dynamic property App\Controllers\Orders::$taxModel is deprecated in APPPATH/Controllers/Orders.php on line 58.
 1 SYSTEMPATH/CodeIgniter.php(906): App\Controllers\Orders->__construct()
 2 SYSTEMPATH/CodeIgniter.php(490): CodeIgniter\CodeIgniter->createController()
 3 SYSTEMPATH/CodeIgniter.php(368): CodeIgniter\CodeIgniter->handleRequest(null, Object(Config\Cache), false)
 4 FCPATH/index.php(67): CodeIgniter\CodeIgniter->run()
INFO - 2025-07-02 12:53:27 --> Session: Class initialized using 'CodeIgniter\Session\Handlers\FileHandler' driver.
WARNING - 2025-07-02 12:53:27 --> [DEPRECATED] Creation of dynamic property App\Controllers\Home::$user_model is deprecated in APPPATH/Controllers/Home.php on line 35.
 1 SYSTEMPATH/CodeIgniter.php(906): App\Controllers\Home->__construct()
 2 SYSTEMPATH/CodeIgniter.php(490): CodeIgniter\CodeIgniter->createController()
 3 SYSTEMPATH/CodeIgniter.php(368): CodeIgniter\CodeIgniter->handleRequest(null, Object(Config\Cache), false)
 4 FCPATH/index.php(67): CodeIgniter\CodeIgniter->run()
WARNING - 2025-07-02 12:53:27 --> [DEPRECATED] Creation of dynamic property App\Controllers\Home::$BlogModel is deprecated in APPPATH/Controllers/Home.php on line 43.
 1 SYSTEMPATH/CodeIgniter.php(906): App\Controllers\Home->__construct()
 2 SYSTEMPATH/CodeIgniter.php(490): CodeIgniter\CodeIgniter->createController()
 3 SYSTEMPATH/CodeIgniter.php(368): CodeIgniter\CodeIgniter->handleRequest(null, Object(Config\Cache), false)
 4 FCPATH/index.php(67): CodeIgniter\CodeIgniter->run()
WARNING - 2025-07-02 12:53:27 --> [DEPRECATED] Creation of dynamic property App\Controllers\Home::$EnquiryModel is deprecated in APPPATH/Controllers/Home.php on line 44.
 1 SYSTEMPATH/CodeIgniter.php(906): App\Controllers\Home->__construct()
 2 SYSTEMPATH/CodeIgniter.php(490): CodeIgniter\CodeIgniter->createController()
 3 SYSTEMPATH/CodeIgniter.php(368): CodeIgniter\CodeIgniter->handleRequest(null, Object(Config\Cache), false)
 4 FCPATH/index.php(67): CodeIgniter\CodeIgniter->run()
WARNING - 2025-07-02 12:53:27 --> [DEPRECATED] Creation of dynamic property App\Controllers\Home::$Allsettingsmodel is deprecated in APPPATH/Controllers/Home.php on line 45.
 1 SYSTEMPATH/CodeIgniter.php(906): App\Controllers\Home->__construct()
 2 SYSTEMPATH/CodeIgniter.php(490): CodeIgniter\CodeIgniter->createController()
 3 SYSTEMPATH/CodeIgniter.php(368): CodeIgniter\CodeIgniter->handleRequest(null, Object(Config\Cache), false)
 4 FCPATH/index.php(67): CodeIgniter\CodeIgniter->run()
INFO - 2025-07-02 12:54:16 --> Session: Class initialized using 'CodeIgniter\Session\Handlers\FileHandler' driver.
WARNING - 2025-07-02 12:54:16 --> [DEPRECATED] Creation of dynamic property App\Controllers\Orders::$session is deprecated in APPPATH/Controllers/Orders.php on line 34.
 1 SYSTEMPATH/CodeIgniter.php(906): App\Controllers\Orders->__construct()
 2 SYSTEMPATH/CodeIgniter.php(490): CodeIgniter\CodeIgniter->createController()
 3 SYSTEMPATH/CodeIgniter.php(368): CodeIgniter\CodeIgniter->handleRequest(null, Object(Config\Cache), false)
 4 FCPATH/index.php(67): CodeIgniter\CodeIgniter->run()
WARNING - 2025-07-02 12:54:16 --> Session: Sessions is enabled, and one exists. Please don't $session->start();
WARNING - 2025-07-02 12:54:16 --> [DEPRECATED] Creation of dynamic property App\Controllers\Orders::$coupons is deprecated in APPPATH/Controllers/Orders.php on line 38.
 1 SYSTEMPATH/CodeIgniter.php(906): App\Controllers\Orders->__construct()
 2 SYSTEMPATH/CodeIgniter.php(490): CodeIgniter\CodeIgniter->createController()
 3 SYSTEMPATH/CodeIgniter.php(368): CodeIgniter\CodeIgniter->handleRequest(null, Object(Config\Cache), false)
 4 FCPATH/index.php(67): CodeIgniter\CodeIgniter->run()
WARNING - 2025-07-02 12:54:16 --> [DEPRECATED] Creation of dynamic property App\Controllers\Orders::$faqs is deprecated in APPPATH/Controllers/Orders.php on line 39.
 1 SYSTEMPATH/CodeIgniter.php(906): App\Controllers\Orders->__construct()
 2 SYSTEMPATH/CodeIgniter.php(490): CodeIgniter\CodeIgniter->createController()
 3 SYSTEMPATH/CodeIgniter.php(368): CodeIgniter\CodeIgniter->handleRequest(null, Object(Config\Cache), false)
 4 FCPATH/index.php(67): CodeIgniter\CodeIgniter->run()
WARNING - 2025-07-02 12:54:16 --> [DEPRECATED] Creation of dynamic property App\Controllers\Orders::$seo is deprecated in APPPATH/Controllers/Orders.php on line 40.
 1 SYSTEMPATH/CodeIgniter.php(906): App\Controllers\Orders->__construct()
 2 SYSTEMPATH/CodeIgniter.php(490): CodeIgniter\CodeIgniter->createController()
 3 SYSTEMPATH/CodeIgniter.php(368): CodeIgniter\CodeIgniter->handleRequest(null, Object(Config\Cache), false)
 4 FCPATH/index.php(67): CodeIgniter\CodeIgniter->run()
WARNING - 2025-07-02 12:54:16 --> [DEPRECATED] Creation of dynamic property App\Controllers\Orders::$Ordermodel is deprecated in APPPATH/Controllers/Orders.php on line 41.
 1 SYSTEMPATH/CodeIgniter.php(906): App\Controllers\Orders->__construct()
 2 SYSTEMPATH/CodeIgniter.php(490): CodeIgniter\CodeIgniter->createController()
 3 SYSTEMPATH/CodeIgniter.php(368): CodeIgniter\CodeIgniter->handleRequest(null, Object(Config\Cache), false)
 4 FCPATH/index.php(67): CodeIgniter\CodeIgniter->run()
WARNING - 2025-07-02 12:54:16 --> [DEPRECATED] Creation of dynamic property App\Controllers\Orders::$testimonial is deprecated in APPPATH/Controllers/Orders.php on line 42.
 1 SYSTEMPATH/CodeIgniter.php(906): App\Controllers\Orders->__construct()
 2 SYSTEMPATH/CodeIgniter.php(490): CodeIgniter\CodeIgniter->createController()
 3 SYSTEMPATH/CodeIgniter.php(368): CodeIgniter\CodeIgniter->handleRequest(null, Object(Config\Cache), false)
 4 FCPATH/index.php(67): CodeIgniter\CodeIgniter->run()
WARNING - 2025-07-02 12:54:16 --> [DEPRECATED] Creation of dynamic property App\Controllers\Orders::$enquiry is deprecated in APPPATH/Controllers/Orders.php on line 43.
 1 SYSTEMPATH/CodeIgniter.php(906): App\Controllers\Orders->__construct()
 2 SYSTEMPATH/CodeIgniter.php(490): CodeIgniter\CodeIgniter->createController()
 3 SYSTEMPATH/CodeIgniter.php(368): CodeIgniter\CodeIgniter->handleRequest(null, Object(Config\Cache), false)
 4 FCPATH/index.php(67): CodeIgniter\CodeIgniter->run()
WARNING - 2025-07-02 12:54:16 --> [DEPRECATED] Creation of dynamic property App\Controllers\Orders::$product is deprecated in APPPATH/Controllers/Orders.php on line 44.
 1 SYSTEMPATH/CodeIgniter.php(906): App\Controllers\Orders->__construct()
 2 SYSTEMPATH/CodeIgniter.php(490): CodeIgniter\CodeIgniter->createController()
 3 SYSTEMPATH/CodeIgniter.php(368): CodeIgniter\CodeIgniter->handleRequest(null, Object(Config\Cache), false)
 4 FCPATH/index.php(67): CodeIgniter\CodeIgniter->run()
WARNING - 2025-07-02 12:54:16 --> [DEPRECATED] Creation of dynamic property App\Controllers\Orders::$orderitem is deprecated in APPPATH/Controllers/Orders.php on line 45.
 1 SYSTEMPATH/CodeIgniter.php(906): App\Controllers\Orders->__construct()
 2 SYSTEMPATH/CodeIgniter.php(490): CodeIgniter\CodeIgniter->createController()
 3 SYSTEMPATH/CodeIgniter.php(368): CodeIgniter\CodeIgniter->handleRequest(null, Object(Config\Cache), false)
 4 FCPATH/index.php(67): CodeIgniter\CodeIgniter->run()
WARNING - 2025-07-02 12:54:16 --> [DEPRECATED] Creation of dynamic property App\Controllers\Orders::$Ordercomment is deprecated in APPPATH/Controllers/Orders.php on line 46.
 1 SYSTEMPATH/CodeIgniter.php(906): App\Controllers\Orders->__construct()
 2 SYSTEMPATH/CodeIgniter.php(490): CodeIgniter\CodeIgniter->createController()
 3 SYSTEMPATH/CodeIgniter.php(368): CodeIgniter\CodeIgniter->handleRequest(null, Object(Config\Cache), false)
 4 FCPATH/index.php(67): CodeIgniter\CodeIgniter->run()
WARNING - 2025-07-02 12:54:16 --> [DEPRECATED] Creation of dynamic property App\Controllers\Orders::$catagory is deprecated in APPPATH/Controllers/Orders.php on line 47.
 1 SYSTEMPATH/CodeIgniter.php(906): App\Controllers\Orders->__construct()
 2 SYSTEMPATH/CodeIgniter.php(490): CodeIgniter\CodeIgniter->createController()
 3 SYSTEMPATH/CodeIgniter.php(368): CodeIgniter\CodeIgniter->handleRequest(null, Object(Config\Cache), false)
 4 FCPATH/index.php(67): CodeIgniter\CodeIgniter->run()
WARNING - 2025-07-02 12:54:16 --> [DEPRECATED] Creation of dynamic property App\Controllers\Orders::$User is deprecated in APPPATH/Controllers/Orders.php on line 48.
 1 SYSTEMPATH/CodeIgniter.php(906): App\Controllers\Orders->__construct()
 2 SYSTEMPATH/CodeIgniter.php(490): CodeIgniter\CodeIgniter->createController()
 3 SYSTEMPATH/CodeIgniter.php(368): CodeIgniter\CodeIgniter->handleRequest(null, Object(Config\Cache), false)
 4 FCPATH/index.php(67): CodeIgniter\CodeIgniter->run()
WARNING - 2025-07-02 12:54:16 --> [DEPRECATED] Creation of dynamic property App\Controllers\Orders::$shippingmethod is deprecated in APPPATH/Controllers/Orders.php on line 49.
 1 SYSTEMPATH/CodeIgniter.php(906): App\Controllers\Orders->__construct()
 2 SYSTEMPATH/CodeIgniter.php(490): CodeIgniter\CodeIgniter->createController()
 3 SYSTEMPATH/CodeIgniter.php(368): CodeIgniter\CodeIgniter->handleRequest(null, Object(Config\Cache), false)
 4 FCPATH/index.php(67): CodeIgniter\CodeIgniter->run()
WARNING - 2025-07-02 12:54:16 --> [DEPRECATED] Creation of dynamic property App\Controllers\Orders::$shippingrate is deprecated in APPPATH/Controllers/Orders.php on line 50.
 1 SYSTEMPATH/CodeIgniter.php(906): App\Controllers\Orders->__construct()
 2 SYSTEMPATH/CodeIgniter.php(490): CodeIgniter\CodeIgniter->createController()
 3 SYSTEMPATH/CodeIgniter.php(368): CodeIgniter\CodeIgniter->handleRequest(null, Object(Config\Cache), false)
 4 FCPATH/index.php(67): CodeIgniter\CodeIgniter->run()
WARNING - 2025-07-02 12:54:16 --> [DEPRECATED] Creation of dynamic property App\Controllers\Orders::$shippingzone is deprecated in APPPATH/Controllers/Orders.php on line 51.
 1 SYSTEMPATH/CodeIgniter.php(906): App\Controllers\Orders->__construct()
 2 SYSTEMPATH/CodeIgniter.php(490): CodeIgniter\CodeIgniter->createController()
 3 SYSTEMPATH/CodeIgniter.php(368): CodeIgniter\CodeIgniter->handleRequest(null, Object(Config\Cache), false)
 4 FCPATH/index.php(67): CodeIgniter\CodeIgniter->run()
WARNING - 2025-07-02 12:54:16 --> [DEPRECATED] Creation of dynamic property App\Controllers\Orders::$country is deprecated in APPPATH/Controllers/Orders.php on line 52.
 1 SYSTEMPATH/CodeIgniter.php(906): App\Controllers\Orders->__construct()
 2 SYSTEMPATH/CodeIgniter.php(490): CodeIgniter\CodeIgniter->createController()
 3 SYSTEMPATH/CodeIgniter.php(368): CodeIgniter\CodeIgniter->handleRequest(null, Object(Config\Cache), false)
 4 FCPATH/index.php(67): CodeIgniter\CodeIgniter->run()
WARNING - 2025-07-02 12:54:16 --> [DEPRECATED] Creation of dynamic property App\Controllers\Orders::$ChatModel is deprecated in APPPATH/Controllers/Orders.php on line 53.
 1 SYSTEMPATH/CodeIgniter.php(906): App\Controllers\Orders->__construct()
 2 SYSTEMPATH/CodeIgniter.php(490): CodeIgniter\CodeIgniter->createController()
 3 SYSTEMPATH/CodeIgniter.php(368): CodeIgniter\CodeIgniter->handleRequest(null, Object(Config\Cache), false)
 4 FCPATH/index.php(67): CodeIgniter\CodeIgniter->run()
WARNING - 2025-07-02 12:54:16 --> [DEPRECATED] Creation of dynamic property App\Controllers\Orders::$Allsettings is deprecated in APPPATH/Controllers/Orders.php on line 54.
 1 SYSTEMPATH/CodeIgniter.php(906): App\Controllers\Orders->__construct()
 2 SYSTEMPATH/CodeIgniter.php(490): CodeIgniter\CodeIgniter->createController()
 3 SYSTEMPATH/CodeIgniter.php(368): CodeIgniter\CodeIgniter->handleRequest(null, Object(Config\Cache), false)
 4 FCPATH/index.php(67): CodeIgniter\CodeIgniter->run()
WARNING - 2025-07-02 12:54:16 --> [DEPRECATED] Creation of dynamic property App\Controllers\Orders::$ShippingDataModel is deprecated in APPPATH/Controllers/Orders.php on line 55.
 1 SYSTEMPATH/CodeIgniter.php(906): App\Controllers\Orders->__construct()
 2 SYSTEMPATH/CodeIgniter.php(490): CodeIgniter\CodeIgniter->createController()
 3 SYSTEMPATH/CodeIgniter.php(368): CodeIgniter\CodeIgniter->handleRequest(null, Object(Config\Cache), false)
 4 FCPATH/index.php(67): CodeIgniter\CodeIgniter->run()
WARNING - 2025-07-02 12:54:16 --> [DEPRECATED] Creation of dynamic property App\Controllers\Orders::$cityModel is deprecated in APPPATH/Controllers/Orders.php on line 56.
 1 SYSTEMPATH/CodeIgniter.php(906): App\Controllers\Orders->__construct()
 2 SYSTEMPATH/CodeIgniter.php(490): CodeIgniter\CodeIgniter->createController()
 3 SYSTEMPATH/CodeIgniter.php(368): CodeIgniter\CodeIgniter->handleRequest(null, Object(Config\Cache), false)
 4 FCPATH/index.php(67): CodeIgniter\CodeIgniter->run()
WARNING - 2025-07-02 12:54:16 --> [DEPRECATED] Creation of dynamic property App\Controllers\Orders::$stateModel is deprecated in APPPATH/Controllers/Orders.php on line 57.
 1 SYSTEMPATH/CodeIgniter.php(906): App\Controllers\Orders->__construct()
 2 SYSTEMPATH/CodeIgniter.php(490): CodeIgniter\CodeIgniter->createController()
 3 SYSTEMPATH/CodeIgniter.php(368): CodeIgniter\CodeIgniter->handleRequest(null, Object(Config\Cache), false)
 4 FCPATH/index.php(67): CodeIgniter\CodeIgniter->run()
WARNING - 2025-07-02 12:54:16 --> [DEPRECATED] Creation of dynamic property App\Controllers\Orders::$taxModel is deprecated in APPPATH/Controllers/Orders.php on line 58.
 1 SYSTEMPATH/CodeIgniter.php(906): App\Controllers\Orders->__construct()
 2 SYSTEMPATH/CodeIgniter.php(490): CodeIgniter\CodeIgniter->createController()
 3 SYSTEMPATH/CodeIgniter.php(368): CodeIgniter\CodeIgniter->handleRequest(null, Object(Config\Cache), false)
 4 FCPATH/index.php(67): CodeIgniter\CodeIgniter->run()
INFO - 2025-07-02 12:54:22 --> Session: Class initialized using 'CodeIgniter\Session\Handlers\FileHandler' driver.
WARNING - 2025-07-02 12:54:22 --> [DEPRECATED] Creation of dynamic property App\Controllers\Orders::$session is deprecated in APPPATH/Controllers/Orders.php on line 34.
 1 SYSTEMPATH/CodeIgniter.php(906): App\Controllers\Orders->__construct()
 2 SYSTEMPATH/CodeIgniter.php(490): CodeIgniter\CodeIgniter->createController()
 3 SYSTEMPATH/CodeIgniter.php(368): CodeIgniter\CodeIgniter->handleRequest(null, Object(Config\Cache), false)
 4 FCPATH/index.php(67): CodeIgniter\CodeIgniter->run()
WARNING - 2025-07-02 12:54:22 --> Session: Sessions is enabled, and one exists. Please don't $session->start();
WARNING - 2025-07-02 12:54:22 --> [DEPRECATED] Creation of dynamic property App\Controllers\Orders::$coupons is deprecated in APPPATH/Controllers/Orders.php on line 38.
 1 SYSTEMPATH/CodeIgniter.php(906): App\Controllers\Orders->__construct()
 2 SYSTEMPATH/CodeIgniter.php(490): CodeIgniter\CodeIgniter->createController()
 3 SYSTEMPATH/CodeIgniter.php(368): CodeIgniter\CodeIgniter->handleRequest(null, Object(Config\Cache), false)
 4 FCPATH/index.php(67): CodeIgniter\CodeIgniter->run()
WARNING - 2025-07-02 12:54:22 --> [DEPRECATED] Creation of dynamic property App\Controllers\Orders::$faqs is deprecated in APPPATH/Controllers/Orders.php on line 39.
 1 SYSTEMPATH/CodeIgniter.php(906): App\Controllers\Orders->__construct()
 2 SYSTEMPATH/CodeIgniter.php(490): CodeIgniter\CodeIgniter->createController()
 3 SYSTEMPATH/CodeIgniter.php(368): CodeIgniter\CodeIgniter->handleRequest(null, Object(Config\Cache), false)
 4 FCPATH/index.php(67): CodeIgniter\CodeIgniter->run()
WARNING - 2025-07-02 12:54:22 --> [DEPRECATED] Creation of dynamic property App\Controllers\Orders::$seo is deprecated in APPPATH/Controllers/Orders.php on line 40.
 1 SYSTEMPATH/CodeIgniter.php(906): App\Controllers\Orders->__construct()
 2 SYSTEMPATH/CodeIgniter.php(490): CodeIgniter\CodeIgniter->createController()
 3 SYSTEMPATH/CodeIgniter.php(368): CodeIgniter\CodeIgniter->handleRequest(null, Object(Config\Cache), false)
 4 FCPATH/index.php(67): CodeIgniter\CodeIgniter->run()
WARNING - 2025-07-02 12:54:22 --> [DEPRECATED] Creation of dynamic property App\Controllers\Orders::$Ordermodel is deprecated in APPPATH/Controllers/Orders.php on line 41.
 1 SYSTEMPATH/CodeIgniter.php(906): App\Controllers\Orders->__construct()
 2 SYSTEMPATH/CodeIgniter.php(490): CodeIgniter\CodeIgniter->createController()
 3 SYSTEMPATH/CodeIgniter.php(368): CodeIgniter\CodeIgniter->handleRequest(null, Object(Config\Cache), false)
 4 FCPATH/index.php(67): CodeIgniter\CodeIgniter->run()
WARNING - 2025-07-02 12:54:22 --> [DEPRECATED] Creation of dynamic property App\Controllers\Orders::$testimonial is deprecated in APPPATH/Controllers/Orders.php on line 42.
 1 SYSTEMPATH/CodeIgniter.php(906): App\Controllers\Orders->__construct()
 2 SYSTEMPATH/CodeIgniter.php(490): CodeIgniter\CodeIgniter->createController()
 3 SYSTEMPATH/CodeIgniter.php(368): CodeIgniter\CodeIgniter->handleRequest(null, Object(Config\Cache), false)
 4 FCPATH/index.php(67): CodeIgniter\CodeIgniter->run()
WARNING - 2025-07-02 12:54:22 --> [DEPRECATED] Creation of dynamic property App\Controllers\Orders::$enquiry is deprecated in APPPATH/Controllers/Orders.php on line 43.
 1 SYSTEMPATH/CodeIgniter.php(906): App\Controllers\Orders->__construct()
 2 SYSTEMPATH/CodeIgniter.php(490): CodeIgniter\CodeIgniter->createController()
 3 SYSTEMPATH/CodeIgniter.php(368): CodeIgniter\CodeIgniter->handleRequest(null, Object(Config\Cache), false)
 4 FCPATH/index.php(67): CodeIgniter\CodeIgniter->run()
WARNING - 2025-07-02 12:54:22 --> [DEPRECATED] Creation of dynamic property App\Controllers\Orders::$product is deprecated in APPPATH/Controllers/Orders.php on line 44.
 1 SYSTEMPATH/CodeIgniter.php(906): App\Controllers\Orders->__construct()
 2 SYSTEMPATH/CodeIgniter.php(490): CodeIgniter\CodeIgniter->createController()
 3 SYSTEMPATH/CodeIgniter.php(368): CodeIgniter\CodeIgniter->handleRequest(null, Object(Config\Cache), false)
 4 FCPATH/index.php(67): CodeIgniter\CodeIgniter->run()
WARNING - 2025-07-02 12:54:22 --> [DEPRECATED] Creation of dynamic property App\Controllers\Orders::$orderitem is deprecated in APPPATH/Controllers/Orders.php on line 45.
 1 SYSTEMPATH/CodeIgniter.php(906): App\Controllers\Orders->__construct()
 2 SYSTEMPATH/CodeIgniter.php(490): CodeIgniter\CodeIgniter->createController()
 3 SYSTEMPATH/CodeIgniter.php(368): CodeIgniter\CodeIgniter->handleRequest(null, Object(Config\Cache), false)
 4 FCPATH/index.php(67): CodeIgniter\CodeIgniter->run()
WARNING - 2025-07-02 12:54:22 --> [DEPRECATED] Creation of dynamic property App\Controllers\Orders::$Ordercomment is deprecated in APPPATH/Controllers/Orders.php on line 46.
 1 SYSTEMPATH/CodeIgniter.php(906): App\Controllers\Orders->__construct()
 2 SYSTEMPATH/CodeIgniter.php(490): CodeIgniter\CodeIgniter->createController()
 3 SYSTEMPATH/CodeIgniter.php(368): CodeIgniter\CodeIgniter->handleRequest(null, Object(Config\Cache), false)
 4 FCPATH/index.php(67): CodeIgniter\CodeIgniter->run()
WARNING - 2025-07-02 12:54:22 --> [DEPRECATED] Creation of dynamic property App\Controllers\Orders::$catagory is deprecated in APPPATH/Controllers/Orders.php on line 47.
 1 SYSTEMPATH/CodeIgniter.php(906): App\Controllers\Orders->__construct()
 2 SYSTEMPATH/CodeIgniter.php(490): CodeIgniter\CodeIgniter->createController()
 3 SYSTEMPATH/CodeIgniter.php(368): CodeIgniter\CodeIgniter->handleRequest(null, Object(Config\Cache), false)
 4 FCPATH/index.php(67): CodeIgniter\CodeIgniter->run()
WARNING - 2025-07-02 12:54:22 --> [DEPRECATED] Creation of dynamic property App\Controllers\Orders::$User is deprecated in APPPATH/Controllers/Orders.php on line 48.
 1 SYSTEMPATH/CodeIgniter.php(906): App\Controllers\Orders->__construct()
 2 SYSTEMPATH/CodeIgniter.php(490): CodeIgniter\CodeIgniter->createController()
 3 SYSTEMPATH/CodeIgniter.php(368): CodeIgniter\CodeIgniter->handleRequest(null, Object(Config\Cache), false)
 4 FCPATH/index.php(67): CodeIgniter\CodeIgniter->run()
WARNING - 2025-07-02 12:54:22 --> [DEPRECATED] Creation of dynamic property App\Controllers\Orders::$shippingmethod is deprecated in APPPATH/Controllers/Orders.php on line 49.
 1 SYSTEMPATH/CodeIgniter.php(906): App\Controllers\Orders->__construct()
 2 SYSTEMPATH/CodeIgniter.php(490): CodeIgniter\CodeIgniter->createController()
 3 SYSTEMPATH/CodeIgniter.php(368): CodeIgniter\CodeIgniter->handleRequest(null, Object(Config\Cache), false)
 4 FCPATH/index.php(67): CodeIgniter\CodeIgniter->run()
WARNING - 2025-07-02 12:54:22 --> [DEPRECATED] Creation of dynamic property App\Controllers\Orders::$shippingrate is deprecated in APPPATH/Controllers/Orders.php on line 50.
 1 SYSTEMPATH/CodeIgniter.php(906): App\Controllers\Orders->__construct()
 2 SYSTEMPATH/CodeIgniter.php(490): CodeIgniter\CodeIgniter->createController()
 3 SYSTEMPATH/CodeIgniter.php(368): CodeIgniter\CodeIgniter->handleRequest(null, Object(Config\Cache), false)
 4 FCPATH/index.php(67): CodeIgniter\CodeIgniter->run()
WARNING - 2025-07-02 12:54:22 --> [DEPRECATED] Creation of dynamic property App\Controllers\Orders::$shippingzone is deprecated in APPPATH/Controllers/Orders.php on line 51.
 1 SYSTEMPATH/CodeIgniter.php(906): App\Controllers\Orders->__construct()
 2 SYSTEMPATH/CodeIgniter.php(490): CodeIgniter\CodeIgniter->createController()
 3 SYSTEMPATH/CodeIgniter.php(368): CodeIgniter\CodeIgniter->handleRequest(null, Object(Config\Cache), false)
 4 FCPATH/index.php(67): CodeIgniter\CodeIgniter->run()
WARNING - 2025-07-02 12:54:22 --> [DEPRECATED] Creation of dynamic property App\Controllers\Orders::$country is deprecated in APPPATH/Controllers/Orders.php on line 52.
 1 SYSTEMPATH/CodeIgniter.php(906): App\Controllers\Orders->__construct()
 2 SYSTEMPATH/CodeIgniter.php(490): CodeIgniter\CodeIgniter->createController()
 3 SYSTEMPATH/CodeIgniter.php(368): CodeIgniter\CodeIgniter->handleRequest(null, Object(Config\Cache), false)
 4 FCPATH/index.php(67): CodeIgniter\CodeIgniter->run()
WARNING - 2025-07-02 12:54:22 --> [DEPRECATED] Creation of dynamic property App\Controllers\Orders::$ChatModel is deprecated in APPPATH/Controllers/Orders.php on line 53.
 1 SYSTEMPATH/CodeIgniter.php(906): App\Controllers\Orders->__construct()
 2 SYSTEMPATH/CodeIgniter.php(490): CodeIgniter\CodeIgniter->createController()
 3 SYSTEMPATH/CodeIgniter.php(368): CodeIgniter\CodeIgniter->handleRequest(null, Object(Config\Cache), false)
 4 FCPATH/index.php(67): CodeIgniter\CodeIgniter->run()
WARNING - 2025-07-02 12:54:22 --> [DEPRECATED] Creation of dynamic property App\Controllers\Orders::$Allsettings is deprecated in APPPATH/Controllers/Orders.php on line 54.
 1 SYSTEMPATH/CodeIgniter.php(906): App\Controllers\Orders->__construct()
 2 SYSTEMPATH/CodeIgniter.php(490): CodeIgniter\CodeIgniter->createController()
 3 SYSTEMPATH/CodeIgniter.php(368): CodeIgniter\CodeIgniter->handleRequest(null, Object(Config\Cache), false)
 4 FCPATH/index.php(67): CodeIgniter\CodeIgniter->run()
WARNING - 2025-07-02 12:54:22 --> [DEPRECATED] Creation of dynamic property App\Controllers\Orders::$ShippingDataModel is deprecated in APPPATH/Controllers/Orders.php on line 55.
 1 SYSTEMPATH/CodeIgniter.php(906): App\Controllers\Orders->__construct()
 2 SYSTEMPATH/CodeIgniter.php(490): CodeIgniter\CodeIgniter->createController()
 3 SYSTEMPATH/CodeIgniter.php(368): CodeIgniter\CodeIgniter->handleRequest(null, Object(Config\Cache), false)
 4 FCPATH/index.php(67): CodeIgniter\CodeIgniter->run()
WARNING - 2025-07-02 12:54:22 --> [DEPRECATED] Creation of dynamic property App\Controllers\Orders::$cityModel is deprecated in APPPATH/Controllers/Orders.php on line 56.
 1 SYSTEMPATH/CodeIgniter.php(906): App\Controllers\Orders->__construct()
 2 SYSTEMPATH/CodeIgniter.php(490): CodeIgniter\CodeIgniter->createController()
 3 SYSTEMPATH/CodeIgniter.php(368): CodeIgniter\CodeIgniter->handleRequest(null, Object(Config\Cache), false)
 4 FCPATH/index.php(67): CodeIgniter\CodeIgniter->run()
WARNING - 2025-07-02 12:54:22 --> [DEPRECATED] Creation of dynamic property App\Controllers\Orders::$stateModel is deprecated in APPPATH/Controllers/Orders.php on line 57.
 1 SYSTEMPATH/CodeIgniter.php(906): App\Controllers\Orders->__construct()
 2 SYSTEMPATH/CodeIgniter.php(490): CodeIgniter\CodeIgniter->createController()
 3 SYSTEMPATH/CodeIgniter.php(368): CodeIgniter\CodeIgniter->handleRequest(null, Object(Config\Cache), false)
 4 FCPATH/index.php(67): CodeIgniter\CodeIgniter->run()
WARNING - 2025-07-02 12:54:22 --> [DEPRECATED] Creation of dynamic property App\Controllers\Orders::$taxModel is deprecated in APPPATH/Controllers/Orders.php on line 58.
 1 SYSTEMPATH/CodeIgniter.php(906): App\Controllers\Orders->__construct()
 2 SYSTEMPATH/CodeIgniter.php(490): CodeIgniter\CodeIgniter->createController()
 3 SYSTEMPATH/CodeIgniter.php(368): CodeIgniter\CodeIgniter->handleRequest(null, Object(Config\Cache), false)
 4 FCPATH/index.php(67): CodeIgniter\CodeIgniter->run()
INFO - 2025-07-02 12:54:22 --> Session: Class initialized using 'CodeIgniter\Session\Handlers\FileHandler' driver.
WARNING - 2025-07-02 12:54:22 --> [DEPRECATED] Creation of dynamic property App\Controllers\Home::$user_model is deprecated in APPPATH/Controllers/Home.php on line 35.
 1 SYSTEMPATH/CodeIgniter.php(906): App\Controllers\Home->__construct()
 2 SYSTEMPATH/CodeIgniter.php(490): CodeIgniter\CodeIgniter->createController()
 3 SYSTEMPATH/CodeIgniter.php(368): CodeIgniter\CodeIgniter->handleRequest(null, Object(Config\Cache), false)
 4 FCPATH/index.php(67): CodeIgniter\CodeIgniter->run()
WARNING - 2025-07-02 12:54:22 --> [DEPRECATED] Creation of dynamic property App\Controllers\Home::$BlogModel is deprecated in APPPATH/Controllers/Home.php on line 43.
 1 SYSTEMPATH/CodeIgniter.php(906): App\Controllers\Home->__construct()
 2 SYSTEMPATH/CodeIgniter.php(490): CodeIgniter\CodeIgniter->createController()
 3 SYSTEMPATH/CodeIgniter.php(368): CodeIgniter\CodeIgniter->handleRequest(null, Object(Config\Cache), false)
 4 FCPATH/index.php(67): CodeIgniter\CodeIgniter->run()
WARNING - 2025-07-02 12:54:22 --> [DEPRECATED] Creation of dynamic property App\Controllers\Home::$EnquiryModel is deprecated in APPPATH/Controllers/Home.php on line 44.
 1 SYSTEMPATH/CodeIgniter.php(906): App\Controllers\Home->__construct()
 2 SYSTEMPATH/CodeIgniter.php(490): CodeIgniter\CodeIgniter->createController()
 3 SYSTEMPATH/CodeIgniter.php(368): CodeIgniter\CodeIgniter->handleRequest(null, Object(Config\Cache), false)
 4 FCPATH/index.php(67): CodeIgniter\CodeIgniter->run()
WARNING - 2025-07-02 12:54:22 --> [DEPRECATED] Creation of dynamic property App\Controllers\Home::$Allsettingsmodel is deprecated in APPPATH/Controllers/Home.php on line 45.
 1 SYSTEMPATH/CodeIgniter.php(906): App\Controllers\Home->__construct()
 2 SYSTEMPATH/CodeIgniter.php(490): CodeIgniter\CodeIgniter->createController()
 3 SYSTEMPATH/CodeIgniter.php(368): CodeIgniter\CodeIgniter->handleRequest(null, Object(Config\Cache), false)
 4 FCPATH/index.php(67): CodeIgniter\CodeIgniter->run()
INFO - 2025-07-02 12:54:24 --> Session: Class initialized using 'CodeIgniter\Session\Handlers\FileHandler' driver.
WARNING - 2025-07-02 12:54:24 --> [DEPRECATED] Creation of dynamic property App\Controllers\Orders::$session is deprecated in APPPATH/Controllers/Orders.php on line 34.
 1 SYSTEMPATH/CodeIgniter.php(906): App\Controllers\Orders->__construct()
 2 SYSTEMPATH/CodeIgniter.php(490): CodeIgniter\CodeIgniter->createController()
 3 SYSTEMPATH/CodeIgniter.php(368): CodeIgniter\CodeIgniter->handleRequest(null, Object(Config\Cache), false)
 4 FCPATH/index.php(67): CodeIgniter\CodeIgniter->run()
WARNING - 2025-07-02 12:54:24 --> Session: Sessions is enabled, and one exists. Please don't $session->start();
WARNING - 2025-07-02 12:54:24 --> [DEPRECATED] Creation of dynamic property App\Controllers\Orders::$coupons is deprecated in APPPATH/Controllers/Orders.php on line 38.
 1 SYSTEMPATH/CodeIgniter.php(906): App\Controllers\Orders->__construct()
 2 SYSTEMPATH/CodeIgniter.php(490): CodeIgniter\CodeIgniter->createController()
 3 SYSTEMPATH/CodeIgniter.php(368): CodeIgniter\CodeIgniter->handleRequest(null, Object(Config\Cache), false)
 4 FCPATH/index.php(67): CodeIgniter\CodeIgniter->run()
WARNING - 2025-07-02 12:54:24 --> [DEPRECATED] Creation of dynamic property App\Controllers\Orders::$faqs is deprecated in APPPATH/Controllers/Orders.php on line 39.
 1 SYSTEMPATH/CodeIgniter.php(906): App\Controllers\Orders->__construct()
 2 SYSTEMPATH/CodeIgniter.php(490): CodeIgniter\CodeIgniter->createController()
 3 SYSTEMPATH/CodeIgniter.php(368): CodeIgniter\CodeIgniter->handleRequest(null, Object(Config\Cache), false)
 4 FCPATH/index.php(67): CodeIgniter\CodeIgniter->run()
WARNING - 2025-07-02 12:54:24 --> [DEPRECATED] Creation of dynamic property App\Controllers\Orders::$seo is deprecated in APPPATH/Controllers/Orders.php on line 40.
 1 SYSTEMPATH/CodeIgniter.php(906): App\Controllers\Orders->__construct()
 2 SYSTEMPATH/CodeIgniter.php(490): CodeIgniter\CodeIgniter->createController()
 3 SYSTEMPATH/CodeIgniter.php(368): CodeIgniter\CodeIgniter->handleRequest(null, Object(Config\Cache), false)
 4 FCPATH/index.php(67): CodeIgniter\CodeIgniter->run()
WARNING - 2025-07-02 12:54:24 --> [DEPRECATED] Creation of dynamic property App\Controllers\Orders::$Ordermodel is deprecated in APPPATH/Controllers/Orders.php on line 41.
 1 SYSTEMPATH/CodeIgniter.php(906): App\Controllers\Orders->__construct()
 2 SYSTEMPATH/CodeIgniter.php(490): CodeIgniter\CodeIgniter->createController()
 3 SYSTEMPATH/CodeIgniter.php(368): CodeIgniter\CodeIgniter->handleRequest(null, Object(Config\Cache), false)
 4 FCPATH/index.php(67): CodeIgniter\CodeIgniter->run()
WARNING - 2025-07-02 12:54:24 --> [DEPRECATED] Creation of dynamic property App\Controllers\Orders::$testimonial is deprecated in APPPATH/Controllers/Orders.php on line 42.
 1 SYSTEMPATH/CodeIgniter.php(906): App\Controllers\Orders->__construct()
 2 SYSTEMPATH/CodeIgniter.php(490): CodeIgniter\CodeIgniter->createController()
 3 SYSTEMPATH/CodeIgniter.php(368): CodeIgniter\CodeIgniter->handleRequest(null, Object(Config\Cache), false)
 4 FCPATH/index.php(67): CodeIgniter\CodeIgniter->run()
WARNING - 2025-07-02 12:54:24 --> [DEPRECATED] Creation of dynamic property App\Controllers\Orders::$enquiry is deprecated in APPPATH/Controllers/Orders.php on line 43.
 1 SYSTEMPATH/CodeIgniter.php(906): App\Controllers\Orders->__construct()
 2 SYSTEMPATH/CodeIgniter.php(490): CodeIgniter\CodeIgniter->createController()
 3 SYSTEMPATH/CodeIgniter.php(368): CodeIgniter\CodeIgniter->handleRequest(null, Object(Config\Cache), false)
 4 FCPATH/index.php(67): CodeIgniter\CodeIgniter->run()
WARNING - 2025-07-02 12:54:24 --> [DEPRECATED] Creation of dynamic property App\Controllers\Orders::$product is deprecated in APPPATH/Controllers/Orders.php on line 44.
 1 SYSTEMPATH/CodeIgniter.php(906): App\Controllers\Orders->__construct()
 2 SYSTEMPATH/CodeIgniter.php(490): CodeIgniter\CodeIgniter->createController()
 3 SYSTEMPATH/CodeIgniter.php(368): CodeIgniter\CodeIgniter->handleRequest(null, Object(Config\Cache), false)
 4 FCPATH/index.php(67): CodeIgniter\CodeIgniter->run()
WARNING - 2025-07-02 12:54:24 --> [DEPRECATED] Creation of dynamic property App\Controllers\Orders::$orderitem is deprecated in APPPATH/Controllers/Orders.php on line 45.
 1 SYSTEMPATH/CodeIgniter.php(906): App\Controllers\Orders->__construct()
 2 SYSTEMPATH/CodeIgniter.php(490): CodeIgniter\CodeIgniter->createController()
 3 SYSTEMPATH/CodeIgniter.php(368): CodeIgniter\CodeIgniter->handleRequest(null, Object(Config\Cache), false)
 4 FCPATH/index.php(67): CodeIgniter\CodeIgniter->run()
WARNING - 2025-07-02 12:54:24 --> [DEPRECATED] Creation of dynamic property App\Controllers\Orders::$Ordercomment is deprecated in APPPATH/Controllers/Orders.php on line 46.
 1 SYSTEMPATH/CodeIgniter.php(906): App\Controllers\Orders->__construct()
 2 SYSTEMPATH/CodeIgniter.php(490): CodeIgniter\CodeIgniter->createController()
 3 SYSTEMPATH/CodeIgniter.php(368): CodeIgniter\CodeIgniter->handleRequest(null, Object(Config\Cache), false)
 4 FCPATH/index.php(67): CodeIgniter\CodeIgniter->run()
WARNING - 2025-07-02 12:54:24 --> [DEPRECATED] Creation of dynamic property App\Controllers\Orders::$catagory is deprecated in APPPATH/Controllers/Orders.php on line 47.
 1 SYSTEMPATH/CodeIgniter.php(906): App\Controllers\Orders->__construct()
 2 SYSTEMPATH/CodeIgniter.php(490): CodeIgniter\CodeIgniter->createController()
 3 SYSTEMPATH/CodeIgniter.php(368): CodeIgniter\CodeIgniter->handleRequest(null, Object(Config\Cache), false)
 4 FCPATH/index.php(67): CodeIgniter\CodeIgniter->run()
WARNING - 2025-07-02 12:54:24 --> [DEPRECATED] Creation of dynamic property App\Controllers\Orders::$User is deprecated in APPPATH/Controllers/Orders.php on line 48.
 1 SYSTEMPATH/CodeIgniter.php(906): App\Controllers\Orders->__construct()
 2 SYSTEMPATH/CodeIgniter.php(490): CodeIgniter\CodeIgniter->createController()
 3 SYSTEMPATH/CodeIgniter.php(368): CodeIgniter\CodeIgniter->handleRequest(null, Object(Config\Cache), false)
 4 FCPATH/index.php(67): CodeIgniter\CodeIgniter->run()
WARNING - 2025-07-02 12:54:24 --> [DEPRECATED] Creation of dynamic property App\Controllers\Orders::$shippingmethod is deprecated in APPPATH/Controllers/Orders.php on line 49.
 1 SYSTEMPATH/CodeIgniter.php(906): App\Controllers\Orders->__construct()
 2 SYSTEMPATH/CodeIgniter.php(490): CodeIgniter\CodeIgniter->createController()
 3 SYSTEMPATH/CodeIgniter.php(368): CodeIgniter\CodeIgniter->handleRequest(null, Object(Config\Cache), false)
 4 FCPATH/index.php(67): CodeIgniter\CodeIgniter->run()
WARNING - 2025-07-02 12:54:24 --> [DEPRECATED] Creation of dynamic property App\Controllers\Orders::$shippingrate is deprecated in APPPATH/Controllers/Orders.php on line 50.
 1 SYSTEMPATH/CodeIgniter.php(906): App\Controllers\Orders->__construct()
 2 SYSTEMPATH/CodeIgniter.php(490): CodeIgniter\CodeIgniter->createController()
 3 SYSTEMPATH/CodeIgniter.php(368): CodeIgniter\CodeIgniter->handleRequest(null, Object(Config\Cache), false)
 4 FCPATH/index.php(67): CodeIgniter\CodeIgniter->run()
WARNING - 2025-07-02 12:54:24 --> [DEPRECATED] Creation of dynamic property App\Controllers\Orders::$shippingzone is deprecated in APPPATH/Controllers/Orders.php on line 51.
 1 SYSTEMPATH/CodeIgniter.php(906): App\Controllers\Orders->__construct()
 2 SYSTEMPATH/CodeIgniter.php(490): CodeIgniter\CodeIgniter->createController()
 3 SYSTEMPATH/CodeIgniter.php(368): CodeIgniter\CodeIgniter->handleRequest(null, Object(Config\Cache), false)
 4 FCPATH/index.php(67): CodeIgniter\CodeIgniter->run()
WARNING - 2025-07-02 12:54:24 --> [DEPRECATED] Creation of dynamic property App\Controllers\Orders::$country is deprecated in APPPATH/Controllers/Orders.php on line 52.
 1 SYSTEMPATH/CodeIgniter.php(906): App\Controllers\Orders->__construct()
 2 SYSTEMPATH/CodeIgniter.php(490): CodeIgniter\CodeIgniter->createController()
 3 SYSTEMPATH/CodeIgniter.php(368): CodeIgniter\CodeIgniter->handleRequest(null, Object(Config\Cache), false)
 4 FCPATH/index.php(67): CodeIgniter\CodeIgniter->run()
WARNING - 2025-07-02 12:54:24 --> [DEPRECATED] Creation of dynamic property App\Controllers\Orders::$ChatModel is deprecated in APPPATH/Controllers/Orders.php on line 53.
 1 SYSTEMPATH/CodeIgniter.php(906): App\Controllers\Orders->__construct()
 2 SYSTEMPATH/CodeIgniter.php(490): CodeIgniter\CodeIgniter->createController()
 3 SYSTEMPATH/CodeIgniter.php(368): CodeIgniter\CodeIgniter->handleRequest(null, Object(Config\Cache), false)
 4 FCPATH/index.php(67): CodeIgniter\CodeIgniter->run()
WARNING - 2025-07-02 12:54:24 --> [DEPRECATED] Creation of dynamic property App\Controllers\Orders::$Allsettings is deprecated in APPPATH/Controllers/Orders.php on line 54.
 1 SYSTEMPATH/CodeIgniter.php(906): App\Controllers\Orders->__construct()
 2 SYSTEMPATH/CodeIgniter.php(490): CodeIgniter\CodeIgniter->createController()
 3 SYSTEMPATH/CodeIgniter.php(368): CodeIgniter\CodeIgniter->handleRequest(null, Object(Config\Cache), false)
 4 FCPATH/index.php(67): CodeIgniter\CodeIgniter->run()
WARNING - 2025-07-02 12:54:24 --> [DEPRECATED] Creation of dynamic property App\Controllers\Orders::$ShippingDataModel is deprecated in APPPATH/Controllers/Orders.php on line 55.
 1 SYSTEMPATH/CodeIgniter.php(906): App\Controllers\Orders->__construct()
 2 SYSTEMPATH/CodeIgniter.php(490): CodeIgniter\CodeIgniter->createController()
 3 SYSTEMPATH/CodeIgniter.php(368): CodeIgniter\CodeIgniter->handleRequest(null, Object(Config\Cache), false)
 4 FCPATH/index.php(67): CodeIgniter\CodeIgniter->run()
WARNING - 2025-07-02 12:54:24 --> [DEPRECATED] Creation of dynamic property App\Controllers\Orders::$cityModel is deprecated in APPPATH/Controllers/Orders.php on line 56.
 1 SYSTEMPATH/CodeIgniter.php(906): App\Controllers\Orders->__construct()
 2 SYSTEMPATH/CodeIgniter.php(490): CodeIgniter\CodeIgniter->createController()
 3 SYSTEMPATH/CodeIgniter.php(368): CodeIgniter\CodeIgniter->handleRequest(null, Object(Config\Cache), false)
 4 FCPATH/index.php(67): CodeIgniter\CodeIgniter->run()
WARNING - 2025-07-02 12:54:24 --> [DEPRECATED] Creation of dynamic property App\Controllers\Orders::$stateModel is deprecated in APPPATH/Controllers/Orders.php on line 57.
 1 SYSTEMPATH/CodeIgniter.php(906): App\Controllers\Orders->__construct()
 2 SYSTEMPATH/CodeIgniter.php(490): CodeIgniter\CodeIgniter->createController()
 3 SYSTEMPATH/CodeIgniter.php(368): CodeIgniter\CodeIgniter->handleRequest(null, Object(Config\Cache), false)
 4 FCPATH/index.php(67): CodeIgniter\CodeIgniter->run()
WARNING - 2025-07-02 12:54:24 --> [DEPRECATED] Creation of dynamic property App\Controllers\Orders::$taxModel is deprecated in APPPATH/Controllers/Orders.php on line 58.
 1 SYSTEMPATH/CodeIgniter.php(906): App\Controllers\Orders->__construct()
 2 SYSTEMPATH/CodeIgniter.php(490): CodeIgniter\CodeIgniter->createController()
 3 SYSTEMPATH/CodeIgniter.php(368): CodeIgniter\CodeIgniter->handleRequest(null, Object(Config\Cache), false)
 4 FCPATH/index.php(67): CodeIgniter\CodeIgniter->run()
INFO - 2025-07-02 12:54:24 --> Session: Class initialized using 'CodeIgniter\Session\Handlers\FileHandler' driver.
WARNING - 2025-07-02 12:54:24 --> [DEPRECATED] Creation of dynamic property App\Controllers\Home::$user_model is deprecated in APPPATH/Controllers/Home.php on line 35.
 1 SYSTEMPATH/CodeIgniter.php(906): App\Controllers\Home->__construct()
 2 SYSTEMPATH/CodeIgniter.php(490): CodeIgniter\CodeIgniter->createController()
 3 SYSTEMPATH/CodeIgniter.php(368): CodeIgniter\CodeIgniter->handleRequest(null, Object(Config\Cache), false)
 4 FCPATH/index.php(67): CodeIgniter\CodeIgniter->run()
WARNING - 2025-07-02 12:54:24 --> [DEPRECATED] Creation of dynamic property App\Controllers\Home::$BlogModel is deprecated in APPPATH/Controllers/Home.php on line 43.
 1 SYSTEMPATH/CodeIgniter.php(906): App\Controllers\Home->__construct()
 2 SYSTEMPATH/CodeIgniter.php(490): CodeIgniter\CodeIgniter->createController()
 3 SYSTEMPATH/CodeIgniter.php(368): CodeIgniter\CodeIgniter->handleRequest(null, Object(Config\Cache), false)
 4 FCPATH/index.php(67): CodeIgniter\CodeIgniter->run()
WARNING - 2025-07-02 12:54:24 --> [DEPRECATED] Creation of dynamic property App\Controllers\Home::$EnquiryModel is deprecated in APPPATH/Controllers/Home.php on line 44.
 1 SYSTEMPATH/CodeIgniter.php(906): App\Controllers\Home->__construct()
 2 SYSTEMPATH/CodeIgniter.php(490): CodeIgniter\CodeIgniter->createController()
 3 SYSTEMPATH/CodeIgniter.php(368): CodeIgniter\CodeIgniter->handleRequest(null, Object(Config\Cache), false)
 4 FCPATH/index.php(67): CodeIgniter\CodeIgniter->run()
WARNING - 2025-07-02 12:54:24 --> [DEPRECATED] Creation of dynamic property App\Controllers\Home::$Allsettingsmodel is deprecated in APPPATH/Controllers/Home.php on line 45.
 1 SYSTEMPATH/CodeIgniter.php(906): App\Controllers\Home->__construct()
 2 SYSTEMPATH/CodeIgniter.php(490): CodeIgniter\CodeIgniter->createController()
 3 SYSTEMPATH/CodeIgniter.php(368): CodeIgniter\CodeIgniter->handleRequest(null, Object(Config\Cache), false)
 4 FCPATH/index.php(67): CodeIgniter\CodeIgniter->run()
INFO - 2025-07-02 12:55:09 --> Session: Class initialized using 'CodeIgniter\Session\Handlers\FileHandler' driver.
WARNING - 2025-07-02 12:55:09 --> [DEPRECATED] Creation of dynamic property App\Controllers\Orders::$session is deprecated in APPPATH/Controllers/Orders.php on line 34.
 1 SYSTEMPATH/CodeIgniter.php(906): App\Controllers\Orders->__construct()
 2 SYSTEMPATH/CodeIgniter.php(490): CodeIgniter\CodeIgniter->createController()
 3 SYSTEMPATH/CodeIgniter.php(368): CodeIgniter\CodeIgniter->handleRequest(null, Object(Config\Cache), false)
 4 FCPATH/index.php(67): CodeIgniter\CodeIgniter->run()
WARNING - 2025-07-02 12:55:09 --> Session: Sessions is enabled, and one exists. Please don't $session->start();
WARNING - 2025-07-02 12:55:09 --> [DEPRECATED] Creation of dynamic property App\Controllers\Orders::$coupons is deprecated in APPPATH/Controllers/Orders.php on line 38.
 1 SYSTEMPATH/CodeIgniter.php(906): App\Controllers\Orders->__construct()
 2 SYSTEMPATH/CodeIgniter.php(490): CodeIgniter\CodeIgniter->createController()
 3 SYSTEMPATH/CodeIgniter.php(368): CodeIgniter\CodeIgniter->handleRequest(null, Object(Config\Cache), false)
 4 FCPATH/index.php(67): CodeIgniter\CodeIgniter->run()
WARNING - 2025-07-02 12:55:09 --> [DEPRECATED] Creation of dynamic property App\Controllers\Orders::$faqs is deprecated in APPPATH/Controllers/Orders.php on line 39.
 1 SYSTEMPATH/CodeIgniter.php(906): App\Controllers\Orders->__construct()
 2 SYSTEMPATH/CodeIgniter.php(490): CodeIgniter\CodeIgniter->createController()
 3 SYSTEMPATH/CodeIgniter.php(368): CodeIgniter\CodeIgniter->handleRequest(null, Object(Config\Cache), false)
 4 FCPATH/index.php(67): CodeIgniter\CodeIgniter->run()
WARNING - 2025-07-02 12:55:09 --> [DEPRECATED] Creation of dynamic property App\Controllers\Orders::$seo is deprecated in APPPATH/Controllers/Orders.php on line 40.
 1 SYSTEMPATH/CodeIgniter.php(906): App\Controllers\Orders->__construct()
 2 SYSTEMPATH/CodeIgniter.php(490): CodeIgniter\CodeIgniter->createController()
 3 SYSTEMPATH/CodeIgniter.php(368): CodeIgniter\CodeIgniter->handleRequest(null, Object(Config\Cache), false)
 4 FCPATH/index.php(67): CodeIgniter\CodeIgniter->run()
WARNING - 2025-07-02 12:55:09 --> [DEPRECATED] Creation of dynamic property App\Controllers\Orders::$Ordermodel is deprecated in APPPATH/Controllers/Orders.php on line 41.
 1 SYSTEMPATH/CodeIgniter.php(906): App\Controllers\Orders->__construct()
 2 SYSTEMPATH/CodeIgniter.php(490): CodeIgniter\CodeIgniter->createController()
 3 SYSTEMPATH/CodeIgniter.php(368): CodeIgniter\CodeIgniter->handleRequest(null, Object(Config\Cache), false)
 4 FCPATH/index.php(67): CodeIgniter\CodeIgniter->run()
WARNING - 2025-07-02 12:55:09 --> [DEPRECATED] Creation of dynamic property App\Controllers\Orders::$testimonial is deprecated in APPPATH/Controllers/Orders.php on line 42.
 1 SYSTEMPATH/CodeIgniter.php(906): App\Controllers\Orders->__construct()
 2 SYSTEMPATH/CodeIgniter.php(490): CodeIgniter\CodeIgniter->createController()
 3 SYSTEMPATH/CodeIgniter.php(368): CodeIgniter\CodeIgniter->handleRequest(null, Object(Config\Cache), false)
 4 FCPATH/index.php(67): CodeIgniter\CodeIgniter->run()
WARNING - 2025-07-02 12:55:09 --> [DEPRECATED] Creation of dynamic property App\Controllers\Orders::$enquiry is deprecated in APPPATH/Controllers/Orders.php on line 43.
 1 SYSTEMPATH/CodeIgniter.php(906): App\Controllers\Orders->__construct()
 2 SYSTEMPATH/CodeIgniter.php(490): CodeIgniter\CodeIgniter->createController()
 3 SYSTEMPATH/CodeIgniter.php(368): CodeIgniter\CodeIgniter->handleRequest(null, Object(Config\Cache), false)
 4 FCPATH/index.php(67): CodeIgniter\CodeIgniter->run()
WARNING - 2025-07-02 12:55:09 --> [DEPRECATED] Creation of dynamic property App\Controllers\Orders::$product is deprecated in APPPATH/Controllers/Orders.php on line 44.
 1 SYSTEMPATH/CodeIgniter.php(906): App\Controllers\Orders->__construct()
 2 SYSTEMPATH/CodeIgniter.php(490): CodeIgniter\CodeIgniter->createController()
 3 SYSTEMPATH/CodeIgniter.php(368): CodeIgniter\CodeIgniter->handleRequest(null, Object(Config\Cache), false)
 4 FCPATH/index.php(67): CodeIgniter\CodeIgniter->run()
WARNING - 2025-07-02 12:55:09 --> [DEPRECATED] Creation of dynamic property App\Controllers\Orders::$orderitem is deprecated in APPPATH/Controllers/Orders.php on line 45.
 1 SYSTEMPATH/CodeIgniter.php(906): App\Controllers\Orders->__construct()
 2 SYSTEMPATH/CodeIgniter.php(490): CodeIgniter\CodeIgniter->createController()
 3 SYSTEMPATH/CodeIgniter.php(368): CodeIgniter\CodeIgniter->handleRequest(null, Object(Config\Cache), false)
 4 FCPATH/index.php(67): CodeIgniter\CodeIgniter->run()
WARNING - 2025-07-02 12:55:09 --> [DEPRECATED] Creation of dynamic property App\Controllers\Orders::$Ordercomment is deprecated in APPPATH/Controllers/Orders.php on line 46.
 1 SYSTEMPATH/CodeIgniter.php(906): App\Controllers\Orders->__construct()
 2 SYSTEMPATH/CodeIgniter.php(490): CodeIgniter\CodeIgniter->createController()
 3 SYSTEMPATH/CodeIgniter.php(368): CodeIgniter\CodeIgniter->handleRequest(null, Object(Config\Cache), false)
 4 FCPATH/index.php(67): CodeIgniter\CodeIgniter->run()
WARNING - 2025-07-02 12:55:09 --> [DEPRECATED] Creation of dynamic property App\Controllers\Orders::$catagory is deprecated in APPPATH/Controllers/Orders.php on line 47.
 1 SYSTEMPATH/CodeIgniter.php(906): App\Controllers\Orders->__construct()
 2 SYSTEMPATH/CodeIgniter.php(490): CodeIgniter\CodeIgniter->createController()
 3 SYSTEMPATH/CodeIgniter.php(368): CodeIgniter\CodeIgniter->handleRequest(null, Object(Config\Cache), false)
 4 FCPATH/index.php(67): CodeIgniter\CodeIgniter->run()
WARNING - 2025-07-02 12:55:09 --> [DEPRECATED] Creation of dynamic property App\Controllers\Orders::$User is deprecated in APPPATH/Controllers/Orders.php on line 48.
 1 SYSTEMPATH/CodeIgniter.php(906): App\Controllers\Orders->__construct()
 2 SYSTEMPATH/CodeIgniter.php(490): CodeIgniter\CodeIgniter->createController()
 3 SYSTEMPATH/CodeIgniter.php(368): CodeIgniter\CodeIgniter->handleRequest(null, Object(Config\Cache), false)
 4 FCPATH/index.php(67): CodeIgniter\CodeIgniter->run()
WARNING - 2025-07-02 12:55:09 --> [DEPRECATED] Creation of dynamic property App\Controllers\Orders::$shippingmethod is deprecated in APPPATH/Controllers/Orders.php on line 49.
 1 SYSTEMPATH/CodeIgniter.php(906): App\Controllers\Orders->__construct()
 2 SYSTEMPATH/CodeIgniter.php(490): CodeIgniter\CodeIgniter->createController()
 3 SYSTEMPATH/CodeIgniter.php(368): CodeIgniter\CodeIgniter->handleRequest(null, Object(Config\Cache), false)
 4 FCPATH/index.php(67): CodeIgniter\CodeIgniter->run()
WARNING - 2025-07-02 12:55:09 --> [DEPRECATED] Creation of dynamic property App\Controllers\Orders::$shippingrate is deprecated in APPPATH/Controllers/Orders.php on line 50.
 1 SYSTEMPATH/CodeIgniter.php(906): App\Controllers\Orders->__construct()
 2 SYSTEMPATH/CodeIgniter.php(490): CodeIgniter\CodeIgniter->createController()
 3 SYSTEMPATH/CodeIgniter.php(368): CodeIgniter\CodeIgniter->handleRequest(null, Object(Config\Cache), false)
 4 FCPATH/index.php(67): CodeIgniter\CodeIgniter->run()
WARNING - 2025-07-02 12:55:09 --> [DEPRECATED] Creation of dynamic property App\Controllers\Orders::$shippingzone is deprecated in APPPATH/Controllers/Orders.php on line 51.
 1 SYSTEMPATH/CodeIgniter.php(906): App\Controllers\Orders->__construct()
 2 SYSTEMPATH/CodeIgniter.php(490): CodeIgniter\CodeIgniter->createController()
 3 SYSTEMPATH/CodeIgniter.php(368): CodeIgniter\CodeIgniter->handleRequest(null, Object(Config\Cache), false)
 4 FCPATH/index.php(67): CodeIgniter\CodeIgniter->run()
WARNING - 2025-07-02 12:55:09 --> [DEPRECATED] Creation of dynamic property App\Controllers\Orders::$country is deprecated in APPPATH/Controllers/Orders.php on line 52.
 1 SYSTEMPATH/CodeIgniter.php(906): App\Controllers\Orders->__construct()
 2 SYSTEMPATH/CodeIgniter.php(490): CodeIgniter\CodeIgniter->createController()
 3 SYSTEMPATH/CodeIgniter.php(368): CodeIgniter\CodeIgniter->handleRequest(null, Object(Config\Cache), false)
 4 FCPATH/index.php(67): CodeIgniter\CodeIgniter->run()
WARNING - 2025-07-02 12:55:09 --> [DEPRECATED] Creation of dynamic property App\Controllers\Orders::$ChatModel is deprecated in APPPATH/Controllers/Orders.php on line 53.
 1 SYSTEMPATH/CodeIgniter.php(906): App\Controllers\Orders->__construct()
 2 SYSTEMPATH/CodeIgniter.php(490): CodeIgniter\CodeIgniter->createController()
 3 SYSTEMPATH/CodeIgniter.php(368): CodeIgniter\CodeIgniter->handleRequest(null, Object(Config\Cache), false)
 4 FCPATH/index.php(67): CodeIgniter\CodeIgniter->run()
WARNING - 2025-07-02 12:55:09 --> [DEPRECATED] Creation of dynamic property App\Controllers\Orders::$Allsettings is deprecated in APPPATH/Controllers/Orders.php on line 54.
 1 SYSTEMPATH/CodeIgniter.php(906): App\Controllers\Orders->__construct()
 2 SYSTEMPATH/CodeIgniter.php(490): CodeIgniter\CodeIgniter->createController()
 3 SYSTEMPATH/CodeIgniter.php(368): CodeIgniter\CodeIgniter->handleRequest(null, Object(Config\Cache), false)
 4 FCPATH/index.php(67): CodeIgniter\CodeIgniter->run()
WARNING - 2025-07-02 12:55:09 --> [DEPRECATED] Creation of dynamic property App\Controllers\Orders::$ShippingDataModel is deprecated in APPPATH/Controllers/Orders.php on line 55.
 1 SYSTEMPATH/CodeIgniter.php(906): App\Controllers\Orders->__construct()
 2 SYSTEMPATH/CodeIgniter.php(490): CodeIgniter\CodeIgniter->createController()
 3 SYSTEMPATH/CodeIgniter.php(368): CodeIgniter\CodeIgniter->handleRequest(null, Object(Config\Cache), false)
 4 FCPATH/index.php(67): CodeIgniter\CodeIgniter->run()
WARNING - 2025-07-02 12:55:09 --> [DEPRECATED] Creation of dynamic property App\Controllers\Orders::$cityModel is deprecated in APPPATH/Controllers/Orders.php on line 56.
 1 SYSTEMPATH/CodeIgniter.php(906): App\Controllers\Orders->__construct()
 2 SYSTEMPATH/CodeIgniter.php(490): CodeIgniter\CodeIgniter->createController()
 3 SYSTEMPATH/CodeIgniter.php(368): CodeIgniter\CodeIgniter->handleRequest(null, Object(Config\Cache), false)
 4 FCPATH/index.php(67): CodeIgniter\CodeIgniter->run()
WARNING - 2025-07-02 12:55:09 --> [DEPRECATED] Creation of dynamic property App\Controllers\Orders::$stateModel is deprecated in APPPATH/Controllers/Orders.php on line 57.
 1 SYSTEMPATH/CodeIgniter.php(906): App\Controllers\Orders->__construct()
 2 SYSTEMPATH/CodeIgniter.php(490): CodeIgniter\CodeIgniter->createController()
 3 SYSTEMPATH/CodeIgniter.php(368): CodeIgniter\CodeIgniter->handleRequest(null, Object(Config\Cache), false)
 4 FCPATH/index.php(67): CodeIgniter\CodeIgniter->run()
WARNING - 2025-07-02 12:55:09 --> [DEPRECATED] Creation of dynamic property App\Controllers\Orders::$taxModel is deprecated in APPPATH/Controllers/Orders.php on line 58.
 1 SYSTEMPATH/CodeIgniter.php(906): App\Controllers\Orders->__construct()
 2 SYSTEMPATH/CodeIgniter.php(490): CodeIgniter\CodeIgniter->createController()
 3 SYSTEMPATH/CodeIgniter.php(368): CodeIgniter\CodeIgniter->handleRequest(null, Object(Config\Cache), false)
 4 FCPATH/index.php(67): CodeIgniter\CodeIgniter->run()
INFO - 2025-07-02 12:55:14 --> Session: Class initialized using 'CodeIgniter\Session\Handlers\FileHandler' driver.
WARNING - 2025-07-02 12:55:14 --> [DEPRECATED] Creation of dynamic property App\Controllers\Orders::$session is deprecated in APPPATH/Controllers/Orders.php on line 34.
 1 SYSTEMPATH/CodeIgniter.php(906): App\Controllers\Orders->__construct()
 2 SYSTEMPATH/CodeIgniter.php(490): CodeIgniter\CodeIgniter->createController()
 3 SYSTEMPATH/CodeIgniter.php(368): CodeIgniter\CodeIgniter->handleRequest(null, Object(Config\Cache), false)
 4 FCPATH/index.php(67): CodeIgniter\CodeIgniter->run()
WARNING - 2025-07-02 12:55:14 --> Session: Sessions is enabled, and one exists. Please don't $session->start();
WARNING - 2025-07-02 12:55:14 --> [DEPRECATED] Creation of dynamic property App\Controllers\Orders::$coupons is deprecated in APPPATH/Controllers/Orders.php on line 38.
 1 SYSTEMPATH/CodeIgniter.php(906): App\Controllers\Orders->__construct()
 2 SYSTEMPATH/CodeIgniter.php(490): CodeIgniter\CodeIgniter->createController()
 3 SYSTEMPATH/CodeIgniter.php(368): CodeIgniter\CodeIgniter->handleRequest(null, Object(Config\Cache), false)
 4 FCPATH/index.php(67): CodeIgniter\CodeIgniter->run()
WARNING - 2025-07-02 12:55:14 --> [DEPRECATED] Creation of dynamic property App\Controllers\Orders::$faqs is deprecated in APPPATH/Controllers/Orders.php on line 39.
 1 SYSTEMPATH/CodeIgniter.php(906): App\Controllers\Orders->__construct()
 2 SYSTEMPATH/CodeIgniter.php(490): CodeIgniter\CodeIgniter->createController()
 3 SYSTEMPATH/CodeIgniter.php(368): CodeIgniter\CodeIgniter->handleRequest(null, Object(Config\Cache), false)
 4 FCPATH/index.php(67): CodeIgniter\CodeIgniter->run()
WARNING - 2025-07-02 12:55:14 --> [DEPRECATED] Creation of dynamic property App\Controllers\Orders::$seo is deprecated in APPPATH/Controllers/Orders.php on line 40.
 1 SYSTEMPATH/CodeIgniter.php(906): App\Controllers\Orders->__construct()
 2 SYSTEMPATH/CodeIgniter.php(490): CodeIgniter\CodeIgniter->createController()
 3 SYSTEMPATH/CodeIgniter.php(368): CodeIgniter\CodeIgniter->handleRequest(null, Object(Config\Cache), false)
 4 FCPATH/index.php(67): CodeIgniter\CodeIgniter->run()
WARNING - 2025-07-02 12:55:14 --> [DEPRECATED] Creation of dynamic property App\Controllers\Orders::$Ordermodel is deprecated in APPPATH/Controllers/Orders.php on line 41.
 1 SYSTEMPATH/CodeIgniter.php(906): App\Controllers\Orders->__construct()
 2 SYSTEMPATH/CodeIgniter.php(490): CodeIgniter\CodeIgniter->createController()
 3 SYSTEMPATH/CodeIgniter.php(368): CodeIgniter\CodeIgniter->handleRequest(null, Object(Config\Cache), false)
 4 FCPATH/index.php(67): CodeIgniter\CodeIgniter->run()
WARNING - 2025-07-02 12:55:14 --> [DEPRECATED] Creation of dynamic property App\Controllers\Orders::$testimonial is deprecated in APPPATH/Controllers/Orders.php on line 42.
 1 SYSTEMPATH/CodeIgniter.php(906): App\Controllers\Orders->__construct()
 2 SYSTEMPATH/CodeIgniter.php(490): CodeIgniter\CodeIgniter->createController()
 3 SYSTEMPATH/CodeIgniter.php(368): CodeIgniter\CodeIgniter->handleRequest(null, Object(Config\Cache), false)
 4 FCPATH/index.php(67): CodeIgniter\CodeIgniter->run()
WARNING - 2025-07-02 12:55:14 --> [DEPRECATED] Creation of dynamic property App\Controllers\Orders::$enquiry is deprecated in APPPATH/Controllers/Orders.php on line 43.
 1 SYSTEMPATH/CodeIgniter.php(906): App\Controllers\Orders->__construct()
 2 SYSTEMPATH/CodeIgniter.php(490): CodeIgniter\CodeIgniter->createController()
 3 SYSTEMPATH/CodeIgniter.php(368): CodeIgniter\CodeIgniter->handleRequest(null, Object(Config\Cache), false)
 4 FCPATH/index.php(67): CodeIgniter\CodeIgniter->run()
WARNING - 2025-07-02 12:55:14 --> [DEPRECATED] Creation of dynamic property App\Controllers\Orders::$product is deprecated in APPPATH/Controllers/Orders.php on line 44.
 1 SYSTEMPATH/CodeIgniter.php(906): App\Controllers\Orders->__construct()
 2 SYSTEMPATH/CodeIgniter.php(490): CodeIgniter\CodeIgniter->createController()
 3 SYSTEMPATH/CodeIgniter.php(368): CodeIgniter\CodeIgniter->handleRequest(null, Object(Config\Cache), false)
 4 FCPATH/index.php(67): CodeIgniter\CodeIgniter->run()
WARNING - 2025-07-02 12:55:14 --> [DEPRECATED] Creation of dynamic property App\Controllers\Orders::$orderitem is deprecated in APPPATH/Controllers/Orders.php on line 45.
 1 SYSTEMPATH/CodeIgniter.php(906): App\Controllers\Orders->__construct()
 2 SYSTEMPATH/CodeIgniter.php(490): CodeIgniter\CodeIgniter->createController()
 3 SYSTEMPATH/CodeIgniter.php(368): CodeIgniter\CodeIgniter->handleRequest(null, Object(Config\Cache), false)
 4 FCPATH/index.php(67): CodeIgniter\CodeIgniter->run()
WARNING - 2025-07-02 12:55:14 --> [DEPRECATED] Creation of dynamic property App\Controllers\Orders::$Ordercomment is deprecated in APPPATH/Controllers/Orders.php on line 46.
 1 SYSTEMPATH/CodeIgniter.php(906): App\Controllers\Orders->__construct()
 2 SYSTEMPATH/CodeIgniter.php(490): CodeIgniter\CodeIgniter->createController()
 3 SYSTEMPATH/CodeIgniter.php(368): CodeIgniter\CodeIgniter->handleRequest(null, Object(Config\Cache), false)
 4 FCPATH/index.php(67): CodeIgniter\CodeIgniter->run()
WARNING - 2025-07-02 12:55:14 --> [DEPRECATED] Creation of dynamic property App\Controllers\Orders::$catagory is deprecated in APPPATH/Controllers/Orders.php on line 47.
 1 SYSTEMPATH/CodeIgniter.php(906): App\Controllers\Orders->__construct()
 2 SYSTEMPATH/CodeIgniter.php(490): CodeIgniter\CodeIgniter->createController()
 3 SYSTEMPATH/CodeIgniter.php(368): CodeIgniter\CodeIgniter->handleRequest(null, Object(Config\Cache), false)
 4 FCPATH/index.php(67): CodeIgniter\CodeIgniter->run()
WARNING - 2025-07-02 12:55:14 --> [DEPRECATED] Creation of dynamic property App\Controllers\Orders::$User is deprecated in APPPATH/Controllers/Orders.php on line 48.
 1 SYSTEMPATH/CodeIgniter.php(906): App\Controllers\Orders->__construct()
 2 SYSTEMPATH/CodeIgniter.php(490): CodeIgniter\CodeIgniter->createController()
 3 SYSTEMPATH/CodeIgniter.php(368): CodeIgniter\CodeIgniter->handleRequest(null, Object(Config\Cache), false)
 4 FCPATH/index.php(67): CodeIgniter\CodeIgniter->run()
WARNING - 2025-07-02 12:55:14 --> [DEPRECATED] Creation of dynamic property App\Controllers\Orders::$shippingmethod is deprecated in APPPATH/Controllers/Orders.php on line 49.
 1 SYSTEMPATH/CodeIgniter.php(906): App\Controllers\Orders->__construct()
 2 SYSTEMPATH/CodeIgniter.php(490): CodeIgniter\CodeIgniter->createController()
 3 SYSTEMPATH/CodeIgniter.php(368): CodeIgniter\CodeIgniter->handleRequest(null, Object(Config\Cache), false)
 4 FCPATH/index.php(67): CodeIgniter\CodeIgniter->run()
WARNING - 2025-07-02 12:55:14 --> [DEPRECATED] Creation of dynamic property App\Controllers\Orders::$shippingrate is deprecated in APPPATH/Controllers/Orders.php on line 50.
 1 SYSTEMPATH/CodeIgniter.php(906): App\Controllers\Orders->__construct()
 2 SYSTEMPATH/CodeIgniter.php(490): CodeIgniter\CodeIgniter->createController()
 3 SYSTEMPATH/CodeIgniter.php(368): CodeIgniter\CodeIgniter->handleRequest(null, Object(Config\Cache), false)
 4 FCPATH/index.php(67): CodeIgniter\CodeIgniter->run()
WARNING - 2025-07-02 12:55:14 --> [DEPRECATED] Creation of dynamic property App\Controllers\Orders::$shippingzone is deprecated in APPPATH/Controllers/Orders.php on line 51.
 1 SYSTEMPATH/CodeIgniter.php(906): App\Controllers\Orders->__construct()
 2 SYSTEMPATH/CodeIgniter.php(490): CodeIgniter\CodeIgniter->createController()
 3 SYSTEMPATH/CodeIgniter.php(368): CodeIgniter\CodeIgniter->handleRequest(null, Object(Config\Cache), false)
 4 FCPATH/index.php(67): CodeIgniter\CodeIgniter->run()
WARNING - 2025-07-02 12:55:14 --> [DEPRECATED] Creation of dynamic property App\Controllers\Orders::$country is deprecated in APPPATH/Controllers/Orders.php on line 52.
 1 SYSTEMPATH/CodeIgniter.php(906): App\Controllers\Orders->__construct()
 2 SYSTEMPATH/CodeIgniter.php(490): CodeIgniter\CodeIgniter->createController()
 3 SYSTEMPATH/CodeIgniter.php(368): CodeIgniter\CodeIgniter->handleRequest(null, Object(Config\Cache), false)
 4 FCPATH/index.php(67): CodeIgniter\CodeIgniter->run()
WARNING - 2025-07-02 12:55:14 --> [DEPRECATED] Creation of dynamic property App\Controllers\Orders::$ChatModel is deprecated in APPPATH/Controllers/Orders.php on line 53.
 1 SYSTEMPATH/CodeIgniter.php(906): App\Controllers\Orders->__construct()
 2 SYSTEMPATH/CodeIgniter.php(490): CodeIgniter\CodeIgniter->createController()
 3 SYSTEMPATH/CodeIgniter.php(368): CodeIgniter\CodeIgniter->handleRequest(null, Object(Config\Cache), false)
 4 FCPATH/index.php(67): CodeIgniter\CodeIgniter->run()
WARNING - 2025-07-02 12:55:14 --> [DEPRECATED] Creation of dynamic property App\Controllers\Orders::$Allsettings is deprecated in APPPATH/Controllers/Orders.php on line 54.
 1 SYSTEMPATH/CodeIgniter.php(906): App\Controllers\Orders->__construct()
 2 SYSTEMPATH/CodeIgniter.php(490): CodeIgniter\CodeIgniter->createController()
 3 SYSTEMPATH/CodeIgniter.php(368): CodeIgniter\CodeIgniter->handleRequest(null, Object(Config\Cache), false)
 4 FCPATH/index.php(67): CodeIgniter\CodeIgniter->run()
WARNING - 2025-07-02 12:55:14 --> [DEPRECATED] Creation of dynamic property App\Controllers\Orders::$ShippingDataModel is deprecated in APPPATH/Controllers/Orders.php on line 55.
 1 SYSTEMPATH/CodeIgniter.php(906): App\Controllers\Orders->__construct()
 2 SYSTEMPATH/CodeIgniter.php(490): CodeIgniter\CodeIgniter->createController()
 3 SYSTEMPATH/CodeIgniter.php(368): CodeIgniter\CodeIgniter->handleRequest(null, Object(Config\Cache), false)
 4 FCPATH/index.php(67): CodeIgniter\CodeIgniter->run()
WARNING - 2025-07-02 12:55:14 --> [DEPRECATED] Creation of dynamic property App\Controllers\Orders::$cityModel is deprecated in APPPATH/Controllers/Orders.php on line 56.
 1 SYSTEMPATH/CodeIgniter.php(906): App\Controllers\Orders->__construct()
 2 SYSTEMPATH/CodeIgniter.php(490): CodeIgniter\CodeIgniter->createController()
 3 SYSTEMPATH/CodeIgniter.php(368): CodeIgniter\CodeIgniter->handleRequest(null, Object(Config\Cache), false)
 4 FCPATH/index.php(67): CodeIgniter\CodeIgniter->run()
WARNING - 2025-07-02 12:55:14 --> [DEPRECATED] Creation of dynamic property App\Controllers\Orders::$stateModel is deprecated in APPPATH/Controllers/Orders.php on line 57.
 1 SYSTEMPATH/CodeIgniter.php(906): App\Controllers\Orders->__construct()
 2 SYSTEMPATH/CodeIgniter.php(490): CodeIgniter\CodeIgniter->createController()
 3 SYSTEMPATH/CodeIgniter.php(368): CodeIgniter\CodeIgniter->handleRequest(null, Object(Config\Cache), false)
 4 FCPATH/index.php(67): CodeIgniter\CodeIgniter->run()
WARNING - 2025-07-02 12:55:14 --> [DEPRECATED] Creation of dynamic property App\Controllers\Orders::$taxModel is deprecated in APPPATH/Controllers/Orders.php on line 58.
 1 SYSTEMPATH/CodeIgniter.php(906): App\Controllers\Orders->__construct()
 2 SYSTEMPATH/CodeIgniter.php(490): CodeIgniter\CodeIgniter->createController()
 3 SYSTEMPATH/CodeIgniter.php(368): CodeIgniter\CodeIgniter->handleRequest(null, Object(Config\Cache), false)
 4 FCPATH/index.php(67): CodeIgniter\CodeIgniter->run()
INFO - 2025-07-02 12:55:15 --> Session: Class initialized using 'CodeIgniter\Session\Handlers\FileHandler' driver.
WARNING - 2025-07-02 12:55:15 --> [DEPRECATED] Creation of dynamic property App\Controllers\Home::$user_model is deprecated in APPPATH/Controllers/Home.php on line 35.
 1 SYSTEMPATH/CodeIgniter.php(906): App\Controllers\Home->__construct()
 2 SYSTEMPATH/CodeIgniter.php(490): CodeIgniter\CodeIgniter->createController()
 3 SYSTEMPATH/CodeIgniter.php(368): CodeIgniter\CodeIgniter->handleRequest(null, Object(Config\Cache), false)
 4 FCPATH/index.php(67): CodeIgniter\CodeIgniter->run()
WARNING - 2025-07-02 12:55:15 --> [DEPRECATED] Creation of dynamic property App\Controllers\Home::$BlogModel is deprecated in APPPATH/Controllers/Home.php on line 43.
 1 SYSTEMPATH/CodeIgniter.php(906): App\Controllers\Home->__construct()
 2 SYSTEMPATH/CodeIgniter.php(490): CodeIgniter\CodeIgniter->createController()
 3 SYSTEMPATH/CodeIgniter.php(368): CodeIgniter\CodeIgniter->handleRequest(null, Object(Config\Cache), false)
 4 FCPATH/index.php(67): CodeIgniter\CodeIgniter->run()
WARNING - 2025-07-02 12:55:15 --> [DEPRECATED] Creation of dynamic property App\Controllers\Home::$EnquiryModel is deprecated in APPPATH/Controllers/Home.php on line 44.
 1 SYSTEMPATH/CodeIgniter.php(906): App\Controllers\Home->__construct()
 2 SYSTEMPATH/CodeIgniter.php(490): CodeIgniter\CodeIgniter->createController()
 3 SYSTEMPATH/CodeIgniter.php(368): CodeIgniter\CodeIgniter->handleRequest(null, Object(Config\Cache), false)
 4 FCPATH/index.php(67): CodeIgniter\CodeIgniter->run()
WARNING - 2025-07-02 12:55:15 --> [DEPRECATED] Creation of dynamic property App\Controllers\Home::$Allsettingsmodel is deprecated in APPPATH/Controllers/Home.php on line 45.
 1 SYSTEMPATH/CodeIgniter.php(906): App\Controllers\Home->__construct()
 2 SYSTEMPATH/CodeIgniter.php(490): CodeIgniter\CodeIgniter->createController()
 3 SYSTEMPATH/CodeIgniter.php(368): CodeIgniter\CodeIgniter->handleRequest(null, Object(Config\Cache), false)
 4 FCPATH/index.php(67): CodeIgniter\CodeIgniter->run()
INFO - 2025-07-02 12:55:17 --> Session: Class initialized using 'CodeIgniter\Session\Handlers\FileHandler' driver.
WARNING - 2025-07-02 12:55:17 --> [DEPRECATED] Creation of dynamic property App\Controllers\Home::$user_model is deprecated in APPPATH/Controllers/Home.php on line 35.
 1 SYSTEMPATH/CodeIgniter.php(906): App\Controllers\Home->__construct()
 2 SYSTEMPATH/CodeIgniter.php(490): CodeIgniter\CodeIgniter->createController()
 3 SYSTEMPATH/CodeIgniter.php(368): CodeIgniter\CodeIgniter->handleRequest(null, Object(Config\Cache), false)
 4 FCPATH/index.php(67): CodeIgniter\CodeIgniter->run()
WARNING - 2025-07-02 12:55:17 --> [DEPRECATED] Creation of dynamic property App\Controllers\Home::$BlogModel is deprecated in APPPATH/Controllers/Home.php on line 43.
 1 SYSTEMPATH/CodeIgniter.php(906): App\Controllers\Home->__construct()
 2 SYSTEMPATH/CodeIgniter.php(490): CodeIgniter\CodeIgniter->createController()
 3 SYSTEMPATH/CodeIgniter.php(368): CodeIgniter\CodeIgniter->handleRequest(null, Object(Config\Cache), false)
 4 FCPATH/index.php(67): CodeIgniter\CodeIgniter->run()
WARNING - 2025-07-02 12:55:17 --> [DEPRECATED] Creation of dynamic property App\Controllers\Home::$EnquiryModel is deprecated in APPPATH/Controllers/Home.php on line 44.
 1 SYSTEMPATH/CodeIgniter.php(906): App\Controllers\Home->__construct()
 2 SYSTEMPATH/CodeIgniter.php(490): CodeIgniter\CodeIgniter->createController()
 3 SYSTEMPATH/CodeIgniter.php(368): CodeIgniter\CodeIgniter->handleRequest(null, Object(Config\Cache), false)
 4 FCPATH/index.php(67): CodeIgniter\CodeIgniter->run()
WARNING - 2025-07-02 12:55:17 --> [DEPRECATED] Creation of dynamic property App\Controllers\Home::$Allsettingsmodel is deprecated in APPPATH/Controllers/Home.php on line 45.
 1 SYSTEMPATH/CodeIgniter.php(906): App\Controllers\Home->__construct()
 2 SYSTEMPATH/CodeIgniter.php(490): CodeIgniter\CodeIgniter->createController()
 3 SYSTEMPATH/CodeIgniter.php(368): CodeIgniter\CodeIgniter->handleRequest(null, Object(Config\Cache), false)
 4 FCPATH/index.php(67): CodeIgniter\CodeIgniter->run()
INFO - 2025-07-02 12:55:18 --> Session: Class initialized using 'CodeIgniter\Session\Handlers\FileHandler' driver.
WARNING - 2025-07-02 12:55:18 --> [DEPRECATED] Creation of dynamic property App\Controllers\Home::$user_model is deprecated in APPPATH/Controllers/Home.php on line 35.
 1 SYSTEMPATH/CodeIgniter.php(906): App\Controllers\Home->__construct()
 2 SYSTEMPATH/CodeIgniter.php(490): CodeIgniter\CodeIgniter->createController()
 3 SYSTEMPATH/CodeIgniter.php(368): CodeIgniter\CodeIgniter->handleRequest(null, Object(Config\Cache), false)
 4 FCPATH/index.php(67): CodeIgniter\CodeIgniter->run()
WARNING - 2025-07-02 12:55:18 --> [DEPRECATED] Creation of dynamic property App\Controllers\Home::$BlogModel is deprecated in APPPATH/Controllers/Home.php on line 43.
 1 SYSTEMPATH/CodeIgniter.php(906): App\Controllers\Home->__construct()
 2 SYSTEMPATH/CodeIgniter.php(490): CodeIgniter\CodeIgniter->createController()
 3 SYSTEMPATH/CodeIgniter.php(368): CodeIgniter\CodeIgniter->handleRequest(null, Object(Config\Cache), false)
 4 FCPATH/index.php(67): CodeIgniter\CodeIgniter->run()
WARNING - 2025-07-02 12:55:18 --> [DEPRECATED] Creation of dynamic property App\Controllers\Home::$EnquiryModel is deprecated in APPPATH/Controllers/Home.php on line 44.
 1 SYSTEMPATH/CodeIgniter.php(906): App\Controllers\Home->__construct()
 2 SYSTEMPATH/CodeIgniter.php(490): CodeIgniter\CodeIgniter->createController()
 3 SYSTEMPATH/CodeIgniter.php(368): CodeIgniter\CodeIgniter->handleRequest(null, Object(Config\Cache), false)
 4 FCPATH/index.php(67): CodeIgniter\CodeIgniter->run()
WARNING - 2025-07-02 12:55:18 --> [DEPRECATED] Creation of dynamic property App\Controllers\Home::$Allsettingsmodel is deprecated in APPPATH/Controllers/Home.php on line 45.
 1 SYSTEMPATH/CodeIgniter.php(906): App\Controllers\Home->__construct()
 2 SYSTEMPATH/CodeIgniter.php(490): CodeIgniter\CodeIgniter->createController()
 3 SYSTEMPATH/CodeIgniter.php(368): CodeIgniter\CodeIgniter->handleRequest(null, Object(Config\Cache), false)
 4 FCPATH/index.php(67): CodeIgniter\CodeIgniter->run()
INFO - 2025-07-02 12:55:21 --> Session: Class initialized using 'CodeIgniter\Session\Handlers\FileHandler' driver.
WARNING - 2025-07-02 12:55:21 --> [DEPRECATED] Creation of dynamic property App\Controllers\Orders::$session is deprecated in APPPATH/Controllers/Orders.php on line 34.
 1 SYSTEMPATH/CodeIgniter.php(906): App\Controllers\Orders->__construct()
 2 SYSTEMPATH/CodeIgniter.php(490): CodeIgniter\CodeIgniter->createController()
 3 SYSTEMPATH/CodeIgniter.php(368): CodeIgniter\CodeIgniter->handleRequest(null, Object(Config\Cache), false)
 4 FCPATH/index.php(67): CodeIgniter\CodeIgniter->run()
WARNING - 2025-07-02 12:55:21 --> Session: Sessions is enabled, and one exists. Please don't $session->start();
WARNING - 2025-07-02 12:55:21 --> [DEPRECATED] Creation of dynamic property App\Controllers\Orders::$coupons is deprecated in APPPATH/Controllers/Orders.php on line 38.
 1 SYSTEMPATH/CodeIgniter.php(906): App\Controllers\Orders->__construct()
 2 SYSTEMPATH/CodeIgniter.php(490): CodeIgniter\CodeIgniter->createController()
 3 SYSTEMPATH/CodeIgniter.php(368): CodeIgniter\CodeIgniter->handleRequest(null, Object(Config\Cache), false)
 4 FCPATH/index.php(67): CodeIgniter\CodeIgniter->run()
WARNING - 2025-07-02 12:55:21 --> [DEPRECATED] Creation of dynamic property App\Controllers\Orders::$faqs is deprecated in APPPATH/Controllers/Orders.php on line 39.
 1 SYSTEMPATH/CodeIgniter.php(906): App\Controllers\Orders->__construct()
 2 SYSTEMPATH/CodeIgniter.php(490): CodeIgniter\CodeIgniter->createController()
 3 SYSTEMPATH/CodeIgniter.php(368): CodeIgniter\CodeIgniter->handleRequest(null, Object(Config\Cache), false)
 4 FCPATH/index.php(67): CodeIgniter\CodeIgniter->run()
WARNING - 2025-07-02 12:55:21 --> [DEPRECATED] Creation of dynamic property App\Controllers\Orders::$seo is deprecated in APPPATH/Controllers/Orders.php on line 40.
 1 SYSTEMPATH/CodeIgniter.php(906): App\Controllers\Orders->__construct()
 2 SYSTEMPATH/CodeIgniter.php(490): CodeIgniter\CodeIgniter->createController()
 3 SYSTEMPATH/CodeIgniter.php(368): CodeIgniter\CodeIgniter->handleRequest(null, Object(Config\Cache), false)
 4 FCPATH/index.php(67): CodeIgniter\CodeIgniter->run()
WARNING - 2025-07-02 12:55:21 --> [DEPRECATED] Creation of dynamic property App\Controllers\Orders::$Ordermodel is deprecated in APPPATH/Controllers/Orders.php on line 41.
 1 SYSTEMPATH/CodeIgniter.php(906): App\Controllers\Orders->__construct()
 2 SYSTEMPATH/CodeIgniter.php(490): CodeIgniter\CodeIgniter->createController()
 3 SYSTEMPATH/CodeIgniter.php(368): CodeIgniter\CodeIgniter->handleRequest(null, Object(Config\Cache), false)
 4 FCPATH/index.php(67): CodeIgniter\CodeIgniter->run()
WARNING - 2025-07-02 12:55:21 --> [DEPRECATED] Creation of dynamic property App\Controllers\Orders::$testimonial is deprecated in APPPATH/Controllers/Orders.php on line 42.
 1 SYSTEMPATH/CodeIgniter.php(906): App\Controllers\Orders->__construct()
 2 SYSTEMPATH/CodeIgniter.php(490): CodeIgniter\CodeIgniter->createController()
 3 SYSTEMPATH/CodeIgniter.php(368): CodeIgniter\CodeIgniter->handleRequest(null, Object(Config\Cache), false)
 4 FCPATH/index.php(67): CodeIgniter\CodeIgniter->run()
WARNING - 2025-07-02 12:55:21 --> [DEPRECATED] Creation of dynamic property App\Controllers\Orders::$enquiry is deprecated in APPPATH/Controllers/Orders.php on line 43.
 1 SYSTEMPATH/CodeIgniter.php(906): App\Controllers\Orders->__construct()
 2 SYSTEMPATH/CodeIgniter.php(490): CodeIgniter\CodeIgniter->createController()
 3 SYSTEMPATH/CodeIgniter.php(368): CodeIgniter\CodeIgniter->handleRequest(null, Object(Config\Cache), false)
 4 FCPATH/index.php(67): CodeIgniter\CodeIgniter->run()
WARNING - 2025-07-02 12:55:21 --> [DEPRECATED] Creation of dynamic property App\Controllers\Orders::$product is deprecated in APPPATH/Controllers/Orders.php on line 44.
 1 SYSTEMPATH/CodeIgniter.php(906): App\Controllers\Orders->__construct()
 2 SYSTEMPATH/CodeIgniter.php(490): CodeIgniter\CodeIgniter->createController()
 3 SYSTEMPATH/CodeIgniter.php(368): CodeIgniter\CodeIgniter->handleRequest(null, Object(Config\Cache), false)
 4 FCPATH/index.php(67): CodeIgniter\CodeIgniter->run()
WARNING - 2025-07-02 12:55:21 --> [DEPRECATED] Creation of dynamic property App\Controllers\Orders::$orderitem is deprecated in APPPATH/Controllers/Orders.php on line 45.
 1 SYSTEMPATH/CodeIgniter.php(906): App\Controllers\Orders->__construct()
 2 SYSTEMPATH/CodeIgniter.php(490): CodeIgniter\CodeIgniter->createController()
 3 SYSTEMPATH/CodeIgniter.php(368): CodeIgniter\CodeIgniter->handleRequest(null, Object(Config\Cache), false)
 4 FCPATH/index.php(67): CodeIgniter\CodeIgniter->run()
WARNING - 2025-07-02 12:55:21 --> [DEPRECATED] Creation of dynamic property App\Controllers\Orders::$Ordercomment is deprecated in APPPATH/Controllers/Orders.php on line 46.
 1 SYSTEMPATH/CodeIgniter.php(906): App\Controllers\Orders->__construct()
 2 SYSTEMPATH/CodeIgniter.php(490): CodeIgniter\CodeIgniter->createController()
 3 SYSTEMPATH/CodeIgniter.php(368): CodeIgniter\CodeIgniter->handleRequest(null, Object(Config\Cache), false)
 4 FCPATH/index.php(67): CodeIgniter\CodeIgniter->run()
WARNING - 2025-07-02 12:55:21 --> [DEPRECATED] Creation of dynamic property App\Controllers\Orders::$catagory is deprecated in APPPATH/Controllers/Orders.php on line 47.
 1 SYSTEMPATH/CodeIgniter.php(906): App\Controllers\Orders->__construct()
 2 SYSTEMPATH/CodeIgniter.php(490): CodeIgniter\CodeIgniter->createController()
 3 SYSTEMPATH/CodeIgniter.php(368): CodeIgniter\CodeIgniter->handleRequest(null, Object(Config\Cache), false)
 4 FCPATH/index.php(67): CodeIgniter\CodeIgniter->run()
WARNING - 2025-07-02 12:55:21 --> [DEPRECATED] Creation of dynamic property App\Controllers\Orders::$User is deprecated in APPPATH/Controllers/Orders.php on line 48.
 1 SYSTEMPATH/CodeIgniter.php(906): App\Controllers\Orders->__construct()
 2 SYSTEMPATH/CodeIgniter.php(490): CodeIgniter\CodeIgniter->createController()
 3 SYSTEMPATH/CodeIgniter.php(368): CodeIgniter\CodeIgniter->handleRequest(null, Object(Config\Cache), false)
 4 FCPATH/index.php(67): CodeIgniter\CodeIgniter->run()
WARNING - 2025-07-02 12:55:21 --> [DEPRECATED] Creation of dynamic property App\Controllers\Orders::$shippingmethod is deprecated in APPPATH/Controllers/Orders.php on line 49.
 1 SYSTEMPATH/CodeIgniter.php(906): App\Controllers\Orders->__construct()
 2 SYSTEMPATH/CodeIgniter.php(490): CodeIgniter\CodeIgniter->createController()
 3 SYSTEMPATH/CodeIgniter.php(368): CodeIgniter\CodeIgniter->handleRequest(null, Object(Config\Cache), false)
 4 FCPATH/index.php(67): CodeIgniter\CodeIgniter->run()
WARNING - 2025-07-02 12:55:21 --> [DEPRECATED] Creation of dynamic property App\Controllers\Orders::$shippingrate is deprecated in APPPATH/Controllers/Orders.php on line 50.
 1 SYSTEMPATH/CodeIgniter.php(906): App\Controllers\Orders->__construct()
 2 SYSTEMPATH/CodeIgniter.php(490): CodeIgniter\CodeIgniter->createController()
 3 SYSTEMPATH/CodeIgniter.php(368): CodeIgniter\CodeIgniter->handleRequest(null, Object(Config\Cache), false)
 4 FCPATH/index.php(67): CodeIgniter\CodeIgniter->run()
WARNING - 2025-07-02 12:55:21 --> [DEPRECATED] Creation of dynamic property App\Controllers\Orders::$shippingzone is deprecated in APPPATH/Controllers/Orders.php on line 51.
 1 SYSTEMPATH/CodeIgniter.php(906): App\Controllers\Orders->__construct()
 2 SYSTEMPATH/CodeIgniter.php(490): CodeIgniter\CodeIgniter->createController()
 3 SYSTEMPATH/CodeIgniter.php(368): CodeIgniter\CodeIgniter->handleRequest(null, Object(Config\Cache), false)
 4 FCPATH/index.php(67): CodeIgniter\CodeIgniter->run()
WARNING - 2025-07-02 12:55:21 --> [DEPRECATED] Creation of dynamic property App\Controllers\Orders::$country is deprecated in APPPATH/Controllers/Orders.php on line 52.
 1 SYSTEMPATH/CodeIgniter.php(906): App\Controllers\Orders->__construct()
 2 SYSTEMPATH/CodeIgniter.php(490): CodeIgniter\CodeIgniter->createController()
 3 SYSTEMPATH/CodeIgniter.php(368): CodeIgniter\CodeIgniter->handleRequest(null, Object(Config\Cache), false)
 4 FCPATH/index.php(67): CodeIgniter\CodeIgniter->run()
WARNING - 2025-07-02 12:55:21 --> [DEPRECATED] Creation of dynamic property App\Controllers\Orders::$ChatModel is deprecated in APPPATH/Controllers/Orders.php on line 53.
 1 SYSTEMPATH/CodeIgniter.php(906): App\Controllers\Orders->__construct()
 2 SYSTEMPATH/CodeIgniter.php(490): CodeIgniter\CodeIgniter->createController()
 3 SYSTEMPATH/CodeIgniter.php(368): CodeIgniter\CodeIgniter->handleRequest(null, Object(Config\Cache), false)
 4 FCPATH/index.php(67): CodeIgniter\CodeIgniter->run()
WARNING - 2025-07-02 12:55:21 --> [DEPRECATED] Creation of dynamic property App\Controllers\Orders::$Allsettings is deprecated in APPPATH/Controllers/Orders.php on line 54.
 1 SYSTEMPATH/CodeIgniter.php(906): App\Controllers\Orders->__construct()
 2 SYSTEMPATH/CodeIgniter.php(490): CodeIgniter\CodeIgniter->createController()
 3 SYSTEMPATH/CodeIgniter.php(368): CodeIgniter\CodeIgniter->handleRequest(null, Object(Config\Cache), false)
 4 FCPATH/index.php(67): CodeIgniter\CodeIgniter->run()
WARNING - 2025-07-02 12:55:21 --> [DEPRECATED] Creation of dynamic property App\Controllers\Orders::$ShippingDataModel is deprecated in APPPATH/Controllers/Orders.php on line 55.
 1 SYSTEMPATH/CodeIgniter.php(906): App\Controllers\Orders->__construct()
 2 SYSTEMPATH/CodeIgniter.php(490): CodeIgniter\CodeIgniter->createController()
 3 SYSTEMPATH/CodeIgniter.php(368): CodeIgniter\CodeIgniter->handleRequest(null, Object(Config\Cache), false)
 4 FCPATH/index.php(67): CodeIgniter\CodeIgniter->run()
WARNING - 2025-07-02 12:55:21 --> [DEPRECATED] Creation of dynamic property App\Controllers\Orders::$cityModel is deprecated in APPPATH/Controllers/Orders.php on line 56.
 1 SYSTEMPATH/CodeIgniter.php(906): App\Controllers\Orders->__construct()
 2 SYSTEMPATH/CodeIgniter.php(490): CodeIgniter\CodeIgniter->createController()
 3 SYSTEMPATH/CodeIgniter.php(368): CodeIgniter\CodeIgniter->handleRequest(null, Object(Config\Cache), false)
 4 FCPATH/index.php(67): CodeIgniter\CodeIgniter->run()
WARNING - 2025-07-02 12:55:21 --> [DEPRECATED] Creation of dynamic property App\Controllers\Orders::$stateModel is deprecated in APPPATH/Controllers/Orders.php on line 57.
 1 SYSTEMPATH/CodeIgniter.php(906): App\Controllers\Orders->__construct()
 2 SYSTEMPATH/CodeIgniter.php(490): CodeIgniter\CodeIgniter->createController()
 3 SYSTEMPATH/CodeIgniter.php(368): CodeIgniter\CodeIgniter->handleRequest(null, Object(Config\Cache), false)
 4 FCPATH/index.php(67): CodeIgniter\CodeIgniter->run()
WARNING - 2025-07-02 12:55:21 --> [DEPRECATED] Creation of dynamic property App\Controllers\Orders::$taxModel is deprecated in APPPATH/Controllers/Orders.php on line 58.
 1 SYSTEMPATH/CodeIgniter.php(906): App\Controllers\Orders->__construct()
 2 SYSTEMPATH/CodeIgniter.php(490): CodeIgniter\CodeIgniter->createController()
 3 SYSTEMPATH/CodeIgniter.php(368): CodeIgniter\CodeIgniter->handleRequest(null, Object(Config\Cache), false)
 4 FCPATH/index.php(67): CodeIgniter\CodeIgniter->run()
INFO - 2025-07-02 12:55:21 --> Session: Class initialized using 'CodeIgniter\Session\Handlers\FileHandler' driver.
WARNING - 2025-07-02 12:55:21 --> [DEPRECATED] Creation of dynamic property App\Controllers\Home::$user_model is deprecated in APPPATH/Controllers/Home.php on line 35.
 1 SYSTEMPATH/CodeIgniter.php(906): App\Controllers\Home->__construct()
 2 SYSTEMPATH/CodeIgniter.php(490): CodeIgniter\CodeIgniter->createController()
 3 SYSTEMPATH/CodeIgniter.php(368): CodeIgniter\CodeIgniter->handleRequest(null, Object(Config\Cache), false)
 4 FCPATH/index.php(67): CodeIgniter\CodeIgniter->run()
WARNING - 2025-07-02 12:55:21 --> [DEPRECATED] Creation of dynamic property App\Controllers\Home::$BlogModel is deprecated in APPPATH/Controllers/Home.php on line 43.
 1 SYSTEMPATH/CodeIgniter.php(906): App\Controllers\Home->__construct()
 2 SYSTEMPATH/CodeIgniter.php(490): CodeIgniter\CodeIgniter->createController()
 3 SYSTEMPATH/CodeIgniter.php(368): CodeIgniter\CodeIgniter->handleRequest(null, Object(Config\Cache), false)
 4 FCPATH/index.php(67): CodeIgniter\CodeIgniter->run()
WARNING - 2025-07-02 12:55:21 --> [DEPRECATED] Creation of dynamic property App\Controllers\Home::$EnquiryModel is deprecated in APPPATH/Controllers/Home.php on line 44.
 1 SYSTEMPATH/CodeIgniter.php(906): App\Controllers\Home->__construct()
 2 SYSTEMPATH/CodeIgniter.php(490): CodeIgniter\CodeIgniter->createController()
 3 SYSTEMPATH/CodeIgniter.php(368): CodeIgniter\CodeIgniter->handleRequest(null, Object(Config\Cache), false)
 4 FCPATH/index.php(67): CodeIgniter\CodeIgniter->run()
WARNING - 2025-07-02 12:55:21 --> [DEPRECATED] Creation of dynamic property App\Controllers\Home::$Allsettingsmodel is deprecated in APPPATH/Controllers/Home.php on line 45.
 1 SYSTEMPATH/CodeIgniter.php(906): App\Controllers\Home->__construct()
 2 SYSTEMPATH/CodeIgniter.php(490): CodeIgniter\CodeIgniter->createController()
 3 SYSTEMPATH/CodeIgniter.php(368): CodeIgniter\CodeIgniter->handleRequest(null, Object(Config\Cache), false)
 4 FCPATH/index.php(67): CodeIgniter\CodeIgniter->run()
INFO - 2025-07-02 12:56:13 --> Session: Class initialized using 'CodeIgniter\Session\Handlers\FileHandler' driver.
WARNING - 2025-07-02 12:56:13 --> [DEPRECATED] Creation of dynamic property App\Controllers\Orders::$session is deprecated in APPPATH/Controllers/Orders.php on line 34.
 1 SYSTEMPATH/CodeIgniter.php(906): App\Controllers\Orders->__construct()
 2 SYSTEMPATH/CodeIgniter.php(490): CodeIgniter\CodeIgniter->createController()
 3 SYSTEMPATH/CodeIgniter.php(368): CodeIgniter\CodeIgniter->handleRequest(null, Object(Config\Cache), false)
 4 FCPATH/index.php(67): CodeIgniter\CodeIgniter->run()
WARNING - 2025-07-02 12:56:13 --> Session: Sessions is enabled, and one exists. Please don't $session->start();
WARNING - 2025-07-02 12:56:13 --> [DEPRECATED] Creation of dynamic property App\Controllers\Orders::$coupons is deprecated in APPPATH/Controllers/Orders.php on line 38.
 1 SYSTEMPATH/CodeIgniter.php(906): App\Controllers\Orders->__construct()
 2 SYSTEMPATH/CodeIgniter.php(490): CodeIgniter\CodeIgniter->createController()
 3 SYSTEMPATH/CodeIgniter.php(368): CodeIgniter\CodeIgniter->handleRequest(null, Object(Config\Cache), false)
 4 FCPATH/index.php(67): CodeIgniter\CodeIgniter->run()
WARNING - 2025-07-02 12:56:13 --> [DEPRECATED] Creation of dynamic property App\Controllers\Orders::$faqs is deprecated in APPPATH/Controllers/Orders.php on line 39.
 1 SYSTEMPATH/CodeIgniter.php(906): App\Controllers\Orders->__construct()
 2 SYSTEMPATH/CodeIgniter.php(490): CodeIgniter\CodeIgniter->createController()
 3 SYSTEMPATH/CodeIgniter.php(368): CodeIgniter\CodeIgniter->handleRequest(null, Object(Config\Cache), false)
 4 FCPATH/index.php(67): CodeIgniter\CodeIgniter->run()
WARNING - 2025-07-02 12:56:13 --> [DEPRECATED] Creation of dynamic property App\Controllers\Orders::$seo is deprecated in APPPATH/Controllers/Orders.php on line 40.
 1 SYSTEMPATH/CodeIgniter.php(906): App\Controllers\Orders->__construct()
 2 SYSTEMPATH/CodeIgniter.php(490): CodeIgniter\CodeIgniter->createController()
 3 SYSTEMPATH/CodeIgniter.php(368): CodeIgniter\CodeIgniter->handleRequest(null, Object(Config\Cache), false)
 4 FCPATH/index.php(67): CodeIgniter\CodeIgniter->run()
WARNING - 2025-07-02 12:56:13 --> [DEPRECATED] Creation of dynamic property App\Controllers\Orders::$Ordermodel is deprecated in APPPATH/Controllers/Orders.php on line 41.
 1 SYSTEMPATH/CodeIgniter.php(906): App\Controllers\Orders->__construct()
 2 SYSTEMPATH/CodeIgniter.php(490): CodeIgniter\CodeIgniter->createController()
 3 SYSTEMPATH/CodeIgniter.php(368): CodeIgniter\CodeIgniter->handleRequest(null, Object(Config\Cache), false)
 4 FCPATH/index.php(67): CodeIgniter\CodeIgniter->run()
WARNING - 2025-07-02 12:56:13 --> [DEPRECATED] Creation of dynamic property App\Controllers\Orders::$testimonial is deprecated in APPPATH/Controllers/Orders.php on line 42.
 1 SYSTEMPATH/CodeIgniter.php(906): App\Controllers\Orders->__construct()
 2 SYSTEMPATH/CodeIgniter.php(490): CodeIgniter\CodeIgniter->createController()
 3 SYSTEMPATH/CodeIgniter.php(368): CodeIgniter\CodeIgniter->handleRequest(null, Object(Config\Cache), false)
 4 FCPATH/index.php(67): CodeIgniter\CodeIgniter->run()
WARNING - 2025-07-02 12:56:13 --> [DEPRECATED] Creation of dynamic property App\Controllers\Orders::$enquiry is deprecated in APPPATH/Controllers/Orders.php on line 43.
 1 SYSTEMPATH/CodeIgniter.php(906): App\Controllers\Orders->__construct()
 2 SYSTEMPATH/CodeIgniter.php(490): CodeIgniter\CodeIgniter->createController()
 3 SYSTEMPATH/CodeIgniter.php(368): CodeIgniter\CodeIgniter->handleRequest(null, Object(Config\Cache), false)
 4 FCPATH/index.php(67): CodeIgniter\CodeIgniter->run()
WARNING - 2025-07-02 12:56:13 --> [DEPRECATED] Creation of dynamic property App\Controllers\Orders::$product is deprecated in APPPATH/Controllers/Orders.php on line 44.
 1 SYSTEMPATH/CodeIgniter.php(906): App\Controllers\Orders->__construct()
 2 SYSTEMPATH/CodeIgniter.php(490): CodeIgniter\CodeIgniter->createController()
 3 SYSTEMPATH/CodeIgniter.php(368): CodeIgniter\CodeIgniter->handleRequest(null, Object(Config\Cache), false)
 4 FCPATH/index.php(67): CodeIgniter\CodeIgniter->run()
WARNING - 2025-07-02 12:56:13 --> [DEPRECATED] Creation of dynamic property App\Controllers\Orders::$orderitem is deprecated in APPPATH/Controllers/Orders.php on line 45.
 1 SYSTEMPATH/CodeIgniter.php(906): App\Controllers\Orders->__construct()
 2 SYSTEMPATH/CodeIgniter.php(490): CodeIgniter\CodeIgniter->createController()
 3 SYSTEMPATH/CodeIgniter.php(368): CodeIgniter\CodeIgniter->handleRequest(null, Object(Config\Cache), false)
 4 FCPATH/index.php(67): CodeIgniter\CodeIgniter->run()
WARNING - 2025-07-02 12:56:13 --> [DEPRECATED] Creation of dynamic property App\Controllers\Orders::$Ordercomment is deprecated in APPPATH/Controllers/Orders.php on line 46.
 1 SYSTEMPATH/CodeIgniter.php(906): App\Controllers\Orders->__construct()
 2 SYSTEMPATH/CodeIgniter.php(490): CodeIgniter\CodeIgniter->createController()
 3 SYSTEMPATH/CodeIgniter.php(368): CodeIgniter\CodeIgniter->handleRequest(null, Object(Config\Cache), false)
 4 FCPATH/index.php(67): CodeIgniter\CodeIgniter->run()
WARNING - 2025-07-02 12:56:13 --> [DEPRECATED] Creation of dynamic property App\Controllers\Orders::$catagory is deprecated in APPPATH/Controllers/Orders.php on line 47.
 1 SYSTEMPATH/CodeIgniter.php(906): App\Controllers\Orders->__construct()
 2 SYSTEMPATH/CodeIgniter.php(490): CodeIgniter\CodeIgniter->createController()
 3 SYSTEMPATH/CodeIgniter.php(368): CodeIgniter\CodeIgniter->handleRequest(null, Object(Config\Cache), false)
 4 FCPATH/index.php(67): CodeIgniter\CodeIgniter->run()
WARNING - 2025-07-02 12:56:13 --> [DEPRECATED] Creation of dynamic property App\Controllers\Orders::$User is deprecated in APPPATH/Controllers/Orders.php on line 48.
 1 SYSTEMPATH/CodeIgniter.php(906): App\Controllers\Orders->__construct()
 2 SYSTEMPATH/CodeIgniter.php(490): CodeIgniter\CodeIgniter->createController()
 3 SYSTEMPATH/CodeIgniter.php(368): CodeIgniter\CodeIgniter->handleRequest(null, Object(Config\Cache), false)
 4 FCPATH/index.php(67): CodeIgniter\CodeIgniter->run()
WARNING - 2025-07-02 12:56:13 --> [DEPRECATED] Creation of dynamic property App\Controllers\Orders::$shippingmethod is deprecated in APPPATH/Controllers/Orders.php on line 49.
 1 SYSTEMPATH/CodeIgniter.php(906): App\Controllers\Orders->__construct()
 2 SYSTEMPATH/CodeIgniter.php(490): CodeIgniter\CodeIgniter->createController()
 3 SYSTEMPATH/CodeIgniter.php(368): CodeIgniter\CodeIgniter->handleRequest(null, Object(Config\Cache), false)
 4 FCPATH/index.php(67): CodeIgniter\CodeIgniter->run()
WARNING - 2025-07-02 12:56:13 --> [DEPRECATED] Creation of dynamic property App\Controllers\Orders::$shippingrate is deprecated in APPPATH/Controllers/Orders.php on line 50.
 1 SYSTEMPATH/CodeIgniter.php(906): App\Controllers\Orders->__construct()
 2 SYSTEMPATH/CodeIgniter.php(490): CodeIgniter\CodeIgniter->createController()
 3 SYSTEMPATH/CodeIgniter.php(368): CodeIgniter\CodeIgniter->handleRequest(null, Object(Config\Cache), false)
 4 FCPATH/index.php(67): CodeIgniter\CodeIgniter->run()
WARNING - 2025-07-02 12:56:13 --> [DEPRECATED] Creation of dynamic property App\Controllers\Orders::$shippingzone is deprecated in APPPATH/Controllers/Orders.php on line 51.
 1 SYSTEMPATH/CodeIgniter.php(906): App\Controllers\Orders->__construct()
 2 SYSTEMPATH/CodeIgniter.php(490): CodeIgniter\CodeIgniter->createController()
 3 SYSTEMPATH/CodeIgniter.php(368): CodeIgniter\CodeIgniter->handleRequest(null, Object(Config\Cache), false)
 4 FCPATH/index.php(67): CodeIgniter\CodeIgniter->run()
WARNING - 2025-07-02 12:56:13 --> [DEPRECATED] Creation of dynamic property App\Controllers\Orders::$country is deprecated in APPPATH/Controllers/Orders.php on line 52.
 1 SYSTEMPATH/CodeIgniter.php(906): App\Controllers\Orders->__construct()
 2 SYSTEMPATH/CodeIgniter.php(490): CodeIgniter\CodeIgniter->createController()
 3 SYSTEMPATH/CodeIgniter.php(368): CodeIgniter\CodeIgniter->handleRequest(null, Object(Config\Cache), false)
 4 FCPATH/index.php(67): CodeIgniter\CodeIgniter->run()
WARNING - 2025-07-02 12:56:13 --> [DEPRECATED] Creation of dynamic property App\Controllers\Orders::$ChatModel is deprecated in APPPATH/Controllers/Orders.php on line 53.
 1 SYSTEMPATH/CodeIgniter.php(906): App\Controllers\Orders->__construct()
 2 SYSTEMPATH/CodeIgniter.php(490): CodeIgniter\CodeIgniter->createController()
 3 SYSTEMPATH/CodeIgniter.php(368): CodeIgniter\CodeIgniter->handleRequest(null, Object(Config\Cache), false)
 4 FCPATH/index.php(67): CodeIgniter\CodeIgniter->run()
WARNING - 2025-07-02 12:56:13 --> [DEPRECATED] Creation of dynamic property App\Controllers\Orders::$Allsettings is deprecated in APPPATH/Controllers/Orders.php on line 54.
 1 SYSTEMPATH/CodeIgniter.php(906): App\Controllers\Orders->__construct()
 2 SYSTEMPATH/CodeIgniter.php(490): CodeIgniter\CodeIgniter->createController()
 3 SYSTEMPATH/CodeIgniter.php(368): CodeIgniter\CodeIgniter->handleRequest(null, Object(Config\Cache), false)
 4 FCPATH/index.php(67): CodeIgniter\CodeIgniter->run()
WARNING - 2025-07-02 12:56:13 --> [DEPRECATED] Creation of dynamic property App\Controllers\Orders::$ShippingDataModel is deprecated in APPPATH/Controllers/Orders.php on line 55.
 1 SYSTEMPATH/CodeIgniter.php(906): App\Controllers\Orders->__construct()
 2 SYSTEMPATH/CodeIgniter.php(490): CodeIgniter\CodeIgniter->createController()
 3 SYSTEMPATH/CodeIgniter.php(368): CodeIgniter\CodeIgniter->handleRequest(null, Object(Config\Cache), false)
 4 FCPATH/index.php(67): CodeIgniter\CodeIgniter->run()
WARNING - 2025-07-02 12:56:13 --> [DEPRECATED] Creation of dynamic property App\Controllers\Orders::$cityModel is deprecated in APPPATH/Controllers/Orders.php on line 56.
 1 SYSTEMPATH/CodeIgniter.php(906): App\Controllers\Orders->__construct()
 2 SYSTEMPATH/CodeIgniter.php(490): CodeIgniter\CodeIgniter->createController()
 3 SYSTEMPATH/CodeIgniter.php(368): CodeIgniter\CodeIgniter->handleRequest(null, Object(Config\Cache), false)
 4 FCPATH/index.php(67): CodeIgniter\CodeIgniter->run()
WARNING - 2025-07-02 12:56:13 --> [DEPRECATED] Creation of dynamic property App\Controllers\Orders::$stateModel is deprecated in APPPATH/Controllers/Orders.php on line 57.
 1 SYSTEMPATH/CodeIgniter.php(906): App\Controllers\Orders->__construct()
 2 SYSTEMPATH/CodeIgniter.php(490): CodeIgniter\CodeIgniter->createController()
 3 SYSTEMPATH/CodeIgniter.php(368): CodeIgniter\CodeIgniter->handleRequest(null, Object(Config\Cache), false)
 4 FCPATH/index.php(67): CodeIgniter\CodeIgniter->run()
WARNING - 2025-07-02 12:56:13 --> [DEPRECATED] Creation of dynamic property App\Controllers\Orders::$taxModel is deprecated in APPPATH/Controllers/Orders.php on line 58.
 1 SYSTEMPATH/CodeIgniter.php(906): App\Controllers\Orders->__construct()
 2 SYSTEMPATH/CodeIgniter.php(490): CodeIgniter\CodeIgniter->createController()
 3 SYSTEMPATH/CodeIgniter.php(368): CodeIgniter\CodeIgniter->handleRequest(null, Object(Config\Cache), false)
 4 FCPATH/index.php(67): CodeIgniter\CodeIgniter->run()
INFO - 2025-07-02 12:56:18 --> Session: Class initialized using 'CodeIgniter\Session\Handlers\FileHandler' driver.
WARNING - 2025-07-02 12:56:18 --> [DEPRECATED] Creation of dynamic property App\Controllers\Home::$user_model is deprecated in APPPATH/Controllers/Home.php on line 35.
 1 SYSTEMPATH/CodeIgniter.php(906): App\Controllers\Home->__construct()
 2 SYSTEMPATH/CodeIgniter.php(490): CodeIgniter\CodeIgniter->createController()
 3 SYSTEMPATH/CodeIgniter.php(368): CodeIgniter\CodeIgniter->handleRequest(null, Object(Config\Cache), false)
 4 FCPATH/index.php(67): CodeIgniter\CodeIgniter->run()
WARNING - 2025-07-02 12:56:18 --> [DEPRECATED] Creation of dynamic property App\Controllers\Home::$BlogModel is deprecated in APPPATH/Controllers/Home.php on line 43.
 1 SYSTEMPATH/CodeIgniter.php(906): App\Controllers\Home->__construct()
 2 SYSTEMPATH/CodeIgniter.php(490): CodeIgniter\CodeIgniter->createController()
 3 SYSTEMPATH/CodeIgniter.php(368): CodeIgniter\CodeIgniter->handleRequest(null, Object(Config\Cache), false)
 4 FCPATH/index.php(67): CodeIgniter\CodeIgniter->run()
WARNING - 2025-07-02 12:56:18 --> [DEPRECATED] Creation of dynamic property App\Controllers\Home::$EnquiryModel is deprecated in APPPATH/Controllers/Home.php on line 44.
 1 SYSTEMPATH/CodeIgniter.php(906): App\Controllers\Home->__construct()
 2 SYSTEMPATH/CodeIgniter.php(490): CodeIgniter\CodeIgniter->createController()
 3 SYSTEMPATH/CodeIgniter.php(368): CodeIgniter\CodeIgniter->handleRequest(null, Object(Config\Cache), false)
 4 FCPATH/index.php(67): CodeIgniter\CodeIgniter->run()
WARNING - 2025-07-02 12:56:18 --> [DEPRECATED] Creation of dynamic property App\Controllers\Home::$Allsettingsmodel is deprecated in APPPATH/Controllers/Home.php on line 45.
 1 SYSTEMPATH/CodeIgniter.php(906): App\Controllers\Home->__construct()
 2 SYSTEMPATH/CodeIgniter.php(490): CodeIgniter\CodeIgniter->createController()
 3 SYSTEMPATH/CodeIgniter.php(368): CodeIgniter\CodeIgniter->handleRequest(null, Object(Config\Cache), false)
 4 FCPATH/index.php(67): CodeIgniter\CodeIgniter->run()
INFO - 2025-07-02 12:56:19 --> Session: Class initialized using 'CodeIgniter\Session\Handlers\FileHandler' driver.
WARNING - 2025-07-02 12:56:19 --> [DEPRECATED] Creation of dynamic property App\Controllers\Home::$user_model is deprecated in APPPATH/Controllers/Home.php on line 35.
 1 SYSTEMPATH/CodeIgniter.php(906): App\Controllers\Home->__construct()
 2 SYSTEMPATH/CodeIgniter.php(490): CodeIgniter\CodeIgniter->createController()
 3 SYSTEMPATH/CodeIgniter.php(368): CodeIgniter\CodeIgniter->handleRequest(null, Object(Config\Cache), false)
 4 FCPATH/index.php(67): CodeIgniter\CodeIgniter->run()
WARNING - 2025-07-02 12:56:19 --> [DEPRECATED] Creation of dynamic property App\Controllers\Home::$BlogModel is deprecated in APPPATH/Controllers/Home.php on line 43.
 1 SYSTEMPATH/CodeIgniter.php(906): App\Controllers\Home->__construct()
 2 SYSTEMPATH/CodeIgniter.php(490): CodeIgniter\CodeIgniter->createController()
 3 SYSTEMPATH/CodeIgniter.php(368): CodeIgniter\CodeIgniter->handleRequest(null, Object(Config\Cache), false)
 4 FCPATH/index.php(67): CodeIgniter\CodeIgniter->run()
WARNING - 2025-07-02 12:56:19 --> [DEPRECATED] Creation of dynamic property App\Controllers\Home::$EnquiryModel is deprecated in APPPATH/Controllers/Home.php on line 44.
 1 SYSTEMPATH/CodeIgniter.php(906): App\Controllers\Home->__construct()
 2 SYSTEMPATH/CodeIgniter.php(490): CodeIgniter\CodeIgniter->createController()
 3 SYSTEMPATH/CodeIgniter.php(368): CodeIgniter\CodeIgniter->handleRequest(null, Object(Config\Cache), false)
 4 FCPATH/index.php(67): CodeIgniter\CodeIgniter->run()
WARNING - 2025-07-02 12:56:19 --> [DEPRECATED] Creation of dynamic property App\Controllers\Home::$Allsettingsmodel is deprecated in APPPATH/Controllers/Home.php on line 45.
 1 SYSTEMPATH/CodeIgniter.php(906): App\Controllers\Home->__construct()
 2 SYSTEMPATH/CodeIgniter.php(490): CodeIgniter\CodeIgniter->createController()
 3 SYSTEMPATH/CodeIgniter.php(368): CodeIgniter\CodeIgniter->handleRequest(null, Object(Config\Cache), false)
 4 FCPATH/index.php(67): CodeIgniter\CodeIgniter->run()
INFO - 2025-07-02 12:56:20 --> Session: Class initialized using 'CodeIgniter\Session\Handlers\FileHandler' driver.
WARNING - 2025-07-02 12:56:20 --> [DEPRECATED] Creation of dynamic property App\Controllers\Orders::$session is deprecated in APPPATH/Controllers/Orders.php on line 34.
 1 SYSTEMPATH/CodeIgniter.php(906): App\Controllers\Orders->__construct()
 2 SYSTEMPATH/CodeIgniter.php(490): CodeIgniter\CodeIgniter->createController()
 3 SYSTEMPATH/CodeIgniter.php(368): CodeIgniter\CodeIgniter->handleRequest(null, Object(Config\Cache), false)
 4 FCPATH/index.php(67): CodeIgniter\CodeIgniter->run()
WARNING - 2025-07-02 12:56:20 --> Session: Sessions is enabled, and one exists. Please don't $session->start();
WARNING - 2025-07-02 12:56:20 --> [DEPRECATED] Creation of dynamic property App\Controllers\Orders::$coupons is deprecated in APPPATH/Controllers/Orders.php on line 38.
 1 SYSTEMPATH/CodeIgniter.php(906): App\Controllers\Orders->__construct()
 2 SYSTEMPATH/CodeIgniter.php(490): CodeIgniter\CodeIgniter->createController()
 3 SYSTEMPATH/CodeIgniter.php(368): CodeIgniter\CodeIgniter->handleRequest(null, Object(Config\Cache), false)
 4 FCPATH/index.php(67): CodeIgniter\CodeIgniter->run()
WARNING - 2025-07-02 12:56:20 --> [DEPRECATED] Creation of dynamic property App\Controllers\Orders::$faqs is deprecated in APPPATH/Controllers/Orders.php on line 39.
 1 SYSTEMPATH/CodeIgniter.php(906): App\Controllers\Orders->__construct()
 2 SYSTEMPATH/CodeIgniter.php(490): CodeIgniter\CodeIgniter->createController()
 3 SYSTEMPATH/CodeIgniter.php(368): CodeIgniter\CodeIgniter->handleRequest(null, Object(Config\Cache), false)
 4 FCPATH/index.php(67): CodeIgniter\CodeIgniter->run()
WARNING - 2025-07-02 12:56:20 --> [DEPRECATED] Creation of dynamic property App\Controllers\Orders::$seo is deprecated in APPPATH/Controllers/Orders.php on line 40.
 1 SYSTEMPATH/CodeIgniter.php(906): App\Controllers\Orders->__construct()
 2 SYSTEMPATH/CodeIgniter.php(490): CodeIgniter\CodeIgniter->createController()
 3 SYSTEMPATH/CodeIgniter.php(368): CodeIgniter\CodeIgniter->handleRequest(null, Object(Config\Cache), false)
 4 FCPATH/index.php(67): CodeIgniter\CodeIgniter->run()
WARNING - 2025-07-02 12:56:20 --> [DEPRECATED] Creation of dynamic property App\Controllers\Orders::$Ordermodel is deprecated in APPPATH/Controllers/Orders.php on line 41.
 1 SYSTEMPATH/CodeIgniter.php(906): App\Controllers\Orders->__construct()
 2 SYSTEMPATH/CodeIgniter.php(490): CodeIgniter\CodeIgniter->createController()
 3 SYSTEMPATH/CodeIgniter.php(368): CodeIgniter\CodeIgniter->handleRequest(null, Object(Config\Cache), false)
 4 FCPATH/index.php(67): CodeIgniter\CodeIgniter->run()
WARNING - 2025-07-02 12:56:20 --> [DEPRECATED] Creation of dynamic property App\Controllers\Orders::$testimonial is deprecated in APPPATH/Controllers/Orders.php on line 42.
 1 SYSTEMPATH/CodeIgniter.php(906): App\Controllers\Orders->__construct()
 2 SYSTEMPATH/CodeIgniter.php(490): CodeIgniter\CodeIgniter->createController()
 3 SYSTEMPATH/CodeIgniter.php(368): CodeIgniter\CodeIgniter->handleRequest(null, Object(Config\Cache), false)
 4 FCPATH/index.php(67): CodeIgniter\CodeIgniter->run()
WARNING - 2025-07-02 12:56:20 --> [DEPRECATED] Creation of dynamic property App\Controllers\Orders::$enquiry is deprecated in APPPATH/Controllers/Orders.php on line 43.
 1 SYSTEMPATH/CodeIgniter.php(906): App\Controllers\Orders->__construct()
 2 SYSTEMPATH/CodeIgniter.php(490): CodeIgniter\CodeIgniter->createController()
 3 SYSTEMPATH/CodeIgniter.php(368): CodeIgniter\CodeIgniter->handleRequest(null, Object(Config\Cache), false)
 4 FCPATH/index.php(67): CodeIgniter\CodeIgniter->run()
WARNING - 2025-07-02 12:56:20 --> [DEPRECATED] Creation of dynamic property App\Controllers\Orders::$product is deprecated in APPPATH/Controllers/Orders.php on line 44.
 1 SYSTEMPATH/CodeIgniter.php(906): App\Controllers\Orders->__construct()
 2 SYSTEMPATH/CodeIgniter.php(490): CodeIgniter\CodeIgniter->createController()
 3 SYSTEMPATH/CodeIgniter.php(368): CodeIgniter\CodeIgniter->handleRequest(null, Object(Config\Cache), false)
 4 FCPATH/index.php(67): CodeIgniter\CodeIgniter->run()
WARNING - 2025-07-02 12:56:20 --> [DEPRECATED] Creation of dynamic property App\Controllers\Orders::$orderitem is deprecated in APPPATH/Controllers/Orders.php on line 45.
 1 SYSTEMPATH/CodeIgniter.php(906): App\Controllers\Orders->__construct()
 2 SYSTEMPATH/CodeIgniter.php(490): CodeIgniter\CodeIgniter->createController()
 3 SYSTEMPATH/CodeIgniter.php(368): CodeIgniter\CodeIgniter->handleRequest(null, Object(Config\Cache), false)
 4 FCPATH/index.php(67): CodeIgniter\CodeIgniter->run()
WARNING - 2025-07-02 12:56:20 --> [DEPRECATED] Creation of dynamic property App\Controllers\Orders::$Ordercomment is deprecated in APPPATH/Controllers/Orders.php on line 46.
 1 SYSTEMPATH/CodeIgniter.php(906): App\Controllers\Orders->__construct()
 2 SYSTEMPATH/CodeIgniter.php(490): CodeIgniter\CodeIgniter->createController()
 3 SYSTEMPATH/CodeIgniter.php(368): CodeIgniter\CodeIgniter->handleRequest(null, Object(Config\Cache), false)
 4 FCPATH/index.php(67): CodeIgniter\CodeIgniter->run()
WARNING - 2025-07-02 12:56:20 --> [DEPRECATED] Creation of dynamic property App\Controllers\Orders::$catagory is deprecated in APPPATH/Controllers/Orders.php on line 47.
 1 SYSTEMPATH/CodeIgniter.php(906): App\Controllers\Orders->__construct()
 2 SYSTEMPATH/CodeIgniter.php(490): CodeIgniter\CodeIgniter->createController()
 3 SYSTEMPATH/CodeIgniter.php(368): CodeIgniter\CodeIgniter->handleRequest(null, Object(Config\Cache), false)
 4 FCPATH/index.php(67): CodeIgniter\CodeIgniter->run()
WARNING - 2025-07-02 12:56:20 --> [DEPRECATED] Creation of dynamic property App\Controllers\Orders::$User is deprecated in APPPATH/Controllers/Orders.php on line 48.
 1 SYSTEMPATH/CodeIgniter.php(906): App\Controllers\Orders->__construct()
 2 SYSTEMPATH/CodeIgniter.php(490): CodeIgniter\CodeIgniter->createController()
 3 SYSTEMPATH/CodeIgniter.php(368): CodeIgniter\CodeIgniter->handleRequest(null, Object(Config\Cache), false)
 4 FCPATH/index.php(67): CodeIgniter\CodeIgniter->run()
WARNING - 2025-07-02 12:56:20 --> [DEPRECATED] Creation of dynamic property App\Controllers\Orders::$shippingmethod is deprecated in APPPATH/Controllers/Orders.php on line 49.
 1 SYSTEMPATH/CodeIgniter.php(906): App\Controllers\Orders->__construct()
 2 SYSTEMPATH/CodeIgniter.php(490): CodeIgniter\CodeIgniter->createController()
 3 SYSTEMPATH/CodeIgniter.php(368): CodeIgniter\CodeIgniter->handleRequest(null, Object(Config\Cache), false)
 4 FCPATH/index.php(67): CodeIgniter\CodeIgniter->run()
WARNING - 2025-07-02 12:56:20 --> [DEPRECATED] Creation of dynamic property App\Controllers\Orders::$shippingrate is deprecated in APPPATH/Controllers/Orders.php on line 50.
 1 SYSTEMPATH/CodeIgniter.php(906): App\Controllers\Orders->__construct()
 2 SYSTEMPATH/CodeIgniter.php(490): CodeIgniter\CodeIgniter->createController()
 3 SYSTEMPATH/CodeIgniter.php(368): CodeIgniter\CodeIgniter->handleRequest(null, Object(Config\Cache), false)
 4 FCPATH/index.php(67): CodeIgniter\CodeIgniter->run()
WARNING - 2025-07-02 12:56:20 --> [DEPRECATED] Creation of dynamic property App\Controllers\Orders::$shippingzone is deprecated in APPPATH/Controllers/Orders.php on line 51.
 1 SYSTEMPATH/CodeIgniter.php(906): App\Controllers\Orders->__construct()
 2 SYSTEMPATH/CodeIgniter.php(490): CodeIgniter\CodeIgniter->createController()
 3 SYSTEMPATH/CodeIgniter.php(368): CodeIgniter\CodeIgniter->handleRequest(null, Object(Config\Cache), false)
 4 FCPATH/index.php(67): CodeIgniter\CodeIgniter->run()
WARNING - 2025-07-02 12:56:20 --> [DEPRECATED] Creation of dynamic property App\Controllers\Orders::$country is deprecated in APPPATH/Controllers/Orders.php on line 52.
 1 SYSTEMPATH/CodeIgniter.php(906): App\Controllers\Orders->__construct()
 2 SYSTEMPATH/CodeIgniter.php(490): CodeIgniter\CodeIgniter->createController()
 3 SYSTEMPATH/CodeIgniter.php(368): CodeIgniter\CodeIgniter->handleRequest(null, Object(Config\Cache), false)
 4 FCPATH/index.php(67): CodeIgniter\CodeIgniter->run()
WARNING - 2025-07-02 12:56:20 --> [DEPRECATED] Creation of dynamic property App\Controllers\Orders::$ChatModel is deprecated in APPPATH/Controllers/Orders.php on line 53.
 1 SYSTEMPATH/CodeIgniter.php(906): App\Controllers\Orders->__construct()
 2 SYSTEMPATH/CodeIgniter.php(490): CodeIgniter\CodeIgniter->createController()
 3 SYSTEMPATH/CodeIgniter.php(368): CodeIgniter\CodeIgniter->handleRequest(null, Object(Config\Cache), false)
 4 FCPATH/index.php(67): CodeIgniter\CodeIgniter->run()
WARNING - 2025-07-02 12:56:20 --> [DEPRECATED] Creation of dynamic property App\Controllers\Orders::$Allsettings is deprecated in APPPATH/Controllers/Orders.php on line 54.
 1 SYSTEMPATH/CodeIgniter.php(906): App\Controllers\Orders->__construct()
 2 SYSTEMPATH/CodeIgniter.php(490): CodeIgniter\CodeIgniter->createController()
 3 SYSTEMPATH/CodeIgniter.php(368): CodeIgniter\CodeIgniter->handleRequest(null, Object(Config\Cache), false)
 4 FCPATH/index.php(67): CodeIgniter\CodeIgniter->run()
WARNING - 2025-07-02 12:56:20 --> [DEPRECATED] Creation of dynamic property App\Controllers\Orders::$ShippingDataModel is deprecated in APPPATH/Controllers/Orders.php on line 55.
 1 SYSTEMPATH/CodeIgniter.php(906): App\Controllers\Orders->__construct()
 2 SYSTEMPATH/CodeIgniter.php(490): CodeIgniter\CodeIgniter->createController()
 3 SYSTEMPATH/CodeIgniter.php(368): CodeIgniter\CodeIgniter->handleRequest(null, Object(Config\Cache), false)
 4 FCPATH/index.php(67): CodeIgniter\CodeIgniter->run()
WARNING - 2025-07-02 12:56:20 --> [DEPRECATED] Creation of dynamic property App\Controllers\Orders::$cityModel is deprecated in APPPATH/Controllers/Orders.php on line 56.
 1 SYSTEMPATH/CodeIgniter.php(906): App\Controllers\Orders->__construct()
 2 SYSTEMPATH/CodeIgniter.php(490): CodeIgniter\CodeIgniter->createController()
 3 SYSTEMPATH/CodeIgniter.php(368): CodeIgniter\CodeIgniter->handleRequest(null, Object(Config\Cache), false)
 4 FCPATH/index.php(67): CodeIgniter\CodeIgniter->run()
WARNING - 2025-07-02 12:56:20 --> [DEPRECATED] Creation of dynamic property App\Controllers\Orders::$stateModel is deprecated in APPPATH/Controllers/Orders.php on line 57.
 1 SYSTEMPATH/CodeIgniter.php(906): App\Controllers\Orders->__construct()
 2 SYSTEMPATH/CodeIgniter.php(490): CodeIgniter\CodeIgniter->createController()
 3 SYSTEMPATH/CodeIgniter.php(368): CodeIgniter\CodeIgniter->handleRequest(null, Object(Config\Cache), false)
 4 FCPATH/index.php(67): CodeIgniter\CodeIgniter->run()
WARNING - 2025-07-02 12:56:20 --> [DEPRECATED] Creation of dynamic property App\Controllers\Orders::$taxModel is deprecated in APPPATH/Controllers/Orders.php on line 58.
 1 SYSTEMPATH/CodeIgniter.php(906): App\Controllers\Orders->__construct()
 2 SYSTEMPATH/CodeIgniter.php(490): CodeIgniter\CodeIgniter->createController()
 3 SYSTEMPATH/CodeIgniter.php(368): CodeIgniter\CodeIgniter->handleRequest(null, Object(Config\Cache), false)
 4 FCPATH/index.php(67): CodeIgniter\CodeIgniter->run()
INFO - 2025-07-02 12:56:21 --> Session: Class initialized using 'CodeIgniter\Session\Handlers\FileHandler' driver.
WARNING - 2025-07-02 12:56:21 --> [DEPRECATED] Creation of dynamic property App\Controllers\Home::$user_model is deprecated in APPPATH/Controllers/Home.php on line 35.
 1 SYSTEMPATH/CodeIgniter.php(906): App\Controllers\Home->__construct()
 2 SYSTEMPATH/CodeIgniter.php(490): CodeIgniter\CodeIgniter->createController()
 3 SYSTEMPATH/CodeIgniter.php(368): CodeIgniter\CodeIgniter->handleRequest(null, Object(Config\Cache), false)
 4 FCPATH/index.php(67): CodeIgniter\CodeIgniter->run()
WARNING - 2025-07-02 12:56:21 --> [DEPRECATED] Creation of dynamic property App\Controllers\Home::$BlogModel is deprecated in APPPATH/Controllers/Home.php on line 43.
 1 SYSTEMPATH/CodeIgniter.php(906): App\Controllers\Home->__construct()
 2 SYSTEMPATH/CodeIgniter.php(490): CodeIgniter\CodeIgniter->createController()
 3 SYSTEMPATH/CodeIgniter.php(368): CodeIgniter\CodeIgniter->handleRequest(null, Object(Config\Cache), false)
 4 FCPATH/index.php(67): CodeIgniter\CodeIgniter->run()
WARNING - 2025-07-02 12:56:21 --> [DEPRECATED] Creation of dynamic property App\Controllers\Home::$EnquiryModel is deprecated in APPPATH/Controllers/Home.php on line 44.
 1 SYSTEMPATH/CodeIgniter.php(906): App\Controllers\Home->__construct()
 2 SYSTEMPATH/CodeIgniter.php(490): CodeIgniter\CodeIgniter->createController()
 3 SYSTEMPATH/CodeIgniter.php(368): CodeIgniter\CodeIgniter->handleRequest(null, Object(Config\Cache), false)
 4 FCPATH/index.php(67): CodeIgniter\CodeIgniter->run()
WARNING - 2025-07-02 12:56:21 --> [DEPRECATED] Creation of dynamic property App\Controllers\Home::$Allsettingsmodel is deprecated in APPPATH/Controllers/Home.php on line 45.
 1 SYSTEMPATH/CodeIgniter.php(906): App\Controllers\Home->__construct()
 2 SYSTEMPATH/CodeIgniter.php(490): CodeIgniter\CodeIgniter->createController()
 3 SYSTEMPATH/CodeIgniter.php(368): CodeIgniter\CodeIgniter->handleRequest(null, Object(Config\Cache), false)
 4 FCPATH/index.php(67): CodeIgniter\CodeIgniter->run()
INFO - 2025-07-02 12:56:36 --> Session: Class initialized using 'CodeIgniter\Session\Handlers\FileHandler' driver.
WARNING - 2025-07-02 12:56:36 --> [DEPRECATED] Creation of dynamic property App\Controllers\Customers::$session is deprecated in APPPATH/Controllers/Customers.php on line 19.
 1 SYSTEMPATH/CodeIgniter.php(906): App\Controllers\Customers->__construct()
 2 SYSTEMPATH/CodeIgniter.php(490): CodeIgniter\CodeIgniter->createController()
 3 SYSTEMPATH/CodeIgniter.php(368): CodeIgniter\CodeIgniter->handleRequest(null, Object(Config\Cache), false)
 4 FCPATH/index.php(67): CodeIgniter\CodeIgniter->run()
WARNING - 2025-07-02 12:56:36 --> Session: Sessions is enabled, and one exists. Please don't $session->start();
WARNING - 2025-07-02 12:56:36 --> [DEPRECATED] Creation of dynamic property App\Controllers\Customers::$country is deprecated in APPPATH/Controllers/Customers.php on line 23.
 1 SYSTEMPATH/CodeIgniter.php(906): App\Controllers\Customers->__construct()
 2 SYSTEMPATH/CodeIgniter.php(490): CodeIgniter\CodeIgniter->createController()
 3 SYSTEMPATH/CodeIgniter.php(368): CodeIgniter\CodeIgniter->handleRequest(null, Object(Config\Cache), false)
 4 FCPATH/index.php(67): CodeIgniter\CodeIgniter->run()
WARNING - 2025-07-02 12:56:36 --> [DEPRECATED] Creation of dynamic property App\Controllers\Customers::$state is deprecated in APPPATH/Controllers/Customers.php on line 24.
 1 SYSTEMPATH/CodeIgniter.php(906): App\Controllers\Customers->__construct()
 2 SYSTEMPATH/CodeIgniter.php(490): CodeIgniter\CodeIgniter->createController()
 3 SYSTEMPATH/CodeIgniter.php(368): CodeIgniter\CodeIgniter->handleRequest(null, Object(Config\Cache), false)
 4 FCPATH/index.php(67): CodeIgniter\CodeIgniter->run()
WARNING - 2025-07-02 12:56:36 --> [DEPRECATED] Creation of dynamic property App\Controllers\Customers::$city is deprecated in APPPATH/Controllers/Customers.php on line 25.
 1 SYSTEMPATH/CodeIgniter.php(906): App\Controllers\Customers->__construct()
 2 SYSTEMPATH/CodeIgniter.php(490): CodeIgniter\CodeIgniter->createController()
 3 SYSTEMPATH/CodeIgniter.php(368): CodeIgniter\CodeIgniter->handleRequest(null, Object(Config\Cache), false)
 4 FCPATH/index.php(67): CodeIgniter\CodeIgniter->run()
WARNING - 2025-07-02 12:56:36 --> [DEPRECATED] Creation of dynamic property App\Controllers\Customers::$users is deprecated in APPPATH/Controllers/Customers.php on line 26.
 1 SYSTEMPATH/CodeIgniter.php(906): App\Controllers\Customers->__construct()
 2 SYSTEMPATH/CodeIgniter.php(490): CodeIgniter\CodeIgniter->createController()
 3 SYSTEMPATH/CodeIgniter.php(368): CodeIgniter\CodeIgniter->handleRequest(null, Object(Config\Cache), false)
 4 FCPATH/index.php(67): CodeIgniter\CodeIgniter->run()
WARNING - 2025-07-02 12:56:36 --> [DEPRECATED] Creation of dynamic property App\Controllers\Customers::$variation is deprecated in APPPATH/Controllers/Customers.php on line 27.
 1 SYSTEMPATH/CodeIgniter.php(906): App\Controllers\Customers->__construct()
 2 SYSTEMPATH/CodeIgniter.php(490): CodeIgniter\CodeIgniter->createController()
 3 SYSTEMPATH/CodeIgniter.php(368): CodeIgniter\CodeIgniter->handleRequest(null, Object(Config\Cache), false)
 4 FCPATH/index.php(67): CodeIgniter\CodeIgniter->run()
WARNING - 2025-07-02 12:56:36 --> [DEPRECATED] Creation of dynamic property App\Controllers\Customers::$variationtype is deprecated in APPPATH/Controllers/Customers.php on line 28.
 1 SYSTEMPATH/CodeIgniter.php(906): App\Controllers\Customers->__construct()
 2 SYSTEMPATH/CodeIgniter.php(490): CodeIgniter\CodeIgniter->createController()
 3 SYSTEMPATH/CodeIgniter.php(368): CodeIgniter\CodeIgniter->handleRequest(null, Object(Config\Cache), false)
 4 FCPATH/index.php(67): CodeIgniter\CodeIgniter->run()
WARNING - 2025-07-02 12:56:36 --> [DEPRECATED] Creation of dynamic property App\Controllers\Customers::$brand is deprecated in APPPATH/Controllers/Customers.php on line 29.
 1 SYSTEMPATH/CodeIgniter.php(906): App\Controllers\Customers->__construct()
 2 SYSTEMPATH/CodeIgniter.php(490): CodeIgniter\CodeIgniter->createController()
 3 SYSTEMPATH/CodeIgniter.php(368): CodeIgniter\CodeIgniter->handleRequest(null, Object(Config\Cache), false)
 4 FCPATH/index.php(67): CodeIgniter\CodeIgniter->run()
WARNING - 2025-07-02 12:56:36 --> [DEPRECATED] Creation of dynamic property App\Controllers\Customers::$User_shipping_addressmodel is deprecated in APPPATH/Controllers/Customers.php on line 30.
 1 SYSTEMPATH/CodeIgniter.php(906): App\Controllers\Customers->__construct()
 2 SYSTEMPATH/CodeIgniter.php(490): CodeIgniter\CodeIgniter->createController()
 3 SYSTEMPATH/CodeIgniter.php(368): CodeIgniter\CodeIgniter->handleRequest(null, Object(Config\Cache), false)
 4 FCPATH/index.php(67): CodeIgniter\CodeIgniter->run()
INFO - 2025-07-02 12:56:37 --> Session: Class initialized using 'CodeIgniter\Session\Handlers\FileHandler' driver.
WARNING - 2025-07-02 12:56:37 --> [DEPRECATED] Creation of dynamic property App\Controllers\Home::$user_model is deprecated in APPPATH/Controllers/Home.php on line 35.
 1 SYSTEMPATH/CodeIgniter.php(906): App\Controllers\Home->__construct()
 2 SYSTEMPATH/CodeIgniter.php(490): CodeIgniter\CodeIgniter->createController()
 3 SYSTEMPATH/CodeIgniter.php(368): CodeIgniter\CodeIgniter->handleRequest(null, Object(Config\Cache), false)
 4 FCPATH/index.php(67): CodeIgniter\CodeIgniter->run()
WARNING - 2025-07-02 12:56:37 --> [DEPRECATED] Creation of dynamic property App\Controllers\Home::$BlogModel is deprecated in APPPATH/Controllers/Home.php on line 43.
 1 SYSTEMPATH/CodeIgniter.php(906): App\Controllers\Home->__construct()
 2 SYSTEMPATH/CodeIgniter.php(490): CodeIgniter\CodeIgniter->createController()
 3 SYSTEMPATH/CodeIgniter.php(368): CodeIgniter\CodeIgniter->handleRequest(null, Object(Config\Cache), false)
 4 FCPATH/index.php(67): CodeIgniter\CodeIgniter->run()
WARNING - 2025-07-02 12:56:37 --> [DEPRECATED] Creation of dynamic property App\Controllers\Home::$EnquiryModel is deprecated in APPPATH/Controllers/Home.php on line 44.
 1 SYSTEMPATH/CodeIgniter.php(906): App\Controllers\Home->__construct()
 2 SYSTEMPATH/CodeIgniter.php(490): CodeIgniter\CodeIgniter->createController()
 3 SYSTEMPATH/CodeIgniter.php(368): CodeIgniter\CodeIgniter->handleRequest(null, Object(Config\Cache), false)
 4 FCPATH/index.php(67): CodeIgniter\CodeIgniter->run()
WARNING - 2025-07-02 12:56:37 --> [DEPRECATED] Creation of dynamic property App\Controllers\Home::$Allsettingsmodel is deprecated in APPPATH/Controllers/Home.php on line 45.
 1 SYSTEMPATH/CodeIgniter.php(906): App\Controllers\Home->__construct()
 2 SYSTEMPATH/CodeIgniter.php(490): CodeIgniter\CodeIgniter->createController()
 3 SYSTEMPATH/CodeIgniter.php(368): CodeIgniter\CodeIgniter->handleRequest(null, Object(Config\Cache), false)
 4 FCPATH/index.php(67): CodeIgniter\CodeIgniter->run()
INFO - 2025-07-02 12:56:40 --> Session: Class initialized using 'CodeIgniter\Session\Handlers\FileHandler' driver.
WARNING - 2025-07-02 12:56:40 --> [DEPRECATED] Creation of dynamic property App\Controllers\Home::$user_model is deprecated in APPPATH/Controllers/Home.php on line 35.
 1 SYSTEMPATH/CodeIgniter.php(906): App\Controllers\Home->__construct()
 2 SYSTEMPATH/CodeIgniter.php(490): CodeIgniter\CodeIgniter->createController()
 3 SYSTEMPATH/CodeIgniter.php(368): CodeIgniter\CodeIgniter->handleRequest(null, Object(Config\Cache), false)
 4 FCPATH/index.php(67): CodeIgniter\CodeIgniter->run()
WARNING - 2025-07-02 12:56:40 --> [DEPRECATED] Creation of dynamic property App\Controllers\Home::$BlogModel is deprecated in APPPATH/Controllers/Home.php on line 43.
 1 SYSTEMPATH/CodeIgniter.php(906): App\Controllers\Home->__construct()
 2 SYSTEMPATH/CodeIgniter.php(490): CodeIgniter\CodeIgniter->createController()
 3 SYSTEMPATH/CodeIgniter.php(368): CodeIgniter\CodeIgniter->handleRequest(null, Object(Config\Cache), false)
 4 FCPATH/index.php(67): CodeIgniter\CodeIgniter->run()
WARNING - 2025-07-02 12:56:40 --> [DEPRECATED] Creation of dynamic property App\Controllers\Home::$EnquiryModel is deprecated in APPPATH/Controllers/Home.php on line 44.
 1 SYSTEMPATH/CodeIgniter.php(906): App\Controllers\Home->__construct()
 2 SYSTEMPATH/CodeIgniter.php(490): CodeIgniter\CodeIgniter->createController()
 3 SYSTEMPATH/CodeIgniter.php(368): CodeIgniter\CodeIgniter->handleRequest(null, Object(Config\Cache), false)
 4 FCPATH/index.php(67): CodeIgniter\CodeIgniter->run()
WARNING - 2025-07-02 12:56:40 --> [DEPRECATED] Creation of dynamic property App\Controllers\Home::$Allsettingsmodel is deprecated in APPPATH/Controllers/Home.php on line 45.
 1 SYSTEMPATH/CodeIgniter.php(906): App\Controllers\Home->__construct()
 2 SYSTEMPATH/CodeIgniter.php(490): CodeIgniter\CodeIgniter->createController()
 3 SYSTEMPATH/CodeIgniter.php(368): CodeIgniter\CodeIgniter->handleRequest(null, Object(Config\Cache), false)
 4 FCPATH/index.php(67): CodeIgniter\CodeIgniter->run()
INFO - 2025-07-02 12:56:40 --> Session: Class initialized using 'CodeIgniter\Session\Handlers\FileHandler' driver.
WARNING - 2025-07-02 12:56:40 --> [DEPRECATED] Creation of dynamic property App\Controllers\Home::$user_model is deprecated in APPPATH/Controllers/Home.php on line 35.
 1 SYSTEMPATH/CodeIgniter.php(906): App\Controllers\Home->__construct()
 2 SYSTEMPATH/CodeIgniter.php(490): CodeIgniter\CodeIgniter->createController()
 3 SYSTEMPATH/CodeIgniter.php(368): CodeIgniter\CodeIgniter->handleRequest(null, Object(Config\Cache), false)
 4 FCPATH/index.php(67): CodeIgniter\CodeIgniter->run()
WARNING - 2025-07-02 12:56:40 --> [DEPRECATED] Creation of dynamic property App\Controllers\Home::$BlogModel is deprecated in APPPATH/Controllers/Home.php on line 43.
 1 SYSTEMPATH/CodeIgniter.php(906): App\Controllers\Home->__construct()
 2 SYSTEMPATH/CodeIgniter.php(490): CodeIgniter\CodeIgniter->createController()
 3 SYSTEMPATH/CodeIgniter.php(368): CodeIgniter\CodeIgniter->handleRequest(null, Object(Config\Cache), false)
 4 FCPATH/index.php(67): CodeIgniter\CodeIgniter->run()
WARNING - 2025-07-02 12:56:40 --> [DEPRECATED] Creation of dynamic property App\Controllers\Home::$EnquiryModel is deprecated in APPPATH/Controllers/Home.php on line 44.
 1 SYSTEMPATH/CodeIgniter.php(906): App\Controllers\Home->__construct()
 2 SYSTEMPATH/CodeIgniter.php(490): CodeIgniter\CodeIgniter->createController()
 3 SYSTEMPATH/CodeIgniter.php(368): CodeIgniter\CodeIgniter->handleRequest(null, Object(Config\Cache), false)
 4 FCPATH/index.php(67): CodeIgniter\CodeIgniter->run()
WARNING - 2025-07-02 12:56:40 --> [DEPRECATED] Creation of dynamic property App\Controllers\Home::$Allsettingsmodel is deprecated in APPPATH/Controllers/Home.php on line 45.
 1 SYSTEMPATH/CodeIgniter.php(906): App\Controllers\Home->__construct()
 2 SYSTEMPATH/CodeIgniter.php(490): CodeIgniter\CodeIgniter->createController()
 3 SYSTEMPATH/CodeIgniter.php(368): CodeIgniter\CodeIgniter->handleRequest(null, Object(Config\Cache), false)
 4 FCPATH/index.php(67): CodeIgniter\CodeIgniter->run()
INFO - 2025-07-02 12:58:29 --> Session: Class initialized using 'CodeIgniter\Session\Handlers\FileHandler' driver.
WARNING - 2025-07-02 12:58:29 --> [DEPRECATED] Creation of dynamic property App\Controllers\Home::$user_model is deprecated in APPPATH/Controllers/Home.php on line 35.
 1 SYSTEMPATH/CodeIgniter.php(906): App\Controllers\Home->__construct()
 2 SYSTEMPATH/CodeIgniter.php(490): CodeIgniter\CodeIgniter->createController()
 3 SYSTEMPATH/CodeIgniter.php(368): CodeIgniter\CodeIgniter->handleRequest(null, Object(Config\Cache), false)
 4 FCPATH/index.php(67): CodeIgniter\CodeIgniter->run()
WARNING - 2025-07-02 12:58:29 --> [DEPRECATED] Creation of dynamic property App\Controllers\Home::$BlogModel is deprecated in APPPATH/Controllers/Home.php on line 43.
 1 SYSTEMPATH/CodeIgniter.php(906): App\Controllers\Home->__construct()
 2 SYSTEMPATH/CodeIgniter.php(490): CodeIgniter\CodeIgniter->createController()
 3 SYSTEMPATH/CodeIgniter.php(368): CodeIgniter\CodeIgniter->handleRequest(null, Object(Config\Cache), false)
 4 FCPATH/index.php(67): CodeIgniter\CodeIgniter->run()
WARNING - 2025-07-02 12:58:29 --> [DEPRECATED] Creation of dynamic property App\Controllers\Home::$EnquiryModel is deprecated in APPPATH/Controllers/Home.php on line 44.
 1 SYSTEMPATH/CodeIgniter.php(906): App\Controllers\Home->__construct()
 2 SYSTEMPATH/CodeIgniter.php(490): CodeIgniter\CodeIgniter->createController()
 3 SYSTEMPATH/CodeIgniter.php(368): CodeIgniter\CodeIgniter->handleRequest(null, Object(Config\Cache), false)
 4 FCPATH/index.php(67): CodeIgniter\CodeIgniter->run()
WARNING - 2025-07-02 12:58:29 --> [DEPRECATED] Creation of dynamic property App\Controllers\Home::$Allsettingsmodel is deprecated in APPPATH/Controllers/Home.php on line 45.
 1 SYSTEMPATH/CodeIgniter.php(906): App\Controllers\Home->__construct()
 2 SYSTEMPATH/CodeIgniter.php(490): CodeIgniter\CodeIgniter->createController()
 3 SYSTEMPATH/CodeIgniter.php(368): CodeIgniter\CodeIgniter->handleRequest(null, Object(Config\Cache), false)
 4 FCPATH/index.php(67): CodeIgniter\CodeIgniter->run()
INFO - 2025-07-02 12:58:31 --> Session: Class initialized using 'CodeIgniter\Session\Handlers\FileHandler' driver.
WARNING - 2025-07-02 12:58:31 --> [DEPRECATED] Creation of dynamic property App\Controllers\Home::$user_model is deprecated in APPPATH/Controllers/Home.php on line 35.
 1 SYSTEMPATH/CodeIgniter.php(906): App\Controllers\Home->__construct()
 2 SYSTEMPATH/CodeIgniter.php(490): CodeIgniter\CodeIgniter->createController()
 3 SYSTEMPATH/CodeIgniter.php(368): CodeIgniter\CodeIgniter->handleRequest(null, Object(Config\Cache), false)
 4 FCPATH/index.php(67): CodeIgniter\CodeIgniter->run()
WARNING - 2025-07-02 12:58:31 --> [DEPRECATED] Creation of dynamic property App\Controllers\Home::$BlogModel is deprecated in APPPATH/Controllers/Home.php on line 43.
 1 SYSTEMPATH/CodeIgniter.php(906): App\Controllers\Home->__construct()
 2 SYSTEMPATH/CodeIgniter.php(490): CodeIgniter\CodeIgniter->createController()
 3 SYSTEMPATH/CodeIgniter.php(368): CodeIgniter\CodeIgniter->handleRequest(null, Object(Config\Cache), false)
 4 FCPATH/index.php(67): CodeIgniter\CodeIgniter->run()
WARNING - 2025-07-02 12:58:31 --> [DEPRECATED] Creation of dynamic property App\Controllers\Home::$EnquiryModel is deprecated in APPPATH/Controllers/Home.php on line 44.
 1 SYSTEMPATH/CodeIgniter.php(906): App\Controllers\Home->__construct()
 2 SYSTEMPATH/CodeIgniter.php(490): CodeIgniter\CodeIgniter->createController()
 3 SYSTEMPATH/CodeIgniter.php(368): CodeIgniter\CodeIgniter->handleRequest(null, Object(Config\Cache), false)
 4 FCPATH/index.php(67): CodeIgniter\CodeIgniter->run()
WARNING - 2025-07-02 12:58:31 --> [DEPRECATED] Creation of dynamic property App\Controllers\Home::$Allsettingsmodel is deprecated in APPPATH/Controllers/Home.php on line 45.
 1 SYSTEMPATH/CodeIgniter.php(906): App\Controllers\Home->__construct()
 2 SYSTEMPATH/CodeIgniter.php(490): CodeIgniter\CodeIgniter->createController()
 3 SYSTEMPATH/CodeIgniter.php(368): CodeIgniter\CodeIgniter->handleRequest(null, Object(Config\Cache), false)
 4 FCPATH/index.php(67): CodeIgniter\CodeIgniter->run()
INFO - 2025-07-02 12:59:43 --> Session: Class initialized using 'CodeIgniter\Session\Handlers\FileHandler' driver.
WARNING - 2025-07-02 12:59:43 --> [DEPRECATED] Creation of dynamic property App\Controllers\Orders::$session is deprecated in APPPATH/Controllers/Orders.php on line 34.
 1 SYSTEMPATH/CodeIgniter.php(906): App\Controllers\Orders->__construct()
 2 SYSTEMPATH/CodeIgniter.php(490): CodeIgniter\CodeIgniter->createController()
 3 SYSTEMPATH/CodeIgniter.php(368): CodeIgniter\CodeIgniter->handleRequest(null, Object(Config\Cache), false)
 4 FCPATH/index.php(67): CodeIgniter\CodeIgniter->run()
WARNING - 2025-07-02 12:59:43 --> Session: Sessions is enabled, and one exists. Please don't $session->start();
WARNING - 2025-07-02 12:59:43 --> [DEPRECATED] Creation of dynamic property App\Controllers\Orders::$coupons is deprecated in APPPATH/Controllers/Orders.php on line 38.
 1 SYSTEMPATH/CodeIgniter.php(906): App\Controllers\Orders->__construct()
 2 SYSTEMPATH/CodeIgniter.php(490): CodeIgniter\CodeIgniter->createController()
 3 SYSTEMPATH/CodeIgniter.php(368): CodeIgniter\CodeIgniter->handleRequest(null, Object(Config\Cache), false)
 4 FCPATH/index.php(67): CodeIgniter\CodeIgniter->run()
WARNING - 2025-07-02 12:59:43 --> [DEPRECATED] Creation of dynamic property App\Controllers\Orders::$faqs is deprecated in APPPATH/Controllers/Orders.php on line 39.
 1 SYSTEMPATH/CodeIgniter.php(906): App\Controllers\Orders->__construct()
 2 SYSTEMPATH/CodeIgniter.php(490): CodeIgniter\CodeIgniter->createController()
 3 SYSTEMPATH/CodeIgniter.php(368): CodeIgniter\CodeIgniter->handleRequest(null, Object(Config\Cache), false)
 4 FCPATH/index.php(67): CodeIgniter\CodeIgniter->run()
WARNING - 2025-07-02 12:59:43 --> [DEPRECATED] Creation of dynamic property App\Controllers\Orders::$seo is deprecated in APPPATH/Controllers/Orders.php on line 40.
 1 SYSTEMPATH/CodeIgniter.php(906): App\Controllers\Orders->__construct()
 2 SYSTEMPATH/CodeIgniter.php(490): CodeIgniter\CodeIgniter->createController()
 3 SYSTEMPATH/CodeIgniter.php(368): CodeIgniter\CodeIgniter->handleRequest(null, Object(Config\Cache), false)
 4 FCPATH/index.php(67): CodeIgniter\CodeIgniter->run()
WARNING - 2025-07-02 12:59:43 --> [DEPRECATED] Creation of dynamic property App\Controllers\Orders::$Ordermodel is deprecated in APPPATH/Controllers/Orders.php on line 41.
 1 SYSTEMPATH/CodeIgniter.php(906): App\Controllers\Orders->__construct()
 2 SYSTEMPATH/CodeIgniter.php(490): CodeIgniter\CodeIgniter->createController()
 3 SYSTEMPATH/CodeIgniter.php(368): CodeIgniter\CodeIgniter->handleRequest(null, Object(Config\Cache), false)
 4 FCPATH/index.php(67): CodeIgniter\CodeIgniter->run()
WARNING - 2025-07-02 12:59:43 --> [DEPRECATED] Creation of dynamic property App\Controllers\Orders::$testimonial is deprecated in APPPATH/Controllers/Orders.php on line 42.
 1 SYSTEMPATH/CodeIgniter.php(906): App\Controllers\Orders->__construct()
 2 SYSTEMPATH/CodeIgniter.php(490): CodeIgniter\CodeIgniter->createController()
 3 SYSTEMPATH/CodeIgniter.php(368): CodeIgniter\CodeIgniter->handleRequest(null, Object(Config\Cache), false)
 4 FCPATH/index.php(67): CodeIgniter\CodeIgniter->run()
WARNING - 2025-07-02 12:59:43 --> [DEPRECATED] Creation of dynamic property App\Controllers\Orders::$enquiry is deprecated in APPPATH/Controllers/Orders.php on line 43.
 1 SYSTEMPATH/CodeIgniter.php(906): App\Controllers\Orders->__construct()
 2 SYSTEMPATH/CodeIgniter.php(490): CodeIgniter\CodeIgniter->createController()
 3 SYSTEMPATH/CodeIgniter.php(368): CodeIgniter\CodeIgniter->handleRequest(null, Object(Config\Cache), false)
 4 FCPATH/index.php(67): CodeIgniter\CodeIgniter->run()
WARNING - 2025-07-02 12:59:43 --> [DEPRECATED] Creation of dynamic property App\Controllers\Orders::$product is deprecated in APPPATH/Controllers/Orders.php on line 44.
 1 SYSTEMPATH/CodeIgniter.php(906): App\Controllers\Orders->__construct()
 2 SYSTEMPATH/CodeIgniter.php(490): CodeIgniter\CodeIgniter->createController()
 3 SYSTEMPATH/CodeIgniter.php(368): CodeIgniter\CodeIgniter->handleRequest(null, Object(Config\Cache), false)
 4 FCPATH/index.php(67): CodeIgniter\CodeIgniter->run()
WARNING - 2025-07-02 12:59:43 --> [DEPRECATED] Creation of dynamic property App\Controllers\Orders::$orderitem is deprecated in APPPATH/Controllers/Orders.php on line 45.
 1 SYSTEMPATH/CodeIgniter.php(906): App\Controllers\Orders->__construct()
 2 SYSTEMPATH/CodeIgniter.php(490): CodeIgniter\CodeIgniter->createController()
 3 SYSTEMPATH/CodeIgniter.php(368): CodeIgniter\CodeIgniter->handleRequest(null, Object(Config\Cache), false)
 4 FCPATH/index.php(67): CodeIgniter\CodeIgniter->run()
WARNING - 2025-07-02 12:59:43 --> [DEPRECATED] Creation of dynamic property App\Controllers\Orders::$Ordercomment is deprecated in APPPATH/Controllers/Orders.php on line 46.
 1 SYSTEMPATH/CodeIgniter.php(906): App\Controllers\Orders->__construct()
 2 SYSTEMPATH/CodeIgniter.php(490): CodeIgniter\CodeIgniter->createController()
 3 SYSTEMPATH/CodeIgniter.php(368): CodeIgniter\CodeIgniter->handleRequest(null, Object(Config\Cache), false)
 4 FCPATH/index.php(67): CodeIgniter\CodeIgniter->run()
WARNING - 2025-07-02 12:59:43 --> [DEPRECATED] Creation of dynamic property App\Controllers\Orders::$catagory is deprecated in APPPATH/Controllers/Orders.php on line 47.
 1 SYSTEMPATH/CodeIgniter.php(906): App\Controllers\Orders->__construct()
 2 SYSTEMPATH/CodeIgniter.php(490): CodeIgniter\CodeIgniter->createController()
 3 SYSTEMPATH/CodeIgniter.php(368): CodeIgniter\CodeIgniter->handleRequest(null, Object(Config\Cache), false)
 4 FCPATH/index.php(67): CodeIgniter\CodeIgniter->run()
WARNING - 2025-07-02 12:59:43 --> [DEPRECATED] Creation of dynamic property App\Controllers\Orders::$User is deprecated in APPPATH/Controllers/Orders.php on line 48.
 1 SYSTEMPATH/CodeIgniter.php(906): App\Controllers\Orders->__construct()
 2 SYSTEMPATH/CodeIgniter.php(490): CodeIgniter\CodeIgniter->createController()
 3 SYSTEMPATH/CodeIgniter.php(368): CodeIgniter\CodeIgniter->handleRequest(null, Object(Config\Cache), false)
 4 FCPATH/index.php(67): CodeIgniter\CodeIgniter->run()
WARNING - 2025-07-02 12:59:43 --> [DEPRECATED] Creation of dynamic property App\Controllers\Orders::$shippingmethod is deprecated in APPPATH/Controllers/Orders.php on line 49.
 1 SYSTEMPATH/CodeIgniter.php(906): App\Controllers\Orders->__construct()
 2 SYSTEMPATH/CodeIgniter.php(490): CodeIgniter\CodeIgniter->createController()
 3 SYSTEMPATH/CodeIgniter.php(368): CodeIgniter\CodeIgniter->handleRequest(null, Object(Config\Cache), false)
 4 FCPATH/index.php(67): CodeIgniter\CodeIgniter->run()
WARNING - 2025-07-02 12:59:43 --> [DEPRECATED] Creation of dynamic property App\Controllers\Orders::$shippingrate is deprecated in APPPATH/Controllers/Orders.php on line 50.
 1 SYSTEMPATH/CodeIgniter.php(906): App\Controllers\Orders->__construct()
 2 SYSTEMPATH/CodeIgniter.php(490): CodeIgniter\CodeIgniter->createController()
 3 SYSTEMPATH/CodeIgniter.php(368): CodeIgniter\CodeIgniter->handleRequest(null, Object(Config\Cache), false)
 4 FCPATH/index.php(67): CodeIgniter\CodeIgniter->run()
WARNING - 2025-07-02 12:59:43 --> [DEPRECATED] Creation of dynamic property App\Controllers\Orders::$shippingzone is deprecated in APPPATH/Controllers/Orders.php on line 51.
 1 SYSTEMPATH/CodeIgniter.php(906): App\Controllers\Orders->__construct()
 2 SYSTEMPATH/CodeIgniter.php(490): CodeIgniter\CodeIgniter->createController()
 3 SYSTEMPATH/CodeIgniter.php(368): CodeIgniter\CodeIgniter->handleRequest(null, Object(Config\Cache), false)
 4 FCPATH/index.php(67): CodeIgniter\CodeIgniter->run()
WARNING - 2025-07-02 12:59:43 --> [DEPRECATED] Creation of dynamic property App\Controllers\Orders::$country is deprecated in APPPATH/Controllers/Orders.php on line 52.
 1 SYSTEMPATH/CodeIgniter.php(906): App\Controllers\Orders->__construct()
 2 SYSTEMPATH/CodeIgniter.php(490): CodeIgniter\CodeIgniter->createController()
 3 SYSTEMPATH/CodeIgniter.php(368): CodeIgniter\CodeIgniter->handleRequest(null, Object(Config\Cache), false)
 4 FCPATH/index.php(67): CodeIgniter\CodeIgniter->run()
WARNING - 2025-07-02 12:59:43 --> [DEPRECATED] Creation of dynamic property App\Controllers\Orders::$ChatModel is deprecated in APPPATH/Controllers/Orders.php on line 53.
 1 SYSTEMPATH/CodeIgniter.php(906): App\Controllers\Orders->__construct()
 2 SYSTEMPATH/CodeIgniter.php(490): CodeIgniter\CodeIgniter->createController()
 3 SYSTEMPATH/CodeIgniter.php(368): CodeIgniter\CodeIgniter->handleRequest(null, Object(Config\Cache), false)
 4 FCPATH/index.php(67): CodeIgniter\CodeIgniter->run()
WARNING - 2025-07-02 12:59:43 --> [DEPRECATED] Creation of dynamic property App\Controllers\Orders::$Allsettings is deprecated in APPPATH/Controllers/Orders.php on line 54.
 1 SYSTEMPATH/CodeIgniter.php(906): App\Controllers\Orders->__construct()
 2 SYSTEMPATH/CodeIgniter.php(490): CodeIgniter\CodeIgniter->createController()
 3 SYSTEMPATH/CodeIgniter.php(368): CodeIgniter\CodeIgniter->handleRequest(null, Object(Config\Cache), false)
 4 FCPATH/index.php(67): CodeIgniter\CodeIgniter->run()
WARNING - 2025-07-02 12:59:43 --> [DEPRECATED] Creation of dynamic property App\Controllers\Orders::$ShippingDataModel is deprecated in APPPATH/Controllers/Orders.php on line 55.
 1 SYSTEMPATH/CodeIgniter.php(906): App\Controllers\Orders->__construct()
 2 SYSTEMPATH/CodeIgniter.php(490): CodeIgniter\CodeIgniter->createController()
 3 SYSTEMPATH/CodeIgniter.php(368): CodeIgniter\CodeIgniter->handleRequest(null, Object(Config\Cache), false)
 4 FCPATH/index.php(67): CodeIgniter\CodeIgniter->run()
WARNING - 2025-07-02 12:59:43 --> [DEPRECATED] Creation of dynamic property App\Controllers\Orders::$cityModel is deprecated in APPPATH/Controllers/Orders.php on line 56.
 1 SYSTEMPATH/CodeIgniter.php(906): App\Controllers\Orders->__construct()
 2 SYSTEMPATH/CodeIgniter.php(490): CodeIgniter\CodeIgniter->createController()
 3 SYSTEMPATH/CodeIgniter.php(368): CodeIgniter\CodeIgniter->handleRequest(null, Object(Config\Cache), false)
 4 FCPATH/index.php(67): CodeIgniter\CodeIgniter->run()
WARNING - 2025-07-02 12:59:43 --> [DEPRECATED] Creation of dynamic property App\Controllers\Orders::$stateModel is deprecated in APPPATH/Controllers/Orders.php on line 57.
 1 SYSTEMPATH/CodeIgniter.php(906): App\Controllers\Orders->__construct()
 2 SYSTEMPATH/CodeIgniter.php(490): CodeIgniter\CodeIgniter->createController()
 3 SYSTEMPATH/CodeIgniter.php(368): CodeIgniter\CodeIgniter->handleRequest(null, Object(Config\Cache), false)
 4 FCPATH/index.php(67): CodeIgniter\CodeIgniter->run()
WARNING - 2025-07-02 12:59:43 --> [DEPRECATED] Creation of dynamic property App\Controllers\Orders::$taxModel is deprecated in APPPATH/Controllers/Orders.php on line 58.
 1 SYSTEMPATH/CodeIgniter.php(906): App\Controllers\Orders->__construct()
 2 SYSTEMPATH/CodeIgniter.php(490): CodeIgniter\CodeIgniter->createController()
 3 SYSTEMPATH/CodeIgniter.php(368): CodeIgniter\CodeIgniter->handleRequest(null, Object(Config\Cache), false)
 4 FCPATH/index.php(67): CodeIgniter\CodeIgniter->run()
INFO - 2025-07-02 12:59:44 --> Session: Class initialized using 'CodeIgniter\Session\Handlers\FileHandler' driver.
WARNING - 2025-07-02 12:59:44 --> [DEPRECATED] Creation of dynamic property App\Controllers\Home::$user_model is deprecated in APPPATH/Controllers/Home.php on line 35.
 1 SYSTEMPATH/CodeIgniter.php(906): App\Controllers\Home->__construct()
 2 SYSTEMPATH/CodeIgniter.php(490): CodeIgniter\CodeIgniter->createController()
 3 SYSTEMPATH/CodeIgniter.php(368): CodeIgniter\CodeIgniter->handleRequest(null, Object(Config\Cache), false)
 4 FCPATH/index.php(67): CodeIgniter\CodeIgniter->run()
WARNING - 2025-07-02 12:59:44 --> [DEPRECATED] Creation of dynamic property App\Controllers\Home::$BlogModel is deprecated in APPPATH/Controllers/Home.php on line 43.
 1 SYSTEMPATH/CodeIgniter.php(906): App\Controllers\Home->__construct()
 2 SYSTEMPATH/CodeIgniter.php(490): CodeIgniter\CodeIgniter->createController()
 3 SYSTEMPATH/CodeIgniter.php(368): CodeIgniter\CodeIgniter->handleRequest(null, Object(Config\Cache), false)
 4 FCPATH/index.php(67): CodeIgniter\CodeIgniter->run()
WARNING - 2025-07-02 12:59:44 --> [DEPRECATED] Creation of dynamic property App\Controllers\Home::$EnquiryModel is deprecated in APPPATH/Controllers/Home.php on line 44.
 1 SYSTEMPATH/CodeIgniter.php(906): App\Controllers\Home->__construct()
 2 SYSTEMPATH/CodeIgniter.php(490): CodeIgniter\CodeIgniter->createController()
 3 SYSTEMPATH/CodeIgniter.php(368): CodeIgniter\CodeIgniter->handleRequest(null, Object(Config\Cache), false)
 4 FCPATH/index.php(67): CodeIgniter\CodeIgniter->run()
WARNING - 2025-07-02 12:59:44 --> [DEPRECATED] Creation of dynamic property App\Controllers\Home::$Allsettingsmodel is deprecated in APPPATH/Controllers/Home.php on line 45.
 1 SYSTEMPATH/CodeIgniter.php(906): App\Controllers\Home->__construct()
 2 SYSTEMPATH/CodeIgniter.php(490): CodeIgniter\CodeIgniter->createController()
 3 SYSTEMPATH/CodeIgniter.php(368): CodeIgniter\CodeIgniter->handleRequest(null, Object(Config\Cache), false)
 4 FCPATH/index.php(67): CodeIgniter\CodeIgniter->run()
INFO - 2025-07-02 12:59:45 --> Session: Class initialized using 'CodeIgniter\Session\Handlers\FileHandler' driver.
WARNING - 2025-07-02 12:59:45 --> [DEPRECATED] Creation of dynamic property App\Controllers\Home::$user_model is deprecated in APPPATH/Controllers/Home.php on line 35.
 1 SYSTEMPATH/CodeIgniter.php(906): App\Controllers\Home->__construct()
 2 SYSTEMPATH/CodeIgniter.php(490): CodeIgniter\CodeIgniter->createController()
 3 SYSTEMPATH/CodeIgniter.php(368): CodeIgniter\CodeIgniter->handleRequest(null, Object(Config\Cache), false)
 4 FCPATH/index.php(67): CodeIgniter\CodeIgniter->run()
WARNING - 2025-07-02 12:59:45 --> [DEPRECATED] Creation of dynamic property App\Controllers\Home::$BlogModel is deprecated in APPPATH/Controllers/Home.php on line 43.
 1 SYSTEMPATH/CodeIgniter.php(906): App\Controllers\Home->__construct()
 2 SYSTEMPATH/CodeIgniter.php(490): CodeIgniter\CodeIgniter->createController()
 3 SYSTEMPATH/CodeIgniter.php(368): CodeIgniter\CodeIgniter->handleRequest(null, Object(Config\Cache), false)
 4 FCPATH/index.php(67): CodeIgniter\CodeIgniter->run()
WARNING - 2025-07-02 12:59:45 --> [DEPRECATED] Creation of dynamic property App\Controllers\Home::$EnquiryModel is deprecated in APPPATH/Controllers/Home.php on line 44.
 1 SYSTEMPATH/CodeIgniter.php(906): App\Controllers\Home->__construct()
 2 SYSTEMPATH/CodeIgniter.php(490): CodeIgniter\CodeIgniter->createController()
 3 SYSTEMPATH/CodeIgniter.php(368): CodeIgniter\CodeIgniter->handleRequest(null, Object(Config\Cache), false)
 4 FCPATH/index.php(67): CodeIgniter\CodeIgniter->run()
WARNING - 2025-07-02 12:59:45 --> [DEPRECATED] Creation of dynamic property App\Controllers\Home::$Allsettingsmodel is deprecated in APPPATH/Controllers/Home.php on line 45.
 1 SYSTEMPATH/CodeIgniter.php(906): App\Controllers\Home->__construct()
 2 SYSTEMPATH/CodeIgniter.php(490): CodeIgniter\CodeIgniter->createController()
 3 SYSTEMPATH/CodeIgniter.php(368): CodeIgniter\CodeIgniter->handleRequest(null, Object(Config\Cache), false)
 4 FCPATH/index.php(67): CodeIgniter\CodeIgniter->run()
INFO - 2025-07-02 12:59:46 --> Session: Class initialized using 'CodeIgniter\Session\Handlers\FileHandler' driver.
WARNING - 2025-07-02 12:59:46 --> [DEPRECATED] Creation of dynamic property App\Controllers\Home::$user_model is deprecated in APPPATH/Controllers/Home.php on line 35.
 1 SYSTEMPATH/CodeIgniter.php(906): App\Controllers\Home->__construct()
 2 SYSTEMPATH/CodeIgniter.php(490): CodeIgniter\CodeIgniter->createController()
 3 SYSTEMPATH/CodeIgniter.php(368): CodeIgniter\CodeIgniter->handleRequest(null, Object(Config\Cache), false)
 4 FCPATH/index.php(67): CodeIgniter\CodeIgniter->run()
WARNING - 2025-07-02 12:59:46 --> [DEPRECATED] Creation of dynamic property App\Controllers\Home::$BlogModel is deprecated in APPPATH/Controllers/Home.php on line 43.
 1 SYSTEMPATH/CodeIgniter.php(906): App\Controllers\Home->__construct()
 2 SYSTEMPATH/CodeIgniter.php(490): CodeIgniter\CodeIgniter->createController()
 3 SYSTEMPATH/CodeIgniter.php(368): CodeIgniter\CodeIgniter->handleRequest(null, Object(Config\Cache), false)
 4 FCPATH/index.php(67): CodeIgniter\CodeIgniter->run()
WARNING - 2025-07-02 12:59:46 --> [DEPRECATED] Creation of dynamic property App\Controllers\Home::$EnquiryModel is deprecated in APPPATH/Controllers/Home.php on line 44.
 1 SYSTEMPATH/CodeIgniter.php(906): App\Controllers\Home->__construct()
 2 SYSTEMPATH/CodeIgniter.php(490): CodeIgniter\CodeIgniter->createController()
 3 SYSTEMPATH/CodeIgniter.php(368): CodeIgniter\CodeIgniter->handleRequest(null, Object(Config\Cache), false)
 4 FCPATH/index.php(67): CodeIgniter\CodeIgniter->run()
WARNING - 2025-07-02 12:59:46 --> [DEPRECATED] Creation of dynamic property App\Controllers\Home::$Allsettingsmodel is deprecated in APPPATH/Controllers/Home.php on line 45.
 1 SYSTEMPATH/CodeIgniter.php(906): App\Controllers\Home->__construct()
 2 SYSTEMPATH/CodeIgniter.php(490): CodeIgniter\CodeIgniter->createController()
 3 SYSTEMPATH/CodeIgniter.php(368): CodeIgniter\CodeIgniter->handleRequest(null, Object(Config\Cache), false)
 4 FCPATH/index.php(67): CodeIgniter\CodeIgniter->run()
INFO - 2025-07-02 13:01:46 --> Session: Class initialized using 'CodeIgniter\Session\Handlers\FileHandler' driver.
WARNING - 2025-07-02 13:01:46 --> [DEPRECATED] Creation of dynamic property App\Controllers\Home::$user_model is deprecated in APPPATH/Controllers/Home.php on line 35.
 1 SYSTEMPATH/CodeIgniter.php(906): App\Controllers\Home->__construct()
 2 SYSTEMPATH/CodeIgniter.php(490): CodeIgniter\CodeIgniter->createController()
 3 SYSTEMPATH/CodeIgniter.php(368): CodeIgniter\CodeIgniter->handleRequest(null, Object(Config\Cache), false)
 4 FCPATH/index.php(67): CodeIgniter\CodeIgniter->run()
WARNING - 2025-07-02 13:01:46 --> [DEPRECATED] Creation of dynamic property App\Controllers\Home::$BlogModel is deprecated in APPPATH/Controllers/Home.php on line 43.
 1 SYSTEMPATH/CodeIgniter.php(906): App\Controllers\Home->__construct()
 2 SYSTEMPATH/CodeIgniter.php(490): CodeIgniter\CodeIgniter->createController()
 3 SYSTEMPATH/CodeIgniter.php(368): CodeIgniter\CodeIgniter->handleRequest(null, Object(Config\Cache), false)
 4 FCPATH/index.php(67): CodeIgniter\CodeIgniter->run()
WARNING - 2025-07-02 13:01:46 --> [DEPRECATED] Creation of dynamic property App\Controllers\Home::$EnquiryModel is deprecated in APPPATH/Controllers/Home.php on line 44.
 1 SYSTEMPATH/CodeIgniter.php(906): App\Controllers\Home->__construct()
 2 SYSTEMPATH/CodeIgniter.php(490): CodeIgniter\CodeIgniter->createController()
 3 SYSTEMPATH/CodeIgniter.php(368): CodeIgniter\CodeIgniter->handleRequest(null, Object(Config\Cache), false)
 4 FCPATH/index.php(67): CodeIgniter\CodeIgniter->run()
WARNING - 2025-07-02 13:01:46 --> [DEPRECATED] Creation of dynamic property App\Controllers\Home::$Allsettingsmodel is deprecated in APPPATH/Controllers/Home.php on line 45.
 1 SYSTEMPATH/CodeIgniter.php(906): App\Controllers\Home->__construct()
 2 SYSTEMPATH/CodeIgniter.php(490): CodeIgniter\CodeIgniter->createController()
 3 SYSTEMPATH/CodeIgniter.php(368): CodeIgniter\CodeIgniter->handleRequest(null, Object(Config\Cache), false)
 4 FCPATH/index.php(67): CodeIgniter\CodeIgniter->run()
INFO - 2025-07-02 13:01:48 --> Session: Class initialized using 'CodeIgniter\Session\Handlers\FileHandler' driver.
WARNING - 2025-07-02 13:01:48 --> [DEPRECATED] Creation of dynamic property App\Controllers\Home::$user_model is deprecated in APPPATH/Controllers/Home.php on line 35.
 1 SYSTEMPATH/CodeIgniter.php(906): App\Controllers\Home->__construct()
 2 SYSTEMPATH/CodeIgniter.php(490): CodeIgniter\CodeIgniter->createController()
 3 SYSTEMPATH/CodeIgniter.php(368): CodeIgniter\CodeIgniter->handleRequest(null, Object(Config\Cache), false)
 4 FCPATH/index.php(67): CodeIgniter\CodeIgniter->run()
WARNING - 2025-07-02 13:01:48 --> [DEPRECATED] Creation of dynamic property App\Controllers\Home::$BlogModel is deprecated in APPPATH/Controllers/Home.php on line 43.
 1 SYSTEMPATH/CodeIgniter.php(906): App\Controllers\Home->__construct()
 2 SYSTEMPATH/CodeIgniter.php(490): CodeIgniter\CodeIgniter->createController()
 3 SYSTEMPATH/CodeIgniter.php(368): CodeIgniter\CodeIgniter->handleRequest(null, Object(Config\Cache), false)
 4 FCPATH/index.php(67): CodeIgniter\CodeIgniter->run()
WARNING - 2025-07-02 13:01:48 --> [DEPRECATED] Creation of dynamic property App\Controllers\Home::$EnquiryModel is deprecated in APPPATH/Controllers/Home.php on line 44.
 1 SYSTEMPATH/CodeIgniter.php(906): App\Controllers\Home->__construct()
 2 SYSTEMPATH/CodeIgniter.php(490): CodeIgniter\CodeIgniter->createController()
 3 SYSTEMPATH/CodeIgniter.php(368): CodeIgniter\CodeIgniter->handleRequest(null, Object(Config\Cache), false)
 4 FCPATH/index.php(67): CodeIgniter\CodeIgniter->run()
WARNING - 2025-07-02 13:01:48 --> [DEPRECATED] Creation of dynamic property App\Controllers\Home::$Allsettingsmodel is deprecated in APPPATH/Controllers/Home.php on line 45.
 1 SYSTEMPATH/CodeIgniter.php(906): App\Controllers\Home->__construct()
 2 SYSTEMPATH/CodeIgniter.php(490): CodeIgniter\CodeIgniter->createController()
 3 SYSTEMPATH/CodeIgniter.php(368): CodeIgniter\CodeIgniter->handleRequest(null, Object(Config\Cache), false)
 4 FCPATH/index.php(67): CodeIgniter\CodeIgniter->run()
INFO - 2025-07-02 13:02:11 --> Session: Class initialized using 'CodeIgniter\Session\Handlers\FileHandler' driver.
WARNING - 2025-07-02 13:02:11 --> [DEPRECATED] Creation of dynamic property App\Controllers\Home::$user_model is deprecated in APPPATH/Controllers/Home.php on line 35.
 1 SYSTEMPATH/CodeIgniter.php(906): App\Controllers\Home->__construct()
 2 SYSTEMPATH/CodeIgniter.php(490): CodeIgniter\CodeIgniter->createController()
 3 SYSTEMPATH/CodeIgniter.php(368): CodeIgniter\CodeIgniter->handleRequest(null, Object(Config\Cache), false)
 4 FCPATH/index.php(67): CodeIgniter\CodeIgniter->run()
WARNING - 2025-07-02 13:02:11 --> [DEPRECATED] Creation of dynamic property App\Controllers\Home::$BlogModel is deprecated in APPPATH/Controllers/Home.php on line 43.
 1 SYSTEMPATH/CodeIgniter.php(906): App\Controllers\Home->__construct()
 2 SYSTEMPATH/CodeIgniter.php(490): CodeIgniter\CodeIgniter->createController()
 3 SYSTEMPATH/CodeIgniter.php(368): CodeIgniter\CodeIgniter->handleRequest(null, Object(Config\Cache), false)
 4 FCPATH/index.php(67): CodeIgniter\CodeIgniter->run()
WARNING - 2025-07-02 13:02:11 --> [DEPRECATED] Creation of dynamic property App\Controllers\Home::$EnquiryModel is deprecated in APPPATH/Controllers/Home.php on line 44.
 1 SYSTEMPATH/CodeIgniter.php(906): App\Controllers\Home->__construct()
 2 SYSTEMPATH/CodeIgniter.php(490): CodeIgniter\CodeIgniter->createController()
 3 SYSTEMPATH/CodeIgniter.php(368): CodeIgniter\CodeIgniter->handleRequest(null, Object(Config\Cache), false)
 4 FCPATH/index.php(67): CodeIgniter\CodeIgniter->run()
WARNING - 2025-07-02 13:02:11 --> [DEPRECATED] Creation of dynamic property App\Controllers\Home::$Allsettingsmodel is deprecated in APPPATH/Controllers/Home.php on line 45.
 1 SYSTEMPATH/CodeIgniter.php(906): App\Controllers\Home->__construct()
 2 SYSTEMPATH/CodeIgniter.php(490): CodeIgniter\CodeIgniter->createController()
 3 SYSTEMPATH/CodeIgniter.php(368): CodeIgniter\CodeIgniter->handleRequest(null, Object(Config\Cache), false)
 4 FCPATH/index.php(67): CodeIgniter\CodeIgniter->run()
INFO - 2025-07-02 13:02:13 --> Session: Class initialized using 'CodeIgniter\Session\Handlers\FileHandler' driver.
WARNING - 2025-07-02 13:02:13 --> [DEPRECATED] Creation of dynamic property App\Controllers\Home::$user_model is deprecated in APPPATH/Controllers/Home.php on line 35.
 1 SYSTEMPATH/CodeIgniter.php(906): App\Controllers\Home->__construct()
 2 SYSTEMPATH/CodeIgniter.php(490): CodeIgniter\CodeIgniter->createController()
 3 SYSTEMPATH/CodeIgniter.php(368): CodeIgniter\CodeIgniter->handleRequest(null, Object(Config\Cache), false)
 4 FCPATH/index.php(67): CodeIgniter\CodeIgniter->run()
WARNING - 2025-07-02 13:02:13 --> [DEPRECATED] Creation of dynamic property App\Controllers\Home::$BlogModel is deprecated in APPPATH/Controllers/Home.php on line 43.
 1 SYSTEMPATH/CodeIgniter.php(906): App\Controllers\Home->__construct()
 2 SYSTEMPATH/CodeIgniter.php(490): CodeIgniter\CodeIgniter->createController()
 3 SYSTEMPATH/CodeIgniter.php(368): CodeIgniter\CodeIgniter->handleRequest(null, Object(Config\Cache), false)
 4 FCPATH/index.php(67): CodeIgniter\CodeIgniter->run()
WARNING - 2025-07-02 13:02:13 --> [DEPRECATED] Creation of dynamic property App\Controllers\Home::$EnquiryModel is deprecated in APPPATH/Controllers/Home.php on line 44.
 1 SYSTEMPATH/CodeIgniter.php(906): App\Controllers\Home->__construct()
 2 SYSTEMPATH/CodeIgniter.php(490): CodeIgniter\CodeIgniter->createController()
 3 SYSTEMPATH/CodeIgniter.php(368): CodeIgniter\CodeIgniter->handleRequest(null, Object(Config\Cache), false)
 4 FCPATH/index.php(67): CodeIgniter\CodeIgniter->run()
WARNING - 2025-07-02 13:02:13 --> [DEPRECATED] Creation of dynamic property App\Controllers\Home::$Allsettingsmodel is deprecated in APPPATH/Controllers/Home.php on line 45.
 1 SYSTEMPATH/CodeIgniter.php(906): App\Controllers\Home->__construct()
 2 SYSTEMPATH/CodeIgniter.php(490): CodeIgniter\CodeIgniter->createController()
 3 SYSTEMPATH/CodeIgniter.php(368): CodeIgniter\CodeIgniter->handleRequest(null, Object(Config\Cache), false)
 4 FCPATH/index.php(67): CodeIgniter\CodeIgniter->run()
INFO - 2025-07-02 13:02:17 --> Session: Class initialized using 'CodeIgniter\Session\Handlers\FileHandler' driver.
WARNING - 2025-07-02 13:02:17 --> [DEPRECATED] Creation of dynamic property App\Controllers\Home::$user_model is deprecated in APPPATH/Controllers/Home.php on line 35.
 1 SYSTEMPATH/CodeIgniter.php(906): App\Controllers\Home->__construct()
 2 SYSTEMPATH/CodeIgniter.php(490): CodeIgniter\CodeIgniter->createController()
 3 SYSTEMPATH/CodeIgniter.php(368): CodeIgniter\CodeIgniter->handleRequest(null, Object(Config\Cache), false)
 4 FCPATH/index.php(67): CodeIgniter\CodeIgniter->run()
WARNING - 2025-07-02 13:02:17 --> [DEPRECATED] Creation of dynamic property App\Controllers\Home::$BlogModel is deprecated in APPPATH/Controllers/Home.php on line 43.
 1 SYSTEMPATH/CodeIgniter.php(906): App\Controllers\Home->__construct()
 2 SYSTEMPATH/CodeIgniter.php(490): CodeIgniter\CodeIgniter->createController()
 3 SYSTEMPATH/CodeIgniter.php(368): CodeIgniter\CodeIgniter->handleRequest(null, Object(Config\Cache), false)
 4 FCPATH/index.php(67): CodeIgniter\CodeIgniter->run()
WARNING - 2025-07-02 13:02:17 --> [DEPRECATED] Creation of dynamic property App\Controllers\Home::$EnquiryModel is deprecated in APPPATH/Controllers/Home.php on line 44.
 1 SYSTEMPATH/CodeIgniter.php(906): App\Controllers\Home->__construct()
 2 SYSTEMPATH/CodeIgniter.php(490): CodeIgniter\CodeIgniter->createController()
 3 SYSTEMPATH/CodeIgniter.php(368): CodeIgniter\CodeIgniter->handleRequest(null, Object(Config\Cache), false)
 4 FCPATH/index.php(67): CodeIgniter\CodeIgniter->run()
WARNING - 2025-07-02 13:02:17 --> [DEPRECATED] Creation of dynamic property App\Controllers\Home::$Allsettingsmodel is deprecated in APPPATH/Controllers/Home.php on line 45.
 1 SYSTEMPATH/CodeIgniter.php(906): App\Controllers\Home->__construct()
 2 SYSTEMPATH/CodeIgniter.php(490): CodeIgniter\CodeIgniter->createController()
 3 SYSTEMPATH/CodeIgniter.php(368): CodeIgniter\CodeIgniter->handleRequest(null, Object(Config\Cache), false)
 4 FCPATH/index.php(67): CodeIgniter\CodeIgniter->run()
INFO - 2025-07-02 13:02:19 --> Session: Class initialized using 'CodeIgniter\Session\Handlers\FileHandler' driver.
WARNING - 2025-07-02 13:02:19 --> [DEPRECATED] Creation of dynamic property App\Controllers\Home::$user_model is deprecated in APPPATH/Controllers/Home.php on line 35.
 1 SYSTEMPATH/CodeIgniter.php(906): App\Controllers\Home->__construct()
 2 SYSTEMPATH/CodeIgniter.php(490): CodeIgniter\CodeIgniter->createController()
 3 SYSTEMPATH/CodeIgniter.php(368): CodeIgniter\CodeIgniter->handleRequest(null, Object(Config\Cache), false)
 4 FCPATH/index.php(67): CodeIgniter\CodeIgniter->run()
WARNING - 2025-07-02 13:02:19 --> [DEPRECATED] Creation of dynamic property App\Controllers\Home::$BlogModel is deprecated in APPPATH/Controllers/Home.php on line 43.
 1 SYSTEMPATH/CodeIgniter.php(906): App\Controllers\Home->__construct()
 2 SYSTEMPATH/CodeIgniter.php(490): CodeIgniter\CodeIgniter->createController()
 3 SYSTEMPATH/CodeIgniter.php(368): CodeIgniter\CodeIgniter->handleRequest(null, Object(Config\Cache), false)
 4 FCPATH/index.php(67): CodeIgniter\CodeIgniter->run()
WARNING - 2025-07-02 13:02:19 --> [DEPRECATED] Creation of dynamic property App\Controllers\Home::$EnquiryModel is deprecated in APPPATH/Controllers/Home.php on line 44.
 1 SYSTEMPATH/CodeIgniter.php(906): App\Controllers\Home->__construct()
 2 SYSTEMPATH/CodeIgniter.php(490): CodeIgniter\CodeIgniter->createController()
 3 SYSTEMPATH/CodeIgniter.php(368): CodeIgniter\CodeIgniter->handleRequest(null, Object(Config\Cache), false)
 4 FCPATH/index.php(67): CodeIgniter\CodeIgniter->run()
WARNING - 2025-07-02 13:02:19 --> [DEPRECATED] Creation of dynamic property App\Controllers\Home::$Allsettingsmodel is deprecated in APPPATH/Controllers/Home.php on line 45.
 1 SYSTEMPATH/CodeIgniter.php(906): App\Controllers\Home->__construct()
 2 SYSTEMPATH/CodeIgniter.php(490): CodeIgniter\CodeIgniter->createController()
 3 SYSTEMPATH/CodeIgniter.php(368): CodeIgniter\CodeIgniter->handleRequest(null, Object(Config\Cache), false)
 4 FCPATH/index.php(67): CodeIgniter\CodeIgniter->run()
INFO - 2025-07-02 13:03:39 --> Session: Class initialized using 'CodeIgniter\Session\Handlers\FileHandler' driver.
WARNING - 2025-07-02 13:03:39 --> [DEPRECATED] Creation of dynamic property App\Controllers\Home::$user_model is deprecated in APPPATH/Controllers/Home.php on line 35.
 1 SYSTEMPATH/CodeIgniter.php(906): App\Controllers\Home->__construct()
 2 SYSTEMPATH/CodeIgniter.php(490): CodeIgniter\CodeIgniter->createController()
 3 SYSTEMPATH/CodeIgniter.php(368): CodeIgniter\CodeIgniter->handleRequest(null, Object(Config\Cache), false)
 4 FCPATH/index.php(67): CodeIgniter\CodeIgniter->run()
WARNING - 2025-07-02 13:03:39 --> [DEPRECATED] Creation of dynamic property App\Controllers\Home::$BlogModel is deprecated in APPPATH/Controllers/Home.php on line 43.
 1 SYSTEMPATH/CodeIgniter.php(906): App\Controllers\Home->__construct()
 2 SYSTEMPATH/CodeIgniter.php(490): CodeIgniter\CodeIgniter->createController()
 3 SYSTEMPATH/CodeIgniter.php(368): CodeIgniter\CodeIgniter->handleRequest(null, Object(Config\Cache), false)
 4 FCPATH/index.php(67): CodeIgniter\CodeIgniter->run()
WARNING - 2025-07-02 13:03:39 --> [DEPRECATED] Creation of dynamic property App\Controllers\Home::$EnquiryModel is deprecated in APPPATH/Controllers/Home.php on line 44.
 1 SYSTEMPATH/CodeIgniter.php(906): App\Controllers\Home->__construct()
 2 SYSTEMPATH/CodeIgniter.php(490): CodeIgniter\CodeIgniter->createController()
 3 SYSTEMPATH/CodeIgniter.php(368): CodeIgniter\CodeIgniter->handleRequest(null, Object(Config\Cache), false)
 4 FCPATH/index.php(67): CodeIgniter\CodeIgniter->run()
WARNING - 2025-07-02 13:03:39 --> [DEPRECATED] Creation of dynamic property App\Controllers\Home::$Allsettingsmodel is deprecated in APPPATH/Controllers/Home.php on line 45.
 1 SYSTEMPATH/CodeIgniter.php(906): App\Controllers\Home->__construct()
 2 SYSTEMPATH/CodeIgniter.php(490): CodeIgniter\CodeIgniter->createController()
 3 SYSTEMPATH/CodeIgniter.php(368): CodeIgniter\CodeIgniter->handleRequest(null, Object(Config\Cache), false)
 4 FCPATH/index.php(67): CodeIgniter\CodeIgniter->run()
INFO - 2025-07-02 13:03:41 --> Session: Class initialized using 'CodeIgniter\Session\Handlers\FileHandler' driver.
WARNING - 2025-07-02 13:03:41 --> [DEPRECATED] Creation of dynamic property App\Controllers\Home::$user_model is deprecated in APPPATH/Controllers/Home.php on line 35.
 1 SYSTEMPATH/CodeIgniter.php(906): App\Controllers\Home->__construct()
 2 SYSTEMPATH/CodeIgniter.php(490): CodeIgniter\CodeIgniter->createController()
 3 SYSTEMPATH/CodeIgniter.php(368): CodeIgniter\CodeIgniter->handleRequest(null, Object(Config\Cache), false)
 4 FCPATH/index.php(67): CodeIgniter\CodeIgniter->run()
WARNING - 2025-07-02 13:03:41 --> [DEPRECATED] Creation of dynamic property App\Controllers\Home::$BlogModel is deprecated in APPPATH/Controllers/Home.php on line 43.
 1 SYSTEMPATH/CodeIgniter.php(906): App\Controllers\Home->__construct()
 2 SYSTEMPATH/CodeIgniter.php(490): CodeIgniter\CodeIgniter->createController()
 3 SYSTEMPATH/CodeIgniter.php(368): CodeIgniter\CodeIgniter->handleRequest(null, Object(Config\Cache), false)
 4 FCPATH/index.php(67): CodeIgniter\CodeIgniter->run()
WARNING - 2025-07-02 13:03:41 --> [DEPRECATED] Creation of dynamic property App\Controllers\Home::$EnquiryModel is deprecated in APPPATH/Controllers/Home.php on line 44.
 1 SYSTEMPATH/CodeIgniter.php(906): App\Controllers\Home->__construct()
 2 SYSTEMPATH/CodeIgniter.php(490): CodeIgniter\CodeIgniter->createController()
 3 SYSTEMPATH/CodeIgniter.php(368): CodeIgniter\CodeIgniter->handleRequest(null, Object(Config\Cache), false)
 4 FCPATH/index.php(67): CodeIgniter\CodeIgniter->run()
WARNING - 2025-07-02 13:03:41 --> [DEPRECATED] Creation of dynamic property App\Controllers\Home::$Allsettingsmodel is deprecated in APPPATH/Controllers/Home.php on line 45.
 1 SYSTEMPATH/CodeIgniter.php(906): App\Controllers\Home->__construct()
 2 SYSTEMPATH/CodeIgniter.php(490): CodeIgniter\CodeIgniter->createController()
 3 SYSTEMPATH/CodeIgniter.php(368): CodeIgniter\CodeIgniter->handleRequest(null, Object(Config\Cache), false)
 4 FCPATH/index.php(67): CodeIgniter\CodeIgniter->run()
INFO - 2025-07-02 13:05:34 --> Session: Class initialized using 'CodeIgniter\Session\Handlers\FileHandler' driver.
WARNING - 2025-07-02 13:05:34 --> [DEPRECATED] Creation of dynamic property App\Controllers\Home::$user_model is deprecated in APPPATH/Controllers/Home.php on line 35.
 1 SYSTEMPATH/CodeIgniter.php(906): App\Controllers\Home->__construct()
 2 SYSTEMPATH/CodeIgniter.php(490): CodeIgniter\CodeIgniter->createController()
 3 SYSTEMPATH/CodeIgniter.php(368): CodeIgniter\CodeIgniter->handleRequest(null, Object(Config\Cache), false)
 4 FCPATH/index.php(67): CodeIgniter\CodeIgniter->run()
WARNING - 2025-07-02 13:05:34 --> [DEPRECATED] Creation of dynamic property App\Controllers\Home::$BlogModel is deprecated in APPPATH/Controllers/Home.php on line 43.
 1 SYSTEMPATH/CodeIgniter.php(906): App\Controllers\Home->__construct()
 2 SYSTEMPATH/CodeIgniter.php(490): CodeIgniter\CodeIgniter->createController()
 3 SYSTEMPATH/CodeIgniter.php(368): CodeIgniter\CodeIgniter->handleRequest(null, Object(Config\Cache), false)
 4 FCPATH/index.php(67): CodeIgniter\CodeIgniter->run()
WARNING - 2025-07-02 13:05:34 --> [DEPRECATED] Creation of dynamic property App\Controllers\Home::$EnquiryModel is deprecated in APPPATH/Controllers/Home.php on line 44.
 1 SYSTEMPATH/CodeIgniter.php(906): App\Controllers\Home->__construct()
 2 SYSTEMPATH/CodeIgniter.php(490): CodeIgniter\CodeIgniter->createController()
 3 SYSTEMPATH/CodeIgniter.php(368): CodeIgniter\CodeIgniter->handleRequest(null, Object(Config\Cache), false)
 4 FCPATH/index.php(67): CodeIgniter\CodeIgniter->run()
WARNING - 2025-07-02 13:05:34 --> [DEPRECATED] Creation of dynamic property App\Controllers\Home::$Allsettingsmodel is deprecated in APPPATH/Controllers/Home.php on line 45.
 1 SYSTEMPATH/CodeIgniter.php(906): App\Controllers\Home->__construct()
 2 SYSTEMPATH/CodeIgniter.php(490): CodeIgniter\CodeIgniter->createController()
 3 SYSTEMPATH/CodeIgniter.php(368): CodeIgniter\CodeIgniter->handleRequest(null, Object(Config\Cache), false)
 4 FCPATH/index.php(67): CodeIgniter\CodeIgniter->run()
INFO - 2025-07-02 13:05:36 --> Session: Class initialized using 'CodeIgniter\Session\Handlers\FileHandler' driver.
WARNING - 2025-07-02 13:05:36 --> [DEPRECATED] Creation of dynamic property App\Controllers\Home::$user_model is deprecated in APPPATH/Controllers/Home.php on line 35.
 1 SYSTEMPATH/CodeIgniter.php(906): App\Controllers\Home->__construct()
 2 SYSTEMPATH/CodeIgniter.php(490): CodeIgniter\CodeIgniter->createController()
 3 SYSTEMPATH/CodeIgniter.php(368): CodeIgniter\CodeIgniter->handleRequest(null, Object(Config\Cache), false)
 4 FCPATH/index.php(67): CodeIgniter\CodeIgniter->run()
WARNING - 2025-07-02 13:05:36 --> [DEPRECATED] Creation of dynamic property App\Controllers\Home::$BlogModel is deprecated in APPPATH/Controllers/Home.php on line 43.
 1 SYSTEMPATH/CodeIgniter.php(906): App\Controllers\Home->__construct()
 2 SYSTEMPATH/CodeIgniter.php(490): CodeIgniter\CodeIgniter->createController()
 3 SYSTEMPATH/CodeIgniter.php(368): CodeIgniter\CodeIgniter->handleRequest(null, Object(Config\Cache), false)
 4 FCPATH/index.php(67): CodeIgniter\CodeIgniter->run()
WARNING - 2025-07-02 13:05:36 --> [DEPRECATED] Creation of dynamic property App\Controllers\Home::$EnquiryModel is deprecated in APPPATH/Controllers/Home.php on line 44.
 1 SYSTEMPATH/CodeIgniter.php(906): App\Controllers\Home->__construct()
 2 SYSTEMPATH/CodeIgniter.php(490): CodeIgniter\CodeIgniter->createController()
 3 SYSTEMPATH/CodeIgniter.php(368): CodeIgniter\CodeIgniter->handleRequest(null, Object(Config\Cache), false)
 4 FCPATH/index.php(67): CodeIgniter\CodeIgniter->run()
WARNING - 2025-07-02 13:05:36 --> [DEPRECATED] Creation of dynamic property App\Controllers\Home::$Allsettingsmodel is deprecated in APPPATH/Controllers/Home.php on line 45.
 1 SYSTEMPATH/CodeIgniter.php(906): App\Controllers\Home->__construct()
 2 SYSTEMPATH/CodeIgniter.php(490): CodeIgniter\CodeIgniter->createController()
 3 SYSTEMPATH/CodeIgniter.php(368): CodeIgniter\CodeIgniter->handleRequest(null, Object(Config\Cache), false)
 4 FCPATH/index.php(67): CodeIgniter\CodeIgniter->run()
INFO - 2025-07-02 13:07:02 --> Session: Class initialized using 'CodeIgniter\Session\Handlers\FileHandler' driver.
WARNING - 2025-07-02 13:07:02 --> [DEPRECATED] Creation of dynamic property App\Controllers\Home::$user_model is deprecated in APPPATH/Controllers/Home.php on line 35.
 1 SYSTEMPATH/CodeIgniter.php(906): App\Controllers\Home->__construct()
 2 SYSTEMPATH/CodeIgniter.php(490): CodeIgniter\CodeIgniter->createController()
 3 SYSTEMPATH/CodeIgniter.php(368): CodeIgniter\CodeIgniter->handleRequest(null, Object(Config\Cache), false)
 4 FCPATH/index.php(67): CodeIgniter\CodeIgniter->run()
WARNING - 2025-07-02 13:07:02 --> [DEPRECATED] Creation of dynamic property App\Controllers\Home::$BlogModel is deprecated in APPPATH/Controllers/Home.php on line 43.
 1 SYSTEMPATH/CodeIgniter.php(906): App\Controllers\Home->__construct()
 2 SYSTEMPATH/CodeIgniter.php(490): CodeIgniter\CodeIgniter->createController()
 3 SYSTEMPATH/CodeIgniter.php(368): CodeIgniter\CodeIgniter->handleRequest(null, Object(Config\Cache), false)
 4 FCPATH/index.php(67): CodeIgniter\CodeIgniter->run()
WARNING - 2025-07-02 13:07:02 --> [DEPRECATED] Creation of dynamic property App\Controllers\Home::$EnquiryModel is deprecated in APPPATH/Controllers/Home.php on line 44.
 1 SYSTEMPATH/CodeIgniter.php(906): App\Controllers\Home->__construct()
 2 SYSTEMPATH/CodeIgniter.php(490): CodeIgniter\CodeIgniter->createController()
 3 SYSTEMPATH/CodeIgniter.php(368): CodeIgniter\CodeIgniter->handleRequest(null, Object(Config\Cache), false)
 4 FCPATH/index.php(67): CodeIgniter\CodeIgniter->run()
WARNING - 2025-07-02 13:07:02 --> [DEPRECATED] Creation of dynamic property App\Controllers\Home::$Allsettingsmodel is deprecated in APPPATH/Controllers/Home.php on line 45.
 1 SYSTEMPATH/CodeIgniter.php(906): App\Controllers\Home->__construct()
 2 SYSTEMPATH/CodeIgniter.php(490): CodeIgniter\CodeIgniter->createController()
 3 SYSTEMPATH/CodeIgniter.php(368): CodeIgniter\CodeIgniter->handleRequest(null, Object(Config\Cache), false)
 4 FCPATH/index.php(67): CodeIgniter\CodeIgniter->run()
INFO - 2025-07-02 13:07:04 --> Session: Class initialized using 'CodeIgniter\Session\Handlers\FileHandler' driver.
WARNING - 2025-07-02 13:07:04 --> [DEPRECATED] Creation of dynamic property App\Controllers\Home::$user_model is deprecated in APPPATH/Controllers/Home.php on line 35.
 1 SYSTEMPATH/CodeIgniter.php(906): App\Controllers\Home->__construct()
 2 SYSTEMPATH/CodeIgniter.php(490): CodeIgniter\CodeIgniter->createController()
 3 SYSTEMPATH/CodeIgniter.php(368): CodeIgniter\CodeIgniter->handleRequest(null, Object(Config\Cache), false)
 4 FCPATH/index.php(67): CodeIgniter\CodeIgniter->run()
WARNING - 2025-07-02 13:07:04 --> [DEPRECATED] Creation of dynamic property App\Controllers\Home::$BlogModel is deprecated in APPPATH/Controllers/Home.php on line 43.
 1 SYSTEMPATH/CodeIgniter.php(906): App\Controllers\Home->__construct()
 2 SYSTEMPATH/CodeIgniter.php(490): CodeIgniter\CodeIgniter->createController()
 3 SYSTEMPATH/CodeIgniter.php(368): CodeIgniter\CodeIgniter->handleRequest(null, Object(Config\Cache), false)
 4 FCPATH/index.php(67): CodeIgniter\CodeIgniter->run()
WARNING - 2025-07-02 13:07:04 --> [DEPRECATED] Creation of dynamic property App\Controllers\Home::$EnquiryModel is deprecated in APPPATH/Controllers/Home.php on line 44.
 1 SYSTEMPATH/CodeIgniter.php(906): App\Controllers\Home->__construct()
 2 SYSTEMPATH/CodeIgniter.php(490): CodeIgniter\CodeIgniter->createController()
 3 SYSTEMPATH/CodeIgniter.php(368): CodeIgniter\CodeIgniter->handleRequest(null, Object(Config\Cache), false)
 4 FCPATH/index.php(67): CodeIgniter\CodeIgniter->run()
WARNING - 2025-07-02 13:07:04 --> [DEPRECATED] Creation of dynamic property App\Controllers\Home::$Allsettingsmodel is deprecated in APPPATH/Controllers/Home.php on line 45.
 1 SYSTEMPATH/CodeIgniter.php(906): App\Controllers\Home->__construct()
 2 SYSTEMPATH/CodeIgniter.php(490): CodeIgniter\CodeIgniter->createController()
 3 SYSTEMPATH/CodeIgniter.php(368): CodeIgniter\CodeIgniter->handleRequest(null, Object(Config\Cache), false)
 4 FCPATH/index.php(67): CodeIgniter\CodeIgniter->run()
INFO - 2025-07-02 13:09:15 --> Session: Class initialized using 'CodeIgniter\Session\Handlers\FileHandler' driver.
WARNING - 2025-07-02 13:09:15 --> [DEPRECATED] Creation of dynamic property App\Controllers\Home::$user_model is deprecated in APPPATH/Controllers/Home.php on line 35.
 1 SYSTEMPATH/CodeIgniter.php(906): App\Controllers\Home->__construct()
 2 SYSTEMPATH/CodeIgniter.php(490): CodeIgniter\CodeIgniter->createController()
 3 SYSTEMPATH/CodeIgniter.php(368): CodeIgniter\CodeIgniter->handleRequest(null, Object(Config\Cache), false)
 4 FCPATH/index.php(67): CodeIgniter\CodeIgniter->run()
WARNING - 2025-07-02 13:09:15 --> [DEPRECATED] Creation of dynamic property App\Controllers\Home::$BlogModel is deprecated in APPPATH/Controllers/Home.php on line 43.
 1 SYSTEMPATH/CodeIgniter.php(906): App\Controllers\Home->__construct()
 2 SYSTEMPATH/CodeIgniter.php(490): CodeIgniter\CodeIgniter->createController()
 3 SYSTEMPATH/CodeIgniter.php(368): CodeIgniter\CodeIgniter->handleRequest(null, Object(Config\Cache), false)
 4 FCPATH/index.php(67): CodeIgniter\CodeIgniter->run()
WARNING - 2025-07-02 13:09:15 --> [DEPRECATED] Creation of dynamic property App\Controllers\Home::$EnquiryModel is deprecated in APPPATH/Controllers/Home.php on line 44.
 1 SYSTEMPATH/CodeIgniter.php(906): App\Controllers\Home->__construct()
 2 SYSTEMPATH/CodeIgniter.php(490): CodeIgniter\CodeIgniter->createController()
 3 SYSTEMPATH/CodeIgniter.php(368): CodeIgniter\CodeIgniter->handleRequest(null, Object(Config\Cache), false)
 4 FCPATH/index.php(67): CodeIgniter\CodeIgniter->run()
WARNING - 2025-07-02 13:09:15 --> [DEPRECATED] Creation of dynamic property App\Controllers\Home::$Allsettingsmodel is deprecated in APPPATH/Controllers/Home.php on line 45.
 1 SYSTEMPATH/CodeIgniter.php(906): App\Controllers\Home->__construct()
 2 SYSTEMPATH/CodeIgniter.php(490): CodeIgniter\CodeIgniter->createController()
 3 SYSTEMPATH/CodeIgniter.php(368): CodeIgniter\CodeIgniter->handleRequest(null, Object(Config\Cache), false)
 4 FCPATH/index.php(67): CodeIgniter\CodeIgniter->run()
INFO - 2025-07-02 13:09:17 --> Session: Class initialized using 'CodeIgniter\Session\Handlers\FileHandler' driver.
WARNING - 2025-07-02 13:09:17 --> [DEPRECATED] Creation of dynamic property App\Controllers\Home::$user_model is deprecated in APPPATH/Controllers/Home.php on line 35.
 1 SYSTEMPATH/CodeIgniter.php(906): App\Controllers\Home->__construct()
 2 SYSTEMPATH/CodeIgniter.php(490): CodeIgniter\CodeIgniter->createController()
 3 SYSTEMPATH/CodeIgniter.php(368): CodeIgniter\CodeIgniter->handleRequest(null, Object(Config\Cache), false)
 4 FCPATH/index.php(67): CodeIgniter\CodeIgniter->run()
WARNING - 2025-07-02 13:09:17 --> [DEPRECATED] Creation of dynamic property App\Controllers\Home::$BlogModel is deprecated in APPPATH/Controllers/Home.php on line 43.
 1 SYSTEMPATH/CodeIgniter.php(906): App\Controllers\Home->__construct()
 2 SYSTEMPATH/CodeIgniter.php(490): CodeIgniter\CodeIgniter->createController()
 3 SYSTEMPATH/CodeIgniter.php(368): CodeIgniter\CodeIgniter->handleRequest(null, Object(Config\Cache), false)
 4 FCPATH/index.php(67): CodeIgniter\CodeIgniter->run()
WARNING - 2025-07-02 13:09:17 --> [DEPRECATED] Creation of dynamic property App\Controllers\Home::$EnquiryModel is deprecated in APPPATH/Controllers/Home.php on line 44.
 1 SYSTEMPATH/CodeIgniter.php(906): App\Controllers\Home->__construct()
 2 SYSTEMPATH/CodeIgniter.php(490): CodeIgniter\CodeIgniter->createController()
 3 SYSTEMPATH/CodeIgniter.php(368): CodeIgniter\CodeIgniter->handleRequest(null, Object(Config\Cache), false)
 4 FCPATH/index.php(67): CodeIgniter\CodeIgniter->run()
WARNING - 2025-07-02 13:09:17 --> [DEPRECATED] Creation of dynamic property App\Controllers\Home::$Allsettingsmodel is deprecated in APPPATH/Controllers/Home.php on line 45.
 1 SYSTEMPATH/CodeIgniter.php(906): App\Controllers\Home->__construct()
 2 SYSTEMPATH/CodeIgniter.php(490): CodeIgniter\CodeIgniter->createController()
 3 SYSTEMPATH/CodeIgniter.php(368): CodeIgniter\CodeIgniter->handleRequest(null, Object(Config\Cache), false)
 4 FCPATH/index.php(67): CodeIgniter\CodeIgniter->run()
INFO - 2025-07-02 13:10:29 --> Session: Class initialized using 'CodeIgniter\Session\Handlers\FileHandler' driver.
WARNING - 2025-07-02 13:10:29 --> [DEPRECATED] Creation of dynamic property App\Controllers\Home::$user_model is deprecated in APPPATH/Controllers/Home.php on line 35.
 1 SYSTEMPATH/CodeIgniter.php(906): App\Controllers\Home->__construct()
 2 SYSTEMPATH/CodeIgniter.php(490): CodeIgniter\CodeIgniter->createController()
 3 SYSTEMPATH/CodeIgniter.php(368): CodeIgniter\CodeIgniter->handleRequest(null, Object(Config\Cache), false)
 4 FCPATH/index.php(67): CodeIgniter\CodeIgniter->run()
WARNING - 2025-07-02 13:10:29 --> [DEPRECATED] Creation of dynamic property App\Controllers\Home::$BlogModel is deprecated in APPPATH/Controllers/Home.php on line 43.
 1 SYSTEMPATH/CodeIgniter.php(906): App\Controllers\Home->__construct()
 2 SYSTEMPATH/CodeIgniter.php(490): CodeIgniter\CodeIgniter->createController()
 3 SYSTEMPATH/CodeIgniter.php(368): CodeIgniter\CodeIgniter->handleRequest(null, Object(Config\Cache), false)
 4 FCPATH/index.php(67): CodeIgniter\CodeIgniter->run()
WARNING - 2025-07-02 13:10:29 --> [DEPRECATED] Creation of dynamic property App\Controllers\Home::$EnquiryModel is deprecated in APPPATH/Controllers/Home.php on line 44.
 1 SYSTEMPATH/CodeIgniter.php(906): App\Controllers\Home->__construct()
 2 SYSTEMPATH/CodeIgniter.php(490): CodeIgniter\CodeIgniter->createController()
 3 SYSTEMPATH/CodeIgniter.php(368): CodeIgniter\CodeIgniter->handleRequest(null, Object(Config\Cache), false)
 4 FCPATH/index.php(67): CodeIgniter\CodeIgniter->run()
WARNING - 2025-07-02 13:10:29 --> [DEPRECATED] Creation of dynamic property App\Controllers\Home::$Allsettingsmodel is deprecated in APPPATH/Controllers/Home.php on line 45.
 1 SYSTEMPATH/CodeIgniter.php(906): App\Controllers\Home->__construct()
 2 SYSTEMPATH/CodeIgniter.php(490): CodeIgniter\CodeIgniter->createController()
 3 SYSTEMPATH/CodeIgniter.php(368): CodeIgniter\CodeIgniter->handleRequest(null, Object(Config\Cache), false)
 4 FCPATH/index.php(67): CodeIgniter\CodeIgniter->run()
INFO - 2025-07-02 13:10:31 --> Session: Class initialized using 'CodeIgniter\Session\Handlers\FileHandler' driver.
WARNING - 2025-07-02 13:10:31 --> [DEPRECATED] Creation of dynamic property App\Controllers\Home::$user_model is deprecated in APPPATH/Controllers/Home.php on line 35.
 1 SYSTEMPATH/CodeIgniter.php(906): App\Controllers\Home->__construct()
 2 SYSTEMPATH/CodeIgniter.php(490): CodeIgniter\CodeIgniter->createController()
 3 SYSTEMPATH/CodeIgniter.php(368): CodeIgniter\CodeIgniter->handleRequest(null, Object(Config\Cache), false)
 4 FCPATH/index.php(67): CodeIgniter\CodeIgniter->run()
WARNING - 2025-07-02 13:10:31 --> [DEPRECATED] Creation of dynamic property App\Controllers\Home::$BlogModel is deprecated in APPPATH/Controllers/Home.php on line 43.
 1 SYSTEMPATH/CodeIgniter.php(906): App\Controllers\Home->__construct()
 2 SYSTEMPATH/CodeIgniter.php(490): CodeIgniter\CodeIgniter->createController()
 3 SYSTEMPATH/CodeIgniter.php(368): CodeIgniter\CodeIgniter->handleRequest(null, Object(Config\Cache), false)
 4 FCPATH/index.php(67): CodeIgniter\CodeIgniter->run()
WARNING - 2025-07-02 13:10:31 --> [DEPRECATED] Creation of dynamic property App\Controllers\Home::$EnquiryModel is deprecated in APPPATH/Controllers/Home.php on line 44.
 1 SYSTEMPATH/CodeIgniter.php(906): App\Controllers\Home->__construct()
 2 SYSTEMPATH/CodeIgniter.php(490): CodeIgniter\CodeIgniter->createController()
 3 SYSTEMPATH/CodeIgniter.php(368): CodeIgniter\CodeIgniter->handleRequest(null, Object(Config\Cache), false)
 4 FCPATH/index.php(67): CodeIgniter\CodeIgniter->run()
WARNING - 2025-07-02 13:10:31 --> [DEPRECATED] Creation of dynamic property App\Controllers\Home::$Allsettingsmodel is deprecated in APPPATH/Controllers/Home.php on line 45.
 1 SYSTEMPATH/CodeIgniter.php(906): App\Controllers\Home->__construct()
 2 SYSTEMPATH/CodeIgniter.php(490): CodeIgniter\CodeIgniter->createController()
 3 SYSTEMPATH/CodeIgniter.php(368): CodeIgniter\CodeIgniter->handleRequest(null, Object(Config\Cache), false)
 4 FCPATH/index.php(67): CodeIgniter\CodeIgniter->run()
INFO - 2025-07-02 13:10:33 --> Session: Class initialized using 'CodeIgniter\Session\Handlers\FileHandler' driver.
WARNING - 2025-07-02 13:10:33 --> [DEPRECATED] Creation of dynamic property App\Controllers\Home::$user_model is deprecated in APPPATH/Controllers/Home.php on line 35.
 1 SYSTEMPATH/CodeIgniter.php(906): App\Controllers\Home->__construct()
 2 SYSTEMPATH/CodeIgniter.php(490): CodeIgniter\CodeIgniter->createController()
 3 SYSTEMPATH/CodeIgniter.php(368): CodeIgniter\CodeIgniter->handleRequest(null, Object(Config\Cache), false)
 4 FCPATH/index.php(67): CodeIgniter\CodeIgniter->run()
WARNING - 2025-07-02 13:10:33 --> [DEPRECATED] Creation of dynamic property App\Controllers\Home::$BlogModel is deprecated in APPPATH/Controllers/Home.php on line 43.
 1 SYSTEMPATH/CodeIgniter.php(906): App\Controllers\Home->__construct()
 2 SYSTEMPATH/CodeIgniter.php(490): CodeIgniter\CodeIgniter->createController()
 3 SYSTEMPATH/CodeIgniter.php(368): CodeIgniter\CodeIgniter->handleRequest(null, Object(Config\Cache), false)
 4 FCPATH/index.php(67): CodeIgniter\CodeIgniter->run()
WARNING - 2025-07-02 13:10:33 --> [DEPRECATED] Creation of dynamic property App\Controllers\Home::$EnquiryModel is deprecated in APPPATH/Controllers/Home.php on line 44.
 1 SYSTEMPATH/CodeIgniter.php(906): App\Controllers\Home->__construct()
 2 SYSTEMPATH/CodeIgniter.php(490): CodeIgniter\CodeIgniter->createController()
 3 SYSTEMPATH/CodeIgniter.php(368): CodeIgniter\CodeIgniter->handleRequest(null, Object(Config\Cache), false)
 4 FCPATH/index.php(67): CodeIgniter\CodeIgniter->run()
WARNING - 2025-07-02 13:10:33 --> [DEPRECATED] Creation of dynamic property App\Controllers\Home::$Allsettingsmodel is deprecated in APPPATH/Controllers/Home.php on line 45.
 1 SYSTEMPATH/CodeIgniter.php(906): App\Controllers\Home->__construct()
 2 SYSTEMPATH/CodeIgniter.php(490): CodeIgniter\CodeIgniter->createController()
 3 SYSTEMPATH/CodeIgniter.php(368): CodeIgniter\CodeIgniter->handleRequest(null, Object(Config\Cache), false)
 4 FCPATH/index.php(67): CodeIgniter\CodeIgniter->run()
INFO - 2025-07-02 13:10:34 --> Session: Class initialized using 'CodeIgniter\Session\Handlers\FileHandler' driver.
WARNING - 2025-07-02 13:10:34 --> [DEPRECATED] Creation of dynamic property App\Controllers\Home::$user_model is deprecated in APPPATH/Controllers/Home.php on line 35.
 1 SYSTEMPATH/CodeIgniter.php(906): App\Controllers\Home->__construct()
 2 SYSTEMPATH/CodeIgniter.php(490): CodeIgniter\CodeIgniter->createController()
 3 SYSTEMPATH/CodeIgniter.php(368): CodeIgniter\CodeIgniter->handleRequest(null, Object(Config\Cache), false)
 4 FCPATH/index.php(67): CodeIgniter\CodeIgniter->run()
WARNING - 2025-07-02 13:10:34 --> [DEPRECATED] Creation of dynamic property App\Controllers\Home::$BlogModel is deprecated in APPPATH/Controllers/Home.php on line 43.
 1 SYSTEMPATH/CodeIgniter.php(906): App\Controllers\Home->__construct()
 2 SYSTEMPATH/CodeIgniter.php(490): CodeIgniter\CodeIgniter->createController()
 3 SYSTEMPATH/CodeIgniter.php(368): CodeIgniter\CodeIgniter->handleRequest(null, Object(Config\Cache), false)
 4 FCPATH/index.php(67): CodeIgniter\CodeIgniter->run()
WARNING - 2025-07-02 13:10:34 --> [DEPRECATED] Creation of dynamic property App\Controllers\Home::$EnquiryModel is deprecated in APPPATH/Controllers/Home.php on line 44.
 1 SYSTEMPATH/CodeIgniter.php(906): App\Controllers\Home->__construct()
 2 SYSTEMPATH/CodeIgniter.php(490): CodeIgniter\CodeIgniter->createController()
 3 SYSTEMPATH/CodeIgniter.php(368): CodeIgniter\CodeIgniter->handleRequest(null, Object(Config\Cache), false)
 4 FCPATH/index.php(67): CodeIgniter\CodeIgniter->run()
WARNING - 2025-07-02 13:10:34 --> [DEPRECATED] Creation of dynamic property App\Controllers\Home::$Allsettingsmodel is deprecated in APPPATH/Controllers/Home.php on line 45.
 1 SYSTEMPATH/CodeIgniter.php(906): App\Controllers\Home->__construct()
 2 SYSTEMPATH/CodeIgniter.php(490): CodeIgniter\CodeIgniter->createController()
 3 SYSTEMPATH/CodeIgniter.php(368): CodeIgniter\CodeIgniter->handleRequest(null, Object(Config\Cache), false)
 4 FCPATH/index.php(67): CodeIgniter\CodeIgniter->run()
INFO - 2025-07-02 13:10:49 --> Session: Class initialized using 'CodeIgniter\Session\Handlers\FileHandler' driver.
WARNING - 2025-07-02 13:10:49 --> [DEPRECATED] Creation of dynamic property App\Controllers\Home::$user_model is deprecated in APPPATH/Controllers/Home.php on line 35.
 1 SYSTEMPATH/CodeIgniter.php(906): App\Controllers\Home->__construct()
 2 SYSTEMPATH/CodeIgniter.php(490): CodeIgniter\CodeIgniter->createController()
 3 SYSTEMPATH/CodeIgniter.php(368): CodeIgniter\CodeIgniter->handleRequest(null, Object(Config\Cache), false)
 4 FCPATH/index.php(67): CodeIgniter\CodeIgniter->run()
WARNING - 2025-07-02 13:10:49 --> [DEPRECATED] Creation of dynamic property App\Controllers\Home::$BlogModel is deprecated in APPPATH/Controllers/Home.php on line 43.
 1 SYSTEMPATH/CodeIgniter.php(906): App\Controllers\Home->__construct()
 2 SYSTEMPATH/CodeIgniter.php(490): CodeIgniter\CodeIgniter->createController()
 3 SYSTEMPATH/CodeIgniter.php(368): CodeIgniter\CodeIgniter->handleRequest(null, Object(Config\Cache), false)
 4 FCPATH/index.php(67): CodeIgniter\CodeIgniter->run()
WARNING - 2025-07-02 13:10:49 --> [DEPRECATED] Creation of dynamic property App\Controllers\Home::$EnquiryModel is deprecated in APPPATH/Controllers/Home.php on line 44.
 1 SYSTEMPATH/CodeIgniter.php(906): App\Controllers\Home->__construct()
 2 SYSTEMPATH/CodeIgniter.php(490): CodeIgniter\CodeIgniter->createController()
 3 SYSTEMPATH/CodeIgniter.php(368): CodeIgniter\CodeIgniter->handleRequest(null, Object(Config\Cache), false)
 4 FCPATH/index.php(67): CodeIgniter\CodeIgniter->run()
WARNING - 2025-07-02 13:10:49 --> [DEPRECATED] Creation of dynamic property App\Controllers\Home::$Allsettingsmodel is deprecated in APPPATH/Controllers/Home.php on line 45.
 1 SYSTEMPATH/CodeIgniter.php(906): App\Controllers\Home->__construct()
 2 SYSTEMPATH/CodeIgniter.php(490): CodeIgniter\CodeIgniter->createController()
 3 SYSTEMPATH/CodeIgniter.php(368): CodeIgniter\CodeIgniter->handleRequest(null, Object(Config\Cache), false)
 4 FCPATH/index.php(67): CodeIgniter\CodeIgniter->run()
INFO - 2025-07-02 13:10:50 --> Session: Class initialized using 'CodeIgniter\Session\Handlers\FileHandler' driver.
WARNING - 2025-07-02 13:10:50 --> [DEPRECATED] Creation of dynamic property App\Controllers\Home::$user_model is deprecated in APPPATH/Controllers/Home.php on line 35.
 1 SYSTEMPATH/CodeIgniter.php(906): App\Controllers\Home->__construct()
 2 SYSTEMPATH/CodeIgniter.php(490): CodeIgniter\CodeIgniter->createController()
 3 SYSTEMPATH/CodeIgniter.php(368): CodeIgniter\CodeIgniter->handleRequest(null, Object(Config\Cache), false)
 4 FCPATH/index.php(67): CodeIgniter\CodeIgniter->run()
WARNING - 2025-07-02 13:10:50 --> [DEPRECATED] Creation of dynamic property App\Controllers\Home::$BlogModel is deprecated in APPPATH/Controllers/Home.php on line 43.
 1 SYSTEMPATH/CodeIgniter.php(906): App\Controllers\Home->__construct()
 2 SYSTEMPATH/CodeIgniter.php(490): CodeIgniter\CodeIgniter->createController()
 3 SYSTEMPATH/CodeIgniter.php(368): CodeIgniter\CodeIgniter->handleRequest(null, Object(Config\Cache), false)
 4 FCPATH/index.php(67): CodeIgniter\CodeIgniter->run()
WARNING - 2025-07-02 13:10:50 --> [DEPRECATED] Creation of dynamic property App\Controllers\Home::$EnquiryModel is deprecated in APPPATH/Controllers/Home.php on line 44.
 1 SYSTEMPATH/CodeIgniter.php(906): App\Controllers\Home->__construct()
 2 SYSTEMPATH/CodeIgniter.php(490): CodeIgniter\CodeIgniter->createController()
 3 SYSTEMPATH/CodeIgniter.php(368): CodeIgniter\CodeIgniter->handleRequest(null, Object(Config\Cache), false)
 4 FCPATH/index.php(67): CodeIgniter\CodeIgniter->run()
WARNING - 2025-07-02 13:10:50 --> [DEPRECATED] Creation of dynamic property App\Controllers\Home::$Allsettingsmodel is deprecated in APPPATH/Controllers/Home.php on line 45.
 1 SYSTEMPATH/CodeIgniter.php(906): App\Controllers\Home->__construct()
 2 SYSTEMPATH/CodeIgniter.php(490): CodeIgniter\CodeIgniter->createController()
 3 SYSTEMPATH/CodeIgniter.php(368): CodeIgniter\CodeIgniter->handleRequest(null, Object(Config\Cache), false)
 4 FCPATH/index.php(67): CodeIgniter\CodeIgniter->run()
INFO - 2025-07-02 13:10:58 --> Session: Class initialized using 'CodeIgniter\Session\Handlers\FileHandler' driver.
WARNING - 2025-07-02 13:10:58 --> [DEPRECATED] Creation of dynamic property App\Controllers\Home::$user_model is deprecated in APPPATH/Controllers/Home.php on line 35.
 1 SYSTEMPATH/CodeIgniter.php(906): App\Controllers\Home->__construct()
 2 SYSTEMPATH/CodeIgniter.php(490): CodeIgniter\CodeIgniter->createController()
 3 SYSTEMPATH/CodeIgniter.php(368): CodeIgniter\CodeIgniter->handleRequest(null, Object(Config\Cache), false)
 4 FCPATH/index.php(67): CodeIgniter\CodeIgniter->run()
WARNING - 2025-07-02 13:10:58 --> [DEPRECATED] Creation of dynamic property App\Controllers\Home::$BlogModel is deprecated in APPPATH/Controllers/Home.php on line 43.
 1 SYSTEMPATH/CodeIgniter.php(906): App\Controllers\Home->__construct()
 2 SYSTEMPATH/CodeIgniter.php(490): CodeIgniter\CodeIgniter->createController()
 3 SYSTEMPATH/CodeIgniter.php(368): CodeIgniter\CodeIgniter->handleRequest(null, Object(Config\Cache), false)
 4 FCPATH/index.php(67): CodeIgniter\CodeIgniter->run()
WARNING - 2025-07-02 13:10:58 --> [DEPRECATED] Creation of dynamic property App\Controllers\Home::$EnquiryModel is deprecated in APPPATH/Controllers/Home.php on line 44.
 1 SYSTEMPATH/CodeIgniter.php(906): App\Controllers\Home->__construct()
 2 SYSTEMPATH/CodeIgniter.php(490): CodeIgniter\CodeIgniter->createController()
 3 SYSTEMPATH/CodeIgniter.php(368): CodeIgniter\CodeIgniter->handleRequest(null, Object(Config\Cache), false)
 4 FCPATH/index.php(67): CodeIgniter\CodeIgniter->run()
WARNING - 2025-07-02 13:10:58 --> [DEPRECATED] Creation of dynamic property App\Controllers\Home::$Allsettingsmodel is deprecated in APPPATH/Controllers/Home.php on line 45.
 1 SYSTEMPATH/CodeIgniter.php(906): App\Controllers\Home->__construct()
 2 SYSTEMPATH/CodeIgniter.php(490): CodeIgniter\CodeIgniter->createController()
 3 SYSTEMPATH/CodeIgniter.php(368): CodeIgniter\CodeIgniter->handleRequest(null, Object(Config\Cache), false)
 4 FCPATH/index.php(67): CodeIgniter\CodeIgniter->run()
INFO - 2025-07-02 13:10:59 --> Session: Class initialized using 'CodeIgniter\Session\Handlers\FileHandler' driver.
WARNING - 2025-07-02 13:10:59 --> [DEPRECATED] Creation of dynamic property App\Controllers\Home::$user_model is deprecated in APPPATH/Controllers/Home.php on line 35.
 1 SYSTEMPATH/CodeIgniter.php(906): App\Controllers\Home->__construct()
 2 SYSTEMPATH/CodeIgniter.php(490): CodeIgniter\CodeIgniter->createController()
 3 SYSTEMPATH/CodeIgniter.php(368): CodeIgniter\CodeIgniter->handleRequest(null, Object(Config\Cache), false)
 4 FCPATH/index.php(67): CodeIgniter\CodeIgniter->run()
WARNING - 2025-07-02 13:10:59 --> [DEPRECATED] Creation of dynamic property App\Controllers\Home::$BlogModel is deprecated in APPPATH/Controllers/Home.php on line 43.
 1 SYSTEMPATH/CodeIgniter.php(906): App\Controllers\Home->__construct()
 2 SYSTEMPATH/CodeIgniter.php(490): CodeIgniter\CodeIgniter->createController()
 3 SYSTEMPATH/CodeIgniter.php(368): CodeIgniter\CodeIgniter->handleRequest(null, Object(Config\Cache), false)
 4 FCPATH/index.php(67): CodeIgniter\CodeIgniter->run()
WARNING - 2025-07-02 13:10:59 --> [DEPRECATED] Creation of dynamic property App\Controllers\Home::$EnquiryModel is deprecated in APPPATH/Controllers/Home.php on line 44.
 1 SYSTEMPATH/CodeIgniter.php(906): App\Controllers\Home->__construct()
 2 SYSTEMPATH/CodeIgniter.php(490): CodeIgniter\CodeIgniter->createController()
 3 SYSTEMPATH/CodeIgniter.php(368): CodeIgniter\CodeIgniter->handleRequest(null, Object(Config\Cache), false)
 4 FCPATH/index.php(67): CodeIgniter\CodeIgniter->run()
WARNING - 2025-07-02 13:10:59 --> [DEPRECATED] Creation of dynamic property App\Controllers\Home::$Allsettingsmodel is deprecated in APPPATH/Controllers/Home.php on line 45.
 1 SYSTEMPATH/CodeIgniter.php(906): App\Controllers\Home->__construct()
 2 SYSTEMPATH/CodeIgniter.php(490): CodeIgniter\CodeIgniter->createController()
 3 SYSTEMPATH/CodeIgniter.php(368): CodeIgniter\CodeIgniter->handleRequest(null, Object(Config\Cache), false)
 4 FCPATH/index.php(67): CodeIgniter\CodeIgniter->run()
INFO - 2025-07-02 13:11:25 --> Session: Class initialized using 'CodeIgniter\Session\Handlers\FileHandler' driver.
WARNING - 2025-07-02 13:11:25 --> [DEPRECATED] Creation of dynamic property App\Controllers\Home::$user_model is deprecated in APPPATH/Controllers/Home.php on line 35.
 1 SYSTEMPATH/CodeIgniter.php(906): App\Controllers\Home->__construct()
 2 SYSTEMPATH/CodeIgniter.php(490): CodeIgniter\CodeIgniter->createController()
 3 SYSTEMPATH/CodeIgniter.php(368): CodeIgniter\CodeIgniter->handleRequest(null, Object(Config\Cache), false)
 4 FCPATH/index.php(67): CodeIgniter\CodeIgniter->run()
WARNING - 2025-07-02 13:11:25 --> [DEPRECATED] Creation of dynamic property App\Controllers\Home::$BlogModel is deprecated in APPPATH/Controllers/Home.php on line 43.
 1 SYSTEMPATH/CodeIgniter.php(906): App\Controllers\Home->__construct()
 2 SYSTEMPATH/CodeIgniter.php(490): CodeIgniter\CodeIgniter->createController()
 3 SYSTEMPATH/CodeIgniter.php(368): CodeIgniter\CodeIgniter->handleRequest(null, Object(Config\Cache), false)
 4 FCPATH/index.php(67): CodeIgniter\CodeIgniter->run()
WARNING - 2025-07-02 13:11:25 --> [DEPRECATED] Creation of dynamic property App\Controllers\Home::$EnquiryModel is deprecated in APPPATH/Controllers/Home.php on line 44.
 1 SYSTEMPATH/CodeIgniter.php(906): App\Controllers\Home->__construct()
 2 SYSTEMPATH/CodeIgniter.php(490): CodeIgniter\CodeIgniter->createController()
 3 SYSTEMPATH/CodeIgniter.php(368): CodeIgniter\CodeIgniter->handleRequest(null, Object(Config\Cache), false)
 4 FCPATH/index.php(67): CodeIgniter\CodeIgniter->run()
WARNING - 2025-07-02 13:11:25 --> [DEPRECATED] Creation of dynamic property App\Controllers\Home::$Allsettingsmodel is deprecated in APPPATH/Controllers/Home.php on line 45.
 1 SYSTEMPATH/CodeIgniter.php(906): App\Controllers\Home->__construct()
 2 SYSTEMPATH/CodeIgniter.php(490): CodeIgniter\CodeIgniter->createController()
 3 SYSTEMPATH/CodeIgniter.php(368): CodeIgniter\CodeIgniter->handleRequest(null, Object(Config\Cache), false)
 4 FCPATH/index.php(67): CodeIgniter\CodeIgniter->run()
INFO - 2025-07-02 13:11:27 --> Session: Class initialized using 'CodeIgniter\Session\Handlers\FileHandler' driver.
WARNING - 2025-07-02 13:11:27 --> [DEPRECATED] Creation of dynamic property App\Controllers\Home::$user_model is deprecated in APPPATH/Controllers/Home.php on line 35.
 1 SYSTEMPATH/CodeIgniter.php(906): App\Controllers\Home->__construct()
 2 SYSTEMPATH/CodeIgniter.php(490): CodeIgniter\CodeIgniter->createController()
 3 SYSTEMPATH/CodeIgniter.php(368): CodeIgniter\CodeIgniter->handleRequest(null, Object(Config\Cache), false)
 4 FCPATH/index.php(67): CodeIgniter\CodeIgniter->run()
WARNING - 2025-07-02 13:11:27 --> [DEPRECATED] Creation of dynamic property App\Controllers\Home::$BlogModel is deprecated in APPPATH/Controllers/Home.php on line 43.
 1 SYSTEMPATH/CodeIgniter.php(906): App\Controllers\Home->__construct()
 2 SYSTEMPATH/CodeIgniter.php(490): CodeIgniter\CodeIgniter->createController()
 3 SYSTEMPATH/CodeIgniter.php(368): CodeIgniter\CodeIgniter->handleRequest(null, Object(Config\Cache), false)
 4 FCPATH/index.php(67): CodeIgniter\CodeIgniter->run()
WARNING - 2025-07-02 13:11:27 --> [DEPRECATED] Creation of dynamic property App\Controllers\Home::$EnquiryModel is deprecated in APPPATH/Controllers/Home.php on line 44.
 1 SYSTEMPATH/CodeIgniter.php(906): App\Controllers\Home->__construct()
 2 SYSTEMPATH/CodeIgniter.php(490): CodeIgniter\CodeIgniter->createController()
 3 SYSTEMPATH/CodeIgniter.php(368): CodeIgniter\CodeIgniter->handleRequest(null, Object(Config\Cache), false)
 4 FCPATH/index.php(67): CodeIgniter\CodeIgniter->run()
WARNING - 2025-07-02 13:11:27 --> [DEPRECATED] Creation of dynamic property App\Controllers\Home::$Allsettingsmodel is deprecated in APPPATH/Controllers/Home.php on line 45.
 1 SYSTEMPATH/CodeIgniter.php(906): App\Controllers\Home->__construct()
 2 SYSTEMPATH/CodeIgniter.php(490): CodeIgniter\CodeIgniter->createController()
 3 SYSTEMPATH/CodeIgniter.php(368): CodeIgniter\CodeIgniter->handleRequest(null, Object(Config\Cache), false)
 4 FCPATH/index.php(67): CodeIgniter\CodeIgniter->run()
INFO - 2025-07-02 13:12:29 --> Session: Class initialized using 'CodeIgniter\Session\Handlers\FileHandler' driver.
WARNING - 2025-07-02 13:12:29 --> [DEPRECATED] Creation of dynamic property App\Controllers\Home::$user_model is deprecated in APPPATH/Controllers/Home.php on line 35.
 1 SYSTEMPATH/CodeIgniter.php(906): App\Controllers\Home->__construct()
 2 SYSTEMPATH/CodeIgniter.php(490): CodeIgniter\CodeIgniter->createController()
 3 SYSTEMPATH/CodeIgniter.php(368): CodeIgniter\CodeIgniter->handleRequest(null, Object(Config\Cache), false)
 4 FCPATH/index.php(67): CodeIgniter\CodeIgniter->run()
WARNING - 2025-07-02 13:12:29 --> [DEPRECATED] Creation of dynamic property App\Controllers\Home::$BlogModel is deprecated in APPPATH/Controllers/Home.php on line 43.
 1 SYSTEMPATH/CodeIgniter.php(906): App\Controllers\Home->__construct()
 2 SYSTEMPATH/CodeIgniter.php(490): CodeIgniter\CodeIgniter->createController()
 3 SYSTEMPATH/CodeIgniter.php(368): CodeIgniter\CodeIgniter->handleRequest(null, Object(Config\Cache), false)
 4 FCPATH/index.php(67): CodeIgniter\CodeIgniter->run()
WARNING - 2025-07-02 13:12:29 --> [DEPRECATED] Creation of dynamic property App\Controllers\Home::$EnquiryModel is deprecated in APPPATH/Controllers/Home.php on line 44.
 1 SYSTEMPATH/CodeIgniter.php(906): App\Controllers\Home->__construct()
 2 SYSTEMPATH/CodeIgniter.php(490): CodeIgniter\CodeIgniter->createController()
 3 SYSTEMPATH/CodeIgniter.php(368): CodeIgniter\CodeIgniter->handleRequest(null, Object(Config\Cache), false)
 4 FCPATH/index.php(67): CodeIgniter\CodeIgniter->run()
WARNING - 2025-07-02 13:12:29 --> [DEPRECATED] Creation of dynamic property App\Controllers\Home::$Allsettingsmodel is deprecated in APPPATH/Controllers/Home.php on line 45.
 1 SYSTEMPATH/CodeIgniter.php(906): App\Controllers\Home->__construct()
 2 SYSTEMPATH/CodeIgniter.php(490): CodeIgniter\CodeIgniter->createController()
 3 SYSTEMPATH/CodeIgniter.php(368): CodeIgniter\CodeIgniter->handleRequest(null, Object(Config\Cache), false)
 4 FCPATH/index.php(67): CodeIgniter\CodeIgniter->run()
INFO - 2025-07-02 13:12:31 --> Session: Class initialized using 'CodeIgniter\Session\Handlers\FileHandler' driver.
WARNING - 2025-07-02 13:12:31 --> [DEPRECATED] Creation of dynamic property App\Controllers\Home::$user_model is deprecated in APPPATH/Controllers/Home.php on line 35.
 1 SYSTEMPATH/CodeIgniter.php(906): App\Controllers\Home->__construct()
 2 SYSTEMPATH/CodeIgniter.php(490): CodeIgniter\CodeIgniter->createController()
 3 SYSTEMPATH/CodeIgniter.php(368): CodeIgniter\CodeIgniter->handleRequest(null, Object(Config\Cache), false)
 4 FCPATH/index.php(67): CodeIgniter\CodeIgniter->run()
WARNING - 2025-07-02 13:12:31 --> [DEPRECATED] Creation of dynamic property App\Controllers\Home::$BlogModel is deprecated in APPPATH/Controllers/Home.php on line 43.
 1 SYSTEMPATH/CodeIgniter.php(906): App\Controllers\Home->__construct()
 2 SYSTEMPATH/CodeIgniter.php(490): CodeIgniter\CodeIgniter->createController()
 3 SYSTEMPATH/CodeIgniter.php(368): CodeIgniter\CodeIgniter->handleRequest(null, Object(Config\Cache), false)
 4 FCPATH/index.php(67): CodeIgniter\CodeIgniter->run()
WARNING - 2025-07-02 13:12:31 --> [DEPRECATED] Creation of dynamic property App\Controllers\Home::$EnquiryModel is deprecated in APPPATH/Controllers/Home.php on line 44.
 1 SYSTEMPATH/CodeIgniter.php(906): App\Controllers\Home->__construct()
 2 SYSTEMPATH/CodeIgniter.php(490): CodeIgniter\CodeIgniter->createController()
 3 SYSTEMPATH/CodeIgniter.php(368): CodeIgniter\CodeIgniter->handleRequest(null, Object(Config\Cache), false)
 4 FCPATH/index.php(67): CodeIgniter\CodeIgniter->run()
WARNING - 2025-07-02 13:12:31 --> [DEPRECATED] Creation of dynamic property App\Controllers\Home::$Allsettingsmodel is deprecated in APPPATH/Controllers/Home.php on line 45.
 1 SYSTEMPATH/CodeIgniter.php(906): App\Controllers\Home->__construct()
 2 SYSTEMPATH/CodeIgniter.php(490): CodeIgniter\CodeIgniter->createController()
 3 SYSTEMPATH/CodeIgniter.php(368): CodeIgniter\CodeIgniter->handleRequest(null, Object(Config\Cache), false)
 4 FCPATH/index.php(67): CodeIgniter\CodeIgniter->run()
INFO - 2025-07-02 13:12:45 --> Session: Class initialized using 'CodeIgniter\Session\Handlers\FileHandler' driver.
WARNING - 2025-07-02 13:12:45 --> [DEPRECATED] Creation of dynamic property App\Controllers\Home::$user_model is deprecated in APPPATH/Controllers/Home.php on line 35.
 1 SYSTEMPATH/CodeIgniter.php(906): App\Controllers\Home->__construct()
 2 SYSTEMPATH/CodeIgniter.php(490): CodeIgniter\CodeIgniter->createController()
 3 SYSTEMPATH/CodeIgniter.php(368): CodeIgniter\CodeIgniter->handleRequest(null, Object(Config\Cache), false)
 4 FCPATH/index.php(67): CodeIgniter\CodeIgniter->run()
WARNING - 2025-07-02 13:12:45 --> [DEPRECATED] Creation of dynamic property App\Controllers\Home::$BlogModel is deprecated in APPPATH/Controllers/Home.php on line 43.
 1 SYSTEMPATH/CodeIgniter.php(906): App\Controllers\Home->__construct()
 2 SYSTEMPATH/CodeIgniter.php(490): CodeIgniter\CodeIgniter->createController()
 3 SYSTEMPATH/CodeIgniter.php(368): CodeIgniter\CodeIgniter->handleRequest(null, Object(Config\Cache), false)
 4 FCPATH/index.php(67): CodeIgniter\CodeIgniter->run()
WARNING - 2025-07-02 13:12:45 --> [DEPRECATED] Creation of dynamic property App\Controllers\Home::$EnquiryModel is deprecated in APPPATH/Controllers/Home.php on line 44.
 1 SYSTEMPATH/CodeIgniter.php(906): App\Controllers\Home->__construct()
 2 SYSTEMPATH/CodeIgniter.php(490): CodeIgniter\CodeIgniter->createController()
 3 SYSTEMPATH/CodeIgniter.php(368): CodeIgniter\CodeIgniter->handleRequest(null, Object(Config\Cache), false)
 4 FCPATH/index.php(67): CodeIgniter\CodeIgniter->run()
WARNING - 2025-07-02 13:12:45 --> [DEPRECATED] Creation of dynamic property App\Controllers\Home::$Allsettingsmodel is deprecated in APPPATH/Controllers/Home.php on line 45.
 1 SYSTEMPATH/CodeIgniter.php(906): App\Controllers\Home->__construct()
 2 SYSTEMPATH/CodeIgniter.php(490): CodeIgniter\CodeIgniter->createController()
 3 SYSTEMPATH/CodeIgniter.php(368): CodeIgniter\CodeIgniter->handleRequest(null, Object(Config\Cache), false)
 4 FCPATH/index.php(67): CodeIgniter\CodeIgniter->run()
INFO - 2025-07-02 13:12:47 --> Session: Class initialized using 'CodeIgniter\Session\Handlers\FileHandler' driver.
WARNING - 2025-07-02 13:12:47 --> [DEPRECATED] Creation of dynamic property App\Controllers\Home::$user_model is deprecated in APPPATH/Controllers/Home.php on line 35.
 1 SYSTEMPATH/CodeIgniter.php(906): App\Controllers\Home->__construct()
 2 SYSTEMPATH/CodeIgniter.php(490): CodeIgniter\CodeIgniter->createController()
 3 SYSTEMPATH/CodeIgniter.php(368): CodeIgniter\CodeIgniter->handleRequest(null, Object(Config\Cache), false)
 4 FCPATH/index.php(67): CodeIgniter\CodeIgniter->run()
WARNING - 2025-07-02 13:12:47 --> [DEPRECATED] Creation of dynamic property App\Controllers\Home::$BlogModel is deprecated in APPPATH/Controllers/Home.php on line 43.
 1 SYSTEMPATH/CodeIgniter.php(906): App\Controllers\Home->__construct()
 2 SYSTEMPATH/CodeIgniter.php(490): CodeIgniter\CodeIgniter->createController()
 3 SYSTEMPATH/CodeIgniter.php(368): CodeIgniter\CodeIgniter->handleRequest(null, Object(Config\Cache), false)
 4 FCPATH/index.php(67): CodeIgniter\CodeIgniter->run()
WARNING - 2025-07-02 13:12:47 --> [DEPRECATED] Creation of dynamic property App\Controllers\Home::$EnquiryModel is deprecated in APPPATH/Controllers/Home.php on line 44.
 1 SYSTEMPATH/CodeIgniter.php(906): App\Controllers\Home->__construct()
 2 SYSTEMPATH/CodeIgniter.php(490): CodeIgniter\CodeIgniter->createController()
 3 SYSTEMPATH/CodeIgniter.php(368): CodeIgniter\CodeIgniter->handleRequest(null, Object(Config\Cache), false)
 4 FCPATH/index.php(67): CodeIgniter\CodeIgniter->run()
WARNING - 2025-07-02 13:12:47 --> [DEPRECATED] Creation of dynamic property App\Controllers\Home::$Allsettingsmodel is deprecated in APPPATH/Controllers/Home.php on line 45.
 1 SYSTEMPATH/CodeIgniter.php(906): App\Controllers\Home->__construct()
 2 SYSTEMPATH/CodeIgniter.php(490): CodeIgniter\CodeIgniter->createController()
 3 SYSTEMPATH/CodeIgniter.php(368): CodeIgniter\CodeIgniter->handleRequest(null, Object(Config\Cache), false)
 4 FCPATH/index.php(67): CodeIgniter\CodeIgniter->run()
INFO - 2025-07-02 13:14:15 --> Session: Class initialized using 'CodeIgniter\Session\Handlers\FileHandler' driver.
WARNING - 2025-07-02 13:14:15 --> [DEPRECATED] Creation of dynamic property App\Controllers\Home::$user_model is deprecated in APPPATH/Controllers/Home.php on line 35.
 1 SYSTEMPATH/CodeIgniter.php(906): App\Controllers\Home->__construct()
 2 SYSTEMPATH/CodeIgniter.php(490): CodeIgniter\CodeIgniter->createController()
 3 SYSTEMPATH/CodeIgniter.php(368): CodeIgniter\CodeIgniter->handleRequest(null, Object(Config\Cache), false)
 4 FCPATH/index.php(67): CodeIgniter\CodeIgniter->run()
WARNING - 2025-07-02 13:14:15 --> [DEPRECATED] Creation of dynamic property App\Controllers\Home::$BlogModel is deprecated in APPPATH/Controllers/Home.php on line 43.
 1 SYSTEMPATH/CodeIgniter.php(906): App\Controllers\Home->__construct()
 2 SYSTEMPATH/CodeIgniter.php(490): CodeIgniter\CodeIgniter->createController()
 3 SYSTEMPATH/CodeIgniter.php(368): CodeIgniter\CodeIgniter->handleRequest(null, Object(Config\Cache), false)
 4 FCPATH/index.php(67): CodeIgniter\CodeIgniter->run()
WARNING - 2025-07-02 13:14:15 --> [DEPRECATED] Creation of dynamic property App\Controllers\Home::$EnquiryModel is deprecated in APPPATH/Controllers/Home.php on line 44.
 1 SYSTEMPATH/CodeIgniter.php(906): App\Controllers\Home->__construct()
 2 SYSTEMPATH/CodeIgniter.php(490): CodeIgniter\CodeIgniter->createController()
 3 SYSTEMPATH/CodeIgniter.php(368): CodeIgniter\CodeIgniter->handleRequest(null, Object(Config\Cache), false)
 4 FCPATH/index.php(67): CodeIgniter\CodeIgniter->run()
WARNING - 2025-07-02 13:14:15 --> [DEPRECATED] Creation of dynamic property App\Controllers\Home::$Allsettingsmodel is deprecated in APPPATH/Controllers/Home.php on line 45.
 1 SYSTEMPATH/CodeIgniter.php(906): App\Controllers\Home->__construct()
 2 SYSTEMPATH/CodeIgniter.php(490): CodeIgniter\CodeIgniter->createController()
 3 SYSTEMPATH/CodeIgniter.php(368): CodeIgniter\CodeIgniter->handleRequest(null, Object(Config\Cache), false)
 4 FCPATH/index.php(67): CodeIgniter\CodeIgniter->run()
INFO - 2025-07-02 13:14:17 --> Session: Class initialized using 'CodeIgniter\Session\Handlers\FileHandler' driver.
WARNING - 2025-07-02 13:14:17 --> [DEPRECATED] Creation of dynamic property App\Controllers\Home::$user_model is deprecated in APPPATH/Controllers/Home.php on line 35.
 1 SYSTEMPATH/CodeIgniter.php(906): App\Controllers\Home->__construct()
 2 SYSTEMPATH/CodeIgniter.php(490): CodeIgniter\CodeIgniter->createController()
 3 SYSTEMPATH/CodeIgniter.php(368): CodeIgniter\CodeIgniter->handleRequest(null, Object(Config\Cache), false)
 4 FCPATH/index.php(67): CodeIgniter\CodeIgniter->run()
WARNING - 2025-07-02 13:14:17 --> [DEPRECATED] Creation of dynamic property App\Controllers\Home::$BlogModel is deprecated in APPPATH/Controllers/Home.php on line 43.
 1 SYSTEMPATH/CodeIgniter.php(906): App\Controllers\Home->__construct()
 2 SYSTEMPATH/CodeIgniter.php(490): CodeIgniter\CodeIgniter->createController()
 3 SYSTEMPATH/CodeIgniter.php(368): CodeIgniter\CodeIgniter->handleRequest(null, Object(Config\Cache), false)
 4 FCPATH/index.php(67): CodeIgniter\CodeIgniter->run()
WARNING - 2025-07-02 13:14:17 --> [DEPRECATED] Creation of dynamic property App\Controllers\Home::$EnquiryModel is deprecated in APPPATH/Controllers/Home.php on line 44.
 1 SYSTEMPATH/CodeIgniter.php(906): App\Controllers\Home->__construct()
 2 SYSTEMPATH/CodeIgniter.php(490): CodeIgniter\CodeIgniter->createController()
 3 SYSTEMPATH/CodeIgniter.php(368): CodeIgniter\CodeIgniter->handleRequest(null, Object(Config\Cache), false)
 4 FCPATH/index.php(67): CodeIgniter\CodeIgniter->run()
WARNING - 2025-07-02 13:14:17 --> [DEPRECATED] Creation of dynamic property App\Controllers\Home::$Allsettingsmodel is deprecated in APPPATH/Controllers/Home.php on line 45.
 1 SYSTEMPATH/CodeIgniter.php(906): App\Controllers\Home->__construct()
 2 SYSTEMPATH/CodeIgniter.php(490): CodeIgniter\CodeIgniter->createController()
 3 SYSTEMPATH/CodeIgniter.php(368): CodeIgniter\CodeIgniter->handleRequest(null, Object(Config\Cache), false)
 4 FCPATH/index.php(67): CodeIgniter\CodeIgniter->run()
INFO - 2025-07-02 13:15:01 --> Session: Class initialized using 'CodeIgniter\Session\Handlers\FileHandler' driver.
WARNING - 2025-07-02 13:15:01 --> [DEPRECATED] Creation of dynamic property App\Controllers\Home::$user_model is deprecated in APPPATH/Controllers/Home.php on line 35.
 1 SYSTEMPATH/CodeIgniter.php(906): App\Controllers\Home->__construct()
 2 SYSTEMPATH/CodeIgniter.php(490): CodeIgniter\CodeIgniter->createController()
 3 SYSTEMPATH/CodeIgniter.php(368): CodeIgniter\CodeIgniter->handleRequest(null, Object(Config\Cache), false)
 4 FCPATH/index.php(67): CodeIgniter\CodeIgniter->run()
WARNING - 2025-07-02 13:15:01 --> [DEPRECATED] Creation of dynamic property App\Controllers\Home::$BlogModel is deprecated in APPPATH/Controllers/Home.php on line 43.
 1 SYSTEMPATH/CodeIgniter.php(906): App\Controllers\Home->__construct()
 2 SYSTEMPATH/CodeIgniter.php(490): CodeIgniter\CodeIgniter->createController()
 3 SYSTEMPATH/CodeIgniter.php(368): CodeIgniter\CodeIgniter->handleRequest(null, Object(Config\Cache), false)
 4 FCPATH/index.php(67): CodeIgniter\CodeIgniter->run()
WARNING - 2025-07-02 13:15:01 --> [DEPRECATED] Creation of dynamic property App\Controllers\Home::$EnquiryModel is deprecated in APPPATH/Controllers/Home.php on line 44.
 1 SYSTEMPATH/CodeIgniter.php(906): App\Controllers\Home->__construct()
 2 SYSTEMPATH/CodeIgniter.php(490): CodeIgniter\CodeIgniter->createController()
 3 SYSTEMPATH/CodeIgniter.php(368): CodeIgniter\CodeIgniter->handleRequest(null, Object(Config\Cache), false)
 4 FCPATH/index.php(67): CodeIgniter\CodeIgniter->run()
WARNING - 2025-07-02 13:15:01 --> [DEPRECATED] Creation of dynamic property App\Controllers\Home::$Allsettingsmodel is deprecated in APPPATH/Controllers/Home.php on line 45.
 1 SYSTEMPATH/CodeIgniter.php(906): App\Controllers\Home->__construct()
 2 SYSTEMPATH/CodeIgniter.php(490): CodeIgniter\CodeIgniter->createController()
 3 SYSTEMPATH/CodeIgniter.php(368): CodeIgniter\CodeIgniter->handleRequest(null, Object(Config\Cache), false)
 4 FCPATH/index.php(67): CodeIgniter\CodeIgniter->run()
INFO - 2025-07-02 13:15:03 --> Session: Class initialized using 'CodeIgniter\Session\Handlers\FileHandler' driver.
WARNING - 2025-07-02 13:15:03 --> [DEPRECATED] Creation of dynamic property App\Controllers\Home::$user_model is deprecated in APPPATH/Controllers/Home.php on line 35.
 1 SYSTEMPATH/CodeIgniter.php(906): App\Controllers\Home->__construct()
 2 SYSTEMPATH/CodeIgniter.php(490): CodeIgniter\CodeIgniter->createController()
 3 SYSTEMPATH/CodeIgniter.php(368): CodeIgniter\CodeIgniter->handleRequest(null, Object(Config\Cache), false)
 4 FCPATH/index.php(67): CodeIgniter\CodeIgniter->run()
WARNING - 2025-07-02 13:15:03 --> [DEPRECATED] Creation of dynamic property App\Controllers\Home::$BlogModel is deprecated in APPPATH/Controllers/Home.php on line 43.
 1 SYSTEMPATH/CodeIgniter.php(906): App\Controllers\Home->__construct()
 2 SYSTEMPATH/CodeIgniter.php(490): CodeIgniter\CodeIgniter->createController()
 3 SYSTEMPATH/CodeIgniter.php(368): CodeIgniter\CodeIgniter->handleRequest(null, Object(Config\Cache), false)
 4 FCPATH/index.php(67): CodeIgniter\CodeIgniter->run()
WARNING - 2025-07-02 13:15:03 --> [DEPRECATED] Creation of dynamic property App\Controllers\Home::$EnquiryModel is deprecated in APPPATH/Controllers/Home.php on line 44.
 1 SYSTEMPATH/CodeIgniter.php(906): App\Controllers\Home->__construct()
 2 SYSTEMPATH/CodeIgniter.php(490): CodeIgniter\CodeIgniter->createController()
 3 SYSTEMPATH/CodeIgniter.php(368): CodeIgniter\CodeIgniter->handleRequest(null, Object(Config\Cache), false)
 4 FCPATH/index.php(67): CodeIgniter\CodeIgniter->run()
WARNING - 2025-07-02 13:15:03 --> [DEPRECATED] Creation of dynamic property App\Controllers\Home::$Allsettingsmodel is deprecated in APPPATH/Controllers/Home.php on line 45.
 1 SYSTEMPATH/CodeIgniter.php(906): App\Controllers\Home->__construct()
 2 SYSTEMPATH/CodeIgniter.php(490): CodeIgniter\CodeIgniter->createController()
 3 SYSTEMPATH/CodeIgniter.php(368): CodeIgniter\CodeIgniter->handleRequest(null, Object(Config\Cache), false)
 4 FCPATH/index.php(67): CodeIgniter\CodeIgniter->run()
INFO - 2025-07-02 13:16:45 --> Session: Class initialized using 'CodeIgniter\Session\Handlers\FileHandler' driver.
WARNING - 2025-07-02 13:16:45 --> [DEPRECATED] Creation of dynamic property App\Controllers\Home::$user_model is deprecated in APPPATH/Controllers/Home.php on line 35.
 1 SYSTEMPATH/CodeIgniter.php(906): App\Controllers\Home->__construct()
 2 SYSTEMPATH/CodeIgniter.php(490): CodeIgniter\CodeIgniter->createController()
 3 SYSTEMPATH/CodeIgniter.php(368): CodeIgniter\CodeIgniter->handleRequest(null, Object(Config\Cache), false)
 4 FCPATH/index.php(67): CodeIgniter\CodeIgniter->run()
WARNING - 2025-07-02 13:16:45 --> [DEPRECATED] Creation of dynamic property App\Controllers\Home::$BlogModel is deprecated in APPPATH/Controllers/Home.php on line 43.
 1 SYSTEMPATH/CodeIgniter.php(906): App\Controllers\Home->__construct()
 2 SYSTEMPATH/CodeIgniter.php(490): CodeIgniter\CodeIgniter->createController()
 3 SYSTEMPATH/CodeIgniter.php(368): CodeIgniter\CodeIgniter->handleRequest(null, Object(Config\Cache), false)
 4 FCPATH/index.php(67): CodeIgniter\CodeIgniter->run()
WARNING - 2025-07-02 13:16:45 --> [DEPRECATED] Creation of dynamic property App\Controllers\Home::$EnquiryModel is deprecated in APPPATH/Controllers/Home.php on line 44.
 1 SYSTEMPATH/CodeIgniter.php(906): App\Controllers\Home->__construct()
 2 SYSTEMPATH/CodeIgniter.php(490): CodeIgniter\CodeIgniter->createController()
 3 SYSTEMPATH/CodeIgniter.php(368): CodeIgniter\CodeIgniter->handleRequest(null, Object(Config\Cache), false)
 4 FCPATH/index.php(67): CodeIgniter\CodeIgniter->run()
WARNING - 2025-07-02 13:16:45 --> [DEPRECATED] Creation of dynamic property App\Controllers\Home::$Allsettingsmodel is deprecated in APPPATH/Controllers/Home.php on line 45.
 1 SYSTEMPATH/CodeIgniter.php(906): App\Controllers\Home->__construct()
 2 SYSTEMPATH/CodeIgniter.php(490): CodeIgniter\CodeIgniter->createController()
 3 SYSTEMPATH/CodeIgniter.php(368): CodeIgniter\CodeIgniter->handleRequest(null, Object(Config\Cache), false)
 4 FCPATH/index.php(67): CodeIgniter\CodeIgniter->run()
INFO - 2025-07-02 13:16:46 --> Session: Class initialized using 'CodeIgniter\Session\Handlers\FileHandler' driver.
WARNING - 2025-07-02 13:16:46 --> [DEPRECATED] Creation of dynamic property App\Controllers\Home::$user_model is deprecated in APPPATH/Controllers/Home.php on line 35.
 1 SYSTEMPATH/CodeIgniter.php(906): App\Controllers\Home->__construct()
 2 SYSTEMPATH/CodeIgniter.php(490): CodeIgniter\CodeIgniter->createController()
 3 SYSTEMPATH/CodeIgniter.php(368): CodeIgniter\CodeIgniter->handleRequest(null, Object(Config\Cache), false)
 4 FCPATH/index.php(67): CodeIgniter\CodeIgniter->run()
WARNING - 2025-07-02 13:16:46 --> [DEPRECATED] Creation of dynamic property App\Controllers\Home::$BlogModel is deprecated in APPPATH/Controllers/Home.php on line 43.
 1 SYSTEMPATH/CodeIgniter.php(906): App\Controllers\Home->__construct()
 2 SYSTEMPATH/CodeIgniter.php(490): CodeIgniter\CodeIgniter->createController()
 3 SYSTEMPATH/CodeIgniter.php(368): CodeIgniter\CodeIgniter->handleRequest(null, Object(Config\Cache), false)
 4 FCPATH/index.php(67): CodeIgniter\CodeIgniter->run()
WARNING - 2025-07-02 13:16:46 --> [DEPRECATED] Creation of dynamic property App\Controllers\Home::$EnquiryModel is deprecated in APPPATH/Controllers/Home.php on line 44.
 1 SYSTEMPATH/CodeIgniter.php(906): App\Controllers\Home->__construct()
 2 SYSTEMPATH/CodeIgniter.php(490): CodeIgniter\CodeIgniter->createController()
 3 SYSTEMPATH/CodeIgniter.php(368): CodeIgniter\CodeIgniter->handleRequest(null, Object(Config\Cache), false)
 4 FCPATH/index.php(67): CodeIgniter\CodeIgniter->run()
WARNING - 2025-07-02 13:16:46 --> [DEPRECATED] Creation of dynamic property App\Controllers\Home::$Allsettingsmodel is deprecated in APPPATH/Controllers/Home.php on line 45.
 1 SYSTEMPATH/CodeIgniter.php(906): App\Controllers\Home->__construct()
 2 SYSTEMPATH/CodeIgniter.php(490): CodeIgniter\CodeIgniter->createController()
 3 SYSTEMPATH/CodeIgniter.php(368): CodeIgniter\CodeIgniter->handleRequest(null, Object(Config\Cache), false)
 4 FCPATH/index.php(67): CodeIgniter\CodeIgniter->run()
INFO - 2025-07-02 13:18:22 --> Session: Class initialized using 'CodeIgniter\Session\Handlers\FileHandler' driver.
WARNING - 2025-07-02 13:18:22 --> [DEPRECATED] Creation of dynamic property App\Controllers\Home::$user_model is deprecated in APPPATH/Controllers/Home.php on line 35.
 1 SYSTEMPATH/CodeIgniter.php(906): App\Controllers\Home->__construct()
 2 SYSTEMPATH/CodeIgniter.php(490): CodeIgniter\CodeIgniter->createController()
 3 SYSTEMPATH/CodeIgniter.php(368): CodeIgniter\CodeIgniter->handleRequest(null, Object(Config\Cache), false)
 4 FCPATH/index.php(67): CodeIgniter\CodeIgniter->run()
WARNING - 2025-07-02 13:18:22 --> [DEPRECATED] Creation of dynamic property App\Controllers\Home::$BlogModel is deprecated in APPPATH/Controllers/Home.php on line 43.
 1 SYSTEMPATH/CodeIgniter.php(906): App\Controllers\Home->__construct()
 2 SYSTEMPATH/CodeIgniter.php(490): CodeIgniter\CodeIgniter->createController()
 3 SYSTEMPATH/CodeIgniter.php(368): CodeIgniter\CodeIgniter->handleRequest(null, Object(Config\Cache), false)
 4 FCPATH/index.php(67): CodeIgniter\CodeIgniter->run()
WARNING - 2025-07-02 13:18:22 --> [DEPRECATED] Creation of dynamic property App\Controllers\Home::$EnquiryModel is deprecated in APPPATH/Controllers/Home.php on line 44.
 1 SYSTEMPATH/CodeIgniter.php(906): App\Controllers\Home->__construct()
 2 SYSTEMPATH/CodeIgniter.php(490): CodeIgniter\CodeIgniter->createController()
 3 SYSTEMPATH/CodeIgniter.php(368): CodeIgniter\CodeIgniter->handleRequest(null, Object(Config\Cache), false)
 4 FCPATH/index.php(67): CodeIgniter\CodeIgniter->run()
WARNING - 2025-07-02 13:18:22 --> [DEPRECATED] Creation of dynamic property App\Controllers\Home::$Allsettingsmodel is deprecated in APPPATH/Controllers/Home.php on line 45.
 1 SYSTEMPATH/CodeIgniter.php(906): App\Controllers\Home->__construct()
 2 SYSTEMPATH/CodeIgniter.php(490): CodeIgniter\CodeIgniter->createController()
 3 SYSTEMPATH/CodeIgniter.php(368): CodeIgniter\CodeIgniter->handleRequest(null, Object(Config\Cache), false)
 4 FCPATH/index.php(67): CodeIgniter\CodeIgniter->run()
INFO - 2025-07-02 13:18:24 --> Session: Class initialized using 'CodeIgniter\Session\Handlers\FileHandler' driver.
WARNING - 2025-07-02 13:18:24 --> [DEPRECATED] Creation of dynamic property App\Controllers\Home::$user_model is deprecated in APPPATH/Controllers/Home.php on line 35.
 1 SYSTEMPATH/CodeIgniter.php(906): App\Controllers\Home->__construct()
 2 SYSTEMPATH/CodeIgniter.php(490): CodeIgniter\CodeIgniter->createController()
 3 SYSTEMPATH/CodeIgniter.php(368): CodeIgniter\CodeIgniter->handleRequest(null, Object(Config\Cache), false)
 4 FCPATH/index.php(67): CodeIgniter\CodeIgniter->run()
WARNING - 2025-07-02 13:18:24 --> [DEPRECATED] Creation of dynamic property App\Controllers\Home::$BlogModel is deprecated in APPPATH/Controllers/Home.php on line 43.
 1 SYSTEMPATH/CodeIgniter.php(906): App\Controllers\Home->__construct()
 2 SYSTEMPATH/CodeIgniter.php(490): CodeIgniter\CodeIgniter->createController()
 3 SYSTEMPATH/CodeIgniter.php(368): CodeIgniter\CodeIgniter->handleRequest(null, Object(Config\Cache), false)
 4 FCPATH/index.php(67): CodeIgniter\CodeIgniter->run()
WARNING - 2025-07-02 13:18:24 --> [DEPRECATED] Creation of dynamic property App\Controllers\Home::$EnquiryModel is deprecated in APPPATH/Controllers/Home.php on line 44.
 1 SYSTEMPATH/CodeIgniter.php(906): App\Controllers\Home->__construct()
 2 SYSTEMPATH/CodeIgniter.php(490): CodeIgniter\CodeIgniter->createController()
 3 SYSTEMPATH/CodeIgniter.php(368): CodeIgniter\CodeIgniter->handleRequest(null, Object(Config\Cache), false)
 4 FCPATH/index.php(67): CodeIgniter\CodeIgniter->run()
WARNING - 2025-07-02 13:18:24 --> [DEPRECATED] Creation of dynamic property App\Controllers\Home::$Allsettingsmodel is deprecated in APPPATH/Controllers/Home.php on line 45.
 1 SYSTEMPATH/CodeIgniter.php(906): App\Controllers\Home->__construct()
 2 SYSTEMPATH/CodeIgniter.php(490): CodeIgniter\CodeIgniter->createController()
 3 SYSTEMPATH/CodeIgniter.php(368): CodeIgniter\CodeIgniter->handleRequest(null, Object(Config\Cache), false)
 4 FCPATH/index.php(67): CodeIgniter\CodeIgniter->run()
INFO - 2025-07-02 13:18:38 --> Session: Class initialized using 'CodeIgniter\Session\Handlers\FileHandler' driver.
WARNING - 2025-07-02 13:18:38 --> [DEPRECATED] Creation of dynamic property App\Controllers\Home::$user_model is deprecated in APPPATH/Controllers/Home.php on line 35.
 1 SYSTEMPATH/CodeIgniter.php(906): App\Controllers\Home->__construct()
 2 SYSTEMPATH/CodeIgniter.php(490): CodeIgniter\CodeIgniter->createController()
 3 SYSTEMPATH/CodeIgniter.php(368): CodeIgniter\CodeIgniter->handleRequest(null, Object(Config\Cache), false)
 4 FCPATH/index.php(67): CodeIgniter\CodeIgniter->run()
WARNING - 2025-07-02 13:18:38 --> [DEPRECATED] Creation of dynamic property App\Controllers\Home::$BlogModel is deprecated in APPPATH/Controllers/Home.php on line 43.
 1 SYSTEMPATH/CodeIgniter.php(906): App\Controllers\Home->__construct()
 2 SYSTEMPATH/CodeIgniter.php(490): CodeIgniter\CodeIgniter->createController()
 3 SYSTEMPATH/CodeIgniter.php(368): CodeIgniter\CodeIgniter->handleRequest(null, Object(Config\Cache), false)
 4 FCPATH/index.php(67): CodeIgniter\CodeIgniter->run()
WARNING - 2025-07-02 13:18:38 --> [DEPRECATED] Creation of dynamic property App\Controllers\Home::$EnquiryModel is deprecated in APPPATH/Controllers/Home.php on line 44.
 1 SYSTEMPATH/CodeIgniter.php(906): App\Controllers\Home->__construct()
 2 SYSTEMPATH/CodeIgniter.php(490): CodeIgniter\CodeIgniter->createController()
 3 SYSTEMPATH/CodeIgniter.php(368): CodeIgniter\CodeIgniter->handleRequest(null, Object(Config\Cache), false)
 4 FCPATH/index.php(67): CodeIgniter\CodeIgniter->run()
WARNING - 2025-07-02 13:18:38 --> [DEPRECATED] Creation of dynamic property App\Controllers\Home::$Allsettingsmodel is deprecated in APPPATH/Controllers/Home.php on line 45.
 1 SYSTEMPATH/CodeIgniter.php(906): App\Controllers\Home->__construct()
 2 SYSTEMPATH/CodeIgniter.php(490): CodeIgniter\CodeIgniter->createController()
 3 SYSTEMPATH/CodeIgniter.php(368): CodeIgniter\CodeIgniter->handleRequest(null, Object(Config\Cache), false)
 4 FCPATH/index.php(67): CodeIgniter\CodeIgniter->run()
INFO - 2025-07-02 13:18:39 --> Session: Class initialized using 'CodeIgniter\Session\Handlers\FileHandler' driver.
WARNING - 2025-07-02 13:18:39 --> [DEPRECATED] Creation of dynamic property App\Controllers\Home::$user_model is deprecated in APPPATH/Controllers/Home.php on line 35.
 1 SYSTEMPATH/CodeIgniter.php(906): App\Controllers\Home->__construct()
 2 SYSTEMPATH/CodeIgniter.php(490): CodeIgniter\CodeIgniter->createController()
 3 SYSTEMPATH/CodeIgniter.php(368): CodeIgniter\CodeIgniter->handleRequest(null, Object(Config\Cache), false)
 4 FCPATH/index.php(67): CodeIgniter\CodeIgniter->run()
WARNING - 2025-07-02 13:18:39 --> [DEPRECATED] Creation of dynamic property App\Controllers\Home::$BlogModel is deprecated in APPPATH/Controllers/Home.php on line 43.
 1 SYSTEMPATH/CodeIgniter.php(906): App\Controllers\Home->__construct()
 2 SYSTEMPATH/CodeIgniter.php(490): CodeIgniter\CodeIgniter->createController()
 3 SYSTEMPATH/CodeIgniter.php(368): CodeIgniter\CodeIgniter->handleRequest(null, Object(Config\Cache), false)
 4 FCPATH/index.php(67): CodeIgniter\CodeIgniter->run()
WARNING - 2025-07-02 13:18:39 --> [DEPRECATED] Creation of dynamic property App\Controllers\Home::$EnquiryModel is deprecated in APPPATH/Controllers/Home.php on line 44.
 1 SYSTEMPATH/CodeIgniter.php(906): App\Controllers\Home->__construct()
 2 SYSTEMPATH/CodeIgniter.php(490): CodeIgniter\CodeIgniter->createController()
 3 SYSTEMPATH/CodeIgniter.php(368): CodeIgniter\CodeIgniter->handleRequest(null, Object(Config\Cache), false)
 4 FCPATH/index.php(67): CodeIgniter\CodeIgniter->run()
WARNING - 2025-07-02 13:18:39 --> [DEPRECATED] Creation of dynamic property App\Controllers\Home::$Allsettingsmodel is deprecated in APPPATH/Controllers/Home.php on line 45.
 1 SYSTEMPATH/CodeIgniter.php(906): App\Controllers\Home->__construct()
 2 SYSTEMPATH/CodeIgniter.php(490): CodeIgniter\CodeIgniter->createController()
 3 SYSTEMPATH/CodeIgniter.php(368): CodeIgniter\CodeIgniter->handleRequest(null, Object(Config\Cache), false)
 4 FCPATH/index.php(67): CodeIgniter\CodeIgniter->run()
INFO - 2025-07-02 13:18:51 --> Session: Class initialized using 'CodeIgniter\Session\Handlers\FileHandler' driver.
WARNING - 2025-07-02 13:18:51 --> [DEPRECATED] Creation of dynamic property App\Controllers\Home::$user_model is deprecated in APPPATH/Controllers/Home.php on line 35.
 1 SYSTEMPATH/CodeIgniter.php(906): App\Controllers\Home->__construct()
 2 SYSTEMPATH/CodeIgniter.php(490): CodeIgniter\CodeIgniter->createController()
 3 SYSTEMPATH/CodeIgniter.php(368): CodeIgniter\CodeIgniter->handleRequest(null, Object(Config\Cache), false)
 4 FCPATH/index.php(67): CodeIgniter\CodeIgniter->run()
WARNING - 2025-07-02 13:18:51 --> [DEPRECATED] Creation of dynamic property App\Controllers\Home::$BlogModel is deprecated in APPPATH/Controllers/Home.php on line 43.
 1 SYSTEMPATH/CodeIgniter.php(906): App\Controllers\Home->__construct()
 2 SYSTEMPATH/CodeIgniter.php(490): CodeIgniter\CodeIgniter->createController()
 3 SYSTEMPATH/CodeIgniter.php(368): CodeIgniter\CodeIgniter->handleRequest(null, Object(Config\Cache), false)
 4 FCPATH/index.php(67): CodeIgniter\CodeIgniter->run()
WARNING - 2025-07-02 13:18:51 --> [DEPRECATED] Creation of dynamic property App\Controllers\Home::$EnquiryModel is deprecated in APPPATH/Controllers/Home.php on line 44.
 1 SYSTEMPATH/CodeIgniter.php(906): App\Controllers\Home->__construct()
 2 SYSTEMPATH/CodeIgniter.php(490): CodeIgniter\CodeIgniter->createController()
 3 SYSTEMPATH/CodeIgniter.php(368): CodeIgniter\CodeIgniter->handleRequest(null, Object(Config\Cache), false)
 4 FCPATH/index.php(67): CodeIgniter\CodeIgniter->run()
WARNING - 2025-07-02 13:18:51 --> [DEPRECATED] Creation of dynamic property App\Controllers\Home::$Allsettingsmodel is deprecated in APPPATH/Controllers/Home.php on line 45.
 1 SYSTEMPATH/CodeIgniter.php(906): App\Controllers\Home->__construct()
 2 SYSTEMPATH/CodeIgniter.php(490): CodeIgniter\CodeIgniter->createController()
 3 SYSTEMPATH/CodeIgniter.php(368): CodeIgniter\CodeIgniter->handleRequest(null, Object(Config\Cache), false)
 4 FCPATH/index.php(67): CodeIgniter\CodeIgniter->run()
INFO - 2025-07-02 13:18:52 --> Session: Class initialized using 'CodeIgniter\Session\Handlers\FileHandler' driver.
WARNING - 2025-07-02 13:18:52 --> [DEPRECATED] Creation of dynamic property App\Controllers\Home::$user_model is deprecated in APPPATH/Controllers/Home.php on line 35.
 1 SYSTEMPATH/CodeIgniter.php(906): App\Controllers\Home->__construct()
 2 SYSTEMPATH/CodeIgniter.php(490): CodeIgniter\CodeIgniter->createController()
 3 SYSTEMPATH/CodeIgniter.php(368): CodeIgniter\CodeIgniter->handleRequest(null, Object(Config\Cache), false)
 4 FCPATH/index.php(67): CodeIgniter\CodeIgniter->run()
WARNING - 2025-07-02 13:18:52 --> [DEPRECATED] Creation of dynamic property App\Controllers\Home::$BlogModel is deprecated in APPPATH/Controllers/Home.php on line 43.
 1 SYSTEMPATH/CodeIgniter.php(906): App\Controllers\Home->__construct()
 2 SYSTEMPATH/CodeIgniter.php(490): CodeIgniter\CodeIgniter->createController()
 3 SYSTEMPATH/CodeIgniter.php(368): CodeIgniter\CodeIgniter->handleRequest(null, Object(Config\Cache), false)
 4 FCPATH/index.php(67): CodeIgniter\CodeIgniter->run()
WARNING - 2025-07-02 13:18:52 --> [DEPRECATED] Creation of dynamic property App\Controllers\Home::$EnquiryModel is deprecated in APPPATH/Controllers/Home.php on line 44.
 1 SYSTEMPATH/CodeIgniter.php(906): App\Controllers\Home->__construct()
 2 SYSTEMPATH/CodeIgniter.php(490): CodeIgniter\CodeIgniter->createController()
 3 SYSTEMPATH/CodeIgniter.php(368): CodeIgniter\CodeIgniter->handleRequest(null, Object(Config\Cache), false)
 4 FCPATH/index.php(67): CodeIgniter\CodeIgniter->run()
WARNING - 2025-07-02 13:18:52 --> [DEPRECATED] Creation of dynamic property App\Controllers\Home::$Allsettingsmodel is deprecated in APPPATH/Controllers/Home.php on line 45.
 1 SYSTEMPATH/CodeIgniter.php(906): App\Controllers\Home->__construct()
 2 SYSTEMPATH/CodeIgniter.php(490): CodeIgniter\CodeIgniter->createController()
 3 SYSTEMPATH/CodeIgniter.php(368): CodeIgniter\CodeIgniter->handleRequest(null, Object(Config\Cache), false)
 4 FCPATH/index.php(67): CodeIgniter\CodeIgniter->run()
INFO - 2025-07-02 13:21:15 --> Session: Class initialized using 'CodeIgniter\Session\Handlers\FileHandler' driver.
WARNING - 2025-07-02 13:21:15 --> [DEPRECATED] Creation of dynamic property App\Controllers\Home::$user_model is deprecated in APPPATH/Controllers/Home.php on line 35.
 1 SYSTEMPATH/CodeIgniter.php(906): App\Controllers\Home->__construct()
 2 SYSTEMPATH/CodeIgniter.php(490): CodeIgniter\CodeIgniter->createController()
 3 SYSTEMPATH/CodeIgniter.php(368): CodeIgniter\CodeIgniter->handleRequest(null, Object(Config\Cache), false)
 4 FCPATH/index.php(67): CodeIgniter\CodeIgniter->run()
WARNING - 2025-07-02 13:21:15 --> [DEPRECATED] Creation of dynamic property App\Controllers\Home::$BlogModel is deprecated in APPPATH/Controllers/Home.php on line 43.
 1 SYSTEMPATH/CodeIgniter.php(906): App\Controllers\Home->__construct()
 2 SYSTEMPATH/CodeIgniter.php(490): CodeIgniter\CodeIgniter->createController()
 3 SYSTEMPATH/CodeIgniter.php(368): CodeIgniter\CodeIgniter->handleRequest(null, Object(Config\Cache), false)
 4 FCPATH/index.php(67): CodeIgniter\CodeIgniter->run()
WARNING - 2025-07-02 13:21:15 --> [DEPRECATED] Creation of dynamic property App\Controllers\Home::$EnquiryModel is deprecated in APPPATH/Controllers/Home.php on line 44.
 1 SYSTEMPATH/CodeIgniter.php(906): App\Controllers\Home->__construct()
 2 SYSTEMPATH/CodeIgniter.php(490): CodeIgniter\CodeIgniter->createController()
 3 SYSTEMPATH/CodeIgniter.php(368): CodeIgniter\CodeIgniter->handleRequest(null, Object(Config\Cache), false)
 4 FCPATH/index.php(67): CodeIgniter\CodeIgniter->run()
WARNING - 2025-07-02 13:21:15 --> [DEPRECATED] Creation of dynamic property App\Controllers\Home::$Allsettingsmodel is deprecated in APPPATH/Controllers/Home.php on line 45.
 1 SYSTEMPATH/CodeIgniter.php(906): App\Controllers\Home->__construct()
 2 SYSTEMPATH/CodeIgniter.php(490): CodeIgniter\CodeIgniter->createController()
 3 SYSTEMPATH/CodeIgniter.php(368): CodeIgniter\CodeIgniter->handleRequest(null, Object(Config\Cache), false)
 4 FCPATH/index.php(67): CodeIgniter\CodeIgniter->run()
INFO - 2025-07-02 13:21:17 --> Session: Class initialized using 'CodeIgniter\Session\Handlers\FileHandler' driver.
WARNING - 2025-07-02 13:21:17 --> [DEPRECATED] Creation of dynamic property App\Controllers\Home::$user_model is deprecated in APPPATH/Controllers/Home.php on line 35.
 1 SYSTEMPATH/CodeIgniter.php(906): App\Controllers\Home->__construct()
 2 SYSTEMPATH/CodeIgniter.php(490): CodeIgniter\CodeIgniter->createController()
 3 SYSTEMPATH/CodeIgniter.php(368): CodeIgniter\CodeIgniter->handleRequest(null, Object(Config\Cache), false)
 4 FCPATH/index.php(67): CodeIgniter\CodeIgniter->run()
WARNING - 2025-07-02 13:21:17 --> [DEPRECATED] Creation of dynamic property App\Controllers\Home::$BlogModel is deprecated in APPPATH/Controllers/Home.php on line 43.
 1 SYSTEMPATH/CodeIgniter.php(906): App\Controllers\Home->__construct()
 2 SYSTEMPATH/CodeIgniter.php(490): CodeIgniter\CodeIgniter->createController()
 3 SYSTEMPATH/CodeIgniter.php(368): CodeIgniter\CodeIgniter->handleRequest(null, Object(Config\Cache), false)
 4 FCPATH/index.php(67): CodeIgniter\CodeIgniter->run()
WARNING - 2025-07-02 13:21:17 --> [DEPRECATED] Creation of dynamic property App\Controllers\Home::$EnquiryModel is deprecated in APPPATH/Controllers/Home.php on line 44.
 1 SYSTEMPATH/CodeIgniter.php(906): App\Controllers\Home->__construct()
 2 SYSTEMPATH/CodeIgniter.php(490): CodeIgniter\CodeIgniter->createController()
 3 SYSTEMPATH/CodeIgniter.php(368): CodeIgniter\CodeIgniter->handleRequest(null, Object(Config\Cache), false)
 4 FCPATH/index.php(67): CodeIgniter\CodeIgniter->run()
WARNING - 2025-07-02 13:21:17 --> [DEPRECATED] Creation of dynamic property App\Controllers\Home::$Allsettingsmodel is deprecated in APPPATH/Controllers/Home.php on line 45.
 1 SYSTEMPATH/CodeIgniter.php(906): App\Controllers\Home->__construct()
 2 SYSTEMPATH/CodeIgniter.php(490): CodeIgniter\CodeIgniter->createController()
 3 SYSTEMPATH/CodeIgniter.php(368): CodeIgniter\CodeIgniter->handleRequest(null, Object(Config\Cache), false)
 4 FCPATH/index.php(67): CodeIgniter\CodeIgniter->run()
INFO - 2025-07-02 13:21:51 --> Session: Class initialized using 'CodeIgniter\Session\Handlers\FileHandler' driver.
WARNING - 2025-07-02 13:21:51 --> [DEPRECATED] Creation of dynamic property App\Controllers\Home::$user_model is deprecated in APPPATH/Controllers/Home.php on line 35.
 1 SYSTEMPATH/CodeIgniter.php(906): App\Controllers\Home->__construct()
 2 SYSTEMPATH/CodeIgniter.php(490): CodeIgniter\CodeIgniter->createController()
 3 SYSTEMPATH/CodeIgniter.php(368): CodeIgniter\CodeIgniter->handleRequest(null, Object(Config\Cache), false)
 4 FCPATH/index.php(67): CodeIgniter\CodeIgniter->run()
WARNING - 2025-07-02 13:21:51 --> [DEPRECATED] Creation of dynamic property App\Controllers\Home::$BlogModel is deprecated in APPPATH/Controllers/Home.php on line 43.
 1 SYSTEMPATH/CodeIgniter.php(906): App\Controllers\Home->__construct()
 2 SYSTEMPATH/CodeIgniter.php(490): CodeIgniter\CodeIgniter->createController()
 3 SYSTEMPATH/CodeIgniter.php(368): CodeIgniter\CodeIgniter->handleRequest(null, Object(Config\Cache), false)
 4 FCPATH/index.php(67): CodeIgniter\CodeIgniter->run()
WARNING - 2025-07-02 13:21:51 --> [DEPRECATED] Creation of dynamic property App\Controllers\Home::$EnquiryModel is deprecated in APPPATH/Controllers/Home.php on line 44.
 1 SYSTEMPATH/CodeIgniter.php(906): App\Controllers\Home->__construct()
 2 SYSTEMPATH/CodeIgniter.php(490): CodeIgniter\CodeIgniter->createController()
 3 SYSTEMPATH/CodeIgniter.php(368): CodeIgniter\CodeIgniter->handleRequest(null, Object(Config\Cache), false)
 4 FCPATH/index.php(67): CodeIgniter\CodeIgniter->run()
WARNING - 2025-07-02 13:21:51 --> [DEPRECATED] Creation of dynamic property App\Controllers\Home::$Allsettingsmodel is deprecated in APPPATH/Controllers/Home.php on line 45.
 1 SYSTEMPATH/CodeIgniter.php(906): App\Controllers\Home->__construct()
 2 SYSTEMPATH/CodeIgniter.php(490): CodeIgniter\CodeIgniter->createController()
 3 SYSTEMPATH/CodeIgniter.php(368): CodeIgniter\CodeIgniter->handleRequest(null, Object(Config\Cache), false)
 4 FCPATH/index.php(67): CodeIgniter\CodeIgniter->run()
INFO - 2025-07-02 13:21:53 --> Session: Class initialized using 'CodeIgniter\Session\Handlers\FileHandler' driver.
WARNING - 2025-07-02 13:21:53 --> [DEPRECATED] Creation of dynamic property App\Controllers\Home::$user_model is deprecated in APPPATH/Controllers/Home.php on line 35.
 1 SYSTEMPATH/CodeIgniter.php(906): App\Controllers\Home->__construct()
 2 SYSTEMPATH/CodeIgniter.php(490): CodeIgniter\CodeIgniter->createController()
 3 SYSTEMPATH/CodeIgniter.php(368): CodeIgniter\CodeIgniter->handleRequest(null, Object(Config\Cache), false)
 4 FCPATH/index.php(67): CodeIgniter\CodeIgniter->run()
WARNING - 2025-07-02 13:21:53 --> [DEPRECATED] Creation of dynamic property App\Controllers\Home::$BlogModel is deprecated in APPPATH/Controllers/Home.php on line 43.
 1 SYSTEMPATH/CodeIgniter.php(906): App\Controllers\Home->__construct()
 2 SYSTEMPATH/CodeIgniter.php(490): CodeIgniter\CodeIgniter->createController()
 3 SYSTEMPATH/CodeIgniter.php(368): CodeIgniter\CodeIgniter->handleRequest(null, Object(Config\Cache), false)
 4 FCPATH/index.php(67): CodeIgniter\CodeIgniter->run()
WARNING - 2025-07-02 13:21:53 --> [DEPRECATED] Creation of dynamic property App\Controllers\Home::$EnquiryModel is deprecated in APPPATH/Controllers/Home.php on line 44.
 1 SYSTEMPATH/CodeIgniter.php(906): App\Controllers\Home->__construct()
 2 SYSTEMPATH/CodeIgniter.php(490): CodeIgniter\CodeIgniter->createController()
 3 SYSTEMPATH/CodeIgniter.php(368): CodeIgniter\CodeIgniter->handleRequest(null, Object(Config\Cache), false)
 4 FCPATH/index.php(67): CodeIgniter\CodeIgniter->run()
WARNING - 2025-07-02 13:21:53 --> [DEPRECATED] Creation of dynamic property App\Controllers\Home::$Allsettingsmodel is deprecated in APPPATH/Controllers/Home.php on line 45.
 1 SYSTEMPATH/CodeIgniter.php(906): App\Controllers\Home->__construct()
 2 SYSTEMPATH/CodeIgniter.php(490): CodeIgniter\CodeIgniter->createController()
 3 SYSTEMPATH/CodeIgniter.php(368): CodeIgniter\CodeIgniter->handleRequest(null, Object(Config\Cache), false)
 4 FCPATH/index.php(67): CodeIgniter\CodeIgniter->run()
INFO - 2025-07-02 13:23:31 --> Session: Class initialized using 'CodeIgniter\Session\Handlers\FileHandler' driver.
WARNING - 2025-07-02 13:23:31 --> [DEPRECATED] Creation of dynamic property App\Controllers\Home::$user_model is deprecated in APPPATH/Controllers/Home.php on line 35.
 1 SYSTEMPATH/CodeIgniter.php(906): App\Controllers\Home->__construct()
 2 SYSTEMPATH/CodeIgniter.php(490): CodeIgniter\CodeIgniter->createController()
 3 SYSTEMPATH/CodeIgniter.php(368): CodeIgniter\CodeIgniter->handleRequest(null, Object(Config\Cache), false)
 4 FCPATH/index.php(67): CodeIgniter\CodeIgniter->run()
WARNING - 2025-07-02 13:23:31 --> [DEPRECATED] Creation of dynamic property App\Controllers\Home::$BlogModel is deprecated in APPPATH/Controllers/Home.php on line 43.
 1 SYSTEMPATH/CodeIgniter.php(906): App\Controllers\Home->__construct()
 2 SYSTEMPATH/CodeIgniter.php(490): CodeIgniter\CodeIgniter->createController()
 3 SYSTEMPATH/CodeIgniter.php(368): CodeIgniter\CodeIgniter->handleRequest(null, Object(Config\Cache), false)
 4 FCPATH/index.php(67): CodeIgniter\CodeIgniter->run()
WARNING - 2025-07-02 13:23:31 --> [DEPRECATED] Creation of dynamic property App\Controllers\Home::$EnquiryModel is deprecated in APPPATH/Controllers/Home.php on line 44.
 1 SYSTEMPATH/CodeIgniter.php(906): App\Controllers\Home->__construct()
 2 SYSTEMPATH/CodeIgniter.php(490): CodeIgniter\CodeIgniter->createController()
 3 SYSTEMPATH/CodeIgniter.php(368): CodeIgniter\CodeIgniter->handleRequest(null, Object(Config\Cache), false)
 4 FCPATH/index.php(67): CodeIgniter\CodeIgniter->run()
WARNING - 2025-07-02 13:23:31 --> [DEPRECATED] Creation of dynamic property App\Controllers\Home::$Allsettingsmodel is deprecated in APPPATH/Controllers/Home.php on line 45.
 1 SYSTEMPATH/CodeIgniter.php(906): App\Controllers\Home->__construct()
 2 SYSTEMPATH/CodeIgniter.php(490): CodeIgniter\CodeIgniter->createController()
 3 SYSTEMPATH/CodeIgniter.php(368): CodeIgniter\CodeIgniter->handleRequest(null, Object(Config\Cache), false)
 4 FCPATH/index.php(67): CodeIgniter\CodeIgniter->run()
INFO - 2025-07-02 13:23:33 --> Session: Class initialized using 'CodeIgniter\Session\Handlers\FileHandler' driver.
WARNING - 2025-07-02 13:23:33 --> [DEPRECATED] Creation of dynamic property App\Controllers\Home::$user_model is deprecated in APPPATH/Controllers/Home.php on line 35.
 1 SYSTEMPATH/CodeIgniter.php(906): App\Controllers\Home->__construct()
 2 SYSTEMPATH/CodeIgniter.php(490): CodeIgniter\CodeIgniter->createController()
 3 SYSTEMPATH/CodeIgniter.php(368): CodeIgniter\CodeIgniter->handleRequest(null, Object(Config\Cache), false)
 4 FCPATH/index.php(67): CodeIgniter\CodeIgniter->run()
WARNING - 2025-07-02 13:23:33 --> [DEPRECATED] Creation of dynamic property App\Controllers\Home::$BlogModel is deprecated in APPPATH/Controllers/Home.php on line 43.
 1 SYSTEMPATH/CodeIgniter.php(906): App\Controllers\Home->__construct()
 2 SYSTEMPATH/CodeIgniter.php(490): CodeIgniter\CodeIgniter->createController()
 3 SYSTEMPATH/CodeIgniter.php(368): CodeIgniter\CodeIgniter->handleRequest(null, Object(Config\Cache), false)
 4 FCPATH/index.php(67): CodeIgniter\CodeIgniter->run()
WARNING - 2025-07-02 13:23:33 --> [DEPRECATED] Creation of dynamic property App\Controllers\Home::$EnquiryModel is deprecated in APPPATH/Controllers/Home.php on line 44.
 1 SYSTEMPATH/CodeIgniter.php(906): App\Controllers\Home->__construct()
 2 SYSTEMPATH/CodeIgniter.php(490): CodeIgniter\CodeIgniter->createController()
 3 SYSTEMPATH/CodeIgniter.php(368): CodeIgniter\CodeIgniter->handleRequest(null, Object(Config\Cache), false)
 4 FCPATH/index.php(67): CodeIgniter\CodeIgniter->run()
WARNING - 2025-07-02 13:23:33 --> [DEPRECATED] Creation of dynamic property App\Controllers\Home::$Allsettingsmodel is deprecated in APPPATH/Controllers/Home.php on line 45.
 1 SYSTEMPATH/CodeIgniter.php(906): App\Controllers\Home->__construct()
 2 SYSTEMPATH/CodeIgniter.php(490): CodeIgniter\CodeIgniter->createController()
 3 SYSTEMPATH/CodeIgniter.php(368): CodeIgniter\CodeIgniter->handleRequest(null, Object(Config\Cache), false)
 4 FCPATH/index.php(67): CodeIgniter\CodeIgniter->run()
INFO - 2025-07-02 13:24:10 --> Session: Class initialized using 'CodeIgniter\Session\Handlers\FileHandler' driver.
WARNING - 2025-07-02 13:24:10 --> [DEPRECATED] Creation of dynamic property App\Controllers\Home::$user_model is deprecated in APPPATH/Controllers/Home.php on line 35.
 1 SYSTEMPATH/CodeIgniter.php(906): App\Controllers\Home->__construct()
 2 SYSTEMPATH/CodeIgniter.php(490): CodeIgniter\CodeIgniter->createController()
 3 SYSTEMPATH/CodeIgniter.php(368): CodeIgniter\CodeIgniter->handleRequest(null, Object(Config\Cache), false)
 4 FCPATH/index.php(67): CodeIgniter\CodeIgniter->run()
WARNING - 2025-07-02 13:24:10 --> [DEPRECATED] Creation of dynamic property App\Controllers\Home::$BlogModel is deprecated in APPPATH/Controllers/Home.php on line 43.
 1 SYSTEMPATH/CodeIgniter.php(906): App\Controllers\Home->__construct()
 2 SYSTEMPATH/CodeIgniter.php(490): CodeIgniter\CodeIgniter->createController()
 3 SYSTEMPATH/CodeIgniter.php(368): CodeIgniter\CodeIgniter->handleRequest(null, Object(Config\Cache), false)
 4 FCPATH/index.php(67): CodeIgniter\CodeIgniter->run()
WARNING - 2025-07-02 13:24:10 --> [DEPRECATED] Creation of dynamic property App\Controllers\Home::$EnquiryModel is deprecated in APPPATH/Controllers/Home.php on line 44.
 1 SYSTEMPATH/CodeIgniter.php(906): App\Controllers\Home->__construct()
 2 SYSTEMPATH/CodeIgniter.php(490): CodeIgniter\CodeIgniter->createController()
 3 SYSTEMPATH/CodeIgniter.php(368): CodeIgniter\CodeIgniter->handleRequest(null, Object(Config\Cache), false)
 4 FCPATH/index.php(67): CodeIgniter\CodeIgniter->run()
WARNING - 2025-07-02 13:24:10 --> [DEPRECATED] Creation of dynamic property App\Controllers\Home::$Allsettingsmodel is deprecated in APPPATH/Controllers/Home.php on line 45.
 1 SYSTEMPATH/CodeIgniter.php(906): App\Controllers\Home->__construct()
 2 SYSTEMPATH/CodeIgniter.php(490): CodeIgniter\CodeIgniter->createController()
 3 SYSTEMPATH/CodeIgniter.php(368): CodeIgniter\CodeIgniter->handleRequest(null, Object(Config\Cache), false)
 4 FCPATH/index.php(67): CodeIgniter\CodeIgniter->run()
INFO - 2025-07-02 13:24:12 --> Session: Class initialized using 'CodeIgniter\Session\Handlers\FileHandler' driver.
WARNING - 2025-07-02 13:24:12 --> [DEPRECATED] Creation of dynamic property App\Controllers\Home::$user_model is deprecated in APPPATH/Controllers/Home.php on line 35.
 1 SYSTEMPATH/CodeIgniter.php(906): App\Controllers\Home->__construct()
 2 SYSTEMPATH/CodeIgniter.php(490): CodeIgniter\CodeIgniter->createController()
 3 SYSTEMPATH/CodeIgniter.php(368): CodeIgniter\CodeIgniter->handleRequest(null, Object(Config\Cache), false)
 4 FCPATH/index.php(67): CodeIgniter\CodeIgniter->run()
WARNING - 2025-07-02 13:24:12 --> [DEPRECATED] Creation of dynamic property App\Controllers\Home::$BlogModel is deprecated in APPPATH/Controllers/Home.php on line 43.
 1 SYSTEMPATH/CodeIgniter.php(906): App\Controllers\Home->__construct()
 2 SYSTEMPATH/CodeIgniter.php(490): CodeIgniter\CodeIgniter->createController()
 3 SYSTEMPATH/CodeIgniter.php(368): CodeIgniter\CodeIgniter->handleRequest(null, Object(Config\Cache), false)
 4 FCPATH/index.php(67): CodeIgniter\CodeIgniter->run()
WARNING - 2025-07-02 13:24:12 --> [DEPRECATED] Creation of dynamic property App\Controllers\Home::$EnquiryModel is deprecated in APPPATH/Controllers/Home.php on line 44.
 1 SYSTEMPATH/CodeIgniter.php(906): App\Controllers\Home->__construct()
 2 SYSTEMPATH/CodeIgniter.php(490): CodeIgniter\CodeIgniter->createController()
 3 SYSTEMPATH/CodeIgniter.php(368): CodeIgniter\CodeIgniter->handleRequest(null, Object(Config\Cache), false)
 4 FCPATH/index.php(67): CodeIgniter\CodeIgniter->run()
WARNING - 2025-07-02 13:24:12 --> [DEPRECATED] Creation of dynamic property App\Controllers\Home::$Allsettingsmodel is deprecated in APPPATH/Controllers/Home.php on line 45.
 1 SYSTEMPATH/CodeIgniter.php(906): App\Controllers\Home->__construct()
 2 SYSTEMPATH/CodeIgniter.php(490): CodeIgniter\CodeIgniter->createController()
 3 SYSTEMPATH/CodeIgniter.php(368): CodeIgniter\CodeIgniter->handleRequest(null, Object(Config\Cache), false)
 4 FCPATH/index.php(67): CodeIgniter\CodeIgniter->run()
INFO - 2025-07-02 13:25:29 --> Session: Class initialized using 'CodeIgniter\Session\Handlers\FileHandler' driver.
WARNING - 2025-07-02 13:25:29 --> [DEPRECATED] Creation of dynamic property App\Controllers\Home::$user_model is deprecated in APPPATH/Controllers/Home.php on line 35.
 1 SYSTEMPATH/CodeIgniter.php(906): App\Controllers\Home->__construct()
 2 SYSTEMPATH/CodeIgniter.php(490): CodeIgniter\CodeIgniter->createController()
 3 SYSTEMPATH/CodeIgniter.php(368): CodeIgniter\CodeIgniter->handleRequest(null, Object(Config\Cache), false)
 4 FCPATH/index.php(67): CodeIgniter\CodeIgniter->run()
WARNING - 2025-07-02 13:25:29 --> [DEPRECATED] Creation of dynamic property App\Controllers\Home::$BlogModel is deprecated in APPPATH/Controllers/Home.php on line 43.
 1 SYSTEMPATH/CodeIgniter.php(906): App\Controllers\Home->__construct()
 2 SYSTEMPATH/CodeIgniter.php(490): CodeIgniter\CodeIgniter->createController()
 3 SYSTEMPATH/CodeIgniter.php(368): CodeIgniter\CodeIgniter->handleRequest(null, Object(Config\Cache), false)
 4 FCPATH/index.php(67): CodeIgniter\CodeIgniter->run()
WARNING - 2025-07-02 13:25:29 --> [DEPRECATED] Creation of dynamic property App\Controllers\Home::$EnquiryModel is deprecated in APPPATH/Controllers/Home.php on line 44.
 1 SYSTEMPATH/CodeIgniter.php(906): App\Controllers\Home->__construct()
 2 SYSTEMPATH/CodeIgniter.php(490): CodeIgniter\CodeIgniter->createController()
 3 SYSTEMPATH/CodeIgniter.php(368): CodeIgniter\CodeIgniter->handleRequest(null, Object(Config\Cache), false)
 4 FCPATH/index.php(67): CodeIgniter\CodeIgniter->run()
WARNING - 2025-07-02 13:25:29 --> [DEPRECATED] Creation of dynamic property App\Controllers\Home::$Allsettingsmodel is deprecated in APPPATH/Controllers/Home.php on line 45.
 1 SYSTEMPATH/CodeIgniter.php(906): App\Controllers\Home->__construct()
 2 SYSTEMPATH/CodeIgniter.php(490): CodeIgniter\CodeIgniter->createController()
 3 SYSTEMPATH/CodeIgniter.php(368): CodeIgniter\CodeIgniter->handleRequest(null, Object(Config\Cache), false)
 4 FCPATH/index.php(67): CodeIgniter\CodeIgniter->run()
INFO - 2025-07-02 13:25:31 --> Session: Class initialized using 'CodeIgniter\Session\Handlers\FileHandler' driver.
WARNING - 2025-07-02 13:25:31 --> [DEPRECATED] Creation of dynamic property App\Controllers\Home::$user_model is deprecated in APPPATH/Controllers/Home.php on line 35.
 1 SYSTEMPATH/CodeIgniter.php(906): App\Controllers\Home->__construct()
 2 SYSTEMPATH/CodeIgniter.php(490): CodeIgniter\CodeIgniter->createController()
 3 SYSTEMPATH/CodeIgniter.php(368): CodeIgniter\CodeIgniter->handleRequest(null, Object(Config\Cache), false)
 4 FCPATH/index.php(67): CodeIgniter\CodeIgniter->run()
WARNING - 2025-07-02 13:25:31 --> [DEPRECATED] Creation of dynamic property App\Controllers\Home::$BlogModel is deprecated in APPPATH/Controllers/Home.php on line 43.
 1 SYSTEMPATH/CodeIgniter.php(906): App\Controllers\Home->__construct()
 2 SYSTEMPATH/CodeIgniter.php(490): CodeIgniter\CodeIgniter->createController()
 3 SYSTEMPATH/CodeIgniter.php(368): CodeIgniter\CodeIgniter->handleRequest(null, Object(Config\Cache), false)
 4 FCPATH/index.php(67): CodeIgniter\CodeIgniter->run()
WARNING - 2025-07-02 13:25:31 --> [DEPRECATED] Creation of dynamic property App\Controllers\Home::$EnquiryModel is deprecated in APPPATH/Controllers/Home.php on line 44.
 1 SYSTEMPATH/CodeIgniter.php(906): App\Controllers\Home->__construct()
 2 SYSTEMPATH/CodeIgniter.php(490): CodeIgniter\CodeIgniter->createController()
 3 SYSTEMPATH/CodeIgniter.php(368): CodeIgniter\CodeIgniter->handleRequest(null, Object(Config\Cache), false)
 4 FCPATH/index.php(67): CodeIgniter\CodeIgniter->run()
WARNING - 2025-07-02 13:25:31 --> [DEPRECATED] Creation of dynamic property App\Controllers\Home::$Allsettingsmodel is deprecated in APPPATH/Controllers/Home.php on line 45.
 1 SYSTEMPATH/CodeIgniter.php(906): App\Controllers\Home->__construct()
 2 SYSTEMPATH/CodeIgniter.php(490): CodeIgniter\CodeIgniter->createController()
 3 SYSTEMPATH/CodeIgniter.php(368): CodeIgniter\CodeIgniter->handleRequest(null, Object(Config\Cache), false)
 4 FCPATH/index.php(67): CodeIgniter\CodeIgniter->run()
INFO - 2025-07-02 13:26:14 --> Session: Class initialized using 'CodeIgniter\Session\Handlers\FileHandler' driver.
WARNING - 2025-07-02 13:26:14 --> [DEPRECATED] Creation of dynamic property App\Controllers\Home::$user_model is deprecated in APPPATH/Controllers/Home.php on line 35.
 1 SYSTEMPATH/CodeIgniter.php(906): App\Controllers\Home->__construct()
 2 SYSTEMPATH/CodeIgniter.php(490): CodeIgniter\CodeIgniter->createController()
 3 SYSTEMPATH/CodeIgniter.php(368): CodeIgniter\CodeIgniter->handleRequest(null, Object(Config\Cache), false)
 4 FCPATH/index.php(67): CodeIgniter\CodeIgniter->run()
WARNING - 2025-07-02 13:26:14 --> [DEPRECATED] Creation of dynamic property App\Controllers\Home::$BlogModel is deprecated in APPPATH/Controllers/Home.php on line 43.
 1 SYSTEMPATH/CodeIgniter.php(906): App\Controllers\Home->__construct()
 2 SYSTEMPATH/CodeIgniter.php(490): CodeIgniter\CodeIgniter->createController()
 3 SYSTEMPATH/CodeIgniter.php(368): CodeIgniter\CodeIgniter->handleRequest(null, Object(Config\Cache), false)
 4 FCPATH/index.php(67): CodeIgniter\CodeIgniter->run()
WARNING - 2025-07-02 13:26:14 --> [DEPRECATED] Creation of dynamic property App\Controllers\Home::$EnquiryModel is deprecated in APPPATH/Controllers/Home.php on line 44.
 1 SYSTEMPATH/CodeIgniter.php(906): App\Controllers\Home->__construct()
 2 SYSTEMPATH/CodeIgniter.php(490): CodeIgniter\CodeIgniter->createController()
 3 SYSTEMPATH/CodeIgniter.php(368): CodeIgniter\CodeIgniter->handleRequest(null, Object(Config\Cache), false)
 4 FCPATH/index.php(67): CodeIgniter\CodeIgniter->run()
WARNING - 2025-07-02 13:26:14 --> [DEPRECATED] Creation of dynamic property App\Controllers\Home::$Allsettingsmodel is deprecated in APPPATH/Controllers/Home.php on line 45.
 1 SYSTEMPATH/CodeIgniter.php(906): App\Controllers\Home->__construct()
 2 SYSTEMPATH/CodeIgniter.php(490): CodeIgniter\CodeIgniter->createController()
 3 SYSTEMPATH/CodeIgniter.php(368): CodeIgniter\CodeIgniter->handleRequest(null, Object(Config\Cache), false)
 4 FCPATH/index.php(67): CodeIgniter\CodeIgniter->run()
INFO - 2025-07-02 13:26:16 --> Session: Class initialized using 'CodeIgniter\Session\Handlers\FileHandler' driver.
WARNING - 2025-07-02 13:26:16 --> [DEPRECATED] Creation of dynamic property App\Controllers\Home::$user_model is deprecated in APPPATH/Controllers/Home.php on line 35.
 1 SYSTEMPATH/CodeIgniter.php(906): App\Controllers\Home->__construct()
 2 SYSTEMPATH/CodeIgniter.php(490): CodeIgniter\CodeIgniter->createController()
 3 SYSTEMPATH/CodeIgniter.php(368): CodeIgniter\CodeIgniter->handleRequest(null, Object(Config\Cache), false)
 4 FCPATH/index.php(67): CodeIgniter\CodeIgniter->run()
WARNING - 2025-07-02 13:26:16 --> [DEPRECATED] Creation of dynamic property App\Controllers\Home::$BlogModel is deprecated in APPPATH/Controllers/Home.php on line 43.
 1 SYSTEMPATH/CodeIgniter.php(906): App\Controllers\Home->__construct()
 2 SYSTEMPATH/CodeIgniter.php(490): CodeIgniter\CodeIgniter->createController()
 3 SYSTEMPATH/CodeIgniter.php(368): CodeIgniter\CodeIgniter->handleRequest(null, Object(Config\Cache), false)
 4 FCPATH/index.php(67): CodeIgniter\CodeIgniter->run()
WARNING - 2025-07-02 13:26:16 --> [DEPRECATED] Creation of dynamic property App\Controllers\Home::$EnquiryModel is deprecated in APPPATH/Controllers/Home.php on line 44.
 1 SYSTEMPATH/CodeIgniter.php(906): App\Controllers\Home->__construct()
 2 SYSTEMPATH/CodeIgniter.php(490): CodeIgniter\CodeIgniter->createController()
 3 SYSTEMPATH/CodeIgniter.php(368): CodeIgniter\CodeIgniter->handleRequest(null, Object(Config\Cache), false)
 4 FCPATH/index.php(67): CodeIgniter\CodeIgniter->run()
WARNING - 2025-07-02 13:26:16 --> [DEPRECATED] Creation of dynamic property App\Controllers\Home::$Allsettingsmodel is deprecated in APPPATH/Controllers/Home.php on line 45.
 1 SYSTEMPATH/CodeIgniter.php(906): App\Controllers\Home->__construct()
 2 SYSTEMPATH/CodeIgniter.php(490): CodeIgniter\CodeIgniter->createController()
 3 SYSTEMPATH/CodeIgniter.php(368): CodeIgniter\CodeIgniter->handleRequest(null, Object(Config\Cache), false)
 4 FCPATH/index.php(67): CodeIgniter\CodeIgniter->run()
INFO - 2025-07-02 13:26:29 --> Session: Class initialized using 'CodeIgniter\Session\Handlers\FileHandler' driver.
WARNING - 2025-07-02 13:26:29 --> [DEPRECATED] Creation of dynamic property App\Controllers\Home::$user_model is deprecated in APPPATH/Controllers/Home.php on line 35.
 1 SYSTEMPATH/CodeIgniter.php(906): App\Controllers\Home->__construct()
 2 SYSTEMPATH/CodeIgniter.php(490): CodeIgniter\CodeIgniter->createController()
 3 SYSTEMPATH/CodeIgniter.php(368): CodeIgniter\CodeIgniter->handleRequest(null, Object(Config\Cache), false)
 4 FCPATH/index.php(67): CodeIgniter\CodeIgniter->run()
WARNING - 2025-07-02 13:26:29 --> [DEPRECATED] Creation of dynamic property App\Controllers\Home::$BlogModel is deprecated in APPPATH/Controllers/Home.php on line 43.
 1 SYSTEMPATH/CodeIgniter.php(906): App\Controllers\Home->__construct()
 2 SYSTEMPATH/CodeIgniter.php(490): CodeIgniter\CodeIgniter->createController()
 3 SYSTEMPATH/CodeIgniter.php(368): CodeIgniter\CodeIgniter->handleRequest(null, Object(Config\Cache), false)
 4 FCPATH/index.php(67): CodeIgniter\CodeIgniter->run()
WARNING - 2025-07-02 13:26:29 --> [DEPRECATED] Creation of dynamic property App\Controllers\Home::$EnquiryModel is deprecated in APPPATH/Controllers/Home.php on line 44.
 1 SYSTEMPATH/CodeIgniter.php(906): App\Controllers\Home->__construct()
 2 SYSTEMPATH/CodeIgniter.php(490): CodeIgniter\CodeIgniter->createController()
 3 SYSTEMPATH/CodeIgniter.php(368): CodeIgniter\CodeIgniter->handleRequest(null, Object(Config\Cache), false)
 4 FCPATH/index.php(67): CodeIgniter\CodeIgniter->run()
WARNING - 2025-07-02 13:26:29 --> [DEPRECATED] Creation of dynamic property App\Controllers\Home::$Allsettingsmodel is deprecated in APPPATH/Controllers/Home.php on line 45.
 1 SYSTEMPATH/CodeIgniter.php(906): App\Controllers\Home->__construct()
 2 SYSTEMPATH/CodeIgniter.php(490): CodeIgniter\CodeIgniter->createController()
 3 SYSTEMPATH/CodeIgniter.php(368): CodeIgniter\CodeIgniter->handleRequest(null, Object(Config\Cache), false)
 4 FCPATH/index.php(67): CodeIgniter\CodeIgniter->run()
INFO - 2025-07-02 13:26:31 --> Session: Class initialized using 'CodeIgniter\Session\Handlers\FileHandler' driver.
WARNING - 2025-07-02 13:26:31 --> [DEPRECATED] Creation of dynamic property App\Controllers\Home::$user_model is deprecated in APPPATH/Controllers/Home.php on line 35.
 1 SYSTEMPATH/CodeIgniter.php(906): App\Controllers\Home->__construct()
 2 SYSTEMPATH/CodeIgniter.php(490): CodeIgniter\CodeIgniter->createController()
 3 SYSTEMPATH/CodeIgniter.php(368): CodeIgniter\CodeIgniter->handleRequest(null, Object(Config\Cache), false)
 4 FCPATH/index.php(67): CodeIgniter\CodeIgniter->run()
WARNING - 2025-07-02 13:26:31 --> [DEPRECATED] Creation of dynamic property App\Controllers\Home::$BlogModel is deprecated in APPPATH/Controllers/Home.php on line 43.
 1 SYSTEMPATH/CodeIgniter.php(906): App\Controllers\Home->__construct()
 2 SYSTEMPATH/CodeIgniter.php(490): CodeIgniter\CodeIgniter->createController()
 3 SYSTEMPATH/CodeIgniter.php(368): CodeIgniter\CodeIgniter->handleRequest(null, Object(Config\Cache), false)
 4 FCPATH/index.php(67): CodeIgniter\CodeIgniter->run()
WARNING - 2025-07-02 13:26:31 --> [DEPRECATED] Creation of dynamic property App\Controllers\Home::$EnquiryModel is deprecated in APPPATH/Controllers/Home.php on line 44.
 1 SYSTEMPATH/CodeIgniter.php(906): App\Controllers\Home->__construct()
 2 SYSTEMPATH/CodeIgniter.php(490): CodeIgniter\CodeIgniter->createController()
 3 SYSTEMPATH/CodeIgniter.php(368): CodeIgniter\CodeIgniter->handleRequest(null, Object(Config\Cache), false)
 4 FCPATH/index.php(67): CodeIgniter\CodeIgniter->run()
WARNING - 2025-07-02 13:26:31 --> [DEPRECATED] Creation of dynamic property App\Controllers\Home::$Allsettingsmodel is deprecated in APPPATH/Controllers/Home.php on line 45.
 1 SYSTEMPATH/CodeIgniter.php(906): App\Controllers\Home->__construct()
 2 SYSTEMPATH/CodeIgniter.php(490): CodeIgniter\CodeIgniter->createController()
 3 SYSTEMPATH/CodeIgniter.php(368): CodeIgniter\CodeIgniter->handleRequest(null, Object(Config\Cache), false)
 4 FCPATH/index.php(67): CodeIgniter\CodeIgniter->run()
INFO - 2025-07-02 13:26:42 --> Session: Class initialized using 'CodeIgniter\Session\Handlers\FileHandler' driver.
WARNING - 2025-07-02 13:26:42 --> [DEPRECATED] Creation of dynamic property App\Controllers\Products::$session is deprecated in APPPATH/Controllers/Products.php on line 30.
 1 SYSTEMPATH/CodeIgniter.php(906): App\Controllers\Products->__construct()
 2 SYSTEMPATH/CodeIgniter.php(490): CodeIgniter\CodeIgniter->createController()
 3 SYSTEMPATH/CodeIgniter.php(368): CodeIgniter\CodeIgniter->handleRequest(null, Object(Config\Cache), false)
 4 FCPATH/index.php(67): CodeIgniter\CodeIgniter->run()
WARNING - 2025-07-02 13:26:42 --> Session: Sessions is enabled, and one exists. Please don't $session->start();
WARNING - 2025-07-02 13:26:42 --> [DEPRECATED] Creation of dynamic property App\Controllers\Products::$catagory is deprecated in APPPATH/Controllers/Products.php on line 33.
 1 SYSTEMPATH/CodeIgniter.php(906): App\Controllers\Products->__construct()
 2 SYSTEMPATH/CodeIgniter.php(490): CodeIgniter\CodeIgniter->createController()
 3 SYSTEMPATH/CodeIgniter.php(368): CodeIgniter\CodeIgniter->handleRequest(null, Object(Config\Cache), false)
 4 FCPATH/index.php(67): CodeIgniter\CodeIgniter->run()
WARNING - 2025-07-02 13:26:42 --> [DEPRECATED] Creation of dynamic property App\Controllers\Products::$variation is deprecated in APPPATH/Controllers/Products.php on line 34.
 1 SYSTEMPATH/CodeIgniter.php(906): App\Controllers\Products->__construct()
 2 SYSTEMPATH/CodeIgniter.php(490): CodeIgniter\CodeIgniter->createController()
 3 SYSTEMPATH/CodeIgniter.php(368): CodeIgniter\CodeIgniter->handleRequest(null, Object(Config\Cache), false)
 4 FCPATH/index.php(67): CodeIgniter\CodeIgniter->run()
WARNING - 2025-07-02 13:26:42 --> [DEPRECATED] Creation of dynamic property App\Controllers\Products::$variationtype is deprecated in APPPATH/Controllers/Products.php on line 35.
 1 SYSTEMPATH/CodeIgniter.php(906): App\Controllers\Products->__construct()
 2 SYSTEMPATH/CodeIgniter.php(490): CodeIgniter\CodeIgniter->createController()
 3 SYSTEMPATH/CodeIgniter.php(368): CodeIgniter\CodeIgniter->handleRequest(null, Object(Config\Cache), false)
 4 FCPATH/index.php(67): CodeIgniter\CodeIgniter->run()
WARNING - 2025-07-02 13:26:42 --> [DEPRECATED] Creation of dynamic property App\Controllers\Products::$subcategory is deprecated in APPPATH/Controllers/Products.php on line 36.
 1 SYSTEMPATH/CodeIgniter.php(906): App\Controllers\Products->__construct()
 2 SYSTEMPATH/CodeIgniter.php(490): CodeIgniter\CodeIgniter->createController()
 3 SYSTEMPATH/CodeIgniter.php(368): CodeIgniter\CodeIgniter->handleRequest(null, Object(Config\Cache), false)
 4 FCPATH/index.php(67): CodeIgniter\CodeIgniter->run()
WARNING - 2025-07-02 13:26:42 --> [DEPRECATED] Creation of dynamic property App\Controllers\Products::$product is deprecated in APPPATH/Controllers/Products.php on line 37.
 1 SYSTEMPATH/CodeIgniter.php(906): App\Controllers\Products->__construct()
 2 SYSTEMPATH/CodeIgniter.php(490): CodeIgniter\CodeIgniter->createController()
 3 SYSTEMPATH/CodeIgniter.php(368): CodeIgniter\CodeIgniter->handleRequest(null, Object(Config\Cache), false)
 4 FCPATH/index.php(67): CodeIgniter\CodeIgniter->run()
WARNING - 2025-07-02 13:26:42 --> [DEPRECATED] Creation of dynamic property App\Controllers\Products::$tags is deprecated in APPPATH/Controllers/Products.php on line 38.
 1 SYSTEMPATH/CodeIgniter.php(906): App\Controllers\Products->__construct()
 2 SYSTEMPATH/CodeIgniter.php(490): CodeIgniter\CodeIgniter->createController()
 3 SYSTEMPATH/CodeIgniter.php(368): CodeIgniter\CodeIgniter->handleRequest(null, Object(Config\Cache), false)
 4 FCPATH/index.php(67): CodeIgniter\CodeIgniter->run()
WARNING - 2025-07-02 13:26:42 --> [DEPRECATED] Creation of dynamic property App\Controllers\Products::$shippingmethod is deprecated in APPPATH/Controllers/Products.php on line 39.
 1 SYSTEMPATH/CodeIgniter.php(906): App\Controllers\Products->__construct()
 2 SYSTEMPATH/CodeIgniter.php(490): CodeIgniter\CodeIgniter->createController()
 3 SYSTEMPATH/CodeIgniter.php(368): CodeIgniter\CodeIgniter->handleRequest(null, Object(Config\Cache), false)
 4 FCPATH/index.php(67): CodeIgniter\CodeIgniter->run()
WARNING - 2025-07-02 13:26:42 --> [DEPRECATED] Creation of dynamic property App\Controllers\Products::$optionvalue is deprecated in APPPATH/Controllers/Products.php on line 40.
 1 SYSTEMPATH/CodeIgniter.php(906): App\Controllers\Products->__construct()
 2 SYSTEMPATH/CodeIgniter.php(490): CodeIgniter\CodeIgniter->createController()
 3 SYSTEMPATH/CodeIgniter.php(368): CodeIgniter\CodeIgniter->handleRequest(null, Object(Config\Cache), false)
 4 FCPATH/index.php(67): CodeIgniter\CodeIgniter->run()
WARNING - 2025-07-02 13:26:42 --> [DEPRECATED] Creation of dynamic property App\Controllers\Products::$brand is deprecated in APPPATH/Controllers/Products.php on line 41.
 1 SYSTEMPATH/CodeIgniter.php(906): App\Controllers\Products->__construct()
 2 SYSTEMPATH/CodeIgniter.php(490): CodeIgniter\CodeIgniter->createController()
 3 SYSTEMPATH/CodeIgniter.php(368): CodeIgniter\CodeIgniter->handleRequest(null, Object(Config\Cache), false)
 4 FCPATH/index.php(67): CodeIgniter\CodeIgniter->run()
WARNING - 2025-07-02 13:26:42 --> [DEPRECATED] Creation of dynamic property App\Controllers\Products::$Allsettings is deprecated in APPPATH/Controllers/Products.php on line 42.
 1 SYSTEMPATH/CodeIgniter.php(906): App\Controllers\Products->__construct()
 2 SYSTEMPATH/CodeIgniter.php(490): CodeIgniter\CodeIgniter->createController()
 3 SYSTEMPATH/CodeIgniter.php(368): CodeIgniter\CodeIgniter->handleRequest(null, Object(Config\Cache), false)
 4 FCPATH/index.php(67): CodeIgniter\CodeIgniter->run()
WARNING - 2025-07-02 13:26:42 --> [DEPRECATED] Creation of dynamic property App\Controllers\Products::$Orderitemmodel is deprecated in APPPATH/Controllers/Products.php on line 43.
 1 SYSTEMPATH/CodeIgniter.php(906): App\Controllers\Products->__construct()
 2 SYSTEMPATH/CodeIgniter.php(490): CodeIgniter\CodeIgniter->createController()
 3 SYSTEMPATH/CodeIgniter.php(368): CodeIgniter\CodeIgniter->handleRequest(null, Object(Config\Cache), false)
 4 FCPATH/index.php(67): CodeIgniter\CodeIgniter->run()
WARNING - 2025-07-02 13:26:42 --> [DEPRECATED] Creation of dynamic property App\Controllers\Products::$Ordermodel is deprecated in APPPATH/Controllers/Products.php on line 44.
 1 SYSTEMPATH/CodeIgniter.php(906): App\Controllers\Products->__construct()
 2 SYSTEMPATH/CodeIgniter.php(490): CodeIgniter\CodeIgniter->createController()
 3 SYSTEMPATH/CodeIgniter.php(368): CodeIgniter\CodeIgniter->handleRequest(null, Object(Config\Cache), false)
 4 FCPATH/index.php(67): CodeIgniter\CodeIgniter->run()
WARNING - 2025-07-02 13:26:42 --> [DEPRECATED] Creation of dynamic property App\Controllers\Products::$CartModel is deprecated in APPPATH/Controllers/Products.php on line 45.
 1 SYSTEMPATH/CodeIgniter.php(906): App\Controllers\Products->__construct()
 2 SYSTEMPATH/CodeIgniter.php(490): CodeIgniter\CodeIgniter->createController()
 3 SYSTEMPATH/CodeIgniter.php(368): CodeIgniter\CodeIgniter->handleRequest(null, Object(Config\Cache), false)
 4 FCPATH/index.php(67): CodeIgniter\CodeIgniter->run()
WARNING - 2025-07-02 13:26:42 --> [DEPRECATED] Creation of dynamic property App\Controllers\Products::$Reviewmodel is deprecated in APPPATH/Controllers/Products.php on line 46.
 1 SYSTEMPATH/CodeIgniter.php(906): App\Controllers\Products->__construct()
 2 SYSTEMPATH/CodeIgniter.php(490): CodeIgniter\CodeIgniter->createController()
 3 SYSTEMPATH/CodeIgniter.php(368): CodeIgniter\CodeIgniter->handleRequest(null, Object(Config\Cache), false)
 4 FCPATH/index.php(67): CodeIgniter\CodeIgniter->run()
WARNING - 2025-07-02 13:26:42 --> [DEPRECATED] Creation of dynamic property App\Controllers\Products::$TaxesclassModel is deprecated in APPPATH/Controllers/Products.php on line 47.
 1 SYSTEMPATH/CodeIgniter.php(906): App\Controllers\Products->__construct()
 2 SYSTEMPATH/CodeIgniter.php(490): CodeIgniter\CodeIgniter->createController()
 3 SYSTEMPATH/CodeIgniter.php(368): CodeIgniter\CodeIgniter->handleRequest(null, Object(Config\Cache), false)
 4 FCPATH/index.php(67): CodeIgniter\CodeIgniter->run()
WARNING - 2025-07-02 13:26:42 --> [DEPRECATED] Creation of dynamic property App\Controllers\Products::$cms is deprecated in APPPATH/Controllers/Products.php on line 48.
 1 SYSTEMPATH/CodeIgniter.php(906): App\Controllers\Products->__construct()
 2 SYSTEMPATH/CodeIgniter.php(490): CodeIgniter\CodeIgniter->createController()
 3 SYSTEMPATH/CodeIgniter.php(368): CodeIgniter\CodeIgniter->handleRequest(null, Object(Config\Cache), false)
 4 FCPATH/index.php(67): CodeIgniter\CodeIgniter->run()
INFO - 2025-07-02 13:26:45 --> Session: Class initialized using 'CodeIgniter\Session\Handlers\FileHandler' driver.
WARNING - 2025-07-02 13:26:45 --> [DEPRECATED] Creation of dynamic property App\Controllers\Products::$session is deprecated in APPPATH/Controllers/Products.php on line 30.
 1 SYSTEMPATH/CodeIgniter.php(906): App\Controllers\Products->__construct()
 2 SYSTEMPATH/CodeIgniter.php(490): CodeIgniter\CodeIgniter->createController()
 3 SYSTEMPATH/CodeIgniter.php(368): CodeIgniter\CodeIgniter->handleRequest(null, Object(Config\Cache), false)
 4 FCPATH/index.php(67): CodeIgniter\CodeIgniter->run()
WARNING - 2025-07-02 13:26:45 --> Session: Sessions is enabled, and one exists. Please don't $session->start();
WARNING - 2025-07-02 13:26:45 --> [DEPRECATED] Creation of dynamic property App\Controllers\Products::$catagory is deprecated in APPPATH/Controllers/Products.php on line 33.
 1 SYSTEMPATH/CodeIgniter.php(906): App\Controllers\Products->__construct()
 2 SYSTEMPATH/CodeIgniter.php(490): CodeIgniter\CodeIgniter->createController()
 3 SYSTEMPATH/CodeIgniter.php(368): CodeIgniter\CodeIgniter->handleRequest(null, Object(Config\Cache), false)
 4 FCPATH/index.php(67): CodeIgniter\CodeIgniter->run()
WARNING - 2025-07-02 13:26:45 --> [DEPRECATED] Creation of dynamic property App\Controllers\Products::$variation is deprecated in APPPATH/Controllers/Products.php on line 34.
 1 SYSTEMPATH/CodeIgniter.php(906): App\Controllers\Products->__construct()
 2 SYSTEMPATH/CodeIgniter.php(490): CodeIgniter\CodeIgniter->createController()
 3 SYSTEMPATH/CodeIgniter.php(368): CodeIgniter\CodeIgniter->handleRequest(null, Object(Config\Cache), false)
 4 FCPATH/index.php(67): CodeIgniter\CodeIgniter->run()
WARNING - 2025-07-02 13:26:45 --> [DEPRECATED] Creation of dynamic property App\Controllers\Products::$variationtype is deprecated in APPPATH/Controllers/Products.php on line 35.
 1 SYSTEMPATH/CodeIgniter.php(906): App\Controllers\Products->__construct()
 2 SYSTEMPATH/CodeIgniter.php(490): CodeIgniter\CodeIgniter->createController()
 3 SYSTEMPATH/CodeIgniter.php(368): CodeIgniter\CodeIgniter->handleRequest(null, Object(Config\Cache), false)
 4 FCPATH/index.php(67): CodeIgniter\CodeIgniter->run()
WARNING - 2025-07-02 13:26:45 --> [DEPRECATED] Creation of dynamic property App\Controllers\Products::$subcategory is deprecated in APPPATH/Controllers/Products.php on line 36.
 1 SYSTEMPATH/CodeIgniter.php(906): App\Controllers\Products->__construct()
 2 SYSTEMPATH/CodeIgniter.php(490): CodeIgniter\CodeIgniter->createController()
 3 SYSTEMPATH/CodeIgniter.php(368): CodeIgniter\CodeIgniter->handleRequest(null, Object(Config\Cache), false)
 4 FCPATH/index.php(67): CodeIgniter\CodeIgniter->run()
WARNING - 2025-07-02 13:26:45 --> [DEPRECATED] Creation of dynamic property App\Controllers\Products::$product is deprecated in APPPATH/Controllers/Products.php on line 37.
 1 SYSTEMPATH/CodeIgniter.php(906): App\Controllers\Products->__construct()
 2 SYSTEMPATH/CodeIgniter.php(490): CodeIgniter\CodeIgniter->createController()
 3 SYSTEMPATH/CodeIgniter.php(368): CodeIgniter\CodeIgniter->handleRequest(null, Object(Config\Cache), false)
 4 FCPATH/index.php(67): CodeIgniter\CodeIgniter->run()
WARNING - 2025-07-02 13:26:45 --> [DEPRECATED] Creation of dynamic property App\Controllers\Products::$tags is deprecated in APPPATH/Controllers/Products.php on line 38.
 1 SYSTEMPATH/CodeIgniter.php(906): App\Controllers\Products->__construct()
 2 SYSTEMPATH/CodeIgniter.php(490): CodeIgniter\CodeIgniter->createController()
 3 SYSTEMPATH/CodeIgniter.php(368): CodeIgniter\CodeIgniter->handleRequest(null, Object(Config\Cache), false)
 4 FCPATH/index.php(67): CodeIgniter\CodeIgniter->run()
WARNING - 2025-07-02 13:26:45 --> [DEPRECATED] Creation of dynamic property App\Controllers\Products::$shippingmethod is deprecated in APPPATH/Controllers/Products.php on line 39.
 1 SYSTEMPATH/CodeIgniter.php(906): App\Controllers\Products->__construct()
 2 SYSTEMPATH/CodeIgniter.php(490): CodeIgniter\CodeIgniter->createController()
 3 SYSTEMPATH/CodeIgniter.php(368): CodeIgniter\CodeIgniter->handleRequest(null, Object(Config\Cache), false)
 4 FCPATH/index.php(67): CodeIgniter\CodeIgniter->run()
WARNING - 2025-07-02 13:26:45 --> [DEPRECATED] Creation of dynamic property App\Controllers\Products::$optionvalue is deprecated in APPPATH/Controllers/Products.php on line 40.
 1 SYSTEMPATH/CodeIgniter.php(906): App\Controllers\Products->__construct()
 2 SYSTEMPATH/CodeIgniter.php(490): CodeIgniter\CodeIgniter->createController()
 3 SYSTEMPATH/CodeIgniter.php(368): CodeIgniter\CodeIgniter->handleRequest(null, Object(Config\Cache), false)
 4 FCPATH/index.php(67): CodeIgniter\CodeIgniter->run()
WARNING - 2025-07-02 13:26:45 --> [DEPRECATED] Creation of dynamic property App\Controllers\Products::$brand is deprecated in APPPATH/Controllers/Products.php on line 41.
 1 SYSTEMPATH/CodeIgniter.php(906): App\Controllers\Products->__construct()
 2 SYSTEMPATH/CodeIgniter.php(490): CodeIgniter\CodeIgniter->createController()
 3 SYSTEMPATH/CodeIgniter.php(368): CodeIgniter\CodeIgniter->handleRequest(null, Object(Config\Cache), false)
 4 FCPATH/index.php(67): CodeIgniter\CodeIgniter->run()
WARNING - 2025-07-02 13:26:45 --> [DEPRECATED] Creation of dynamic property App\Controllers\Products::$Allsettings is deprecated in APPPATH/Controllers/Products.php on line 42.
 1 SYSTEMPATH/CodeIgniter.php(906): App\Controllers\Products->__construct()
 2 SYSTEMPATH/CodeIgniter.php(490): CodeIgniter\CodeIgniter->createController()
 3 SYSTEMPATH/CodeIgniter.php(368): CodeIgniter\CodeIgniter->handleRequest(null, Object(Config\Cache), false)
 4 FCPATH/index.php(67): CodeIgniter\CodeIgniter->run()
WARNING - 2025-07-02 13:26:45 --> [DEPRECATED] Creation of dynamic property App\Controllers\Products::$Orderitemmodel is deprecated in APPPATH/Controllers/Products.php on line 43.
 1 SYSTEMPATH/CodeIgniter.php(906): App\Controllers\Products->__construct()
 2 SYSTEMPATH/CodeIgniter.php(490): CodeIgniter\CodeIgniter->createController()
 3 SYSTEMPATH/CodeIgniter.php(368): CodeIgniter\CodeIgniter->handleRequest(null, Object(Config\Cache), false)
 4 FCPATH/index.php(67): CodeIgniter\CodeIgniter->run()
WARNING - 2025-07-02 13:26:45 --> [DEPRECATED] Creation of dynamic property App\Controllers\Products::$Ordermodel is deprecated in APPPATH/Controllers/Products.php on line 44.
 1 SYSTEMPATH/CodeIgniter.php(906): App\Controllers\Products->__construct()
 2 SYSTEMPATH/CodeIgniter.php(490): CodeIgniter\CodeIgniter->createController()
 3 SYSTEMPATH/CodeIgniter.php(368): CodeIgniter\CodeIgniter->handleRequest(null, Object(Config\Cache), false)
 4 FCPATH/index.php(67): CodeIgniter\CodeIgniter->run()
WARNING - 2025-07-02 13:26:45 --> [DEPRECATED] Creation of dynamic property App\Controllers\Products::$CartModel is deprecated in APPPATH/Controllers/Products.php on line 45.
 1 SYSTEMPATH/CodeIgniter.php(906): App\Controllers\Products->__construct()
 2 SYSTEMPATH/CodeIgniter.php(490): CodeIgniter\CodeIgniter->createController()
 3 SYSTEMPATH/CodeIgniter.php(368): CodeIgniter\CodeIgniter->handleRequest(null, Object(Config\Cache), false)
 4 FCPATH/index.php(67): CodeIgniter\CodeIgniter->run()
WARNING - 2025-07-02 13:26:45 --> [DEPRECATED] Creation of dynamic property App\Controllers\Products::$Reviewmodel is deprecated in APPPATH/Controllers/Products.php on line 46.
 1 SYSTEMPATH/CodeIgniter.php(906): App\Controllers\Products->__construct()
 2 SYSTEMPATH/CodeIgniter.php(490): CodeIgniter\CodeIgniter->createController()
 3 SYSTEMPATH/CodeIgniter.php(368): CodeIgniter\CodeIgniter->handleRequest(null, Object(Config\Cache), false)
 4 FCPATH/index.php(67): CodeIgniter\CodeIgniter->run()
WARNING - 2025-07-02 13:26:45 --> [DEPRECATED] Creation of dynamic property App\Controllers\Products::$TaxesclassModel is deprecated in APPPATH/Controllers/Products.php on line 47.
 1 SYSTEMPATH/CodeIgniter.php(906): App\Controllers\Products->__construct()
 2 SYSTEMPATH/CodeIgniter.php(490): CodeIgniter\CodeIgniter->createController()
 3 SYSTEMPATH/CodeIgniter.php(368): CodeIgniter\CodeIgniter->handleRequest(null, Object(Config\Cache), false)
 4 FCPATH/index.php(67): CodeIgniter\CodeIgniter->run()
WARNING - 2025-07-02 13:26:45 --> [DEPRECATED] Creation of dynamic property App\Controllers\Products::$cms is deprecated in APPPATH/Controllers/Products.php on line 48.
 1 SYSTEMPATH/CodeIgniter.php(906): App\Controllers\Products->__construct()
 2 SYSTEMPATH/CodeIgniter.php(490): CodeIgniter\CodeIgniter->createController()
 3 SYSTEMPATH/CodeIgniter.php(368): CodeIgniter\CodeIgniter->handleRequest(null, Object(Config\Cache), false)
 4 FCPATH/index.php(67): CodeIgniter\CodeIgniter->run()
INFO - 2025-07-02 13:26:45 --> Session: Class initialized using 'CodeIgniter\Session\Handlers\FileHandler' driver.
WARNING - 2025-07-02 13:26:45 --> [DEPRECATED] Creation of dynamic property App\Controllers\Home::$user_model is deprecated in APPPATH/Controllers/Home.php on line 35.
 1 SYSTEMPATH/CodeIgniter.php(906): App\Controllers\Home->__construct()
 2 SYSTEMPATH/CodeIgniter.php(490): CodeIgniter\CodeIgniter->createController()
 3 SYSTEMPATH/CodeIgniter.php(368): CodeIgniter\CodeIgniter->handleRequest(null, Object(Config\Cache), false)
 4 FCPATH/index.php(67): CodeIgniter\CodeIgniter->run()
WARNING - 2025-07-02 13:26:45 --> [DEPRECATED] Creation of dynamic property App\Controllers\Home::$BlogModel is deprecated in APPPATH/Controllers/Home.php on line 43.
 1 SYSTEMPATH/CodeIgniter.php(906): App\Controllers\Home->__construct()
 2 SYSTEMPATH/CodeIgniter.php(490): CodeIgniter\CodeIgniter->createController()
 3 SYSTEMPATH/CodeIgniter.php(368): CodeIgniter\CodeIgniter->handleRequest(null, Object(Config\Cache), false)
 4 FCPATH/index.php(67): CodeIgniter\CodeIgniter->run()
WARNING - 2025-07-02 13:26:45 --> [DEPRECATED] Creation of dynamic property App\Controllers\Home::$EnquiryModel is deprecated in APPPATH/Controllers/Home.php on line 44.
 1 SYSTEMPATH/CodeIgniter.php(906): App\Controllers\Home->__construct()
 2 SYSTEMPATH/CodeIgniter.php(490): CodeIgniter\CodeIgniter->createController()
 3 SYSTEMPATH/CodeIgniter.php(368): CodeIgniter\CodeIgniter->handleRequest(null, Object(Config\Cache), false)
 4 FCPATH/index.php(67): CodeIgniter\CodeIgniter->run()
WARNING - 2025-07-02 13:26:45 --> [DEPRECATED] Creation of dynamic property App\Controllers\Home::$Allsettingsmodel is deprecated in APPPATH/Controllers/Home.php on line 45.
 1 SYSTEMPATH/CodeIgniter.php(906): App\Controllers\Home->__construct()
 2 SYSTEMPATH/CodeIgniter.php(490): CodeIgniter\CodeIgniter->createController()
 3 SYSTEMPATH/CodeIgniter.php(368): CodeIgniter\CodeIgniter->handleRequest(null, Object(Config\Cache), false)
 4 FCPATH/index.php(67): CodeIgniter\CodeIgniter->run()
