INFO - 2026-05-20 04:39:34 --> Session: Class initialized using 'CodeIgniter\Session\Handlers\FileHandler' driver.
INFO - 2026-05-20 04:39:34 --> Session: Class initialized using 'CodeIgniter\Session\Handlers\FileHandler' driver.
WARNING - 2026-05-20 04:39:35 --> [DEPRECATED] Creation of dynamic property App\Controllers\Home::$user_model is deprecated in APPPATH\Controllers\Home.php on line 35.
 1 SYSTEMPATH\CodeIgniter.php(906): App\Controllers\Home->__construct()
 2 SYSTEMPATH\CodeIgniter.php(490): CodeIgniter\CodeIgniter->createController()
 3 SYSTEMPATH\CodeIgniter.php(368): CodeIgniter\CodeIgniter->handleRequest(null, Object(Config\Cache), false)
 4 FCPATH\index.php(67): CodeIgniter\CodeIgniter->run()
WARNING - 2026-05-20 04:39:35 --> [DEPRECATED] Creation of dynamic property App\Controllers\Home::$BlogModel is deprecated in APPPATH\Controllers\Home.php on line 43.
 1 SYSTEMPATH\CodeIgniter.php(906): App\Controllers\Home->__construct()
 2 SYSTEMPATH\CodeIgniter.php(490): CodeIgniter\CodeIgniter->createController()
 3 SYSTEMPATH\CodeIgniter.php(368): CodeIgniter\CodeIgniter->handleRequest(null, Object(Config\Cache), false)
 4 FCPATH\index.php(67): CodeIgniter\CodeIgniter->run()
WARNING - 2026-05-20 04:39:35 --> [DEPRECATED] Creation of dynamic property App\Controllers\Home::$EnquiryModel is deprecated in APPPATH\Controllers\Home.php on line 44.
 1 SYSTEMPATH\CodeIgniter.php(906): App\Controllers\Home->__construct()
 2 SYSTEMPATH\CodeIgniter.php(490): CodeIgniter\CodeIgniter->createController()
 3 SYSTEMPATH\CodeIgniter.php(368): CodeIgniter\CodeIgniter->handleRequest(null, Object(Config\Cache), false)
 4 FCPATH\index.php(67): CodeIgniter\CodeIgniter->run()
WARNING - 2026-05-20 04:39:35 --> [DEPRECATED] Creation of dynamic property App\Controllers\Home::$Allsettingsmodel is deprecated in APPPATH\Controllers\Home.php on line 45.
 1 SYSTEMPATH\CodeIgniter.php(906): App\Controllers\Home->__construct()
 2 SYSTEMPATH\CodeIgniter.php(490): CodeIgniter\CodeIgniter->createController()
 3 SYSTEMPATH\CodeIgniter.php(368): CodeIgniter\CodeIgniter->handleRequest(null, Object(Config\Cache), false)
 4 FCPATH\index.php(67): CodeIgniter\CodeIgniter->run()
INFO - 2026-05-20 04:39:52 --> Session: Class initialized using 'CodeIgniter\Session\Handlers\FileHandler' driver.
WARNING - 2026-05-20 04:39:52 --> [DEPRECATED] Creation of dynamic property App\Controllers\Home::$user_model is deprecated in APPPATH\Controllers\Home.php on line 35.
 1 SYSTEMPATH\CodeIgniter.php(906): App\Controllers\Home->__construct()
 2 SYSTEMPATH\CodeIgniter.php(490): CodeIgniter\CodeIgniter->createController()
 3 SYSTEMPATH\CodeIgniter.php(368): CodeIgniter\CodeIgniter->handleRequest(null, Object(Config\Cache), false)
 4 FCPATH\index.php(67): CodeIgniter\CodeIgniter->run()
WARNING - 2026-05-20 04:39:52 --> [DEPRECATED] Creation of dynamic property App\Controllers\Home::$BlogModel is deprecated in APPPATH\Controllers\Home.php on line 43.
 1 SYSTEMPATH\CodeIgniter.php(906): App\Controllers\Home->__construct()
 2 SYSTEMPATH\CodeIgniter.php(490): CodeIgniter\CodeIgniter->createController()
 3 SYSTEMPATH\CodeIgniter.php(368): CodeIgniter\CodeIgniter->handleRequest(null, Object(Config\Cache), false)
 4 FCPATH\index.php(67): CodeIgniter\CodeIgniter->run()
WARNING - 2026-05-20 04:39:52 --> [DEPRECATED] Creation of dynamic property App\Controllers\Home::$EnquiryModel is deprecated in APPPATH\Controllers\Home.php on line 44.
 1 SYSTEMPATH\CodeIgniter.php(906): App\Controllers\Home->__construct()
 2 SYSTEMPATH\CodeIgniter.php(490): CodeIgniter\CodeIgniter->createController()
 3 SYSTEMPATH\CodeIgniter.php(368): CodeIgniter\CodeIgniter->handleRequest(null, Object(Config\Cache), false)
 4 FCPATH\index.php(67): CodeIgniter\CodeIgniter->run()
WARNING - 2026-05-20 04:39:52 --> [DEPRECATED] Creation of dynamic property App\Controllers\Home::$Allsettingsmodel is deprecated in APPPATH\Controllers\Home.php on line 45.
 1 SYSTEMPATH\CodeIgniter.php(906): App\Controllers\Home->__construct()
 2 SYSTEMPATH\CodeIgniter.php(490): CodeIgniter\CodeIgniter->createController()
 3 SYSTEMPATH\CodeIgniter.php(368): CodeIgniter\CodeIgniter->handleRequest(null, Object(Config\Cache), false)
 4 FCPATH\index.php(67): CodeIgniter\CodeIgniter->run()
WARNING - 2026-05-20 04:49:19 --> [DEPRECATED] Creation of dynamic property App\Controllers\Home::$user_model is deprecated in APPPATH\Controllers\Home.php on line 35.
 1 SYSTEMPATH\CodeIgniter.php(906): App\Controllers\Home->__construct()
 2 SYSTEMPATH\CodeIgniter.php(490): CodeIgniter\CodeIgniter->createController()
 3 SYSTEMPATH\CodeIgniter.php(368): CodeIgniter\CodeIgniter->handleRequest(null, Object(Config\Cache), false)
 4 FCPATH\index.php(67): CodeIgniter\CodeIgniter->run()
WARNING - 2026-05-20 04:49:19 --> [DEPRECATED] Creation of dynamic property App\Controllers\Home::$BlogModel is deprecated in APPPATH\Controllers\Home.php on line 43.
 1 SYSTEMPATH\CodeIgniter.php(906): App\Controllers\Home->__construct()
 2 SYSTEMPATH\CodeIgniter.php(490): CodeIgniter\CodeIgniter->createController()
 3 SYSTEMPATH\CodeIgniter.php(368): CodeIgniter\CodeIgniter->handleRequest(null, Object(Config\Cache), false)
 4 FCPATH\index.php(67): CodeIgniter\CodeIgniter->run()
WARNING - 2026-05-20 04:49:19 --> [DEPRECATED] Creation of dynamic property App\Controllers\Home::$EnquiryModel is deprecated in APPPATH\Controllers\Home.php on line 44.
 1 SYSTEMPATH\CodeIgniter.php(906): App\Controllers\Home->__construct()
 2 SYSTEMPATH\CodeIgniter.php(490): CodeIgniter\CodeIgniter->createController()
 3 SYSTEMPATH\CodeIgniter.php(368): CodeIgniter\CodeIgniter->handleRequest(null, Object(Config\Cache), false)
 4 FCPATH\index.php(67): CodeIgniter\CodeIgniter->run()
WARNING - 2026-05-20 04:49:19 --> [DEPRECATED] Creation of dynamic property App\Controllers\Home::$Allsettingsmodel is deprecated in APPPATH\Controllers\Home.php on line 45.
 1 SYSTEMPATH\CodeIgniter.php(906): App\Controllers\Home->__construct()
 2 SYSTEMPATH\CodeIgniter.php(490): CodeIgniter\CodeIgniter->createController()
 3 SYSTEMPATH\CodeIgniter.php(368): CodeIgniter\CodeIgniter->handleRequest(null, Object(Config\Cache), false)
 4 FCPATH\index.php(67): CodeIgniter\CodeIgniter->run()
INFO - 2026-05-20 04:49:19 --> Session: Class initialized using 'CodeIgniter\Session\Handlers\FileHandler' driver.
INFO - 2026-05-20 04:49:21 --> Session: Class initialized using 'CodeIgniter\Session\Handlers\FileHandler' driver.
WARNING - 2026-05-20 04:49:21 --> [DEPRECATED] Creation of dynamic property App\Controllers\Home::$user_model is deprecated in APPPATH\Controllers\Home.php on line 35.
 1 SYSTEMPATH\CodeIgniter.php(906): App\Controllers\Home->__construct()
 2 SYSTEMPATH\CodeIgniter.php(490): CodeIgniter\CodeIgniter->createController()
 3 SYSTEMPATH\CodeIgniter.php(368): CodeIgniter\CodeIgniter->handleRequest(null, Object(Config\Cache), false)
 4 FCPATH\index.php(67): CodeIgniter\CodeIgniter->run()
WARNING - 2026-05-20 04:49:21 --> [DEPRECATED] Creation of dynamic property App\Controllers\Home::$BlogModel is deprecated in APPPATH\Controllers\Home.php on line 43.
 1 SYSTEMPATH\CodeIgniter.php(906): App\Controllers\Home->__construct()
 2 SYSTEMPATH\CodeIgniter.php(490): CodeIgniter\CodeIgniter->createController()
 3 SYSTEMPATH\CodeIgniter.php(368): CodeIgniter\CodeIgniter->handleRequest(null, Object(Config\Cache), false)
 4 FCPATH\index.php(67): CodeIgniter\CodeIgniter->run()
WARNING - 2026-05-20 04:49:21 --> [DEPRECATED] Creation of dynamic property App\Controllers\Home::$EnquiryModel is deprecated in APPPATH\Controllers\Home.php on line 44.
 1 SYSTEMPATH\CodeIgniter.php(906): App\Controllers\Home->__construct()
 2 SYSTEMPATH\CodeIgniter.php(490): CodeIgniter\CodeIgniter->createController()
 3 SYSTEMPATH\CodeIgniter.php(368): CodeIgniter\CodeIgniter->handleRequest(null, Object(Config\Cache), false)
 4 FCPATH\index.php(67): CodeIgniter\CodeIgniter->run()
WARNING - 2026-05-20 04:49:21 --> [DEPRECATED] Creation of dynamic property App\Controllers\Home::$Allsettingsmodel is deprecated in APPPATH\Controllers\Home.php on line 45.
 1 SYSTEMPATH\CodeIgniter.php(906): App\Controllers\Home->__construct()
 2 SYSTEMPATH\CodeIgniter.php(490): CodeIgniter\CodeIgniter->createController()
 3 SYSTEMPATH\CodeIgniter.php(368): CodeIgniter\CodeIgniter->handleRequest(null, Object(Config\Cache), false)
 4 FCPATH\index.php(67): CodeIgniter\CodeIgniter->run()
INFO - 2026-05-20 05:03:26 --> Session: Class initialized using 'CodeIgniter\Session\Handlers\FileHandler' driver.
INFO - 2026-05-20 05:03:26 --> Session: Class initialized using 'CodeIgniter\Session\Handlers\FileHandler' driver.
WARNING - 2026-05-20 05:03:26 --> [DEPRECATED] Creation of dynamic property App\Controllers\Home::$user_model is deprecated in APPPATH\Controllers\Home.php on line 35.
 1 SYSTEMPATH\CodeIgniter.php(906): App\Controllers\Home->__construct()
 2 SYSTEMPATH\CodeIgniter.php(490): CodeIgniter\CodeIgniter->createController()
 3 SYSTEMPATH\CodeIgniter.php(368): CodeIgniter\CodeIgniter->handleRequest(null, Object(Config\Cache), false)
 4 FCPATH\index.php(67): CodeIgniter\CodeIgniter->run()
WARNING - 2026-05-20 05:03:26 --> [DEPRECATED] Creation of dynamic property App\Controllers\Home::$BlogModel is deprecated in APPPATH\Controllers\Home.php on line 43.
 1 SYSTEMPATH\CodeIgniter.php(906): App\Controllers\Home->__construct()
 2 SYSTEMPATH\CodeIgniter.php(490): CodeIgniter\CodeIgniter->createController()
 3 SYSTEMPATH\CodeIgniter.php(368): CodeIgniter\CodeIgniter->handleRequest(null, Object(Config\Cache), false)
 4 FCPATH\index.php(67): CodeIgniter\CodeIgniter->run()
WARNING - 2026-05-20 05:03:26 --> [DEPRECATED] Creation of dynamic property App\Controllers\Home::$EnquiryModel is deprecated in APPPATH\Controllers\Home.php on line 44.
 1 SYSTEMPATH\CodeIgniter.php(906): App\Controllers\Home->__construct()
 2 SYSTEMPATH\CodeIgniter.php(490): CodeIgniter\CodeIgniter->createController()
 3 SYSTEMPATH\CodeIgniter.php(368): CodeIgniter\CodeIgniter->handleRequest(null, Object(Config\Cache), false)
 4 FCPATH\index.php(67): CodeIgniter\CodeIgniter->run()
WARNING - 2026-05-20 05:03:26 --> [DEPRECATED] Creation of dynamic property App\Controllers\Home::$Allsettingsmodel is deprecated in APPPATH\Controllers\Home.php on line 45.
 1 SYSTEMPATH\CodeIgniter.php(906): App\Controllers\Home->__construct()
 2 SYSTEMPATH\CodeIgniter.php(490): CodeIgniter\CodeIgniter->createController()
 3 SYSTEMPATH\CodeIgniter.php(368): CodeIgniter\CodeIgniter->handleRequest(null, Object(Config\Cache), false)
 4 FCPATH\index.php(67): CodeIgniter\CodeIgniter->run()
WARNING - 2026-05-20 05:03:30 --> [DEPRECATED] Creation of dynamic property App\Controllers\Home::$user_model is deprecated in APPPATH\Controllers\Home.php on line 35.
 1 SYSTEMPATH\CodeIgniter.php(906): App\Controllers\Home->__construct()
 2 SYSTEMPATH\CodeIgniter.php(490): CodeIgniter\CodeIgniter->createController()
 3 SYSTEMPATH\CodeIgniter.php(368): CodeIgniter\CodeIgniter->handleRequest(null, Object(Config\Cache), false)
 4 FCPATH\index.php(67): CodeIgniter\CodeIgniter->run()
WARNING - 2026-05-20 05:03:30 --> [DEPRECATED] Creation of dynamic property App\Controllers\Home::$BlogModel is deprecated in APPPATH\Controllers\Home.php on line 43.
 1 SYSTEMPATH\CodeIgniter.php(906): App\Controllers\Home->__construct()
 2 SYSTEMPATH\CodeIgniter.php(490): CodeIgniter\CodeIgniter->createController()
 3 SYSTEMPATH\CodeIgniter.php(368): CodeIgniter\CodeIgniter->handleRequest(null, Object(Config\Cache), false)
 4 FCPATH\index.php(67): CodeIgniter\CodeIgniter->run()
WARNING - 2026-05-20 05:03:30 --> [DEPRECATED] Creation of dynamic property App\Controllers\Home::$EnquiryModel is deprecated in APPPATH\Controllers\Home.php on line 44.
 1 SYSTEMPATH\CodeIgniter.php(906): App\Controllers\Home->__construct()
 2 SYSTEMPATH\CodeIgniter.php(490): CodeIgniter\CodeIgniter->createController()
 3 SYSTEMPATH\CodeIgniter.php(368): CodeIgniter\CodeIgniter->handleRequest(null, Object(Config\Cache), false)
 4 FCPATH\index.php(67): CodeIgniter\CodeIgniter->run()
WARNING - 2026-05-20 05:03:30 --> [DEPRECATED] Creation of dynamic property App\Controllers\Home::$Allsettingsmodel is deprecated in APPPATH\Controllers\Home.php on line 45.
 1 SYSTEMPATH\CodeIgniter.php(906): App\Controllers\Home->__construct()
 2 SYSTEMPATH\CodeIgniter.php(490): CodeIgniter\CodeIgniter->createController()
 3 SYSTEMPATH\CodeIgniter.php(368): CodeIgniter\CodeIgniter->handleRequest(null, Object(Config\Cache), false)
 4 FCPATH\index.php(67): CodeIgniter\CodeIgniter->run()
INFO - 2026-05-20 05:03:30 --> Session: Class initialized using 'CodeIgniter\Session\Handlers\FileHandler' driver.
INFO - 2026-05-20 05:03:33 --> Session: Class initialized using 'CodeIgniter\Session\Handlers\FileHandler' driver.
WARNING - 2026-05-20 05:03:33 --> [DEPRECATED] Creation of dynamic property App\Controllers\Home::$user_model is deprecated in APPPATH\Controllers\Home.php on line 35.
 1 SYSTEMPATH\CodeIgniter.php(906): App\Controllers\Home->__construct()
 2 SYSTEMPATH\CodeIgniter.php(490): CodeIgniter\CodeIgniter->createController()
 3 SYSTEMPATH\CodeIgniter.php(368): CodeIgniter\CodeIgniter->handleRequest(null, Object(Config\Cache), false)
 4 FCPATH\index.php(67): CodeIgniter\CodeIgniter->run()
WARNING - 2026-05-20 05:03:33 --> [DEPRECATED] Creation of dynamic property App\Controllers\Home::$BlogModel is deprecated in APPPATH\Controllers\Home.php on line 43.
 1 SYSTEMPATH\CodeIgniter.php(906): App\Controllers\Home->__construct()
 2 SYSTEMPATH\CodeIgniter.php(490): CodeIgniter\CodeIgniter->createController()
 3 SYSTEMPATH\CodeIgniter.php(368): CodeIgniter\CodeIgniter->handleRequest(null, Object(Config\Cache), false)
 4 FCPATH\index.php(67): CodeIgniter\CodeIgniter->run()
WARNING - 2026-05-20 05:03:33 --> [DEPRECATED] Creation of dynamic property App\Controllers\Home::$EnquiryModel is deprecated in APPPATH\Controllers\Home.php on line 44.
 1 SYSTEMPATH\CodeIgniter.php(906): App\Controllers\Home->__construct()
 2 SYSTEMPATH\CodeIgniter.php(490): CodeIgniter\CodeIgniter->createController()
 3 SYSTEMPATH\CodeIgniter.php(368): CodeIgniter\CodeIgniter->handleRequest(null, Object(Config\Cache), false)
 4 FCPATH\index.php(67): CodeIgniter\CodeIgniter->run()
WARNING - 2026-05-20 05:03:33 --> [DEPRECATED] Creation of dynamic property App\Controllers\Home::$Allsettingsmodel is deprecated in APPPATH\Controllers\Home.php on line 45.
 1 SYSTEMPATH\CodeIgniter.php(906): App\Controllers\Home->__construct()
 2 SYSTEMPATH\CodeIgniter.php(490): CodeIgniter\CodeIgniter->createController()
 3 SYSTEMPATH\CodeIgniter.php(368): CodeIgniter\CodeIgniter->handleRequest(null, Object(Config\Cache), false)
 4 FCPATH\index.php(67): CodeIgniter\CodeIgniter->run()
INFO - 2026-05-20 05:03:56 --> Session: Class initialized using 'CodeIgniter\Session\Handlers\FileHandler' driver.
WARNING - 2026-05-20 05:03:56 --> [DEPRECATED] Creation of dynamic property App\Controllers\Products::$session is deprecated in APPPATH\Controllers\Products.php on line 30.
 1 SYSTEMPATH\CodeIgniter.php(906): App\Controllers\Products->__construct()
 2 SYSTEMPATH\CodeIgniter.php(490): CodeIgniter\CodeIgniter->createController()
 3 SYSTEMPATH\CodeIgniter.php(368): CodeIgniter\CodeIgniter->handleRequest(null, Object(Config\Cache), false)
 4 FCPATH\index.php(67): CodeIgniter\CodeIgniter->run()
WARNING - 2026-05-20 05:03:56 --> Session: Sessions is enabled, and one exists. Please don't $session->start();
WARNING - 2026-05-20 05:03:56 --> [DEPRECATED] Creation of dynamic property App\Controllers\Products::$catagory is deprecated in APPPATH\Controllers\Products.php on line 33.
 1 SYSTEMPATH\CodeIgniter.php(906): App\Controllers\Products->__construct()
 2 SYSTEMPATH\CodeIgniter.php(490): CodeIgniter\CodeIgniter->createController()
 3 SYSTEMPATH\CodeIgniter.php(368): CodeIgniter\CodeIgniter->handleRequest(null, Object(Config\Cache), false)
 4 FCPATH\index.php(67): CodeIgniter\CodeIgniter->run()
WARNING - 2026-05-20 05:03:56 --> [DEPRECATED] Creation of dynamic property App\Controllers\Products::$variation is deprecated in APPPATH\Controllers\Products.php on line 34.
 1 SYSTEMPATH\CodeIgniter.php(906): App\Controllers\Products->__construct()
 2 SYSTEMPATH\CodeIgniter.php(490): CodeIgniter\CodeIgniter->createController()
 3 SYSTEMPATH\CodeIgniter.php(368): CodeIgniter\CodeIgniter->handleRequest(null, Object(Config\Cache), false)
 4 FCPATH\index.php(67): CodeIgniter\CodeIgniter->run()
WARNING - 2026-05-20 05:03:56 --> [DEPRECATED] Creation of dynamic property App\Controllers\Products::$variationtype is deprecated in APPPATH\Controllers\Products.php on line 35.
 1 SYSTEMPATH\CodeIgniter.php(906): App\Controllers\Products->__construct()
 2 SYSTEMPATH\CodeIgniter.php(490): CodeIgniter\CodeIgniter->createController()
 3 SYSTEMPATH\CodeIgniter.php(368): CodeIgniter\CodeIgniter->handleRequest(null, Object(Config\Cache), false)
 4 FCPATH\index.php(67): CodeIgniter\CodeIgniter->run()
WARNING - 2026-05-20 05:03:56 --> [DEPRECATED] Creation of dynamic property App\Controllers\Products::$subcategory is deprecated in APPPATH\Controllers\Products.php on line 36.
 1 SYSTEMPATH\CodeIgniter.php(906): App\Controllers\Products->__construct()
 2 SYSTEMPATH\CodeIgniter.php(490): CodeIgniter\CodeIgniter->createController()
 3 SYSTEMPATH\CodeIgniter.php(368): CodeIgniter\CodeIgniter->handleRequest(null, Object(Config\Cache), false)
 4 FCPATH\index.php(67): CodeIgniter\CodeIgniter->run()
WARNING - 2026-05-20 05:03:56 --> [DEPRECATED] Creation of dynamic property App\Controllers\Products::$product is deprecated in APPPATH\Controllers\Products.php on line 37.
 1 SYSTEMPATH\CodeIgniter.php(906): App\Controllers\Products->__construct()
 2 SYSTEMPATH\CodeIgniter.php(490): CodeIgniter\CodeIgniter->createController()
 3 SYSTEMPATH\CodeIgniter.php(368): CodeIgniter\CodeIgniter->handleRequest(null, Object(Config\Cache), false)
 4 FCPATH\index.php(67): CodeIgniter\CodeIgniter->run()
WARNING - 2026-05-20 05:03:56 --> [DEPRECATED] Creation of dynamic property App\Controllers\Products::$tags is deprecated in APPPATH\Controllers\Products.php on line 38.
 1 SYSTEMPATH\CodeIgniter.php(906): App\Controllers\Products->__construct()
 2 SYSTEMPATH\CodeIgniter.php(490): CodeIgniter\CodeIgniter->createController()
 3 SYSTEMPATH\CodeIgniter.php(368): CodeIgniter\CodeIgniter->handleRequest(null, Object(Config\Cache), false)
 4 FCPATH\index.php(67): CodeIgniter\CodeIgniter->run()
WARNING - 2026-05-20 05:03:56 --> [DEPRECATED] Creation of dynamic property App\Controllers\Products::$shippingmethod is deprecated in APPPATH\Controllers\Products.php on line 39.
 1 SYSTEMPATH\CodeIgniter.php(906): App\Controllers\Products->__construct()
 2 SYSTEMPATH\CodeIgniter.php(490): CodeIgniter\CodeIgniter->createController()
 3 SYSTEMPATH\CodeIgniter.php(368): CodeIgniter\CodeIgniter->handleRequest(null, Object(Config\Cache), false)
 4 FCPATH\index.php(67): CodeIgniter\CodeIgniter->run()
WARNING - 2026-05-20 05:03:56 --> [DEPRECATED] Creation of dynamic property App\Controllers\Products::$optionvalue is deprecated in APPPATH\Controllers\Products.php on line 40.
 1 SYSTEMPATH\CodeIgniter.php(906): App\Controllers\Products->__construct()
 2 SYSTEMPATH\CodeIgniter.php(490): CodeIgniter\CodeIgniter->createController()
 3 SYSTEMPATH\CodeIgniter.php(368): CodeIgniter\CodeIgniter->handleRequest(null, Object(Config\Cache), false)
 4 FCPATH\index.php(67): CodeIgniter\CodeIgniter->run()
WARNING - 2026-05-20 05:03:56 --> [DEPRECATED] Creation of dynamic property App\Controllers\Products::$brand is deprecated in APPPATH\Controllers\Products.php on line 41.
 1 SYSTEMPATH\CodeIgniter.php(906): App\Controllers\Products->__construct()
 2 SYSTEMPATH\CodeIgniter.php(490): CodeIgniter\CodeIgniter->createController()
 3 SYSTEMPATH\CodeIgniter.php(368): CodeIgniter\CodeIgniter->handleRequest(null, Object(Config\Cache), false)
 4 FCPATH\index.php(67): CodeIgniter\CodeIgniter->run()
WARNING - 2026-05-20 05:03:56 --> [DEPRECATED] Creation of dynamic property App\Controllers\Products::$Allsettings is deprecated in APPPATH\Controllers\Products.php on line 42.
 1 SYSTEMPATH\CodeIgniter.php(906): App\Controllers\Products->__construct()
 2 SYSTEMPATH\CodeIgniter.php(490): CodeIgniter\CodeIgniter->createController()
 3 SYSTEMPATH\CodeIgniter.php(368): CodeIgniter\CodeIgniter->handleRequest(null, Object(Config\Cache), false)
 4 FCPATH\index.php(67): CodeIgniter\CodeIgniter->run()
WARNING - 2026-05-20 05:03:56 --> [DEPRECATED] Creation of dynamic property App\Controllers\Products::$Orderitemmodel is deprecated in APPPATH\Controllers\Products.php on line 43.
 1 SYSTEMPATH\CodeIgniter.php(906): App\Controllers\Products->__construct()
 2 SYSTEMPATH\CodeIgniter.php(490): CodeIgniter\CodeIgniter->createController()
 3 SYSTEMPATH\CodeIgniter.php(368): CodeIgniter\CodeIgniter->handleRequest(null, Object(Config\Cache), false)
 4 FCPATH\index.php(67): CodeIgniter\CodeIgniter->run()
WARNING - 2026-05-20 05:03:56 --> [DEPRECATED] Creation of dynamic property App\Controllers\Products::$Ordermodel is deprecated in APPPATH\Controllers\Products.php on line 44.
 1 SYSTEMPATH\CodeIgniter.php(906): App\Controllers\Products->__construct()
 2 SYSTEMPATH\CodeIgniter.php(490): CodeIgniter\CodeIgniter->createController()
 3 SYSTEMPATH\CodeIgniter.php(368): CodeIgniter\CodeIgniter->handleRequest(null, Object(Config\Cache), false)
 4 FCPATH\index.php(67): CodeIgniter\CodeIgniter->run()
WARNING - 2026-05-20 05:03:56 --> [DEPRECATED] Creation of dynamic property App\Controllers\Products::$CartModel is deprecated in APPPATH\Controllers\Products.php on line 45.
 1 SYSTEMPATH\CodeIgniter.php(906): App\Controllers\Products->__construct()
 2 SYSTEMPATH\CodeIgniter.php(490): CodeIgniter\CodeIgniter->createController()
 3 SYSTEMPATH\CodeIgniter.php(368): CodeIgniter\CodeIgniter->handleRequest(null, Object(Config\Cache), false)
 4 FCPATH\index.php(67): CodeIgniter\CodeIgniter->run()
WARNING - 2026-05-20 05:03:56 --> [DEPRECATED] Creation of dynamic property App\Controllers\Products::$Reviewmodel is deprecated in APPPATH\Controllers\Products.php on line 46.
 1 SYSTEMPATH\CodeIgniter.php(906): App\Controllers\Products->__construct()
 2 SYSTEMPATH\CodeIgniter.php(490): CodeIgniter\CodeIgniter->createController()
 3 SYSTEMPATH\CodeIgniter.php(368): CodeIgniter\CodeIgniter->handleRequest(null, Object(Config\Cache), false)
 4 FCPATH\index.php(67): CodeIgniter\CodeIgniter->run()
WARNING - 2026-05-20 05:03:56 --> [DEPRECATED] Creation of dynamic property App\Controllers\Products::$TaxesclassModel is deprecated in APPPATH\Controllers\Products.php on line 47.
 1 SYSTEMPATH\CodeIgniter.php(906): App\Controllers\Products->__construct()
 2 SYSTEMPATH\CodeIgniter.php(490): CodeIgniter\CodeIgniter->createController()
 3 SYSTEMPATH\CodeIgniter.php(368): CodeIgniter\CodeIgniter->handleRequest(null, Object(Config\Cache), false)
 4 FCPATH\index.php(67): CodeIgniter\CodeIgniter->run()
WARNING - 2026-05-20 05:03:56 --> [DEPRECATED] Creation of dynamic property App\Controllers\Products::$cms is deprecated in APPPATH\Controllers\Products.php on line 48.
 1 SYSTEMPATH\CodeIgniter.php(906): App\Controllers\Products->__construct()
 2 SYSTEMPATH\CodeIgniter.php(490): CodeIgniter\CodeIgniter->createController()
 3 SYSTEMPATH\CodeIgniter.php(368): CodeIgniter\CodeIgniter->handleRequest(null, Object(Config\Cache), false)
 4 FCPATH\index.php(67): CodeIgniter\CodeIgniter->run()
INFO - 2026-05-20 05:03:59 --> Session: Class initialized using 'CodeIgniter\Session\Handlers\FileHandler' driver.
WARNING - 2026-05-20 05:03:59 --> [DEPRECATED] Creation of dynamic property App\Controllers\Products::$session is deprecated in APPPATH\Controllers\Products.php on line 30.
 1 SYSTEMPATH\CodeIgniter.php(906): App\Controllers\Products->__construct()
 2 SYSTEMPATH\CodeIgniter.php(490): CodeIgniter\CodeIgniter->createController()
 3 SYSTEMPATH\CodeIgniter.php(368): CodeIgniter\CodeIgniter->handleRequest(null, Object(Config\Cache), false)
 4 FCPATH\index.php(67): CodeIgniter\CodeIgniter->run()
WARNING - 2026-05-20 05:03:59 --> Session: Sessions is enabled, and one exists. Please don't $session->start();
WARNING - 2026-05-20 05:03:59 --> [DEPRECATED] Creation of dynamic property App\Controllers\Products::$catagory is deprecated in APPPATH\Controllers\Products.php on line 33.
 1 SYSTEMPATH\CodeIgniter.php(906): App\Controllers\Products->__construct()
 2 SYSTEMPATH\CodeIgniter.php(490): CodeIgniter\CodeIgniter->createController()
 3 SYSTEMPATH\CodeIgniter.php(368): CodeIgniter\CodeIgniter->handleRequest(null, Object(Config\Cache), false)
 4 FCPATH\index.php(67): CodeIgniter\CodeIgniter->run()
WARNING - 2026-05-20 05:03:59 --> [DEPRECATED] Creation of dynamic property App\Controllers\Products::$variation is deprecated in APPPATH\Controllers\Products.php on line 34.
 1 SYSTEMPATH\CodeIgniter.php(906): App\Controllers\Products->__construct()
 2 SYSTEMPATH\CodeIgniter.php(490): CodeIgniter\CodeIgniter->createController()
 3 SYSTEMPATH\CodeIgniter.php(368): CodeIgniter\CodeIgniter->handleRequest(null, Object(Config\Cache), false)
 4 FCPATH\index.php(67): CodeIgniter\CodeIgniter->run()
WARNING - 2026-05-20 05:03:59 --> [DEPRECATED] Creation of dynamic property App\Controllers\Products::$variationtype is deprecated in APPPATH\Controllers\Products.php on line 35.
 1 SYSTEMPATH\CodeIgniter.php(906): App\Controllers\Products->__construct()
 2 SYSTEMPATH\CodeIgniter.php(490): CodeIgniter\CodeIgniter->createController()
 3 SYSTEMPATH\CodeIgniter.php(368): CodeIgniter\CodeIgniter->handleRequest(null, Object(Config\Cache), false)
 4 FCPATH\index.php(67): CodeIgniter\CodeIgniter->run()
WARNING - 2026-05-20 05:03:59 --> [DEPRECATED] Creation of dynamic property App\Controllers\Products::$subcategory is deprecated in APPPATH\Controllers\Products.php on line 36.
 1 SYSTEMPATH\CodeIgniter.php(906): App\Controllers\Products->__construct()
 2 SYSTEMPATH\CodeIgniter.php(490): CodeIgniter\CodeIgniter->createController()
 3 SYSTEMPATH\CodeIgniter.php(368): CodeIgniter\CodeIgniter->handleRequest(null, Object(Config\Cache), false)
 4 FCPATH\index.php(67): CodeIgniter\CodeIgniter->run()
WARNING - 2026-05-20 05:03:59 --> [DEPRECATED] Creation of dynamic property App\Controllers\Products::$product is deprecated in APPPATH\Controllers\Products.php on line 37.
 1 SYSTEMPATH\CodeIgniter.php(906): App\Controllers\Products->__construct()
 2 SYSTEMPATH\CodeIgniter.php(490): CodeIgniter\CodeIgniter->createController()
 3 SYSTEMPATH\CodeIgniter.php(368): CodeIgniter\CodeIgniter->handleRequest(null, Object(Config\Cache), false)
 4 FCPATH\index.php(67): CodeIgniter\CodeIgniter->run()
WARNING - 2026-05-20 05:03:59 --> [DEPRECATED] Creation of dynamic property App\Controllers\Products::$tags is deprecated in APPPATH\Controllers\Products.php on line 38.
 1 SYSTEMPATH\CodeIgniter.php(906): App\Controllers\Products->__construct()
 2 SYSTEMPATH\CodeIgniter.php(490): CodeIgniter\CodeIgniter->createController()
 3 SYSTEMPATH\CodeIgniter.php(368): CodeIgniter\CodeIgniter->handleRequest(null, Object(Config\Cache), false)
 4 FCPATH\index.php(67): CodeIgniter\CodeIgniter->run()
WARNING - 2026-05-20 05:03:59 --> [DEPRECATED] Creation of dynamic property App\Controllers\Products::$shippingmethod is deprecated in APPPATH\Controllers\Products.php on line 39.
 1 SYSTEMPATH\CodeIgniter.php(906): App\Controllers\Products->__construct()
 2 SYSTEMPATH\CodeIgniter.php(490): CodeIgniter\CodeIgniter->createController()
 3 SYSTEMPATH\CodeIgniter.php(368): CodeIgniter\CodeIgniter->handleRequest(null, Object(Config\Cache), false)
 4 FCPATH\index.php(67): CodeIgniter\CodeIgniter->run()
WARNING - 2026-05-20 05:03:59 --> [DEPRECATED] Creation of dynamic property App\Controllers\Products::$optionvalue is deprecated in APPPATH\Controllers\Products.php on line 40.
 1 SYSTEMPATH\CodeIgniter.php(906): App\Controllers\Products->__construct()
 2 SYSTEMPATH\CodeIgniter.php(490): CodeIgniter\CodeIgniter->createController()
 3 SYSTEMPATH\CodeIgniter.php(368): CodeIgniter\CodeIgniter->handleRequest(null, Object(Config\Cache), false)
 4 FCPATH\index.php(67): CodeIgniter\CodeIgniter->run()
WARNING - 2026-05-20 05:03:59 --> [DEPRECATED] Creation of dynamic property App\Controllers\Products::$brand is deprecated in APPPATH\Controllers\Products.php on line 41.
 1 SYSTEMPATH\CodeIgniter.php(906): App\Controllers\Products->__construct()
 2 SYSTEMPATH\CodeIgniter.php(490): CodeIgniter\CodeIgniter->createController()
 3 SYSTEMPATH\CodeIgniter.php(368): CodeIgniter\CodeIgniter->handleRequest(null, Object(Config\Cache), false)
 4 FCPATH\index.php(67): CodeIgniter\CodeIgniter->run()
WARNING - 2026-05-20 05:03:59 --> [DEPRECATED] Creation of dynamic property App\Controllers\Products::$Allsettings is deprecated in APPPATH\Controllers\Products.php on line 42.
 1 SYSTEMPATH\CodeIgniter.php(906): App\Controllers\Products->__construct()
 2 SYSTEMPATH\CodeIgniter.php(490): CodeIgniter\CodeIgniter->createController()
 3 SYSTEMPATH\CodeIgniter.php(368): CodeIgniter\CodeIgniter->handleRequest(null, Object(Config\Cache), false)
 4 FCPATH\index.php(67): CodeIgniter\CodeIgniter->run()
WARNING - 2026-05-20 05:03:59 --> [DEPRECATED] Creation of dynamic property App\Controllers\Products::$Orderitemmodel is deprecated in APPPATH\Controllers\Products.php on line 43.
 1 SYSTEMPATH\CodeIgniter.php(906): App\Controllers\Products->__construct()
 2 SYSTEMPATH\CodeIgniter.php(490): CodeIgniter\CodeIgniter->createController()
 3 SYSTEMPATH\CodeIgniter.php(368): CodeIgniter\CodeIgniter->handleRequest(null, Object(Config\Cache), false)
 4 FCPATH\index.php(67): CodeIgniter\CodeIgniter->run()
WARNING - 2026-05-20 05:03:59 --> [DEPRECATED] Creation of dynamic property App\Controllers\Products::$Ordermodel is deprecated in APPPATH\Controllers\Products.php on line 44.
 1 SYSTEMPATH\CodeIgniter.php(906): App\Controllers\Products->__construct()
 2 SYSTEMPATH\CodeIgniter.php(490): CodeIgniter\CodeIgniter->createController()
 3 SYSTEMPATH\CodeIgniter.php(368): CodeIgniter\CodeIgniter->handleRequest(null, Object(Config\Cache), false)
 4 FCPATH\index.php(67): CodeIgniter\CodeIgniter->run()
WARNING - 2026-05-20 05:03:59 --> [DEPRECATED] Creation of dynamic property App\Controllers\Products::$CartModel is deprecated in APPPATH\Controllers\Products.php on line 45.
 1 SYSTEMPATH\CodeIgniter.php(906): App\Controllers\Products->__construct()
 2 SYSTEMPATH\CodeIgniter.php(490): CodeIgniter\CodeIgniter->createController()
 3 SYSTEMPATH\CodeIgniter.php(368): CodeIgniter\CodeIgniter->handleRequest(null, Object(Config\Cache), false)
 4 FCPATH\index.php(67): CodeIgniter\CodeIgniter->run()
WARNING - 2026-05-20 05:03:59 --> [DEPRECATED] Creation of dynamic property App\Controllers\Products::$Reviewmodel is deprecated in APPPATH\Controllers\Products.php on line 46.
 1 SYSTEMPATH\CodeIgniter.php(906): App\Controllers\Products->__construct()
 2 SYSTEMPATH\CodeIgniter.php(490): CodeIgniter\CodeIgniter->createController()
 3 SYSTEMPATH\CodeIgniter.php(368): CodeIgniter\CodeIgniter->handleRequest(null, Object(Config\Cache), false)
 4 FCPATH\index.php(67): CodeIgniter\CodeIgniter->run()
WARNING - 2026-05-20 05:03:59 --> [DEPRECATED] Creation of dynamic property App\Controllers\Products::$TaxesclassModel is deprecated in APPPATH\Controllers\Products.php on line 47.
 1 SYSTEMPATH\CodeIgniter.php(906): App\Controllers\Products->__construct()
 2 SYSTEMPATH\CodeIgniter.php(490): CodeIgniter\CodeIgniter->createController()
 3 SYSTEMPATH\CodeIgniter.php(368): CodeIgniter\CodeIgniter->handleRequest(null, Object(Config\Cache), false)
 4 FCPATH\index.php(67): CodeIgniter\CodeIgniter->run()
WARNING - 2026-05-20 05:03:59 --> [DEPRECATED] Creation of dynamic property App\Controllers\Products::$cms is deprecated in APPPATH\Controllers\Products.php on line 48.
 1 SYSTEMPATH\CodeIgniter.php(906): App\Controllers\Products->__construct()
 2 SYSTEMPATH\CodeIgniter.php(490): CodeIgniter\CodeIgniter->createController()
 3 SYSTEMPATH\CodeIgniter.php(368): CodeIgniter\CodeIgniter->handleRequest(null, Object(Config\Cache), false)
 4 FCPATH\index.php(67): CodeIgniter\CodeIgniter->run()
INFO - 2026-05-20 05:04:03 --> Session: Class initialized using 'CodeIgniter\Session\Handlers\FileHandler' driver.
WARNING - 2026-05-20 05:04:03 --> [DEPRECATED] Creation of dynamic property App\Controllers\Products::$session is deprecated in APPPATH\Controllers\Products.php on line 30.
 1 SYSTEMPATH\CodeIgniter.php(906): App\Controllers\Products->__construct()
 2 SYSTEMPATH\CodeIgniter.php(490): CodeIgniter\CodeIgniter->createController()
 3 SYSTEMPATH\CodeIgniter.php(368): CodeIgniter\CodeIgniter->handleRequest(null, Object(Config\Cache), false)
 4 FCPATH\index.php(67): CodeIgniter\CodeIgniter->run()
WARNING - 2026-05-20 05:04:03 --> Session: Sessions is enabled, and one exists. Please don't $session->start();
WARNING - 2026-05-20 05:04:03 --> [DEPRECATED] Creation of dynamic property App\Controllers\Products::$catagory is deprecated in APPPATH\Controllers\Products.php on line 33.
 1 SYSTEMPATH\CodeIgniter.php(906): App\Controllers\Products->__construct()
 2 SYSTEMPATH\CodeIgniter.php(490): CodeIgniter\CodeIgniter->createController()
 3 SYSTEMPATH\CodeIgniter.php(368): CodeIgniter\CodeIgniter->handleRequest(null, Object(Config\Cache), false)
 4 FCPATH\index.php(67): CodeIgniter\CodeIgniter->run()
WARNING - 2026-05-20 05:04:03 --> [DEPRECATED] Creation of dynamic property App\Controllers\Products::$variation is deprecated in APPPATH\Controllers\Products.php on line 34.
 1 SYSTEMPATH\CodeIgniter.php(906): App\Controllers\Products->__construct()
 2 SYSTEMPATH\CodeIgniter.php(490): CodeIgniter\CodeIgniter->createController()
 3 SYSTEMPATH\CodeIgniter.php(368): CodeIgniter\CodeIgniter->handleRequest(null, Object(Config\Cache), false)
 4 FCPATH\index.php(67): CodeIgniter\CodeIgniter->run()
WARNING - 2026-05-20 05:04:03 --> [DEPRECATED] Creation of dynamic property App\Controllers\Products::$variationtype is deprecated in APPPATH\Controllers\Products.php on line 35.
 1 SYSTEMPATH\CodeIgniter.php(906): App\Controllers\Products->__construct()
 2 SYSTEMPATH\CodeIgniter.php(490): CodeIgniter\CodeIgniter->createController()
 3 SYSTEMPATH\CodeIgniter.php(368): CodeIgniter\CodeIgniter->handleRequest(null, Object(Config\Cache), false)
 4 FCPATH\index.php(67): CodeIgniter\CodeIgniter->run()
WARNING - 2026-05-20 05:04:03 --> [DEPRECATED] Creation of dynamic property App\Controllers\Products::$subcategory is deprecated in APPPATH\Controllers\Products.php on line 36.
 1 SYSTEMPATH\CodeIgniter.php(906): App\Controllers\Products->__construct()
 2 SYSTEMPATH\CodeIgniter.php(490): CodeIgniter\CodeIgniter->createController()
 3 SYSTEMPATH\CodeIgniter.php(368): CodeIgniter\CodeIgniter->handleRequest(null, Object(Config\Cache), false)
 4 FCPATH\index.php(67): CodeIgniter\CodeIgniter->run()
WARNING - 2026-05-20 05:04:03 --> [DEPRECATED] Creation of dynamic property App\Controllers\Products::$product is deprecated in APPPATH\Controllers\Products.php on line 37.
 1 SYSTEMPATH\CodeIgniter.php(906): App\Controllers\Products->__construct()
 2 SYSTEMPATH\CodeIgniter.php(490): CodeIgniter\CodeIgniter->createController()
 3 SYSTEMPATH\CodeIgniter.php(368): CodeIgniter\CodeIgniter->handleRequest(null, Object(Config\Cache), false)
 4 FCPATH\index.php(67): CodeIgniter\CodeIgniter->run()
WARNING - 2026-05-20 05:04:03 --> [DEPRECATED] Creation of dynamic property App\Controllers\Products::$tags is deprecated in APPPATH\Controllers\Products.php on line 38.
 1 SYSTEMPATH\CodeIgniter.php(906): App\Controllers\Products->__construct()
 2 SYSTEMPATH\CodeIgniter.php(490): CodeIgniter\CodeIgniter->createController()
 3 SYSTEMPATH\CodeIgniter.php(368): CodeIgniter\CodeIgniter->handleRequest(null, Object(Config\Cache), false)
 4 FCPATH\index.php(67): CodeIgniter\CodeIgniter->run()
WARNING - 2026-05-20 05:04:03 --> [DEPRECATED] Creation of dynamic property App\Controllers\Products::$shippingmethod is deprecated in APPPATH\Controllers\Products.php on line 39.
 1 SYSTEMPATH\CodeIgniter.php(906): App\Controllers\Products->__construct()
 2 SYSTEMPATH\CodeIgniter.php(490): CodeIgniter\CodeIgniter->createController()
 3 SYSTEMPATH\CodeIgniter.php(368): CodeIgniter\CodeIgniter->handleRequest(null, Object(Config\Cache), false)
 4 FCPATH\index.php(67): CodeIgniter\CodeIgniter->run()
WARNING - 2026-05-20 05:04:03 --> [DEPRECATED] Creation of dynamic property App\Controllers\Products::$optionvalue is deprecated in APPPATH\Controllers\Products.php on line 40.
 1 SYSTEMPATH\CodeIgniter.php(906): App\Controllers\Products->__construct()
 2 SYSTEMPATH\CodeIgniter.php(490): CodeIgniter\CodeIgniter->createController()
 3 SYSTEMPATH\CodeIgniter.php(368): CodeIgniter\CodeIgniter->handleRequest(null, Object(Config\Cache), false)
 4 FCPATH\index.php(67): CodeIgniter\CodeIgniter->run()
WARNING - 2026-05-20 05:04:03 --> [DEPRECATED] Creation of dynamic property App\Controllers\Products::$brand is deprecated in APPPATH\Controllers\Products.php on line 41.
 1 SYSTEMPATH\CodeIgniter.php(906): App\Controllers\Products->__construct()
 2 SYSTEMPATH\CodeIgniter.php(490): CodeIgniter\CodeIgniter->createController()
 3 SYSTEMPATH\CodeIgniter.php(368): CodeIgniter\CodeIgniter->handleRequest(null, Object(Config\Cache), false)
 4 FCPATH\index.php(67): CodeIgniter\CodeIgniter->run()
WARNING - 2026-05-20 05:04:03 --> [DEPRECATED] Creation of dynamic property App\Controllers\Products::$Allsettings is deprecated in APPPATH\Controllers\Products.php on line 42.
 1 SYSTEMPATH\CodeIgniter.php(906): App\Controllers\Products->__construct()
 2 SYSTEMPATH\CodeIgniter.php(490): CodeIgniter\CodeIgniter->createController()
 3 SYSTEMPATH\CodeIgniter.php(368): CodeIgniter\CodeIgniter->handleRequest(null, Object(Config\Cache), false)
 4 FCPATH\index.php(67): CodeIgniter\CodeIgniter->run()
WARNING - 2026-05-20 05:04:03 --> [DEPRECATED] Creation of dynamic property App\Controllers\Products::$Orderitemmodel is deprecated in APPPATH\Controllers\Products.php on line 43.
 1 SYSTEMPATH\CodeIgniter.php(906): App\Controllers\Products->__construct()
 2 SYSTEMPATH\CodeIgniter.php(490): CodeIgniter\CodeIgniter->createController()
 3 SYSTEMPATH\CodeIgniter.php(368): CodeIgniter\CodeIgniter->handleRequest(null, Object(Config\Cache), false)
 4 FCPATH\index.php(67): CodeIgniter\CodeIgniter->run()
WARNING - 2026-05-20 05:04:03 --> [DEPRECATED] Creation of dynamic property App\Controllers\Products::$Ordermodel is deprecated in APPPATH\Controllers\Products.php on line 44.
 1 SYSTEMPATH\CodeIgniter.php(906): App\Controllers\Products->__construct()
 2 SYSTEMPATH\CodeIgniter.php(490): CodeIgniter\CodeIgniter->createController()
 3 SYSTEMPATH\CodeIgniter.php(368): CodeIgniter\CodeIgniter->handleRequest(null, Object(Config\Cache), false)
 4 FCPATH\index.php(67): CodeIgniter\CodeIgniter->run()
WARNING - 2026-05-20 05:04:03 --> [DEPRECATED] Creation of dynamic property App\Controllers\Products::$CartModel is deprecated in APPPATH\Controllers\Products.php on line 45.
 1 SYSTEMPATH\CodeIgniter.php(906): App\Controllers\Products->__construct()
 2 SYSTEMPATH\CodeIgniter.php(490): CodeIgniter\CodeIgniter->createController()
 3 SYSTEMPATH\CodeIgniter.php(368): CodeIgniter\CodeIgniter->handleRequest(null, Object(Config\Cache), false)
 4 FCPATH\index.php(67): CodeIgniter\CodeIgniter->run()
WARNING - 2026-05-20 05:04:03 --> [DEPRECATED] Creation of dynamic property App\Controllers\Products::$Reviewmodel is deprecated in APPPATH\Controllers\Products.php on line 46.
 1 SYSTEMPATH\CodeIgniter.php(906): App\Controllers\Products->__construct()
 2 SYSTEMPATH\CodeIgniter.php(490): CodeIgniter\CodeIgniter->createController()
 3 SYSTEMPATH\CodeIgniter.php(368): CodeIgniter\CodeIgniter->handleRequest(null, Object(Config\Cache), false)
 4 FCPATH\index.php(67): CodeIgniter\CodeIgniter->run()
WARNING - 2026-05-20 05:04:03 --> [DEPRECATED] Creation of dynamic property App\Controllers\Products::$TaxesclassModel is deprecated in APPPATH\Controllers\Products.php on line 47.
 1 SYSTEMPATH\CodeIgniter.php(906): App\Controllers\Products->__construct()
 2 SYSTEMPATH\CodeIgniter.php(490): CodeIgniter\CodeIgniter->createController()
 3 SYSTEMPATH\CodeIgniter.php(368): CodeIgniter\CodeIgniter->handleRequest(null, Object(Config\Cache), false)
 4 FCPATH\index.php(67): CodeIgniter\CodeIgniter->run()
WARNING - 2026-05-20 05:04:03 --> [DEPRECATED] Creation of dynamic property App\Controllers\Products::$cms is deprecated in APPPATH\Controllers\Products.php on line 48.
 1 SYSTEMPATH\CodeIgniter.php(906): App\Controllers\Products->__construct()
 2 SYSTEMPATH\CodeIgniter.php(490): CodeIgniter\CodeIgniter->createController()
 3 SYSTEMPATH\CodeIgniter.php(368): CodeIgniter\CodeIgniter->handleRequest(null, Object(Config\Cache), false)
 4 FCPATH\index.php(67): CodeIgniter\CodeIgniter->run()
INFO - 2026-05-20 05:04:26 --> Session: Class initialized using 'CodeIgniter\Session\Handlers\FileHandler' driver.
WARNING - 2026-05-20 05:04:26 --> [DEPRECATED] Creation of dynamic property App\Controllers\Products::$session is deprecated in APPPATH\Controllers\Products.php on line 30.
 1 SYSTEMPATH\CodeIgniter.php(906): App\Controllers\Products->__construct()
 2 SYSTEMPATH\CodeIgniter.php(490): CodeIgniter\CodeIgniter->createController()
 3 SYSTEMPATH\CodeIgniter.php(368): CodeIgniter\CodeIgniter->handleRequest(null, Object(Config\Cache), false)
 4 FCPATH\index.php(67): CodeIgniter\CodeIgniter->run()
WARNING - 2026-05-20 05:04:26 --> Session: Sessions is enabled, and one exists. Please don't $session->start();
WARNING - 2026-05-20 05:04:26 --> [DEPRECATED] Creation of dynamic property App\Controllers\Products::$catagory is deprecated in APPPATH\Controllers\Products.php on line 33.
 1 SYSTEMPATH\CodeIgniter.php(906): App\Controllers\Products->__construct()
 2 SYSTEMPATH\CodeIgniter.php(490): CodeIgniter\CodeIgniter->createController()
 3 SYSTEMPATH\CodeIgniter.php(368): CodeIgniter\CodeIgniter->handleRequest(null, Object(Config\Cache), false)
 4 FCPATH\index.php(67): CodeIgniter\CodeIgniter->run()
WARNING - 2026-05-20 05:04:26 --> [DEPRECATED] Creation of dynamic property App\Controllers\Products::$variation is deprecated in APPPATH\Controllers\Products.php on line 34.
 1 SYSTEMPATH\CodeIgniter.php(906): App\Controllers\Products->__construct()
 2 SYSTEMPATH\CodeIgniter.php(490): CodeIgniter\CodeIgniter->createController()
 3 SYSTEMPATH\CodeIgniter.php(368): CodeIgniter\CodeIgniter->handleRequest(null, Object(Config\Cache), false)
 4 FCPATH\index.php(67): CodeIgniter\CodeIgniter->run()
WARNING - 2026-05-20 05:04:26 --> [DEPRECATED] Creation of dynamic property App\Controllers\Products::$variationtype is deprecated in APPPATH\Controllers\Products.php on line 35.
 1 SYSTEMPATH\CodeIgniter.php(906): App\Controllers\Products->__construct()
 2 SYSTEMPATH\CodeIgniter.php(490): CodeIgniter\CodeIgniter->createController()
 3 SYSTEMPATH\CodeIgniter.php(368): CodeIgniter\CodeIgniter->handleRequest(null, Object(Config\Cache), false)
 4 FCPATH\index.php(67): CodeIgniter\CodeIgniter->run()
WARNING - 2026-05-20 05:04:26 --> [DEPRECATED] Creation of dynamic property App\Controllers\Products::$subcategory is deprecated in APPPATH\Controllers\Products.php on line 36.
 1 SYSTEMPATH\CodeIgniter.php(906): App\Controllers\Products->__construct()
 2 SYSTEMPATH\CodeIgniter.php(490): CodeIgniter\CodeIgniter->createController()
 3 SYSTEMPATH\CodeIgniter.php(368): CodeIgniter\CodeIgniter->handleRequest(null, Object(Config\Cache), false)
 4 FCPATH\index.php(67): CodeIgniter\CodeIgniter->run()
WARNING - 2026-05-20 05:04:26 --> [DEPRECATED] Creation of dynamic property App\Controllers\Products::$product is deprecated in APPPATH\Controllers\Products.php on line 37.
 1 SYSTEMPATH\CodeIgniter.php(906): App\Controllers\Products->__construct()
 2 SYSTEMPATH\CodeIgniter.php(490): CodeIgniter\CodeIgniter->createController()
 3 SYSTEMPATH\CodeIgniter.php(368): CodeIgniter\CodeIgniter->handleRequest(null, Object(Config\Cache), false)
 4 FCPATH\index.php(67): CodeIgniter\CodeIgniter->run()
WARNING - 2026-05-20 05:04:26 --> [DEPRECATED] Creation of dynamic property App\Controllers\Products::$tags is deprecated in APPPATH\Controllers\Products.php on line 38.
 1 SYSTEMPATH\CodeIgniter.php(906): App\Controllers\Products->__construct()
 2 SYSTEMPATH\CodeIgniter.php(490): CodeIgniter\CodeIgniter->createController()
 3 SYSTEMPATH\CodeIgniter.php(368): CodeIgniter\CodeIgniter->handleRequest(null, Object(Config\Cache), false)
 4 FCPATH\index.php(67): CodeIgniter\CodeIgniter->run()
WARNING - 2026-05-20 05:04:26 --> [DEPRECATED] Creation of dynamic property App\Controllers\Products::$shippingmethod is deprecated in APPPATH\Controllers\Products.php on line 39.
 1 SYSTEMPATH\CodeIgniter.php(906): App\Controllers\Products->__construct()
 2 SYSTEMPATH\CodeIgniter.php(490): CodeIgniter\CodeIgniter->createController()
 3 SYSTEMPATH\CodeIgniter.php(368): CodeIgniter\CodeIgniter->handleRequest(null, Object(Config\Cache), false)
 4 FCPATH\index.php(67): CodeIgniter\CodeIgniter->run()
WARNING - 2026-05-20 05:04:26 --> [DEPRECATED] Creation of dynamic property App\Controllers\Products::$optionvalue is deprecated in APPPATH\Controllers\Products.php on line 40.
 1 SYSTEMPATH\CodeIgniter.php(906): App\Controllers\Products->__construct()
 2 SYSTEMPATH\CodeIgniter.php(490): CodeIgniter\CodeIgniter->createController()
 3 SYSTEMPATH\CodeIgniter.php(368): CodeIgniter\CodeIgniter->handleRequest(null, Object(Config\Cache), false)
 4 FCPATH\index.php(67): CodeIgniter\CodeIgniter->run()
WARNING - 2026-05-20 05:04:26 --> [DEPRECATED] Creation of dynamic property App\Controllers\Products::$brand is deprecated in APPPATH\Controllers\Products.php on line 41.
 1 SYSTEMPATH\CodeIgniter.php(906): App\Controllers\Products->__construct()
 2 SYSTEMPATH\CodeIgniter.php(490): CodeIgniter\CodeIgniter->createController()
 3 SYSTEMPATH\CodeIgniter.php(368): CodeIgniter\CodeIgniter->handleRequest(null, Object(Config\Cache), false)
 4 FCPATH\index.php(67): CodeIgniter\CodeIgniter->run()
WARNING - 2026-05-20 05:04:26 --> [DEPRECATED] Creation of dynamic property App\Controllers\Products::$Allsettings is deprecated in APPPATH\Controllers\Products.php on line 42.
 1 SYSTEMPATH\CodeIgniter.php(906): App\Controllers\Products->__construct()
 2 SYSTEMPATH\CodeIgniter.php(490): CodeIgniter\CodeIgniter->createController()
 3 SYSTEMPATH\CodeIgniter.php(368): CodeIgniter\CodeIgniter->handleRequest(null, Object(Config\Cache), false)
 4 FCPATH\index.php(67): CodeIgniter\CodeIgniter->run()
WARNING - 2026-05-20 05:04:26 --> [DEPRECATED] Creation of dynamic property App\Controllers\Products::$Orderitemmodel is deprecated in APPPATH\Controllers\Products.php on line 43.
 1 SYSTEMPATH\CodeIgniter.php(906): App\Controllers\Products->__construct()
 2 SYSTEMPATH\CodeIgniter.php(490): CodeIgniter\CodeIgniter->createController()
 3 SYSTEMPATH\CodeIgniter.php(368): CodeIgniter\CodeIgniter->handleRequest(null, Object(Config\Cache), false)
 4 FCPATH\index.php(67): CodeIgniter\CodeIgniter->run()
WARNING - 2026-05-20 05:04:26 --> [DEPRECATED] Creation of dynamic property App\Controllers\Products::$Ordermodel is deprecated in APPPATH\Controllers\Products.php on line 44.
 1 SYSTEMPATH\CodeIgniter.php(906): App\Controllers\Products->__construct()
 2 SYSTEMPATH\CodeIgniter.php(490): CodeIgniter\CodeIgniter->createController()
 3 SYSTEMPATH\CodeIgniter.php(368): CodeIgniter\CodeIgniter->handleRequest(null, Object(Config\Cache), false)
 4 FCPATH\index.php(67): CodeIgniter\CodeIgniter->run()
WARNING - 2026-05-20 05:04:26 --> [DEPRECATED] Creation of dynamic property App\Controllers\Products::$CartModel is deprecated in APPPATH\Controllers\Products.php on line 45.
 1 SYSTEMPATH\CodeIgniter.php(906): App\Controllers\Products->__construct()
 2 SYSTEMPATH\CodeIgniter.php(490): CodeIgniter\CodeIgniter->createController()
 3 SYSTEMPATH\CodeIgniter.php(368): CodeIgniter\CodeIgniter->handleRequest(null, Object(Config\Cache), false)
 4 FCPATH\index.php(67): CodeIgniter\CodeIgniter->run()
WARNING - 2026-05-20 05:04:26 --> [DEPRECATED] Creation of dynamic property App\Controllers\Products::$Reviewmodel is deprecated in APPPATH\Controllers\Products.php on line 46.
 1 SYSTEMPATH\CodeIgniter.php(906): App\Controllers\Products->__construct()
 2 SYSTEMPATH\CodeIgniter.php(490): CodeIgniter\CodeIgniter->createController()
 3 SYSTEMPATH\CodeIgniter.php(368): CodeIgniter\CodeIgniter->handleRequest(null, Object(Config\Cache), false)
 4 FCPATH\index.php(67): CodeIgniter\CodeIgniter->run()
WARNING - 2026-05-20 05:04:26 --> [DEPRECATED] Creation of dynamic property App\Controllers\Products::$TaxesclassModel is deprecated in APPPATH\Controllers\Products.php on line 47.
 1 SYSTEMPATH\CodeIgniter.php(906): App\Controllers\Products->__construct()
 2 SYSTEMPATH\CodeIgniter.php(490): CodeIgniter\CodeIgniter->createController()
 3 SYSTEMPATH\CodeIgniter.php(368): CodeIgniter\CodeIgniter->handleRequest(null, Object(Config\Cache), false)
 4 FCPATH\index.php(67): CodeIgniter\CodeIgniter->run()
WARNING - 2026-05-20 05:04:26 --> [DEPRECATED] Creation of dynamic property App\Controllers\Products::$cms is deprecated in APPPATH\Controllers\Products.php on line 48.
 1 SYSTEMPATH\CodeIgniter.php(906): App\Controllers\Products->__construct()
 2 SYSTEMPATH\CodeIgniter.php(490): CodeIgniter\CodeIgniter->createController()
 3 SYSTEMPATH\CodeIgniter.php(368): CodeIgniter\CodeIgniter->handleRequest(null, Object(Config\Cache), false)
 4 FCPATH\index.php(67): CodeIgniter\CodeIgniter->run()
WARNING - 2026-05-20 05:04:26 --> [DEPRECATED] json_decode(): Passing null to parameter #1 ($json) of type string is deprecated in APPPATH\Controllers\Products.php on line 631.
 1 APPPATH\Controllers\Products.php(631): json_decode(null)
 2 SYSTEMPATH\CodeIgniter.php(934): App\Controllers\Products->view_product_details('14')
 3 SYSTEMPATH\CodeIgniter.php(499): CodeIgniter\CodeIgniter->runController(Object(App\Controllers\Products))
 4 SYSTEMPATH\CodeIgniter.php(368): CodeIgniter\CodeIgniter->handleRequest(null, Object(Config\Cache), false)
 5 FCPATH\index.php(67): CodeIgniter\CodeIgniter->run()
INFO - 2026-05-20 05:04:37 --> Session: Class initialized using 'CodeIgniter\Session\Handlers\FileHandler' driver.
WARNING - 2026-05-20 05:04:37 --> [DEPRECATED] Creation of dynamic property App\Controllers\Products::$session is deprecated in APPPATH\Controllers\Products.php on line 30.
 1 SYSTEMPATH\CodeIgniter.php(906): App\Controllers\Products->__construct()
 2 SYSTEMPATH\CodeIgniter.php(490): CodeIgniter\CodeIgniter->createController()
 3 SYSTEMPATH\CodeIgniter.php(368): CodeIgniter\CodeIgniter->handleRequest(null, Object(Config\Cache), false)
 4 FCPATH\index.php(67): CodeIgniter\CodeIgniter->run()
WARNING - 2026-05-20 05:04:37 --> Session: Sessions is enabled, and one exists. Please don't $session->start();
WARNING - 2026-05-20 05:04:37 --> [DEPRECATED] Creation of dynamic property App\Controllers\Products::$catagory is deprecated in APPPATH\Controllers\Products.php on line 33.
 1 SYSTEMPATH\CodeIgniter.php(906): App\Controllers\Products->__construct()
 2 SYSTEMPATH\CodeIgniter.php(490): CodeIgniter\CodeIgniter->createController()
 3 SYSTEMPATH\CodeIgniter.php(368): CodeIgniter\CodeIgniter->handleRequest(null, Object(Config\Cache), false)
 4 FCPATH\index.php(67): CodeIgniter\CodeIgniter->run()
WARNING - 2026-05-20 05:04:37 --> [DEPRECATED] Creation of dynamic property App\Controllers\Products::$variation is deprecated in APPPATH\Controllers\Products.php on line 34.
 1 SYSTEMPATH\CodeIgniter.php(906): App\Controllers\Products->__construct()
 2 SYSTEMPATH\CodeIgniter.php(490): CodeIgniter\CodeIgniter->createController()
 3 SYSTEMPATH\CodeIgniter.php(368): CodeIgniter\CodeIgniter->handleRequest(null, Object(Config\Cache), false)
 4 FCPATH\index.php(67): CodeIgniter\CodeIgniter->run()
WARNING - 2026-05-20 05:04:37 --> [DEPRECATED] Creation of dynamic property App\Controllers\Products::$variationtype is deprecated in APPPATH\Controllers\Products.php on line 35.
 1 SYSTEMPATH\CodeIgniter.php(906): App\Controllers\Products->__construct()
 2 SYSTEMPATH\CodeIgniter.php(490): CodeIgniter\CodeIgniter->createController()
 3 SYSTEMPATH\CodeIgniter.php(368): CodeIgniter\CodeIgniter->handleRequest(null, Object(Config\Cache), false)
 4 FCPATH\index.php(67): CodeIgniter\CodeIgniter->run()
WARNING - 2026-05-20 05:04:37 --> [DEPRECATED] Creation of dynamic property App\Controllers\Products::$subcategory is deprecated in APPPATH\Controllers\Products.php on line 36.
 1 SYSTEMPATH\CodeIgniter.php(906): App\Controllers\Products->__construct()
 2 SYSTEMPATH\CodeIgniter.php(490): CodeIgniter\CodeIgniter->createController()
 3 SYSTEMPATH\CodeIgniter.php(368): CodeIgniter\CodeIgniter->handleRequest(null, Object(Config\Cache), false)
 4 FCPATH\index.php(67): CodeIgniter\CodeIgniter->run()
WARNING - 2026-05-20 05:04:37 --> [DEPRECATED] Creation of dynamic property App\Controllers\Products::$product is deprecated in APPPATH\Controllers\Products.php on line 37.
 1 SYSTEMPATH\CodeIgniter.php(906): App\Controllers\Products->__construct()
 2 SYSTEMPATH\CodeIgniter.php(490): CodeIgniter\CodeIgniter->createController()
 3 SYSTEMPATH\CodeIgniter.php(368): CodeIgniter\CodeIgniter->handleRequest(null, Object(Config\Cache), false)
 4 FCPATH\index.php(67): CodeIgniter\CodeIgniter->run()
WARNING - 2026-05-20 05:04:37 --> [DEPRECATED] Creation of dynamic property App\Controllers\Products::$tags is deprecated in APPPATH\Controllers\Products.php on line 38.
 1 SYSTEMPATH\CodeIgniter.php(906): App\Controllers\Products->__construct()
 2 SYSTEMPATH\CodeIgniter.php(490): CodeIgniter\CodeIgniter->createController()
 3 SYSTEMPATH\CodeIgniter.php(368): CodeIgniter\CodeIgniter->handleRequest(null, Object(Config\Cache), false)
 4 FCPATH\index.php(67): CodeIgniter\CodeIgniter->run()
WARNING - 2026-05-20 05:04:37 --> [DEPRECATED] Creation of dynamic property App\Controllers\Products::$shippingmethod is deprecated in APPPATH\Controllers\Products.php on line 39.
 1 SYSTEMPATH\CodeIgniter.php(906): App\Controllers\Products->__construct()
 2 SYSTEMPATH\CodeIgniter.php(490): CodeIgniter\CodeIgniter->createController()
 3 SYSTEMPATH\CodeIgniter.php(368): CodeIgniter\CodeIgniter->handleRequest(null, Object(Config\Cache), false)
 4 FCPATH\index.php(67): CodeIgniter\CodeIgniter->run()
WARNING - 2026-05-20 05:04:37 --> [DEPRECATED] Creation of dynamic property App\Controllers\Products::$optionvalue is deprecated in APPPATH\Controllers\Products.php on line 40.
 1 SYSTEMPATH\CodeIgniter.php(906): App\Controllers\Products->__construct()
 2 SYSTEMPATH\CodeIgniter.php(490): CodeIgniter\CodeIgniter->createController()
 3 SYSTEMPATH\CodeIgniter.php(368): CodeIgniter\CodeIgniter->handleRequest(null, Object(Config\Cache), false)
 4 FCPATH\index.php(67): CodeIgniter\CodeIgniter->run()
WARNING - 2026-05-20 05:04:37 --> [DEPRECATED] Creation of dynamic property App\Controllers\Products::$brand is deprecated in APPPATH\Controllers\Products.php on line 41.
 1 SYSTEMPATH\CodeIgniter.php(906): App\Controllers\Products->__construct()
 2 SYSTEMPATH\CodeIgniter.php(490): CodeIgniter\CodeIgniter->createController()
 3 SYSTEMPATH\CodeIgniter.php(368): CodeIgniter\CodeIgniter->handleRequest(null, Object(Config\Cache), false)
 4 FCPATH\index.php(67): CodeIgniter\CodeIgniter->run()
WARNING - 2026-05-20 05:04:37 --> [DEPRECATED] Creation of dynamic property App\Controllers\Products::$Allsettings is deprecated in APPPATH\Controllers\Products.php on line 42.
 1 SYSTEMPATH\CodeIgniter.php(906): App\Controllers\Products->__construct()
 2 SYSTEMPATH\CodeIgniter.php(490): CodeIgniter\CodeIgniter->createController()
 3 SYSTEMPATH\CodeIgniter.php(368): CodeIgniter\CodeIgniter->handleRequest(null, Object(Config\Cache), false)
 4 FCPATH\index.php(67): CodeIgniter\CodeIgniter->run()
WARNING - 2026-05-20 05:04:37 --> [DEPRECATED] Creation of dynamic property App\Controllers\Products::$Orderitemmodel is deprecated in APPPATH\Controllers\Products.php on line 43.
 1 SYSTEMPATH\CodeIgniter.php(906): App\Controllers\Products->__construct()
 2 SYSTEMPATH\CodeIgniter.php(490): CodeIgniter\CodeIgniter->createController()
 3 SYSTEMPATH\CodeIgniter.php(368): CodeIgniter\CodeIgniter->handleRequest(null, Object(Config\Cache), false)
 4 FCPATH\index.php(67): CodeIgniter\CodeIgniter->run()
WARNING - 2026-05-20 05:04:37 --> [DEPRECATED] Creation of dynamic property App\Controllers\Products::$Ordermodel is deprecated in APPPATH\Controllers\Products.php on line 44.
 1 SYSTEMPATH\CodeIgniter.php(906): App\Controllers\Products->__construct()
 2 SYSTEMPATH\CodeIgniter.php(490): CodeIgniter\CodeIgniter->createController()
 3 SYSTEMPATH\CodeIgniter.php(368): CodeIgniter\CodeIgniter->handleRequest(null, Object(Config\Cache), false)
 4 FCPATH\index.php(67): CodeIgniter\CodeIgniter->run()
WARNING - 2026-05-20 05:04:37 --> [DEPRECATED] Creation of dynamic property App\Controllers\Products::$CartModel is deprecated in APPPATH\Controllers\Products.php on line 45.
 1 SYSTEMPATH\CodeIgniter.php(906): App\Controllers\Products->__construct()
 2 SYSTEMPATH\CodeIgniter.php(490): CodeIgniter\CodeIgniter->createController()
 3 SYSTEMPATH\CodeIgniter.php(368): CodeIgniter\CodeIgniter->handleRequest(null, Object(Config\Cache), false)
 4 FCPATH\index.php(67): CodeIgniter\CodeIgniter->run()
WARNING - 2026-05-20 05:04:37 --> [DEPRECATED] Creation of dynamic property App\Controllers\Products::$Reviewmodel is deprecated in APPPATH\Controllers\Products.php on line 46.
 1 SYSTEMPATH\CodeIgniter.php(906): App\Controllers\Products->__construct()
 2 SYSTEMPATH\CodeIgniter.php(490): CodeIgniter\CodeIgniter->createController()
 3 SYSTEMPATH\CodeIgniter.php(368): CodeIgniter\CodeIgniter->handleRequest(null, Object(Config\Cache), false)
 4 FCPATH\index.php(67): CodeIgniter\CodeIgniter->run()
WARNING - 2026-05-20 05:04:37 --> [DEPRECATED] Creation of dynamic property App\Controllers\Products::$TaxesclassModel is deprecated in APPPATH\Controllers\Products.php on line 47.
 1 SYSTEMPATH\CodeIgniter.php(906): App\Controllers\Products->__construct()
 2 SYSTEMPATH\CodeIgniter.php(490): CodeIgniter\CodeIgniter->createController()
 3 SYSTEMPATH\CodeIgniter.php(368): CodeIgniter\CodeIgniter->handleRequest(null, Object(Config\Cache), false)
 4 FCPATH\index.php(67): CodeIgniter\CodeIgniter->run()
WARNING - 2026-05-20 05:04:37 --> [DEPRECATED] Creation of dynamic property App\Controllers\Products::$cms is deprecated in APPPATH\Controllers\Products.php on line 48.
 1 SYSTEMPATH\CodeIgniter.php(906): App\Controllers\Products->__construct()
 2 SYSTEMPATH\CodeIgniter.php(490): CodeIgniter\CodeIgniter->createController()
 3 SYSTEMPATH\CodeIgniter.php(368): CodeIgniter\CodeIgniter->handleRequest(null, Object(Config\Cache), false)
 4 FCPATH\index.php(67): CodeIgniter\CodeIgniter->run()
INFO - 2026-05-20 05:04:39 --> Session: Class initialized using 'CodeIgniter\Session\Handlers\FileHandler' driver.
WARNING - 2026-05-20 05:04:39 --> [DEPRECATED] Creation of dynamic property App\Controllers\Products::$session is deprecated in APPPATH\Controllers\Products.php on line 30.
 1 SYSTEMPATH\CodeIgniter.php(906): App\Controllers\Products->__construct()
 2 SYSTEMPATH\CodeIgniter.php(490): CodeIgniter\CodeIgniter->createController()
 3 SYSTEMPATH\CodeIgniter.php(368): CodeIgniter\CodeIgniter->handleRequest(null, Object(Config\Cache), false)
 4 FCPATH\index.php(67): CodeIgniter\CodeIgniter->run()
WARNING - 2026-05-20 05:04:39 --> Session: Sessions is enabled, and one exists. Please don't $session->start();
WARNING - 2026-05-20 05:04:39 --> [DEPRECATED] Creation of dynamic property App\Controllers\Products::$catagory is deprecated in APPPATH\Controllers\Products.php on line 33.
 1 SYSTEMPATH\CodeIgniter.php(906): App\Controllers\Products->__construct()
 2 SYSTEMPATH\CodeIgniter.php(490): CodeIgniter\CodeIgniter->createController()
 3 SYSTEMPATH\CodeIgniter.php(368): CodeIgniter\CodeIgniter->handleRequest(null, Object(Config\Cache), false)
 4 FCPATH\index.php(67): CodeIgniter\CodeIgniter->run()
WARNING - 2026-05-20 05:04:39 --> [DEPRECATED] Creation of dynamic property App\Controllers\Products::$variation is deprecated in APPPATH\Controllers\Products.php on line 34.
 1 SYSTEMPATH\CodeIgniter.php(906): App\Controllers\Products->__construct()
 2 SYSTEMPATH\CodeIgniter.php(490): CodeIgniter\CodeIgniter->createController()
 3 SYSTEMPATH\CodeIgniter.php(368): CodeIgniter\CodeIgniter->handleRequest(null, Object(Config\Cache), false)
 4 FCPATH\index.php(67): CodeIgniter\CodeIgniter->run()
WARNING - 2026-05-20 05:04:39 --> [DEPRECATED] Creation of dynamic property App\Controllers\Products::$variationtype is deprecated in APPPATH\Controllers\Products.php on line 35.
 1 SYSTEMPATH\CodeIgniter.php(906): App\Controllers\Products->__construct()
 2 SYSTEMPATH\CodeIgniter.php(490): CodeIgniter\CodeIgniter->createController()
 3 SYSTEMPATH\CodeIgniter.php(368): CodeIgniter\CodeIgniter->handleRequest(null, Object(Config\Cache), false)
 4 FCPATH\index.php(67): CodeIgniter\CodeIgniter->run()
WARNING - 2026-05-20 05:04:39 --> [DEPRECATED] Creation of dynamic property App\Controllers\Products::$subcategory is deprecated in APPPATH\Controllers\Products.php on line 36.
 1 SYSTEMPATH\CodeIgniter.php(906): App\Controllers\Products->__construct()
 2 SYSTEMPATH\CodeIgniter.php(490): CodeIgniter\CodeIgniter->createController()
 3 SYSTEMPATH\CodeIgniter.php(368): CodeIgniter\CodeIgniter->handleRequest(null, Object(Config\Cache), false)
 4 FCPATH\index.php(67): CodeIgniter\CodeIgniter->run()
WARNING - 2026-05-20 05:04:39 --> [DEPRECATED] Creation of dynamic property App\Controllers\Products::$product is deprecated in APPPATH\Controllers\Products.php on line 37.
 1 SYSTEMPATH\CodeIgniter.php(906): App\Controllers\Products->__construct()
 2 SYSTEMPATH\CodeIgniter.php(490): CodeIgniter\CodeIgniter->createController()
 3 SYSTEMPATH\CodeIgniter.php(368): CodeIgniter\CodeIgniter->handleRequest(null, Object(Config\Cache), false)
 4 FCPATH\index.php(67): CodeIgniter\CodeIgniter->run()
WARNING - 2026-05-20 05:04:39 --> [DEPRECATED] Creation of dynamic property App\Controllers\Products::$tags is deprecated in APPPATH\Controllers\Products.php on line 38.
 1 SYSTEMPATH\CodeIgniter.php(906): App\Controllers\Products->__construct()
 2 SYSTEMPATH\CodeIgniter.php(490): CodeIgniter\CodeIgniter->createController()
 3 SYSTEMPATH\CodeIgniter.php(368): CodeIgniter\CodeIgniter->handleRequest(null, Object(Config\Cache), false)
 4 FCPATH\index.php(67): CodeIgniter\CodeIgniter->run()
WARNING - 2026-05-20 05:04:39 --> [DEPRECATED] Creation of dynamic property App\Controllers\Products::$shippingmethod is deprecated in APPPATH\Controllers\Products.php on line 39.
 1 SYSTEMPATH\CodeIgniter.php(906): App\Controllers\Products->__construct()
 2 SYSTEMPATH\CodeIgniter.php(490): CodeIgniter\CodeIgniter->createController()
 3 SYSTEMPATH\CodeIgniter.php(368): CodeIgniter\CodeIgniter->handleRequest(null, Object(Config\Cache), false)
 4 FCPATH\index.php(67): CodeIgniter\CodeIgniter->run()
WARNING - 2026-05-20 05:04:39 --> [DEPRECATED] Creation of dynamic property App\Controllers\Products::$optionvalue is deprecated in APPPATH\Controllers\Products.php on line 40.
 1 SYSTEMPATH\CodeIgniter.php(906): App\Controllers\Products->__construct()
 2 SYSTEMPATH\CodeIgniter.php(490): CodeIgniter\CodeIgniter->createController()
 3 SYSTEMPATH\CodeIgniter.php(368): CodeIgniter\CodeIgniter->handleRequest(null, Object(Config\Cache), false)
 4 FCPATH\index.php(67): CodeIgniter\CodeIgniter->run()
WARNING - 2026-05-20 05:04:39 --> [DEPRECATED] Creation of dynamic property App\Controllers\Products::$brand is deprecated in APPPATH\Controllers\Products.php on line 41.
 1 SYSTEMPATH\CodeIgniter.php(906): App\Controllers\Products->__construct()
 2 SYSTEMPATH\CodeIgniter.php(490): CodeIgniter\CodeIgniter->createController()
 3 SYSTEMPATH\CodeIgniter.php(368): CodeIgniter\CodeIgniter->handleRequest(null, Object(Config\Cache), false)
 4 FCPATH\index.php(67): CodeIgniter\CodeIgniter->run()
WARNING - 2026-05-20 05:04:39 --> [DEPRECATED] Creation of dynamic property App\Controllers\Products::$Allsettings is deprecated in APPPATH\Controllers\Products.php on line 42.
 1 SYSTEMPATH\CodeIgniter.php(906): App\Controllers\Products->__construct()
 2 SYSTEMPATH\CodeIgniter.php(490): CodeIgniter\CodeIgniter->createController()
 3 SYSTEMPATH\CodeIgniter.php(368): CodeIgniter\CodeIgniter->handleRequest(null, Object(Config\Cache), false)
 4 FCPATH\index.php(67): CodeIgniter\CodeIgniter->run()
WARNING - 2026-05-20 05:04:39 --> [DEPRECATED] Creation of dynamic property App\Controllers\Products::$Orderitemmodel is deprecated in APPPATH\Controllers\Products.php on line 43.
 1 SYSTEMPATH\CodeIgniter.php(906): App\Controllers\Products->__construct()
 2 SYSTEMPATH\CodeIgniter.php(490): CodeIgniter\CodeIgniter->createController()
 3 SYSTEMPATH\CodeIgniter.php(368): CodeIgniter\CodeIgniter->handleRequest(null, Object(Config\Cache), false)
 4 FCPATH\index.php(67): CodeIgniter\CodeIgniter->run()
WARNING - 2026-05-20 05:04:39 --> [DEPRECATED] Creation of dynamic property App\Controllers\Products::$Ordermodel is deprecated in APPPATH\Controllers\Products.php on line 44.
 1 SYSTEMPATH\CodeIgniter.php(906): App\Controllers\Products->__construct()
 2 SYSTEMPATH\CodeIgniter.php(490): CodeIgniter\CodeIgniter->createController()
 3 SYSTEMPATH\CodeIgniter.php(368): CodeIgniter\CodeIgniter->handleRequest(null, Object(Config\Cache), false)
 4 FCPATH\index.php(67): CodeIgniter\CodeIgniter->run()
WARNING - 2026-05-20 05:04:39 --> [DEPRECATED] Creation of dynamic property App\Controllers\Products::$CartModel is deprecated in APPPATH\Controllers\Products.php on line 45.
 1 SYSTEMPATH\CodeIgniter.php(906): App\Controllers\Products->__construct()
 2 SYSTEMPATH\CodeIgniter.php(490): CodeIgniter\CodeIgniter->createController()
 3 SYSTEMPATH\CodeIgniter.php(368): CodeIgniter\CodeIgniter->handleRequest(null, Object(Config\Cache), false)
 4 FCPATH\index.php(67): CodeIgniter\CodeIgniter->run()
WARNING - 2026-05-20 05:04:39 --> [DEPRECATED] Creation of dynamic property App\Controllers\Products::$Reviewmodel is deprecated in APPPATH\Controllers\Products.php on line 46.
 1 SYSTEMPATH\CodeIgniter.php(906): App\Controllers\Products->__construct()
 2 SYSTEMPATH\CodeIgniter.php(490): CodeIgniter\CodeIgniter->createController()
 3 SYSTEMPATH\CodeIgniter.php(368): CodeIgniter\CodeIgniter->handleRequest(null, Object(Config\Cache), false)
 4 FCPATH\index.php(67): CodeIgniter\CodeIgniter->run()
WARNING - 2026-05-20 05:04:39 --> [DEPRECATED] Creation of dynamic property App\Controllers\Products::$TaxesclassModel is deprecated in APPPATH\Controllers\Products.php on line 47.
 1 SYSTEMPATH\CodeIgniter.php(906): App\Controllers\Products->__construct()
 2 SYSTEMPATH\CodeIgniter.php(490): CodeIgniter\CodeIgniter->createController()
 3 SYSTEMPATH\CodeIgniter.php(368): CodeIgniter\CodeIgniter->handleRequest(null, Object(Config\Cache), false)
 4 FCPATH\index.php(67): CodeIgniter\CodeIgniter->run()
WARNING - 2026-05-20 05:04:39 --> [DEPRECATED] Creation of dynamic property App\Controllers\Products::$cms is deprecated in APPPATH\Controllers\Products.php on line 48.
 1 SYSTEMPATH\CodeIgniter.php(906): App\Controllers\Products->__construct()
 2 SYSTEMPATH\CodeIgniter.php(490): CodeIgniter\CodeIgniter->createController()
 3 SYSTEMPATH\CodeIgniter.php(368): CodeIgniter\CodeIgniter->handleRequest(null, Object(Config\Cache), false)
 4 FCPATH\index.php(67): CodeIgniter\CodeIgniter->run()
INFO - 2026-05-20 05:04:53 --> Session: Class initialized using 'CodeIgniter\Session\Handlers\FileHandler' driver.
WARNING - 2026-05-20 05:04:53 --> [DEPRECATED] Creation of dynamic property App\Controllers\Products::$session is deprecated in APPPATH\Controllers\Products.php on line 30.
 1 SYSTEMPATH\CodeIgniter.php(906): App\Controllers\Products->__construct()
 2 SYSTEMPATH\CodeIgniter.php(490): CodeIgniter\CodeIgniter->createController()
 3 SYSTEMPATH\CodeIgniter.php(368): CodeIgniter\CodeIgniter->handleRequest(null, Object(Config\Cache), false)
 4 FCPATH\index.php(67): CodeIgniter\CodeIgniter->run()
WARNING - 2026-05-20 05:04:53 --> Session: Sessions is enabled, and one exists. Please don't $session->start();
WARNING - 2026-05-20 05:04:53 --> [DEPRECATED] Creation of dynamic property App\Controllers\Products::$catagory is deprecated in APPPATH\Controllers\Products.php on line 33.
 1 SYSTEMPATH\CodeIgniter.php(906): App\Controllers\Products->__construct()
 2 SYSTEMPATH\CodeIgniter.php(490): CodeIgniter\CodeIgniter->createController()
 3 SYSTEMPATH\CodeIgniter.php(368): CodeIgniter\CodeIgniter->handleRequest(null, Object(Config\Cache), false)
 4 FCPATH\index.php(67): CodeIgniter\CodeIgniter->run()
WARNING - 2026-05-20 05:04:53 --> [DEPRECATED] Creation of dynamic property App\Controllers\Products::$variation is deprecated in APPPATH\Controllers\Products.php on line 34.
 1 SYSTEMPATH\CodeIgniter.php(906): App\Controllers\Products->__construct()
 2 SYSTEMPATH\CodeIgniter.php(490): CodeIgniter\CodeIgniter->createController()
 3 SYSTEMPATH\CodeIgniter.php(368): CodeIgniter\CodeIgniter->handleRequest(null, Object(Config\Cache), false)
 4 FCPATH\index.php(67): CodeIgniter\CodeIgniter->run()
WARNING - 2026-05-20 05:04:53 --> [DEPRECATED] Creation of dynamic property App\Controllers\Products::$variationtype is deprecated in APPPATH\Controllers\Products.php on line 35.
 1 SYSTEMPATH\CodeIgniter.php(906): App\Controllers\Products->__construct()
 2 SYSTEMPATH\CodeIgniter.php(490): CodeIgniter\CodeIgniter->createController()
 3 SYSTEMPATH\CodeIgniter.php(368): CodeIgniter\CodeIgniter->handleRequest(null, Object(Config\Cache), false)
 4 FCPATH\index.php(67): CodeIgniter\CodeIgniter->run()
WARNING - 2026-05-20 05:04:53 --> [DEPRECATED] Creation of dynamic property App\Controllers\Products::$subcategory is deprecated in APPPATH\Controllers\Products.php on line 36.
 1 SYSTEMPATH\CodeIgniter.php(906): App\Controllers\Products->__construct()
 2 SYSTEMPATH\CodeIgniter.php(490): CodeIgniter\CodeIgniter->createController()
 3 SYSTEMPATH\CodeIgniter.php(368): CodeIgniter\CodeIgniter->handleRequest(null, Object(Config\Cache), false)
 4 FCPATH\index.php(67): CodeIgniter\CodeIgniter->run()
WARNING - 2026-05-20 05:04:53 --> [DEPRECATED] Creation of dynamic property App\Controllers\Products::$product is deprecated in APPPATH\Controllers\Products.php on line 37.
 1 SYSTEMPATH\CodeIgniter.php(906): App\Controllers\Products->__construct()
 2 SYSTEMPATH\CodeIgniter.php(490): CodeIgniter\CodeIgniter->createController()
 3 SYSTEMPATH\CodeIgniter.php(368): CodeIgniter\CodeIgniter->handleRequest(null, Object(Config\Cache), false)
 4 FCPATH\index.php(67): CodeIgniter\CodeIgniter->run()
WARNING - 2026-05-20 05:04:53 --> [DEPRECATED] Creation of dynamic property App\Controllers\Products::$tags is deprecated in APPPATH\Controllers\Products.php on line 38.
 1 SYSTEMPATH\CodeIgniter.php(906): App\Controllers\Products->__construct()
 2 SYSTEMPATH\CodeIgniter.php(490): CodeIgniter\CodeIgniter->createController()
 3 SYSTEMPATH\CodeIgniter.php(368): CodeIgniter\CodeIgniter->handleRequest(null, Object(Config\Cache), false)
 4 FCPATH\index.php(67): CodeIgniter\CodeIgniter->run()
WARNING - 2026-05-20 05:04:53 --> [DEPRECATED] Creation of dynamic property App\Controllers\Products::$shippingmethod is deprecated in APPPATH\Controllers\Products.php on line 39.
 1 SYSTEMPATH\CodeIgniter.php(906): App\Controllers\Products->__construct()
 2 SYSTEMPATH\CodeIgniter.php(490): CodeIgniter\CodeIgniter->createController()
 3 SYSTEMPATH\CodeIgniter.php(368): CodeIgniter\CodeIgniter->handleRequest(null, Object(Config\Cache), false)
 4 FCPATH\index.php(67): CodeIgniter\CodeIgniter->run()
WARNING - 2026-05-20 05:04:53 --> [DEPRECATED] Creation of dynamic property App\Controllers\Products::$optionvalue is deprecated in APPPATH\Controllers\Products.php on line 40.
 1 SYSTEMPATH\CodeIgniter.php(906): App\Controllers\Products->__construct()
 2 SYSTEMPATH\CodeIgniter.php(490): CodeIgniter\CodeIgniter->createController()
 3 SYSTEMPATH\CodeIgniter.php(368): CodeIgniter\CodeIgniter->handleRequest(null, Object(Config\Cache), false)
 4 FCPATH\index.php(67): CodeIgniter\CodeIgniter->run()
WARNING - 2026-05-20 05:04:53 --> [DEPRECATED] Creation of dynamic property App\Controllers\Products::$brand is deprecated in APPPATH\Controllers\Products.php on line 41.
 1 SYSTEMPATH\CodeIgniter.php(906): App\Controllers\Products->__construct()
 2 SYSTEMPATH\CodeIgniter.php(490): CodeIgniter\CodeIgniter->createController()
 3 SYSTEMPATH\CodeIgniter.php(368): CodeIgniter\CodeIgniter->handleRequest(null, Object(Config\Cache), false)
 4 FCPATH\index.php(67): CodeIgniter\CodeIgniter->run()
WARNING - 2026-05-20 05:04:53 --> [DEPRECATED] Creation of dynamic property App\Controllers\Products::$Allsettings is deprecated in APPPATH\Controllers\Products.php on line 42.
 1 SYSTEMPATH\CodeIgniter.php(906): App\Controllers\Products->__construct()
 2 SYSTEMPATH\CodeIgniter.php(490): CodeIgniter\CodeIgniter->createController()
 3 SYSTEMPATH\CodeIgniter.php(368): CodeIgniter\CodeIgniter->handleRequest(null, Object(Config\Cache), false)
 4 FCPATH\index.php(67): CodeIgniter\CodeIgniter->run()
WARNING - 2026-05-20 05:04:53 --> [DEPRECATED] Creation of dynamic property App\Controllers\Products::$Orderitemmodel is deprecated in APPPATH\Controllers\Products.php on line 43.
 1 SYSTEMPATH\CodeIgniter.php(906): App\Controllers\Products->__construct()
 2 SYSTEMPATH\CodeIgniter.php(490): CodeIgniter\CodeIgniter->createController()
 3 SYSTEMPATH\CodeIgniter.php(368): CodeIgniter\CodeIgniter->handleRequest(null, Object(Config\Cache), false)
 4 FCPATH\index.php(67): CodeIgniter\CodeIgniter->run()
WARNING - 2026-05-20 05:04:53 --> [DEPRECATED] Creation of dynamic property App\Controllers\Products::$Ordermodel is deprecated in APPPATH\Controllers\Products.php on line 44.
 1 SYSTEMPATH\CodeIgniter.php(906): App\Controllers\Products->__construct()
 2 SYSTEMPATH\CodeIgniter.php(490): CodeIgniter\CodeIgniter->createController()
 3 SYSTEMPATH\CodeIgniter.php(368): CodeIgniter\CodeIgniter->handleRequest(null, Object(Config\Cache), false)
 4 FCPATH\index.php(67): CodeIgniter\CodeIgniter->run()
WARNING - 2026-05-20 05:04:53 --> [DEPRECATED] Creation of dynamic property App\Controllers\Products::$CartModel is deprecated in APPPATH\Controllers\Products.php on line 45.
 1 SYSTEMPATH\CodeIgniter.php(906): App\Controllers\Products->__construct()
 2 SYSTEMPATH\CodeIgniter.php(490): CodeIgniter\CodeIgniter->createController()
 3 SYSTEMPATH\CodeIgniter.php(368): CodeIgniter\CodeIgniter->handleRequest(null, Object(Config\Cache), false)
 4 FCPATH\index.php(67): CodeIgniter\CodeIgniter->run()
WARNING - 2026-05-20 05:04:53 --> [DEPRECATED] Creation of dynamic property App\Controllers\Products::$Reviewmodel is deprecated in APPPATH\Controllers\Products.php on line 46.
 1 SYSTEMPATH\CodeIgniter.php(906): App\Controllers\Products->__construct()
 2 SYSTEMPATH\CodeIgniter.php(490): CodeIgniter\CodeIgniter->createController()
 3 SYSTEMPATH\CodeIgniter.php(368): CodeIgniter\CodeIgniter->handleRequest(null, Object(Config\Cache), false)
 4 FCPATH\index.php(67): CodeIgniter\CodeIgniter->run()
WARNING - 2026-05-20 05:04:53 --> [DEPRECATED] Creation of dynamic property App\Controllers\Products::$TaxesclassModel is deprecated in APPPATH\Controllers\Products.php on line 47.
 1 SYSTEMPATH\CodeIgniter.php(906): App\Controllers\Products->__construct()
 2 SYSTEMPATH\CodeIgniter.php(490): CodeIgniter\CodeIgniter->createController()
 3 SYSTEMPATH\CodeIgniter.php(368): CodeIgniter\CodeIgniter->handleRequest(null, Object(Config\Cache), false)
 4 FCPATH\index.php(67): CodeIgniter\CodeIgniter->run()
WARNING - 2026-05-20 05:04:53 --> [DEPRECATED] Creation of dynamic property App\Controllers\Products::$cms is deprecated in APPPATH\Controllers\Products.php on line 48.
 1 SYSTEMPATH\CodeIgniter.php(906): App\Controllers\Products->__construct()
 2 SYSTEMPATH\CodeIgniter.php(490): CodeIgniter\CodeIgniter->createController()
 3 SYSTEMPATH\CodeIgniter.php(368): CodeIgniter\CodeIgniter->handleRequest(null, Object(Config\Cache), false)
 4 FCPATH\index.php(67): CodeIgniter\CodeIgniter->run()
INFO - 2026-05-20 05:39:35 --> Session: Class initialized using 'CodeIgniter\Session\Handlers\FileHandler' driver.
INFO - 2026-05-20 05:39:35 --> Session: Class initialized using 'CodeIgniter\Session\Handlers\FileHandler' driver.
WARNING - 2026-05-20 05:39:35 --> [DEPRECATED] Creation of dynamic property App\Controllers\Home::$user_model is deprecated in APPPATH\Controllers\Home.php on line 35.
 1 SYSTEMPATH\CodeIgniter.php(906): App\Controllers\Home->__construct()
 2 SYSTEMPATH\CodeIgniter.php(490): CodeIgniter\CodeIgniter->createController()
 3 SYSTEMPATH\CodeIgniter.php(368): CodeIgniter\CodeIgniter->handleRequest(null, Object(Config\Cache), false)
 4 FCPATH\index.php(67): CodeIgniter\CodeIgniter->run()
WARNING - 2026-05-20 05:39:35 --> [DEPRECATED] Creation of dynamic property App\Controllers\Home::$BlogModel is deprecated in APPPATH\Controllers\Home.php on line 43.
 1 SYSTEMPATH\CodeIgniter.php(906): App\Controllers\Home->__construct()
 2 SYSTEMPATH\CodeIgniter.php(490): CodeIgniter\CodeIgniter->createController()
 3 SYSTEMPATH\CodeIgniter.php(368): CodeIgniter\CodeIgniter->handleRequest(null, Object(Config\Cache), false)
 4 FCPATH\index.php(67): CodeIgniter\CodeIgniter->run()
WARNING - 2026-05-20 05:39:35 --> [DEPRECATED] Creation of dynamic property App\Controllers\Home::$EnquiryModel is deprecated in APPPATH\Controllers\Home.php on line 44.
 1 SYSTEMPATH\CodeIgniter.php(906): App\Controllers\Home->__construct()
 2 SYSTEMPATH\CodeIgniter.php(490): CodeIgniter\CodeIgniter->createController()
 3 SYSTEMPATH\CodeIgniter.php(368): CodeIgniter\CodeIgniter->handleRequest(null, Object(Config\Cache), false)
 4 FCPATH\index.php(67): CodeIgniter\CodeIgniter->run()
WARNING - 2026-05-20 05:39:35 --> [DEPRECATED] Creation of dynamic property App\Controllers\Home::$Allsettingsmodel is deprecated in APPPATH\Controllers\Home.php on line 45.
 1 SYSTEMPATH\CodeIgniter.php(906): App\Controllers\Home->__construct()
 2 SYSTEMPATH\CodeIgniter.php(490): CodeIgniter\CodeIgniter->createController()
 3 SYSTEMPATH\CodeIgniter.php(368): CodeIgniter\CodeIgniter->handleRequest(null, Object(Config\Cache), false)
 4 FCPATH\index.php(67): CodeIgniter\CodeIgniter->run()
WARNING - 2026-05-20 05:39:38 --> [DEPRECATED] Creation of dynamic property App\Controllers\Home::$user_model is deprecated in APPPATH\Controllers\Home.php on line 35.
 1 SYSTEMPATH\CodeIgniter.php(906): App\Controllers\Home->__construct()
 2 SYSTEMPATH\CodeIgniter.php(490): CodeIgniter\CodeIgniter->createController()
 3 SYSTEMPATH\CodeIgniter.php(368): CodeIgniter\CodeIgniter->handleRequest(null, Object(Config\Cache), false)
 4 FCPATH\index.php(67): CodeIgniter\CodeIgniter->run()
WARNING - 2026-05-20 05:39:38 --> [DEPRECATED] Creation of dynamic property App\Controllers\Home::$BlogModel is deprecated in APPPATH\Controllers\Home.php on line 43.
 1 SYSTEMPATH\CodeIgniter.php(906): App\Controllers\Home->__construct()
 2 SYSTEMPATH\CodeIgniter.php(490): CodeIgniter\CodeIgniter->createController()
 3 SYSTEMPATH\CodeIgniter.php(368): CodeIgniter\CodeIgniter->handleRequest(null, Object(Config\Cache), false)
 4 FCPATH\index.php(67): CodeIgniter\CodeIgniter->run()
WARNING - 2026-05-20 05:39:38 --> [DEPRECATED] Creation of dynamic property App\Controllers\Home::$EnquiryModel is deprecated in APPPATH\Controllers\Home.php on line 44.
 1 SYSTEMPATH\CodeIgniter.php(906): App\Controllers\Home->__construct()
 2 SYSTEMPATH\CodeIgniter.php(490): CodeIgniter\CodeIgniter->createController()
 3 SYSTEMPATH\CodeIgniter.php(368): CodeIgniter\CodeIgniter->handleRequest(null, Object(Config\Cache), false)
 4 FCPATH\index.php(67): CodeIgniter\CodeIgniter->run()
WARNING - 2026-05-20 05:39:38 --> [DEPRECATED] Creation of dynamic property App\Controllers\Home::$Allsettingsmodel is deprecated in APPPATH\Controllers\Home.php on line 45.
 1 SYSTEMPATH\CodeIgniter.php(906): App\Controllers\Home->__construct()
 2 SYSTEMPATH\CodeIgniter.php(490): CodeIgniter\CodeIgniter->createController()
 3 SYSTEMPATH\CodeIgniter.php(368): CodeIgniter\CodeIgniter->handleRequest(null, Object(Config\Cache), false)
 4 FCPATH\index.php(67): CodeIgniter\CodeIgniter->run()
INFO - 2026-05-20 05:39:38 --> Session: Class initialized using 'CodeIgniter\Session\Handlers\FileHandler' driver.
WARNING - 2026-05-20 05:39:42 --> [DEPRECATED] Creation of dynamic property App\Controllers\Home::$user_model is deprecated in APPPATH\Controllers\Home.php on line 35.
 1 SYSTEMPATH\CodeIgniter.php(906): App\Controllers\Home->__construct()
 2 SYSTEMPATH\CodeIgniter.php(490): CodeIgniter\CodeIgniter->createController()
 3 SYSTEMPATH\CodeIgniter.php(368): CodeIgniter\CodeIgniter->handleRequest(null, Object(Config\Cache), false)
 4 FCPATH\index.php(67): CodeIgniter\CodeIgniter->run()
WARNING - 2026-05-20 05:39:42 --> [DEPRECATED] Creation of dynamic property App\Controllers\Home::$BlogModel is deprecated in APPPATH\Controllers\Home.php on line 43.
 1 SYSTEMPATH\CodeIgniter.php(906): App\Controllers\Home->__construct()
 2 SYSTEMPATH\CodeIgniter.php(490): CodeIgniter\CodeIgniter->createController()
 3 SYSTEMPATH\CodeIgniter.php(368): CodeIgniter\CodeIgniter->handleRequest(null, Object(Config\Cache), false)
 4 FCPATH\index.php(67): CodeIgniter\CodeIgniter->run()
WARNING - 2026-05-20 05:39:42 --> [DEPRECATED] Creation of dynamic property App\Controllers\Home::$EnquiryModel is deprecated in APPPATH\Controllers\Home.php on line 44.
 1 SYSTEMPATH\CodeIgniter.php(906): App\Controllers\Home->__construct()
 2 SYSTEMPATH\CodeIgniter.php(490): CodeIgniter\CodeIgniter->createController()
 3 SYSTEMPATH\CodeIgniter.php(368): CodeIgniter\CodeIgniter->handleRequest(null, Object(Config\Cache), false)
 4 FCPATH\index.php(67): CodeIgniter\CodeIgniter->run()
WARNING - 2026-05-20 05:39:42 --> [DEPRECATED] Creation of dynamic property App\Controllers\Home::$Allsettingsmodel is deprecated in APPPATH\Controllers\Home.php on line 45.
 1 SYSTEMPATH\CodeIgniter.php(906): App\Controllers\Home->__construct()
 2 SYSTEMPATH\CodeIgniter.php(490): CodeIgniter\CodeIgniter->createController()
 3 SYSTEMPATH\CodeIgniter.php(368): CodeIgniter\CodeIgniter->handleRequest(null, Object(Config\Cache), false)
 4 FCPATH\index.php(67): CodeIgniter\CodeIgniter->run()
INFO - 2026-05-20 05:39:42 --> Session: Class initialized using 'CodeIgniter\Session\Handlers\FileHandler' driver.
WARNING - 2026-05-20 05:39:49 --> [DEPRECATED] Creation of dynamic property App\Controllers\Home::$user_model is deprecated in APPPATH\Controllers\Home.php on line 35.
 1 SYSTEMPATH\CodeIgniter.php(906): App\Controllers\Home->__construct()
 2 SYSTEMPATH\CodeIgniter.php(490): CodeIgniter\CodeIgniter->createController()
 3 SYSTEMPATH\CodeIgniter.php(368): CodeIgniter\CodeIgniter->handleRequest(null, Object(Config\Cache), false)
 4 FCPATH\index.php(67): CodeIgniter\CodeIgniter->run()
WARNING - 2026-05-20 05:39:49 --> [DEPRECATED] Creation of dynamic property App\Controllers\Home::$BlogModel is deprecated in APPPATH\Controllers\Home.php on line 43.
 1 SYSTEMPATH\CodeIgniter.php(906): App\Controllers\Home->__construct()
 2 SYSTEMPATH\CodeIgniter.php(490): CodeIgniter\CodeIgniter->createController()
 3 SYSTEMPATH\CodeIgniter.php(368): CodeIgniter\CodeIgniter->handleRequest(null, Object(Config\Cache), false)
 4 FCPATH\index.php(67): CodeIgniter\CodeIgniter->run()
WARNING - 2026-05-20 05:39:49 --> [DEPRECATED] Creation of dynamic property App\Controllers\Home::$EnquiryModel is deprecated in APPPATH\Controllers\Home.php on line 44.
 1 SYSTEMPATH\CodeIgniter.php(906): App\Controllers\Home->__construct()
 2 SYSTEMPATH\CodeIgniter.php(490): CodeIgniter\CodeIgniter->createController()
 3 SYSTEMPATH\CodeIgniter.php(368): CodeIgniter\CodeIgniter->handleRequest(null, Object(Config\Cache), false)
 4 FCPATH\index.php(67): CodeIgniter\CodeIgniter->run()
WARNING - 2026-05-20 05:39:49 --> [DEPRECATED] Creation of dynamic property App\Controllers\Home::$Allsettingsmodel is deprecated in APPPATH\Controllers\Home.php on line 45.
 1 SYSTEMPATH\CodeIgniter.php(906): App\Controllers\Home->__construct()
 2 SYSTEMPATH\CodeIgniter.php(490): CodeIgniter\CodeIgniter->createController()
 3 SYSTEMPATH\CodeIgniter.php(368): CodeIgniter\CodeIgniter->handleRequest(null, Object(Config\Cache), false)
 4 FCPATH\index.php(67): CodeIgniter\CodeIgniter->run()
INFO - 2026-05-20 05:39:49 --> Session: Class initialized using 'CodeIgniter\Session\Handlers\FileHandler' driver.
INFO - 2026-05-20 05:39:51 --> Session: Class initialized using 'CodeIgniter\Session\Handlers\FileHandler' driver.
WARNING - 2026-05-20 05:39:51 --> [DEPRECATED] Creation of dynamic property App\Controllers\Home::$user_model is deprecated in APPPATH\Controllers\Home.php on line 35.
 1 SYSTEMPATH\CodeIgniter.php(906): App\Controllers\Home->__construct()
 2 SYSTEMPATH\CodeIgniter.php(490): CodeIgniter\CodeIgniter->createController()
 3 SYSTEMPATH\CodeIgniter.php(368): CodeIgniter\CodeIgniter->handleRequest(null, Object(Config\Cache), false)
 4 FCPATH\index.php(67): CodeIgniter\CodeIgniter->run()
WARNING - 2026-05-20 05:39:51 --> [DEPRECATED] Creation of dynamic property App\Controllers\Home::$BlogModel is deprecated in APPPATH\Controllers\Home.php on line 43.
 1 SYSTEMPATH\CodeIgniter.php(906): App\Controllers\Home->__construct()
 2 SYSTEMPATH\CodeIgniter.php(490): CodeIgniter\CodeIgniter->createController()
 3 SYSTEMPATH\CodeIgniter.php(368): CodeIgniter\CodeIgniter->handleRequest(null, Object(Config\Cache), false)
 4 FCPATH\index.php(67): CodeIgniter\CodeIgniter->run()
WARNING - 2026-05-20 05:39:51 --> [DEPRECATED] Creation of dynamic property App\Controllers\Home::$EnquiryModel is deprecated in APPPATH\Controllers\Home.php on line 44.
 1 SYSTEMPATH\CodeIgniter.php(906): App\Controllers\Home->__construct()
 2 SYSTEMPATH\CodeIgniter.php(490): CodeIgniter\CodeIgniter->createController()
 3 SYSTEMPATH\CodeIgniter.php(368): CodeIgniter\CodeIgniter->handleRequest(null, Object(Config\Cache), false)
 4 FCPATH\index.php(67): CodeIgniter\CodeIgniter->run()
WARNING - 2026-05-20 05:39:51 --> [DEPRECATED] Creation of dynamic property App\Controllers\Home::$Allsettingsmodel is deprecated in APPPATH\Controllers\Home.php on line 45.
 1 SYSTEMPATH\CodeIgniter.php(906): App\Controllers\Home->__construct()
 2 SYSTEMPATH\CodeIgniter.php(490): CodeIgniter\CodeIgniter->createController()
 3 SYSTEMPATH\CodeIgniter.php(368): CodeIgniter\CodeIgniter->handleRequest(null, Object(Config\Cache), false)
 4 FCPATH\index.php(67): CodeIgniter\CodeIgniter->run()
INFO - 2026-05-20 05:40:04 --> Session: Class initialized using 'CodeIgniter\Session\Handlers\FileHandler' driver.
WARNING - 2026-05-20 05:40:04 --> [DEPRECATED] Creation of dynamic property App\Controllers\Products::$session is deprecated in APPPATH\Controllers\Products.php on line 30.
 1 SYSTEMPATH\CodeIgniter.php(906): App\Controllers\Products->__construct()
 2 SYSTEMPATH\CodeIgniter.php(490): CodeIgniter\CodeIgniter->createController()
 3 SYSTEMPATH\CodeIgniter.php(368): CodeIgniter\CodeIgniter->handleRequest(null, Object(Config\Cache), false)
 4 FCPATH\index.php(67): CodeIgniter\CodeIgniter->run()
WARNING - 2026-05-20 05:40:04 --> Session: Sessions is enabled, and one exists. Please don't $session->start();
WARNING - 2026-05-20 05:40:05 --> [DEPRECATED] Creation of dynamic property App\Controllers\Products::$catagory is deprecated in APPPATH\Controllers\Products.php on line 33.
 1 SYSTEMPATH\CodeIgniter.php(906): App\Controllers\Products->__construct()
 2 SYSTEMPATH\CodeIgniter.php(490): CodeIgniter\CodeIgniter->createController()
 3 SYSTEMPATH\CodeIgniter.php(368): CodeIgniter\CodeIgniter->handleRequest(null, Object(Config\Cache), false)
 4 FCPATH\index.php(67): CodeIgniter\CodeIgniter->run()
WARNING - 2026-05-20 05:40:05 --> [DEPRECATED] Creation of dynamic property App\Controllers\Products::$variation is deprecated in APPPATH\Controllers\Products.php on line 34.
 1 SYSTEMPATH\CodeIgniter.php(906): App\Controllers\Products->__construct()
 2 SYSTEMPATH\CodeIgniter.php(490): CodeIgniter\CodeIgniter->createController()
 3 SYSTEMPATH\CodeIgniter.php(368): CodeIgniter\CodeIgniter->handleRequest(null, Object(Config\Cache), false)
 4 FCPATH\index.php(67): CodeIgniter\CodeIgniter->run()
WARNING - 2026-05-20 05:40:05 --> [DEPRECATED] Creation of dynamic property App\Controllers\Products::$variationtype is deprecated in APPPATH\Controllers\Products.php on line 35.
 1 SYSTEMPATH\CodeIgniter.php(906): App\Controllers\Products->__construct()
 2 SYSTEMPATH\CodeIgniter.php(490): CodeIgniter\CodeIgniter->createController()
 3 SYSTEMPATH\CodeIgniter.php(368): CodeIgniter\CodeIgniter->handleRequest(null, Object(Config\Cache), false)
 4 FCPATH\index.php(67): CodeIgniter\CodeIgniter->run()
WARNING - 2026-05-20 05:40:05 --> [DEPRECATED] Creation of dynamic property App\Controllers\Products::$subcategory is deprecated in APPPATH\Controllers\Products.php on line 36.
 1 SYSTEMPATH\CodeIgniter.php(906): App\Controllers\Products->__construct()
 2 SYSTEMPATH\CodeIgniter.php(490): CodeIgniter\CodeIgniter->createController()
 3 SYSTEMPATH\CodeIgniter.php(368): CodeIgniter\CodeIgniter->handleRequest(null, Object(Config\Cache), false)
 4 FCPATH\index.php(67): CodeIgniter\CodeIgniter->run()
WARNING - 2026-05-20 05:40:05 --> [DEPRECATED] Creation of dynamic property App\Controllers\Products::$product is deprecated in APPPATH\Controllers\Products.php on line 37.
 1 SYSTEMPATH\CodeIgniter.php(906): App\Controllers\Products->__construct()
 2 SYSTEMPATH\CodeIgniter.php(490): CodeIgniter\CodeIgniter->createController()
 3 SYSTEMPATH\CodeIgniter.php(368): CodeIgniter\CodeIgniter->handleRequest(null, Object(Config\Cache), false)
 4 FCPATH\index.php(67): CodeIgniter\CodeIgniter->run()
WARNING - 2026-05-20 05:40:05 --> [DEPRECATED] Creation of dynamic property App\Controllers\Products::$tags is deprecated in APPPATH\Controllers\Products.php on line 38.
 1 SYSTEMPATH\CodeIgniter.php(906): App\Controllers\Products->__construct()
 2 SYSTEMPATH\CodeIgniter.php(490): CodeIgniter\CodeIgniter->createController()
 3 SYSTEMPATH\CodeIgniter.php(368): CodeIgniter\CodeIgniter->handleRequest(null, Object(Config\Cache), false)
 4 FCPATH\index.php(67): CodeIgniter\CodeIgniter->run()
WARNING - 2026-05-20 05:40:05 --> [DEPRECATED] Creation of dynamic property App\Controllers\Products::$shippingmethod is deprecated in APPPATH\Controllers\Products.php on line 39.
 1 SYSTEMPATH\CodeIgniter.php(906): App\Controllers\Products->__construct()
 2 SYSTEMPATH\CodeIgniter.php(490): CodeIgniter\CodeIgniter->createController()
 3 SYSTEMPATH\CodeIgniter.php(368): CodeIgniter\CodeIgniter->handleRequest(null, Object(Config\Cache), false)
 4 FCPATH\index.php(67): CodeIgniter\CodeIgniter->run()
WARNING - 2026-05-20 05:40:05 --> [DEPRECATED] Creation of dynamic property App\Controllers\Products::$optionvalue is deprecated in APPPATH\Controllers\Products.php on line 40.
 1 SYSTEMPATH\CodeIgniter.php(906): App\Controllers\Products->__construct()
 2 SYSTEMPATH\CodeIgniter.php(490): CodeIgniter\CodeIgniter->createController()
 3 SYSTEMPATH\CodeIgniter.php(368): CodeIgniter\CodeIgniter->handleRequest(null, Object(Config\Cache), false)
 4 FCPATH\index.php(67): CodeIgniter\CodeIgniter->run()
WARNING - 2026-05-20 05:40:05 --> [DEPRECATED] Creation of dynamic property App\Controllers\Products::$brand is deprecated in APPPATH\Controllers\Products.php on line 41.
 1 SYSTEMPATH\CodeIgniter.php(906): App\Controllers\Products->__construct()
 2 SYSTEMPATH\CodeIgniter.php(490): CodeIgniter\CodeIgniter->createController()
 3 SYSTEMPATH\CodeIgniter.php(368): CodeIgniter\CodeIgniter->handleRequest(null, Object(Config\Cache), false)
 4 FCPATH\index.php(67): CodeIgniter\CodeIgniter->run()
WARNING - 2026-05-20 05:40:05 --> [DEPRECATED] Creation of dynamic property App\Controllers\Products::$Allsettings is deprecated in APPPATH\Controllers\Products.php on line 42.
 1 SYSTEMPATH\CodeIgniter.php(906): App\Controllers\Products->__construct()
 2 SYSTEMPATH\CodeIgniter.php(490): CodeIgniter\CodeIgniter->createController()
 3 SYSTEMPATH\CodeIgniter.php(368): CodeIgniter\CodeIgniter->handleRequest(null, Object(Config\Cache), false)
 4 FCPATH\index.php(67): CodeIgniter\CodeIgniter->run()
WARNING - 2026-05-20 05:40:05 --> [DEPRECATED] Creation of dynamic property App\Controllers\Products::$Orderitemmodel is deprecated in APPPATH\Controllers\Products.php on line 43.
 1 SYSTEMPATH\CodeIgniter.php(906): App\Controllers\Products->__construct()
 2 SYSTEMPATH\CodeIgniter.php(490): CodeIgniter\CodeIgniter->createController()
 3 SYSTEMPATH\CodeIgniter.php(368): CodeIgniter\CodeIgniter->handleRequest(null, Object(Config\Cache), false)
 4 FCPATH\index.php(67): CodeIgniter\CodeIgniter->run()
WARNING - 2026-05-20 05:40:05 --> [DEPRECATED] Creation of dynamic property App\Controllers\Products::$Ordermodel is deprecated in APPPATH\Controllers\Products.php on line 44.
 1 SYSTEMPATH\CodeIgniter.php(906): App\Controllers\Products->__construct()
 2 SYSTEMPATH\CodeIgniter.php(490): CodeIgniter\CodeIgniter->createController()
 3 SYSTEMPATH\CodeIgniter.php(368): CodeIgniter\CodeIgniter->handleRequest(null, Object(Config\Cache), false)
 4 FCPATH\index.php(67): CodeIgniter\CodeIgniter->run()
WARNING - 2026-05-20 05:40:05 --> [DEPRECATED] Creation of dynamic property App\Controllers\Products::$CartModel is deprecated in APPPATH\Controllers\Products.php on line 45.
 1 SYSTEMPATH\CodeIgniter.php(906): App\Controllers\Products->__construct()
 2 SYSTEMPATH\CodeIgniter.php(490): CodeIgniter\CodeIgniter->createController()
 3 SYSTEMPATH\CodeIgniter.php(368): CodeIgniter\CodeIgniter->handleRequest(null, Object(Config\Cache), false)
 4 FCPATH\index.php(67): CodeIgniter\CodeIgniter->run()
WARNING - 2026-05-20 05:40:05 --> [DEPRECATED] Creation of dynamic property App\Controllers\Products::$Reviewmodel is deprecated in APPPATH\Controllers\Products.php on line 46.
 1 SYSTEMPATH\CodeIgniter.php(906): App\Controllers\Products->__construct()
 2 SYSTEMPATH\CodeIgniter.php(490): CodeIgniter\CodeIgniter->createController()
 3 SYSTEMPATH\CodeIgniter.php(368): CodeIgniter\CodeIgniter->handleRequest(null, Object(Config\Cache), false)
 4 FCPATH\index.php(67): CodeIgniter\CodeIgniter->run()
WARNING - 2026-05-20 05:40:05 --> [DEPRECATED] Creation of dynamic property App\Controllers\Products::$TaxesclassModel is deprecated in APPPATH\Controllers\Products.php on line 47.
 1 SYSTEMPATH\CodeIgniter.php(906): App\Controllers\Products->__construct()
 2 SYSTEMPATH\CodeIgniter.php(490): CodeIgniter\CodeIgniter->createController()
 3 SYSTEMPATH\CodeIgniter.php(368): CodeIgniter\CodeIgniter->handleRequest(null, Object(Config\Cache), false)
 4 FCPATH\index.php(67): CodeIgniter\CodeIgniter->run()
WARNING - 2026-05-20 05:40:05 --> [DEPRECATED] Creation of dynamic property App\Controllers\Products::$cms is deprecated in APPPATH\Controllers\Products.php on line 48.
 1 SYSTEMPATH\CodeIgniter.php(906): App\Controllers\Products->__construct()
 2 SYSTEMPATH\CodeIgniter.php(490): CodeIgniter\CodeIgniter->createController()
 3 SYSTEMPATH\CodeIgniter.php(368): CodeIgniter\CodeIgniter->handleRequest(null, Object(Config\Cache), false)
 4 FCPATH\index.php(67): CodeIgniter\CodeIgniter->run()
INFO - 2026-05-20 05:40:16 --> Session: Class initialized using 'CodeIgniter\Session\Handlers\FileHandler' driver.
WARNING - 2026-05-20 05:40:16 --> [DEPRECATED] Creation of dynamic property App\Controllers\Products::$session is deprecated in APPPATH\Controllers\Products.php on line 30.
 1 SYSTEMPATH\CodeIgniter.php(906): App\Controllers\Products->__construct()
 2 SYSTEMPATH\CodeIgniter.php(490): CodeIgniter\CodeIgniter->createController()
 3 SYSTEMPATH\CodeIgniter.php(368): CodeIgniter\CodeIgniter->handleRequest(null, Object(Config\Cache), false)
 4 FCPATH\index.php(67): CodeIgniter\CodeIgniter->run()
WARNING - 2026-05-20 05:40:16 --> Session: Sessions is enabled, and one exists. Please don't $session->start();
WARNING - 2026-05-20 05:40:16 --> [DEPRECATED] Creation of dynamic property App\Controllers\Products::$catagory is deprecated in APPPATH\Controllers\Products.php on line 33.
 1 SYSTEMPATH\CodeIgniter.php(906): App\Controllers\Products->__construct()
 2 SYSTEMPATH\CodeIgniter.php(490): CodeIgniter\CodeIgniter->createController()
 3 SYSTEMPATH\CodeIgniter.php(368): CodeIgniter\CodeIgniter->handleRequest(null, Object(Config\Cache), false)
 4 FCPATH\index.php(67): CodeIgniter\CodeIgniter->run()
WARNING - 2026-05-20 05:40:16 --> [DEPRECATED] Creation of dynamic property App\Controllers\Products::$variation is deprecated in APPPATH\Controllers\Products.php on line 34.
 1 SYSTEMPATH\CodeIgniter.php(906): App\Controllers\Products->__construct()
 2 SYSTEMPATH\CodeIgniter.php(490): CodeIgniter\CodeIgniter->createController()
 3 SYSTEMPATH\CodeIgniter.php(368): CodeIgniter\CodeIgniter->handleRequest(null, Object(Config\Cache), false)
 4 FCPATH\index.php(67): CodeIgniter\CodeIgniter->run()
WARNING - 2026-05-20 05:40:16 --> [DEPRECATED] Creation of dynamic property App\Controllers\Products::$variationtype is deprecated in APPPATH\Controllers\Products.php on line 35.
 1 SYSTEMPATH\CodeIgniter.php(906): App\Controllers\Products->__construct()
 2 SYSTEMPATH\CodeIgniter.php(490): CodeIgniter\CodeIgniter->createController()
 3 SYSTEMPATH\CodeIgniter.php(368): CodeIgniter\CodeIgniter->handleRequest(null, Object(Config\Cache), false)
 4 FCPATH\index.php(67): CodeIgniter\CodeIgniter->run()
WARNING - 2026-05-20 05:40:16 --> [DEPRECATED] Creation of dynamic property App\Controllers\Products::$subcategory is deprecated in APPPATH\Controllers\Products.php on line 36.
 1 SYSTEMPATH\CodeIgniter.php(906): App\Controllers\Products->__construct()
 2 SYSTEMPATH\CodeIgniter.php(490): CodeIgniter\CodeIgniter->createController()
 3 SYSTEMPATH\CodeIgniter.php(368): CodeIgniter\CodeIgniter->handleRequest(null, Object(Config\Cache), false)
 4 FCPATH\index.php(67): CodeIgniter\CodeIgniter->run()
WARNING - 2026-05-20 05:40:16 --> [DEPRECATED] Creation of dynamic property App\Controllers\Products::$product is deprecated in APPPATH\Controllers\Products.php on line 37.
 1 SYSTEMPATH\CodeIgniter.php(906): App\Controllers\Products->__construct()
 2 SYSTEMPATH\CodeIgniter.php(490): CodeIgniter\CodeIgniter->createController()
 3 SYSTEMPATH\CodeIgniter.php(368): CodeIgniter\CodeIgniter->handleRequest(null, Object(Config\Cache), false)
 4 FCPATH\index.php(67): CodeIgniter\CodeIgniter->run()
WARNING - 2026-05-20 05:40:16 --> [DEPRECATED] Creation of dynamic property App\Controllers\Products::$tags is deprecated in APPPATH\Controllers\Products.php on line 38.
 1 SYSTEMPATH\CodeIgniter.php(906): App\Controllers\Products->__construct()
 2 SYSTEMPATH\CodeIgniter.php(490): CodeIgniter\CodeIgniter->createController()
 3 SYSTEMPATH\CodeIgniter.php(368): CodeIgniter\CodeIgniter->handleRequest(null, Object(Config\Cache), false)
 4 FCPATH\index.php(67): CodeIgniter\CodeIgniter->run()
WARNING - 2026-05-20 05:40:16 --> [DEPRECATED] Creation of dynamic property App\Controllers\Products::$shippingmethod is deprecated in APPPATH\Controllers\Products.php on line 39.
 1 SYSTEMPATH\CodeIgniter.php(906): App\Controllers\Products->__construct()
 2 SYSTEMPATH\CodeIgniter.php(490): CodeIgniter\CodeIgniter->createController()
 3 SYSTEMPATH\CodeIgniter.php(368): CodeIgniter\CodeIgniter->handleRequest(null, Object(Config\Cache), false)
 4 FCPATH\index.php(67): CodeIgniter\CodeIgniter->run()
WARNING - 2026-05-20 05:40:16 --> [DEPRECATED] Creation of dynamic property App\Controllers\Products::$optionvalue is deprecated in APPPATH\Controllers\Products.php on line 40.
 1 SYSTEMPATH\CodeIgniter.php(906): App\Controllers\Products->__construct()
 2 SYSTEMPATH\CodeIgniter.php(490): CodeIgniter\CodeIgniter->createController()
 3 SYSTEMPATH\CodeIgniter.php(368): CodeIgniter\CodeIgniter->handleRequest(null, Object(Config\Cache), false)
 4 FCPATH\index.php(67): CodeIgniter\CodeIgniter->run()
WARNING - 2026-05-20 05:40:16 --> [DEPRECATED] Creation of dynamic property App\Controllers\Products::$brand is deprecated in APPPATH\Controllers\Products.php on line 41.
 1 SYSTEMPATH\CodeIgniter.php(906): App\Controllers\Products->__construct()
 2 SYSTEMPATH\CodeIgniter.php(490): CodeIgniter\CodeIgniter->createController()
 3 SYSTEMPATH\CodeIgniter.php(368): CodeIgniter\CodeIgniter->handleRequest(null, Object(Config\Cache), false)
 4 FCPATH\index.php(67): CodeIgniter\CodeIgniter->run()
WARNING - 2026-05-20 05:40:16 --> [DEPRECATED] Creation of dynamic property App\Controllers\Products::$Allsettings is deprecated in APPPATH\Controllers\Products.php on line 42.
 1 SYSTEMPATH\CodeIgniter.php(906): App\Controllers\Products->__construct()
 2 SYSTEMPATH\CodeIgniter.php(490): CodeIgniter\CodeIgniter->createController()
 3 SYSTEMPATH\CodeIgniter.php(368): CodeIgniter\CodeIgniter->handleRequest(null, Object(Config\Cache), false)
 4 FCPATH\index.php(67): CodeIgniter\CodeIgniter->run()
WARNING - 2026-05-20 05:40:16 --> [DEPRECATED] Creation of dynamic property App\Controllers\Products::$Orderitemmodel is deprecated in APPPATH\Controllers\Products.php on line 43.
 1 SYSTEMPATH\CodeIgniter.php(906): App\Controllers\Products->__construct()
 2 SYSTEMPATH\CodeIgniter.php(490): CodeIgniter\CodeIgniter->createController()
 3 SYSTEMPATH\CodeIgniter.php(368): CodeIgniter\CodeIgniter->handleRequest(null, Object(Config\Cache), false)
 4 FCPATH\index.php(67): CodeIgniter\CodeIgniter->run()
WARNING - 2026-05-20 05:40:17 --> [DEPRECATED] Creation of dynamic property App\Controllers\Products::$Ordermodel is deprecated in APPPATH\Controllers\Products.php on line 44.
 1 SYSTEMPATH\CodeIgniter.php(906): App\Controllers\Products->__construct()
 2 SYSTEMPATH\CodeIgniter.php(490): CodeIgniter\CodeIgniter->createController()
 3 SYSTEMPATH\CodeIgniter.php(368): CodeIgniter\CodeIgniter->handleRequest(null, Object(Config\Cache), false)
 4 FCPATH\index.php(67): CodeIgniter\CodeIgniter->run()
WARNING - 2026-05-20 05:40:17 --> [DEPRECATED] Creation of dynamic property App\Controllers\Products::$CartModel is deprecated in APPPATH\Controllers\Products.php on line 45.
 1 SYSTEMPATH\CodeIgniter.php(906): App\Controllers\Products->__construct()
 2 SYSTEMPATH\CodeIgniter.php(490): CodeIgniter\CodeIgniter->createController()
 3 SYSTEMPATH\CodeIgniter.php(368): CodeIgniter\CodeIgniter->handleRequest(null, Object(Config\Cache), false)
 4 FCPATH\index.php(67): CodeIgniter\CodeIgniter->run()
WARNING - 2026-05-20 05:40:17 --> [DEPRECATED] Creation of dynamic property App\Controllers\Products::$Reviewmodel is deprecated in APPPATH\Controllers\Products.php on line 46.
 1 SYSTEMPATH\CodeIgniter.php(906): App\Controllers\Products->__construct()
 2 SYSTEMPATH\CodeIgniter.php(490): CodeIgniter\CodeIgniter->createController()
 3 SYSTEMPATH\CodeIgniter.php(368): CodeIgniter\CodeIgniter->handleRequest(null, Object(Config\Cache), false)
 4 FCPATH\index.php(67): CodeIgniter\CodeIgniter->run()
WARNING - 2026-05-20 05:40:17 --> [DEPRECATED] Creation of dynamic property App\Controllers\Products::$TaxesclassModel is deprecated in APPPATH\Controllers\Products.php on line 47.
 1 SYSTEMPATH\CodeIgniter.php(906): App\Controllers\Products->__construct()
 2 SYSTEMPATH\CodeIgniter.php(490): CodeIgniter\CodeIgniter->createController()
 3 SYSTEMPATH\CodeIgniter.php(368): CodeIgniter\CodeIgniter->handleRequest(null, Object(Config\Cache), false)
 4 FCPATH\index.php(67): CodeIgniter\CodeIgniter->run()
WARNING - 2026-05-20 05:40:17 --> [DEPRECATED] Creation of dynamic property App\Controllers\Products::$cms is deprecated in APPPATH\Controllers\Products.php on line 48.
 1 SYSTEMPATH\CodeIgniter.php(906): App\Controllers\Products->__construct()
 2 SYSTEMPATH\CodeIgniter.php(490): CodeIgniter\CodeIgniter->createController()
 3 SYSTEMPATH\CodeIgniter.php(368): CodeIgniter\CodeIgniter->handleRequest(null, Object(Config\Cache), false)
 4 FCPATH\index.php(67): CodeIgniter\CodeIgniter->run()
INFO - 2026-05-20 05:45:14 --> Session: Class initialized using 'CodeIgniter\Session\Handlers\FileHandler' driver.
INFO - 2026-05-20 05:45:14 --> Session: Class initialized using 'CodeIgniter\Session\Handlers\FileHandler' driver.
WARNING - 2026-05-20 05:45:14 --> [DEPRECATED] Creation of dynamic property App\Controllers\Home::$user_model is deprecated in APPPATH\Controllers\Home.php on line 35.
 1 SYSTEMPATH\CodeIgniter.php(906): App\Controllers\Home->__construct()
 2 SYSTEMPATH\CodeIgniter.php(490): CodeIgniter\CodeIgniter->createController()
 3 SYSTEMPATH\CodeIgniter.php(368): CodeIgniter\CodeIgniter->handleRequest(null, Object(Config\Cache), false)
 4 FCPATH\index.php(67): CodeIgniter\CodeIgniter->run()
WARNING - 2026-05-20 05:45:14 --> [DEPRECATED] Creation of dynamic property App\Controllers\Home::$BlogModel is deprecated in APPPATH\Controllers\Home.php on line 43.
 1 SYSTEMPATH\CodeIgniter.php(906): App\Controllers\Home->__construct()
 2 SYSTEMPATH\CodeIgniter.php(490): CodeIgniter\CodeIgniter->createController()
 3 SYSTEMPATH\CodeIgniter.php(368): CodeIgniter\CodeIgniter->handleRequest(null, Object(Config\Cache), false)
 4 FCPATH\index.php(67): CodeIgniter\CodeIgniter->run()
WARNING - 2026-05-20 05:45:14 --> [DEPRECATED] Creation of dynamic property App\Controllers\Home::$EnquiryModel is deprecated in APPPATH\Controllers\Home.php on line 44.
 1 SYSTEMPATH\CodeIgniter.php(906): App\Controllers\Home->__construct()
 2 SYSTEMPATH\CodeIgniter.php(490): CodeIgniter\CodeIgniter->createController()
 3 SYSTEMPATH\CodeIgniter.php(368): CodeIgniter\CodeIgniter->handleRequest(null, Object(Config\Cache), false)
 4 FCPATH\index.php(67): CodeIgniter\CodeIgniter->run()
WARNING - 2026-05-20 05:45:14 --> [DEPRECATED] Creation of dynamic property App\Controllers\Home::$Allsettingsmodel is deprecated in APPPATH\Controllers\Home.php on line 45.
 1 SYSTEMPATH\CodeIgniter.php(906): App\Controllers\Home->__construct()
 2 SYSTEMPATH\CodeIgniter.php(490): CodeIgniter\CodeIgniter->createController()
 3 SYSTEMPATH\CodeIgniter.php(368): CodeIgniter\CodeIgniter->handleRequest(null, Object(Config\Cache), false)
 4 FCPATH\index.php(67): CodeIgniter\CodeIgniter->run()
WARNING - 2026-05-20 05:45:17 --> [DEPRECATED] Creation of dynamic property App\Controllers\Home::$user_model is deprecated in APPPATH\Controllers\Home.php on line 35.
 1 SYSTEMPATH\CodeIgniter.php(906): App\Controllers\Home->__construct()
 2 SYSTEMPATH\CodeIgniter.php(490): CodeIgniter\CodeIgniter->createController()
 3 SYSTEMPATH\CodeIgniter.php(368): CodeIgniter\CodeIgniter->handleRequest(null, Object(Config\Cache), false)
 4 FCPATH\index.php(67): CodeIgniter\CodeIgniter->run()
WARNING - 2026-05-20 05:45:17 --> [DEPRECATED] Creation of dynamic property App\Controllers\Home::$BlogModel is deprecated in APPPATH\Controllers\Home.php on line 43.
 1 SYSTEMPATH\CodeIgniter.php(906): App\Controllers\Home->__construct()
 2 SYSTEMPATH\CodeIgniter.php(490): CodeIgniter\CodeIgniter->createController()
 3 SYSTEMPATH\CodeIgniter.php(368): CodeIgniter\CodeIgniter->handleRequest(null, Object(Config\Cache), false)
 4 FCPATH\index.php(67): CodeIgniter\CodeIgniter->run()
WARNING - 2026-05-20 05:45:17 --> [DEPRECATED] Creation of dynamic property App\Controllers\Home::$EnquiryModel is deprecated in APPPATH\Controllers\Home.php on line 44.
 1 SYSTEMPATH\CodeIgniter.php(906): App\Controllers\Home->__construct()
 2 SYSTEMPATH\CodeIgniter.php(490): CodeIgniter\CodeIgniter->createController()
 3 SYSTEMPATH\CodeIgniter.php(368): CodeIgniter\CodeIgniter->handleRequest(null, Object(Config\Cache), false)
 4 FCPATH\index.php(67): CodeIgniter\CodeIgniter->run()
WARNING - 2026-05-20 05:45:17 --> [DEPRECATED] Creation of dynamic property App\Controllers\Home::$Allsettingsmodel is deprecated in APPPATH\Controllers\Home.php on line 45.
 1 SYSTEMPATH\CodeIgniter.php(906): App\Controllers\Home->__construct()
 2 SYSTEMPATH\CodeIgniter.php(490): CodeIgniter\CodeIgniter->createController()
 3 SYSTEMPATH\CodeIgniter.php(368): CodeIgniter\CodeIgniter->handleRequest(null, Object(Config\Cache), false)
 4 FCPATH\index.php(67): CodeIgniter\CodeIgniter->run()
INFO - 2026-05-20 05:45:17 --> Session: Class initialized using 'CodeIgniter\Session\Handlers\FileHandler' driver.
INFO - 2026-05-20 05:45:20 --> Session: Class initialized using 'CodeIgniter\Session\Handlers\FileHandler' driver.
WARNING - 2026-05-20 05:45:20 --> [DEPRECATED] Creation of dynamic property App\Controllers\Home::$user_model is deprecated in APPPATH\Controllers\Home.php on line 35.
 1 SYSTEMPATH\CodeIgniter.php(906): App\Controllers\Home->__construct()
 2 SYSTEMPATH\CodeIgniter.php(490): CodeIgniter\CodeIgniter->createController()
 3 SYSTEMPATH\CodeIgniter.php(368): CodeIgniter\CodeIgniter->handleRequest(null, Object(Config\Cache), false)
 4 FCPATH\index.php(67): CodeIgniter\CodeIgniter->run()
WARNING - 2026-05-20 05:45:20 --> [DEPRECATED] Creation of dynamic property App\Controllers\Home::$BlogModel is deprecated in APPPATH\Controllers\Home.php on line 43.
 1 SYSTEMPATH\CodeIgniter.php(906): App\Controllers\Home->__construct()
 2 SYSTEMPATH\CodeIgniter.php(490): CodeIgniter\CodeIgniter->createController()
 3 SYSTEMPATH\CodeIgniter.php(368): CodeIgniter\CodeIgniter->handleRequest(null, Object(Config\Cache), false)
 4 FCPATH\index.php(67): CodeIgniter\CodeIgniter->run()
WARNING - 2026-05-20 05:45:20 --> [DEPRECATED] Creation of dynamic property App\Controllers\Home::$EnquiryModel is deprecated in APPPATH\Controllers\Home.php on line 44.
 1 SYSTEMPATH\CodeIgniter.php(906): App\Controllers\Home->__construct()
 2 SYSTEMPATH\CodeIgniter.php(490): CodeIgniter\CodeIgniter->createController()
 3 SYSTEMPATH\CodeIgniter.php(368): CodeIgniter\CodeIgniter->handleRequest(null, Object(Config\Cache), false)
 4 FCPATH\index.php(67): CodeIgniter\CodeIgniter->run()
WARNING - 2026-05-20 05:45:20 --> [DEPRECATED] Creation of dynamic property App\Controllers\Home::$Allsettingsmodel is deprecated in APPPATH\Controllers\Home.php on line 45.
 1 SYSTEMPATH\CodeIgniter.php(906): App\Controllers\Home->__construct()
 2 SYSTEMPATH\CodeIgniter.php(490): CodeIgniter\CodeIgniter->createController()
 3 SYSTEMPATH\CodeIgniter.php(368): CodeIgniter\CodeIgniter->handleRequest(null, Object(Config\Cache), false)
 4 FCPATH\index.php(67): CodeIgniter\CodeIgniter->run()
INFO - 2026-05-20 05:45:27 --> Session: Class initialized using 'CodeIgniter\Session\Handlers\FileHandler' driver.
WARNING - 2026-05-20 05:45:28 --> [DEPRECATED] Creation of dynamic property App\Controllers\Products::$session is deprecated in APPPATH\Controllers\Products.php on line 30.
 1 SYSTEMPATH\CodeIgniter.php(906): App\Controllers\Products->__construct()
 2 SYSTEMPATH\CodeIgniter.php(490): CodeIgniter\CodeIgniter->createController()
 3 SYSTEMPATH\CodeIgniter.php(368): CodeIgniter\CodeIgniter->handleRequest(null, Object(Config\Cache), false)
 4 FCPATH\index.php(67): CodeIgniter\CodeIgniter->run()
WARNING - 2026-05-20 05:45:28 --> Session: Sessions is enabled, and one exists. Please don't $session->start();
WARNING - 2026-05-20 05:45:28 --> [DEPRECATED] Creation of dynamic property App\Controllers\Products::$catagory is deprecated in APPPATH\Controllers\Products.php on line 33.
 1 SYSTEMPATH\CodeIgniter.php(906): App\Controllers\Products->__construct()
 2 SYSTEMPATH\CodeIgniter.php(490): CodeIgniter\CodeIgniter->createController()
 3 SYSTEMPATH\CodeIgniter.php(368): CodeIgniter\CodeIgniter->handleRequest(null, Object(Config\Cache), false)
 4 FCPATH\index.php(67): CodeIgniter\CodeIgniter->run()
WARNING - 2026-05-20 05:45:28 --> [DEPRECATED] Creation of dynamic property App\Controllers\Products::$variation is deprecated in APPPATH\Controllers\Products.php on line 34.
 1 SYSTEMPATH\CodeIgniter.php(906): App\Controllers\Products->__construct()
 2 SYSTEMPATH\CodeIgniter.php(490): CodeIgniter\CodeIgniter->createController()
 3 SYSTEMPATH\CodeIgniter.php(368): CodeIgniter\CodeIgniter->handleRequest(null, Object(Config\Cache), false)
 4 FCPATH\index.php(67): CodeIgniter\CodeIgniter->run()
WARNING - 2026-05-20 05:45:28 --> [DEPRECATED] Creation of dynamic property App\Controllers\Products::$variationtype is deprecated in APPPATH\Controllers\Products.php on line 35.
 1 SYSTEMPATH\CodeIgniter.php(906): App\Controllers\Products->__construct()
 2 SYSTEMPATH\CodeIgniter.php(490): CodeIgniter\CodeIgniter->createController()
 3 SYSTEMPATH\CodeIgniter.php(368): CodeIgniter\CodeIgniter->handleRequest(null, Object(Config\Cache), false)
 4 FCPATH\index.php(67): CodeIgniter\CodeIgniter->run()
WARNING - 2026-05-20 05:45:28 --> [DEPRECATED] Creation of dynamic property App\Controllers\Products::$subcategory is deprecated in APPPATH\Controllers\Products.php on line 36.
 1 SYSTEMPATH\CodeIgniter.php(906): App\Controllers\Products->__construct()
 2 SYSTEMPATH\CodeIgniter.php(490): CodeIgniter\CodeIgniter->createController()
 3 SYSTEMPATH\CodeIgniter.php(368): CodeIgniter\CodeIgniter->handleRequest(null, Object(Config\Cache), false)
 4 FCPATH\index.php(67): CodeIgniter\CodeIgniter->run()
WARNING - 2026-05-20 05:45:28 --> [DEPRECATED] Creation of dynamic property App\Controllers\Products::$product is deprecated in APPPATH\Controllers\Products.php on line 37.
 1 SYSTEMPATH\CodeIgniter.php(906): App\Controllers\Products->__construct()
 2 SYSTEMPATH\CodeIgniter.php(490): CodeIgniter\CodeIgniter->createController()
 3 SYSTEMPATH\CodeIgniter.php(368): CodeIgniter\CodeIgniter->handleRequest(null, Object(Config\Cache), false)
 4 FCPATH\index.php(67): CodeIgniter\CodeIgniter->run()
WARNING - 2026-05-20 05:45:28 --> [DEPRECATED] Creation of dynamic property App\Controllers\Products::$tags is deprecated in APPPATH\Controllers\Products.php on line 38.
 1 SYSTEMPATH\CodeIgniter.php(906): App\Controllers\Products->__construct()
 2 SYSTEMPATH\CodeIgniter.php(490): CodeIgniter\CodeIgniter->createController()
 3 SYSTEMPATH\CodeIgniter.php(368): CodeIgniter\CodeIgniter->handleRequest(null, Object(Config\Cache), false)
 4 FCPATH\index.php(67): CodeIgniter\CodeIgniter->run()
WARNING - 2026-05-20 05:45:28 --> [DEPRECATED] Creation of dynamic property App\Controllers\Products::$shippingmethod is deprecated in APPPATH\Controllers\Products.php on line 39.
 1 SYSTEMPATH\CodeIgniter.php(906): App\Controllers\Products->__construct()
 2 SYSTEMPATH\CodeIgniter.php(490): CodeIgniter\CodeIgniter->createController()
 3 SYSTEMPATH\CodeIgniter.php(368): CodeIgniter\CodeIgniter->handleRequest(null, Object(Config\Cache), false)
 4 FCPATH\index.php(67): CodeIgniter\CodeIgniter->run()
WARNING - 2026-05-20 05:45:28 --> [DEPRECATED] Creation of dynamic property App\Controllers\Products::$optionvalue is deprecated in APPPATH\Controllers\Products.php on line 40.
 1 SYSTEMPATH\CodeIgniter.php(906): App\Controllers\Products->__construct()
 2 SYSTEMPATH\CodeIgniter.php(490): CodeIgniter\CodeIgniter->createController()
 3 SYSTEMPATH\CodeIgniter.php(368): CodeIgniter\CodeIgniter->handleRequest(null, Object(Config\Cache), false)
 4 FCPATH\index.php(67): CodeIgniter\CodeIgniter->run()
WARNING - 2026-05-20 05:45:28 --> [DEPRECATED] Creation of dynamic property App\Controllers\Products::$brand is deprecated in APPPATH\Controllers\Products.php on line 41.
 1 SYSTEMPATH\CodeIgniter.php(906): App\Controllers\Products->__construct()
 2 SYSTEMPATH\CodeIgniter.php(490): CodeIgniter\CodeIgniter->createController()
 3 SYSTEMPATH\CodeIgniter.php(368): CodeIgniter\CodeIgniter->handleRequest(null, Object(Config\Cache), false)
 4 FCPATH\index.php(67): CodeIgniter\CodeIgniter->run()
WARNING - 2026-05-20 05:45:28 --> [DEPRECATED] Creation of dynamic property App\Controllers\Products::$Allsettings is deprecated in APPPATH\Controllers\Products.php on line 42.
 1 SYSTEMPATH\CodeIgniter.php(906): App\Controllers\Products->__construct()
 2 SYSTEMPATH\CodeIgniter.php(490): CodeIgniter\CodeIgniter->createController()
 3 SYSTEMPATH\CodeIgniter.php(368): CodeIgniter\CodeIgniter->handleRequest(null, Object(Config\Cache), false)
 4 FCPATH\index.php(67): CodeIgniter\CodeIgniter->run()
WARNING - 2026-05-20 05:45:28 --> [DEPRECATED] Creation of dynamic property App\Controllers\Products::$Orderitemmodel is deprecated in APPPATH\Controllers\Products.php on line 43.
 1 SYSTEMPATH\CodeIgniter.php(906): App\Controllers\Products->__construct()
 2 SYSTEMPATH\CodeIgniter.php(490): CodeIgniter\CodeIgniter->createController()
 3 SYSTEMPATH\CodeIgniter.php(368): CodeIgniter\CodeIgniter->handleRequest(null, Object(Config\Cache), false)
 4 FCPATH\index.php(67): CodeIgniter\CodeIgniter->run()
WARNING - 2026-05-20 05:45:28 --> [DEPRECATED] Creation of dynamic property App\Controllers\Products::$Ordermodel is deprecated in APPPATH\Controllers\Products.php on line 44.
 1 SYSTEMPATH\CodeIgniter.php(906): App\Controllers\Products->__construct()
 2 SYSTEMPATH\CodeIgniter.php(490): CodeIgniter\CodeIgniter->createController()
 3 SYSTEMPATH\CodeIgniter.php(368): CodeIgniter\CodeIgniter->handleRequest(null, Object(Config\Cache), false)
 4 FCPATH\index.php(67): CodeIgniter\CodeIgniter->run()
WARNING - 2026-05-20 05:45:28 --> [DEPRECATED] Creation of dynamic property App\Controllers\Products::$CartModel is deprecated in APPPATH\Controllers\Products.php on line 45.
 1 SYSTEMPATH\CodeIgniter.php(906): App\Controllers\Products->__construct()
 2 SYSTEMPATH\CodeIgniter.php(490): CodeIgniter\CodeIgniter->createController()
 3 SYSTEMPATH\CodeIgniter.php(368): CodeIgniter\CodeIgniter->handleRequest(null, Object(Config\Cache), false)
 4 FCPATH\index.php(67): CodeIgniter\CodeIgniter->run()
WARNING - 2026-05-20 05:45:28 --> [DEPRECATED] Creation of dynamic property App\Controllers\Products::$Reviewmodel is deprecated in APPPATH\Controllers\Products.php on line 46.
 1 SYSTEMPATH\CodeIgniter.php(906): App\Controllers\Products->__construct()
 2 SYSTEMPATH\CodeIgniter.php(490): CodeIgniter\CodeIgniter->createController()
 3 SYSTEMPATH\CodeIgniter.php(368): CodeIgniter\CodeIgniter->handleRequest(null, Object(Config\Cache), false)
 4 FCPATH\index.php(67): CodeIgniter\CodeIgniter->run()
WARNING - 2026-05-20 05:45:28 --> [DEPRECATED] Creation of dynamic property App\Controllers\Products::$TaxesclassModel is deprecated in APPPATH\Controllers\Products.php on line 47.
 1 SYSTEMPATH\CodeIgniter.php(906): App\Controllers\Products->__construct()
 2 SYSTEMPATH\CodeIgniter.php(490): CodeIgniter\CodeIgniter->createController()
 3 SYSTEMPATH\CodeIgniter.php(368): CodeIgniter\CodeIgniter->handleRequest(null, Object(Config\Cache), false)
 4 FCPATH\index.php(67): CodeIgniter\CodeIgniter->run()
WARNING - 2026-05-20 05:45:28 --> [DEPRECATED] Creation of dynamic property App\Controllers\Products::$cms is deprecated in APPPATH\Controllers\Products.php on line 48.
 1 SYSTEMPATH\CodeIgniter.php(906): App\Controllers\Products->__construct()
 2 SYSTEMPATH\CodeIgniter.php(490): CodeIgniter\CodeIgniter->createController()
 3 SYSTEMPATH\CodeIgniter.php(368): CodeIgniter\CodeIgniter->handleRequest(null, Object(Config\Cache), false)
 4 FCPATH\index.php(67): CodeIgniter\CodeIgniter->run()
INFO - 2026-05-20 05:45:32 --> Session: Class initialized using 'CodeIgniter\Session\Handlers\FileHandler' driver.
WARNING - 2026-05-20 05:45:32 --> [DEPRECATED] Creation of dynamic property App\Controllers\Products::$session is deprecated in APPPATH\Controllers\Products.php on line 30.
 1 SYSTEMPATH\CodeIgniter.php(906): App\Controllers\Products->__construct()
 2 SYSTEMPATH\CodeIgniter.php(490): CodeIgniter\CodeIgniter->createController()
 3 SYSTEMPATH\CodeIgniter.php(368): CodeIgniter\CodeIgniter->handleRequest(null, Object(Config\Cache), false)
 4 FCPATH\index.php(67): CodeIgniter\CodeIgniter->run()
WARNING - 2026-05-20 05:45:32 --> Session: Sessions is enabled, and one exists. Please don't $session->start();
WARNING - 2026-05-20 05:45:32 --> [DEPRECATED] Creation of dynamic property App\Controllers\Products::$catagory is deprecated in APPPATH\Controllers\Products.php on line 33.
 1 SYSTEMPATH\CodeIgniter.php(906): App\Controllers\Products->__construct()
 2 SYSTEMPATH\CodeIgniter.php(490): CodeIgniter\CodeIgniter->createController()
 3 SYSTEMPATH\CodeIgniter.php(368): CodeIgniter\CodeIgniter->handleRequest(null, Object(Config\Cache), false)
 4 FCPATH\index.php(67): CodeIgniter\CodeIgniter->run()
WARNING - 2026-05-20 05:45:32 --> [DEPRECATED] Creation of dynamic property App\Controllers\Products::$variation is deprecated in APPPATH\Controllers\Products.php on line 34.
 1 SYSTEMPATH\CodeIgniter.php(906): App\Controllers\Products->__construct()
 2 SYSTEMPATH\CodeIgniter.php(490): CodeIgniter\CodeIgniter->createController()
 3 SYSTEMPATH\CodeIgniter.php(368): CodeIgniter\CodeIgniter->handleRequest(null, Object(Config\Cache), false)
 4 FCPATH\index.php(67): CodeIgniter\CodeIgniter->run()
WARNING - 2026-05-20 05:45:32 --> [DEPRECATED] Creation of dynamic property App\Controllers\Products::$variationtype is deprecated in APPPATH\Controllers\Products.php on line 35.
 1 SYSTEMPATH\CodeIgniter.php(906): App\Controllers\Products->__construct()
 2 SYSTEMPATH\CodeIgniter.php(490): CodeIgniter\CodeIgniter->createController()
 3 SYSTEMPATH\CodeIgniter.php(368): CodeIgniter\CodeIgniter->handleRequest(null, Object(Config\Cache), false)
 4 FCPATH\index.php(67): CodeIgniter\CodeIgniter->run()
WARNING - 2026-05-20 05:45:32 --> [DEPRECATED] Creation of dynamic property App\Controllers\Products::$subcategory is deprecated in APPPATH\Controllers\Products.php on line 36.
 1 SYSTEMPATH\CodeIgniter.php(906): App\Controllers\Products->__construct()
 2 SYSTEMPATH\CodeIgniter.php(490): CodeIgniter\CodeIgniter->createController()
 3 SYSTEMPATH\CodeIgniter.php(368): CodeIgniter\CodeIgniter->handleRequest(null, Object(Config\Cache), false)
 4 FCPATH\index.php(67): CodeIgniter\CodeIgniter->run()
WARNING - 2026-05-20 05:45:32 --> [DEPRECATED] Creation of dynamic property App\Controllers\Products::$product is deprecated in APPPATH\Controllers\Products.php on line 37.
 1 SYSTEMPATH\CodeIgniter.php(906): App\Controllers\Products->__construct()
 2 SYSTEMPATH\CodeIgniter.php(490): CodeIgniter\CodeIgniter->createController()
 3 SYSTEMPATH\CodeIgniter.php(368): CodeIgniter\CodeIgniter->handleRequest(null, Object(Config\Cache), false)
 4 FCPATH\index.php(67): CodeIgniter\CodeIgniter->run()
WARNING - 2026-05-20 05:45:32 --> [DEPRECATED] Creation of dynamic property App\Controllers\Products::$tags is deprecated in APPPATH\Controllers\Products.php on line 38.
 1 SYSTEMPATH\CodeIgniter.php(906): App\Controllers\Products->__construct()
 2 SYSTEMPATH\CodeIgniter.php(490): CodeIgniter\CodeIgniter->createController()
 3 SYSTEMPATH\CodeIgniter.php(368): CodeIgniter\CodeIgniter->handleRequest(null, Object(Config\Cache), false)
 4 FCPATH\index.php(67): CodeIgniter\CodeIgniter->run()
WARNING - 2026-05-20 05:45:32 --> [DEPRECATED] Creation of dynamic property App\Controllers\Products::$shippingmethod is deprecated in APPPATH\Controllers\Products.php on line 39.
 1 SYSTEMPATH\CodeIgniter.php(906): App\Controllers\Products->__construct()
 2 SYSTEMPATH\CodeIgniter.php(490): CodeIgniter\CodeIgniter->createController()
 3 SYSTEMPATH\CodeIgniter.php(368): CodeIgniter\CodeIgniter->handleRequest(null, Object(Config\Cache), false)
 4 FCPATH\index.php(67): CodeIgniter\CodeIgniter->run()
WARNING - 2026-05-20 05:45:32 --> [DEPRECATED] Creation of dynamic property App\Controllers\Products::$optionvalue is deprecated in APPPATH\Controllers\Products.php on line 40.
 1 SYSTEMPATH\CodeIgniter.php(906): App\Controllers\Products->__construct()
 2 SYSTEMPATH\CodeIgniter.php(490): CodeIgniter\CodeIgniter->createController()
 3 SYSTEMPATH\CodeIgniter.php(368): CodeIgniter\CodeIgniter->handleRequest(null, Object(Config\Cache), false)
 4 FCPATH\index.php(67): CodeIgniter\CodeIgniter->run()
WARNING - 2026-05-20 05:45:32 --> [DEPRECATED] Creation of dynamic property App\Controllers\Products::$brand is deprecated in APPPATH\Controllers\Products.php on line 41.
 1 SYSTEMPATH\CodeIgniter.php(906): App\Controllers\Products->__construct()
 2 SYSTEMPATH\CodeIgniter.php(490): CodeIgniter\CodeIgniter->createController()
 3 SYSTEMPATH\CodeIgniter.php(368): CodeIgniter\CodeIgniter->handleRequest(null, Object(Config\Cache), false)
 4 FCPATH\index.php(67): CodeIgniter\CodeIgniter->run()
WARNING - 2026-05-20 05:45:32 --> [DEPRECATED] Creation of dynamic property App\Controllers\Products::$Allsettings is deprecated in APPPATH\Controllers\Products.php on line 42.
 1 SYSTEMPATH\CodeIgniter.php(906): App\Controllers\Products->__construct()
 2 SYSTEMPATH\CodeIgniter.php(490): CodeIgniter\CodeIgniter->createController()
 3 SYSTEMPATH\CodeIgniter.php(368): CodeIgniter\CodeIgniter->handleRequest(null, Object(Config\Cache), false)
 4 FCPATH\index.php(67): CodeIgniter\CodeIgniter->run()
WARNING - 2026-05-20 05:45:32 --> [DEPRECATED] Creation of dynamic property App\Controllers\Products::$Orderitemmodel is deprecated in APPPATH\Controllers\Products.php on line 43.
 1 SYSTEMPATH\CodeIgniter.php(906): App\Controllers\Products->__construct()
 2 SYSTEMPATH\CodeIgniter.php(490): CodeIgniter\CodeIgniter->createController()
 3 SYSTEMPATH\CodeIgniter.php(368): CodeIgniter\CodeIgniter->handleRequest(null, Object(Config\Cache), false)
 4 FCPATH\index.php(67): CodeIgniter\CodeIgniter->run()
WARNING - 2026-05-20 05:45:32 --> [DEPRECATED] Creation of dynamic property App\Controllers\Products::$Ordermodel is deprecated in APPPATH\Controllers\Products.php on line 44.
 1 SYSTEMPATH\CodeIgniter.php(906): App\Controllers\Products->__construct()
 2 SYSTEMPATH\CodeIgniter.php(490): CodeIgniter\CodeIgniter->createController()
 3 SYSTEMPATH\CodeIgniter.php(368): CodeIgniter\CodeIgniter->handleRequest(null, Object(Config\Cache), false)
 4 FCPATH\index.php(67): CodeIgniter\CodeIgniter->run()
WARNING - 2026-05-20 05:45:32 --> [DEPRECATED] Creation of dynamic property App\Controllers\Products::$CartModel is deprecated in APPPATH\Controllers\Products.php on line 45.
 1 SYSTEMPATH\CodeIgniter.php(906): App\Controllers\Products->__construct()
 2 SYSTEMPATH\CodeIgniter.php(490): CodeIgniter\CodeIgniter->createController()
 3 SYSTEMPATH\CodeIgniter.php(368): CodeIgniter\CodeIgniter->handleRequest(null, Object(Config\Cache), false)
 4 FCPATH\index.php(67): CodeIgniter\CodeIgniter->run()
WARNING - 2026-05-20 05:45:32 --> [DEPRECATED] Creation of dynamic property App\Controllers\Products::$Reviewmodel is deprecated in APPPATH\Controllers\Products.php on line 46.
 1 SYSTEMPATH\CodeIgniter.php(906): App\Controllers\Products->__construct()
 2 SYSTEMPATH\CodeIgniter.php(490): CodeIgniter\CodeIgniter->createController()
 3 SYSTEMPATH\CodeIgniter.php(368): CodeIgniter\CodeIgniter->handleRequest(null, Object(Config\Cache), false)
 4 FCPATH\index.php(67): CodeIgniter\CodeIgniter->run()
WARNING - 2026-05-20 05:45:32 --> [DEPRECATED] Creation of dynamic property App\Controllers\Products::$TaxesclassModel is deprecated in APPPATH\Controllers\Products.php on line 47.
 1 SYSTEMPATH\CodeIgniter.php(906): App\Controllers\Products->__construct()
 2 SYSTEMPATH\CodeIgniter.php(490): CodeIgniter\CodeIgniter->createController()
 3 SYSTEMPATH\CodeIgniter.php(368): CodeIgniter\CodeIgniter->handleRequest(null, Object(Config\Cache), false)
 4 FCPATH\index.php(67): CodeIgniter\CodeIgniter->run()
WARNING - 2026-05-20 05:45:32 --> [DEPRECATED] Creation of dynamic property App\Controllers\Products::$cms is deprecated in APPPATH\Controllers\Products.php on line 48.
 1 SYSTEMPATH\CodeIgniter.php(906): App\Controllers\Products->__construct()
 2 SYSTEMPATH\CodeIgniter.php(490): CodeIgniter\CodeIgniter->createController()
 3 SYSTEMPATH\CodeIgniter.php(368): CodeIgniter\CodeIgniter->handleRequest(null, Object(Config\Cache), false)
 4 FCPATH\index.php(67): CodeIgniter\CodeIgniter->run()
INFO - 2026-05-20 05:50:21 --> Session: Class initialized using 'CodeIgniter\Session\Handlers\FileHandler' driver.
INFO - 2026-05-20 05:50:21 --> Session: Class initialized using 'CodeIgniter\Session\Handlers\FileHandler' driver.
WARNING - 2026-05-20 05:50:21 --> [DEPRECATED] Creation of dynamic property App\Controllers\Home::$user_model is deprecated in APPPATH\Controllers\Home.php on line 35.
 1 SYSTEMPATH\CodeIgniter.php(906): App\Controllers\Home->__construct()
 2 SYSTEMPATH\CodeIgniter.php(490): CodeIgniter\CodeIgniter->createController()
 3 SYSTEMPATH\CodeIgniter.php(368): CodeIgniter\CodeIgniter->handleRequest(null, Object(Config\Cache), false)
 4 FCPATH\index.php(67): CodeIgniter\CodeIgniter->run()
WARNING - 2026-05-20 05:50:21 --> [DEPRECATED] Creation of dynamic property App\Controllers\Home::$BlogModel is deprecated in APPPATH\Controllers\Home.php on line 43.
 1 SYSTEMPATH\CodeIgniter.php(906): App\Controllers\Home->__construct()
 2 SYSTEMPATH\CodeIgniter.php(490): CodeIgniter\CodeIgniter->createController()
 3 SYSTEMPATH\CodeIgniter.php(368): CodeIgniter\CodeIgniter->handleRequest(null, Object(Config\Cache), false)
 4 FCPATH\index.php(67): CodeIgniter\CodeIgniter->run()
WARNING - 2026-05-20 05:50:21 --> [DEPRECATED] Creation of dynamic property App\Controllers\Home::$EnquiryModel is deprecated in APPPATH\Controllers\Home.php on line 44.
 1 SYSTEMPATH\CodeIgniter.php(906): App\Controllers\Home->__construct()
 2 SYSTEMPATH\CodeIgniter.php(490): CodeIgniter\CodeIgniter->createController()
 3 SYSTEMPATH\CodeIgniter.php(368): CodeIgniter\CodeIgniter->handleRequest(null, Object(Config\Cache), false)
 4 FCPATH\index.php(67): CodeIgniter\CodeIgniter->run()
WARNING - 2026-05-20 05:50:21 --> [DEPRECATED] Creation of dynamic property App\Controllers\Home::$Allsettingsmodel is deprecated in APPPATH\Controllers\Home.php on line 45.
 1 SYSTEMPATH\CodeIgniter.php(906): App\Controllers\Home->__construct()
 2 SYSTEMPATH\CodeIgniter.php(490): CodeIgniter\CodeIgniter->createController()
 3 SYSTEMPATH\CodeIgniter.php(368): CodeIgniter\CodeIgniter->handleRequest(null, Object(Config\Cache), false)
 4 FCPATH\index.php(67): CodeIgniter\CodeIgniter->run()
WARNING - 2026-05-20 05:50:25 --> [DEPRECATED] Creation of dynamic property App\Controllers\Home::$user_model is deprecated in APPPATH\Controllers\Home.php on line 35.
 1 SYSTEMPATH\CodeIgniter.php(906): App\Controllers\Home->__construct()
 2 SYSTEMPATH\CodeIgniter.php(490): CodeIgniter\CodeIgniter->createController()
 3 SYSTEMPATH\CodeIgniter.php(368): CodeIgniter\CodeIgniter->handleRequest(null, Object(Config\Cache), false)
 4 FCPATH\index.php(67): CodeIgniter\CodeIgniter->run()
WARNING - 2026-05-20 05:50:25 --> [DEPRECATED] Creation of dynamic property App\Controllers\Home::$BlogModel is deprecated in APPPATH\Controllers\Home.php on line 43.
 1 SYSTEMPATH\CodeIgniter.php(906): App\Controllers\Home->__construct()
 2 SYSTEMPATH\CodeIgniter.php(490): CodeIgniter\CodeIgniter->createController()
 3 SYSTEMPATH\CodeIgniter.php(368): CodeIgniter\CodeIgniter->handleRequest(null, Object(Config\Cache), false)
 4 FCPATH\index.php(67): CodeIgniter\CodeIgniter->run()
WARNING - 2026-05-20 05:50:25 --> [DEPRECATED] Creation of dynamic property App\Controllers\Home::$EnquiryModel is deprecated in APPPATH\Controllers\Home.php on line 44.
 1 SYSTEMPATH\CodeIgniter.php(906): App\Controllers\Home->__construct()
 2 SYSTEMPATH\CodeIgniter.php(490): CodeIgniter\CodeIgniter->createController()
 3 SYSTEMPATH\CodeIgniter.php(368): CodeIgniter\CodeIgniter->handleRequest(null, Object(Config\Cache), false)
 4 FCPATH\index.php(67): CodeIgniter\CodeIgniter->run()
WARNING - 2026-05-20 05:50:25 --> [DEPRECATED] Creation of dynamic property App\Controllers\Home::$Allsettingsmodel is deprecated in APPPATH\Controllers\Home.php on line 45.
 1 SYSTEMPATH\CodeIgniter.php(906): App\Controllers\Home->__construct()
 2 SYSTEMPATH\CodeIgniter.php(490): CodeIgniter\CodeIgniter->createController()
 3 SYSTEMPATH\CodeIgniter.php(368): CodeIgniter\CodeIgniter->handleRequest(null, Object(Config\Cache), false)
 4 FCPATH\index.php(67): CodeIgniter\CodeIgniter->run()
INFO - 2026-05-20 05:50:25 --> Session: Class initialized using 'CodeIgniter\Session\Handlers\FileHandler' driver.
INFO - 2026-05-20 05:50:28 --> Session: Class initialized using 'CodeIgniter\Session\Handlers\FileHandler' driver.
WARNING - 2026-05-20 05:50:28 --> [DEPRECATED] Creation of dynamic property App\Controllers\Home::$user_model is deprecated in APPPATH\Controllers\Home.php on line 35.
 1 SYSTEMPATH\CodeIgniter.php(906): App\Controllers\Home->__construct()
 2 SYSTEMPATH\CodeIgniter.php(490): CodeIgniter\CodeIgniter->createController()
 3 SYSTEMPATH\CodeIgniter.php(368): CodeIgniter\CodeIgniter->handleRequest(null, Object(Config\Cache), false)
 4 FCPATH\index.php(67): CodeIgniter\CodeIgniter->run()
WARNING - 2026-05-20 05:50:28 --> [DEPRECATED] Creation of dynamic property App\Controllers\Home::$BlogModel is deprecated in APPPATH\Controllers\Home.php on line 43.
 1 SYSTEMPATH\CodeIgniter.php(906): App\Controllers\Home->__construct()
 2 SYSTEMPATH\CodeIgniter.php(490): CodeIgniter\CodeIgniter->createController()
 3 SYSTEMPATH\CodeIgniter.php(368): CodeIgniter\CodeIgniter->handleRequest(null, Object(Config\Cache), false)
 4 FCPATH\index.php(67): CodeIgniter\CodeIgniter->run()
WARNING - 2026-05-20 05:50:28 --> [DEPRECATED] Creation of dynamic property App\Controllers\Home::$EnquiryModel is deprecated in APPPATH\Controllers\Home.php on line 44.
 1 SYSTEMPATH\CodeIgniter.php(906): App\Controllers\Home->__construct()
 2 SYSTEMPATH\CodeIgniter.php(490): CodeIgniter\CodeIgniter->createController()
 3 SYSTEMPATH\CodeIgniter.php(368): CodeIgniter\CodeIgniter->handleRequest(null, Object(Config\Cache), false)
 4 FCPATH\index.php(67): CodeIgniter\CodeIgniter->run()
WARNING - 2026-05-20 05:50:28 --> [DEPRECATED] Creation of dynamic property App\Controllers\Home::$Allsettingsmodel is deprecated in APPPATH\Controllers\Home.php on line 45.
 1 SYSTEMPATH\CodeIgniter.php(906): App\Controllers\Home->__construct()
 2 SYSTEMPATH\CodeIgniter.php(490): CodeIgniter\CodeIgniter->createController()
 3 SYSTEMPATH\CodeIgniter.php(368): CodeIgniter\CodeIgniter->handleRequest(null, Object(Config\Cache), false)
 4 FCPATH\index.php(67): CodeIgniter\CodeIgniter->run()
INFO - 2026-05-20 05:50:37 --> Session: Class initialized using 'CodeIgniter\Session\Handlers\FileHandler' driver.
WARNING - 2026-05-20 05:50:38 --> [DEPRECATED] Creation of dynamic property App\Controllers\Products::$session is deprecated in APPPATH\Controllers\Products.php on line 30.
 1 SYSTEMPATH\CodeIgniter.php(906): App\Controllers\Products->__construct()
 2 SYSTEMPATH\CodeIgniter.php(490): CodeIgniter\CodeIgniter->createController()
 3 SYSTEMPATH\CodeIgniter.php(368): CodeIgniter\CodeIgniter->handleRequest(null, Object(Config\Cache), false)
 4 FCPATH\index.php(67): CodeIgniter\CodeIgniter->run()
WARNING - 2026-05-20 05:50:38 --> Session: Sessions is enabled, and one exists. Please don't $session->start();
WARNING - 2026-05-20 05:50:38 --> [DEPRECATED] Creation of dynamic property App\Controllers\Products::$catagory is deprecated in APPPATH\Controllers\Products.php on line 33.
 1 SYSTEMPATH\CodeIgniter.php(906): App\Controllers\Products->__construct()
 2 SYSTEMPATH\CodeIgniter.php(490): CodeIgniter\CodeIgniter->createController()
 3 SYSTEMPATH\CodeIgniter.php(368): CodeIgniter\CodeIgniter->handleRequest(null, Object(Config\Cache), false)
 4 FCPATH\index.php(67): CodeIgniter\CodeIgniter->run()
WARNING - 2026-05-20 05:50:38 --> [DEPRECATED] Creation of dynamic property App\Controllers\Products::$variation is deprecated in APPPATH\Controllers\Products.php on line 34.
 1 SYSTEMPATH\CodeIgniter.php(906): App\Controllers\Products->__construct()
 2 SYSTEMPATH\CodeIgniter.php(490): CodeIgniter\CodeIgniter->createController()
 3 SYSTEMPATH\CodeIgniter.php(368): CodeIgniter\CodeIgniter->handleRequest(null, Object(Config\Cache), false)
 4 FCPATH\index.php(67): CodeIgniter\CodeIgniter->run()
WARNING - 2026-05-20 05:50:38 --> [DEPRECATED] Creation of dynamic property App\Controllers\Products::$variationtype is deprecated in APPPATH\Controllers\Products.php on line 35.
 1 SYSTEMPATH\CodeIgniter.php(906): App\Controllers\Products->__construct()
 2 SYSTEMPATH\CodeIgniter.php(490): CodeIgniter\CodeIgniter->createController()
 3 SYSTEMPATH\CodeIgniter.php(368): CodeIgniter\CodeIgniter->handleRequest(null, Object(Config\Cache), false)
 4 FCPATH\index.php(67): CodeIgniter\CodeIgniter->run()
WARNING - 2026-05-20 05:50:38 --> [DEPRECATED] Creation of dynamic property App\Controllers\Products::$subcategory is deprecated in APPPATH\Controllers\Products.php on line 36.
 1 SYSTEMPATH\CodeIgniter.php(906): App\Controllers\Products->__construct()
 2 SYSTEMPATH\CodeIgniter.php(490): CodeIgniter\CodeIgniter->createController()
 3 SYSTEMPATH\CodeIgniter.php(368): CodeIgniter\CodeIgniter->handleRequest(null, Object(Config\Cache), false)
 4 FCPATH\index.php(67): CodeIgniter\CodeIgniter->run()
WARNING - 2026-05-20 05:50:38 --> [DEPRECATED] Creation of dynamic property App\Controllers\Products::$product is deprecated in APPPATH\Controllers\Products.php on line 37.
 1 SYSTEMPATH\CodeIgniter.php(906): App\Controllers\Products->__construct()
 2 SYSTEMPATH\CodeIgniter.php(490): CodeIgniter\CodeIgniter->createController()
 3 SYSTEMPATH\CodeIgniter.php(368): CodeIgniter\CodeIgniter->handleRequest(null, Object(Config\Cache), false)
 4 FCPATH\index.php(67): CodeIgniter\CodeIgniter->run()
WARNING - 2026-05-20 05:50:38 --> [DEPRECATED] Creation of dynamic property App\Controllers\Products::$tags is deprecated in APPPATH\Controllers\Products.php on line 38.
 1 SYSTEMPATH\CodeIgniter.php(906): App\Controllers\Products->__construct()
 2 SYSTEMPATH\CodeIgniter.php(490): CodeIgniter\CodeIgniter->createController()
 3 SYSTEMPATH\CodeIgniter.php(368): CodeIgniter\CodeIgniter->handleRequest(null, Object(Config\Cache), false)
 4 FCPATH\index.php(67): CodeIgniter\CodeIgniter->run()
WARNING - 2026-05-20 05:50:38 --> [DEPRECATED] Creation of dynamic property App\Controllers\Products::$shippingmethod is deprecated in APPPATH\Controllers\Products.php on line 39.
 1 SYSTEMPATH\CodeIgniter.php(906): App\Controllers\Products->__construct()
 2 SYSTEMPATH\CodeIgniter.php(490): CodeIgniter\CodeIgniter->createController()
 3 SYSTEMPATH\CodeIgniter.php(368): CodeIgniter\CodeIgniter->handleRequest(null, Object(Config\Cache), false)
 4 FCPATH\index.php(67): CodeIgniter\CodeIgniter->run()
WARNING - 2026-05-20 05:50:38 --> [DEPRECATED] Creation of dynamic property App\Controllers\Products::$optionvalue is deprecated in APPPATH\Controllers\Products.php on line 40.
 1 SYSTEMPATH\CodeIgniter.php(906): App\Controllers\Products->__construct()
 2 SYSTEMPATH\CodeIgniter.php(490): CodeIgniter\CodeIgniter->createController()
 3 SYSTEMPATH\CodeIgniter.php(368): CodeIgniter\CodeIgniter->handleRequest(null, Object(Config\Cache), false)
 4 FCPATH\index.php(67): CodeIgniter\CodeIgniter->run()
WARNING - 2026-05-20 05:50:38 --> [DEPRECATED] Creation of dynamic property App\Controllers\Products::$brand is deprecated in APPPATH\Controllers\Products.php on line 41.
 1 SYSTEMPATH\CodeIgniter.php(906): App\Controllers\Products->__construct()
 2 SYSTEMPATH\CodeIgniter.php(490): CodeIgniter\CodeIgniter->createController()
 3 SYSTEMPATH\CodeIgniter.php(368): CodeIgniter\CodeIgniter->handleRequest(null, Object(Config\Cache), false)
 4 FCPATH\index.php(67): CodeIgniter\CodeIgniter->run()
WARNING - 2026-05-20 05:50:38 --> [DEPRECATED] Creation of dynamic property App\Controllers\Products::$Allsettings is deprecated in APPPATH\Controllers\Products.php on line 42.
 1 SYSTEMPATH\CodeIgniter.php(906): App\Controllers\Products->__construct()
 2 SYSTEMPATH\CodeIgniter.php(490): CodeIgniter\CodeIgniter->createController()
 3 SYSTEMPATH\CodeIgniter.php(368): CodeIgniter\CodeIgniter->handleRequest(null, Object(Config\Cache), false)
 4 FCPATH\index.php(67): CodeIgniter\CodeIgniter->run()
WARNING - 2026-05-20 05:50:38 --> [DEPRECATED] Creation of dynamic property App\Controllers\Products::$Orderitemmodel is deprecated in APPPATH\Controllers\Products.php on line 43.
 1 SYSTEMPATH\CodeIgniter.php(906): App\Controllers\Products->__construct()
 2 SYSTEMPATH\CodeIgniter.php(490): CodeIgniter\CodeIgniter->createController()
 3 SYSTEMPATH\CodeIgniter.php(368): CodeIgniter\CodeIgniter->handleRequest(null, Object(Config\Cache), false)
 4 FCPATH\index.php(67): CodeIgniter\CodeIgniter->run()
WARNING - 2026-05-20 05:50:38 --> [DEPRECATED] Creation of dynamic property App\Controllers\Products::$Ordermodel is deprecated in APPPATH\Controllers\Products.php on line 44.
 1 SYSTEMPATH\CodeIgniter.php(906): App\Controllers\Products->__construct()
 2 SYSTEMPATH\CodeIgniter.php(490): CodeIgniter\CodeIgniter->createController()
 3 SYSTEMPATH\CodeIgniter.php(368): CodeIgniter\CodeIgniter->handleRequest(null, Object(Config\Cache), false)
 4 FCPATH\index.php(67): CodeIgniter\CodeIgniter->run()
WARNING - 2026-05-20 05:50:38 --> [DEPRECATED] Creation of dynamic property App\Controllers\Products::$CartModel is deprecated in APPPATH\Controllers\Products.php on line 45.
 1 SYSTEMPATH\CodeIgniter.php(906): App\Controllers\Products->__construct()
 2 SYSTEMPATH\CodeIgniter.php(490): CodeIgniter\CodeIgniter->createController()
 3 SYSTEMPATH\CodeIgniter.php(368): CodeIgniter\CodeIgniter->handleRequest(null, Object(Config\Cache), false)
 4 FCPATH\index.php(67): CodeIgniter\CodeIgniter->run()
WARNING - 2026-05-20 05:50:38 --> [DEPRECATED] Creation of dynamic property App\Controllers\Products::$Reviewmodel is deprecated in APPPATH\Controllers\Products.php on line 46.
 1 SYSTEMPATH\CodeIgniter.php(906): App\Controllers\Products->__construct()
 2 SYSTEMPATH\CodeIgniter.php(490): CodeIgniter\CodeIgniter->createController()
 3 SYSTEMPATH\CodeIgniter.php(368): CodeIgniter\CodeIgniter->handleRequest(null, Object(Config\Cache), false)
 4 FCPATH\index.php(67): CodeIgniter\CodeIgniter->run()
WARNING - 2026-05-20 05:50:38 --> [DEPRECATED] Creation of dynamic property App\Controllers\Products::$TaxesclassModel is deprecated in APPPATH\Controllers\Products.php on line 47.
 1 SYSTEMPATH\CodeIgniter.php(906): App\Controllers\Products->__construct()
 2 SYSTEMPATH\CodeIgniter.php(490): CodeIgniter\CodeIgniter->createController()
 3 SYSTEMPATH\CodeIgniter.php(368): CodeIgniter\CodeIgniter->handleRequest(null, Object(Config\Cache), false)
 4 FCPATH\index.php(67): CodeIgniter\CodeIgniter->run()
WARNING - 2026-05-20 05:50:38 --> [DEPRECATED] Creation of dynamic property App\Controllers\Products::$cms is deprecated in APPPATH\Controllers\Products.php on line 48.
 1 SYSTEMPATH\CodeIgniter.php(906): App\Controllers\Products->__construct()
 2 SYSTEMPATH\CodeIgniter.php(490): CodeIgniter\CodeIgniter->createController()
 3 SYSTEMPATH\CodeIgniter.php(368): CodeIgniter\CodeIgniter->handleRequest(null, Object(Config\Cache), false)
 4 FCPATH\index.php(67): CodeIgniter\CodeIgniter->run()
INFO - 2026-05-20 05:50:49 --> Session: Class initialized using 'CodeIgniter\Session\Handlers\FileHandler' driver.
WARNING - 2026-05-20 05:50:49 --> [DEPRECATED] Creation of dynamic property App\Controllers\Products::$session is deprecated in APPPATH\Controllers\Products.php on line 30.
 1 SYSTEMPATH\CodeIgniter.php(906): App\Controllers\Products->__construct()
 2 SYSTEMPATH\CodeIgniter.php(490): CodeIgniter\CodeIgniter->createController()
 3 SYSTEMPATH\CodeIgniter.php(368): CodeIgniter\CodeIgniter->handleRequest(null, Object(Config\Cache), false)
 4 FCPATH\index.php(67): CodeIgniter\CodeIgniter->run()
WARNING - 2026-05-20 05:50:49 --> Session: Sessions is enabled, and one exists. Please don't $session->start();
WARNING - 2026-05-20 05:50:49 --> [DEPRECATED] Creation of dynamic property App\Controllers\Products::$catagory is deprecated in APPPATH\Controllers\Products.php on line 33.
 1 SYSTEMPATH\CodeIgniter.php(906): App\Controllers\Products->__construct()
 2 SYSTEMPATH\CodeIgniter.php(490): CodeIgniter\CodeIgniter->createController()
 3 SYSTEMPATH\CodeIgniter.php(368): CodeIgniter\CodeIgniter->handleRequest(null, Object(Config\Cache), false)
 4 FCPATH\index.php(67): CodeIgniter\CodeIgniter->run()
WARNING - 2026-05-20 05:50:49 --> [DEPRECATED] Creation of dynamic property App\Controllers\Products::$variation is deprecated in APPPATH\Controllers\Products.php on line 34.
 1 SYSTEMPATH\CodeIgniter.php(906): App\Controllers\Products->__construct()
 2 SYSTEMPATH\CodeIgniter.php(490): CodeIgniter\CodeIgniter->createController()
 3 SYSTEMPATH\CodeIgniter.php(368): CodeIgniter\CodeIgniter->handleRequest(null, Object(Config\Cache), false)
 4 FCPATH\index.php(67): CodeIgniter\CodeIgniter->run()
WARNING - 2026-05-20 05:50:49 --> [DEPRECATED] Creation of dynamic property App\Controllers\Products::$variationtype is deprecated in APPPATH\Controllers\Products.php on line 35.
 1 SYSTEMPATH\CodeIgniter.php(906): App\Controllers\Products->__construct()
 2 SYSTEMPATH\CodeIgniter.php(490): CodeIgniter\CodeIgniter->createController()
 3 SYSTEMPATH\CodeIgniter.php(368): CodeIgniter\CodeIgniter->handleRequest(null, Object(Config\Cache), false)
 4 FCPATH\index.php(67): CodeIgniter\CodeIgniter->run()
WARNING - 2026-05-20 05:50:49 --> [DEPRECATED] Creation of dynamic property App\Controllers\Products::$subcategory is deprecated in APPPATH\Controllers\Products.php on line 36.
 1 SYSTEMPATH\CodeIgniter.php(906): App\Controllers\Products->__construct()
 2 SYSTEMPATH\CodeIgniter.php(490): CodeIgniter\CodeIgniter->createController()
 3 SYSTEMPATH\CodeIgniter.php(368): CodeIgniter\CodeIgniter->handleRequest(null, Object(Config\Cache), false)
 4 FCPATH\index.php(67): CodeIgniter\CodeIgniter->run()
WARNING - 2026-05-20 05:50:49 --> [DEPRECATED] Creation of dynamic property App\Controllers\Products::$product is deprecated in APPPATH\Controllers\Products.php on line 37.
 1 SYSTEMPATH\CodeIgniter.php(906): App\Controllers\Products->__construct()
 2 SYSTEMPATH\CodeIgniter.php(490): CodeIgniter\CodeIgniter->createController()
 3 SYSTEMPATH\CodeIgniter.php(368): CodeIgniter\CodeIgniter->handleRequest(null, Object(Config\Cache), false)
 4 FCPATH\index.php(67): CodeIgniter\CodeIgniter->run()
WARNING - 2026-05-20 05:50:49 --> [DEPRECATED] Creation of dynamic property App\Controllers\Products::$tags is deprecated in APPPATH\Controllers\Products.php on line 38.
 1 SYSTEMPATH\CodeIgniter.php(906): App\Controllers\Products->__construct()
 2 SYSTEMPATH\CodeIgniter.php(490): CodeIgniter\CodeIgniter->createController()
 3 SYSTEMPATH\CodeIgniter.php(368): CodeIgniter\CodeIgniter->handleRequest(null, Object(Config\Cache), false)
 4 FCPATH\index.php(67): CodeIgniter\CodeIgniter->run()
WARNING - 2026-05-20 05:50:49 --> [DEPRECATED] Creation of dynamic property App\Controllers\Products::$shippingmethod is deprecated in APPPATH\Controllers\Products.php on line 39.
 1 SYSTEMPATH\CodeIgniter.php(906): App\Controllers\Products->__construct()
 2 SYSTEMPATH\CodeIgniter.php(490): CodeIgniter\CodeIgniter->createController()
 3 SYSTEMPATH\CodeIgniter.php(368): CodeIgniter\CodeIgniter->handleRequest(null, Object(Config\Cache), false)
 4 FCPATH\index.php(67): CodeIgniter\CodeIgniter->run()
WARNING - 2026-05-20 05:50:49 --> [DEPRECATED] Creation of dynamic property App\Controllers\Products::$optionvalue is deprecated in APPPATH\Controllers\Products.php on line 40.
 1 SYSTEMPATH\CodeIgniter.php(906): App\Controllers\Products->__construct()
 2 SYSTEMPATH\CodeIgniter.php(490): CodeIgniter\CodeIgniter->createController()
 3 SYSTEMPATH\CodeIgniter.php(368): CodeIgniter\CodeIgniter->handleRequest(null, Object(Config\Cache), false)
 4 FCPATH\index.php(67): CodeIgniter\CodeIgniter->run()
WARNING - 2026-05-20 05:50:49 --> [DEPRECATED] Creation of dynamic property App\Controllers\Products::$brand is deprecated in APPPATH\Controllers\Products.php on line 41.
 1 SYSTEMPATH\CodeIgniter.php(906): App\Controllers\Products->__construct()
 2 SYSTEMPATH\CodeIgniter.php(490): CodeIgniter\CodeIgniter->createController()
 3 SYSTEMPATH\CodeIgniter.php(368): CodeIgniter\CodeIgniter->handleRequest(null, Object(Config\Cache), false)
 4 FCPATH\index.php(67): CodeIgniter\CodeIgniter->run()
WARNING - 2026-05-20 05:50:49 --> [DEPRECATED] Creation of dynamic property App\Controllers\Products::$Allsettings is deprecated in APPPATH\Controllers\Products.php on line 42.
 1 SYSTEMPATH\CodeIgniter.php(906): App\Controllers\Products->__construct()
 2 SYSTEMPATH\CodeIgniter.php(490): CodeIgniter\CodeIgniter->createController()
 3 SYSTEMPATH\CodeIgniter.php(368): CodeIgniter\CodeIgniter->handleRequest(null, Object(Config\Cache), false)
 4 FCPATH\index.php(67): CodeIgniter\CodeIgniter->run()
WARNING - 2026-05-20 05:50:49 --> [DEPRECATED] Creation of dynamic property App\Controllers\Products::$Orderitemmodel is deprecated in APPPATH\Controllers\Products.php on line 43.
 1 SYSTEMPATH\CodeIgniter.php(906): App\Controllers\Products->__construct()
 2 SYSTEMPATH\CodeIgniter.php(490): CodeIgniter\CodeIgniter->createController()
 3 SYSTEMPATH\CodeIgniter.php(368): CodeIgniter\CodeIgniter->handleRequest(null, Object(Config\Cache), false)
 4 FCPATH\index.php(67): CodeIgniter\CodeIgniter->run()
WARNING - 2026-05-20 05:50:49 --> [DEPRECATED] Creation of dynamic property App\Controllers\Products::$Ordermodel is deprecated in APPPATH\Controllers\Products.php on line 44.
 1 SYSTEMPATH\CodeIgniter.php(906): App\Controllers\Products->__construct()
 2 SYSTEMPATH\CodeIgniter.php(490): CodeIgniter\CodeIgniter->createController()
 3 SYSTEMPATH\CodeIgniter.php(368): CodeIgniter\CodeIgniter->handleRequest(null, Object(Config\Cache), false)
 4 FCPATH\index.php(67): CodeIgniter\CodeIgniter->run()
WARNING - 2026-05-20 05:50:49 --> [DEPRECATED] Creation of dynamic property App\Controllers\Products::$CartModel is deprecated in APPPATH\Controllers\Products.php on line 45.
 1 SYSTEMPATH\CodeIgniter.php(906): App\Controllers\Products->__construct()
 2 SYSTEMPATH\CodeIgniter.php(490): CodeIgniter\CodeIgniter->createController()
 3 SYSTEMPATH\CodeIgniter.php(368): CodeIgniter\CodeIgniter->handleRequest(null, Object(Config\Cache), false)
 4 FCPATH\index.php(67): CodeIgniter\CodeIgniter->run()
WARNING - 2026-05-20 05:50:49 --> [DEPRECATED] Creation of dynamic property App\Controllers\Products::$Reviewmodel is deprecated in APPPATH\Controllers\Products.php on line 46.
 1 SYSTEMPATH\CodeIgniter.php(906): App\Controllers\Products->__construct()
 2 SYSTEMPATH\CodeIgniter.php(490): CodeIgniter\CodeIgniter->createController()
 3 SYSTEMPATH\CodeIgniter.php(368): CodeIgniter\CodeIgniter->handleRequest(null, Object(Config\Cache), false)
 4 FCPATH\index.php(67): CodeIgniter\CodeIgniter->run()
WARNING - 2026-05-20 05:50:49 --> [DEPRECATED] Creation of dynamic property App\Controllers\Products::$TaxesclassModel is deprecated in APPPATH\Controllers\Products.php on line 47.
 1 SYSTEMPATH\CodeIgniter.php(906): App\Controllers\Products->__construct()
 2 SYSTEMPATH\CodeIgniter.php(490): CodeIgniter\CodeIgniter->createController()
 3 SYSTEMPATH\CodeIgniter.php(368): CodeIgniter\CodeIgniter->handleRequest(null, Object(Config\Cache), false)
 4 FCPATH\index.php(67): CodeIgniter\CodeIgniter->run()
WARNING - 2026-05-20 05:50:49 --> [DEPRECATED] Creation of dynamic property App\Controllers\Products::$cms is deprecated in APPPATH\Controllers\Products.php on line 48.
 1 SYSTEMPATH\CodeIgniter.php(906): App\Controllers\Products->__construct()
 2 SYSTEMPATH\CodeIgniter.php(490): CodeIgniter\CodeIgniter->createController()
 3 SYSTEMPATH\CodeIgniter.php(368): CodeIgniter\CodeIgniter->handleRequest(null, Object(Config\Cache), false)
 4 FCPATH\index.php(67): CodeIgniter\CodeIgniter->run()
INFO - 2026-05-20 05:51:00 --> Session: Class initialized using 'CodeIgniter\Session\Handlers\FileHandler' driver.
WARNING - 2026-05-20 05:51:00 --> [DEPRECATED] Creation of dynamic property App\Controllers\Products::$session is deprecated in APPPATH\Controllers\Products.php on line 30.
 1 SYSTEMPATH\CodeIgniter.php(906): App\Controllers\Products->__construct()
 2 SYSTEMPATH\CodeIgniter.php(490): CodeIgniter\CodeIgniter->createController()
 3 SYSTEMPATH\CodeIgniter.php(368): CodeIgniter\CodeIgniter->handleRequest(null, Object(Config\Cache), false)
 4 FCPATH\index.php(67): CodeIgniter\CodeIgniter->run()
WARNING - 2026-05-20 05:51:00 --> Session: Sessions is enabled, and one exists. Please don't $session->start();
WARNING - 2026-05-20 05:51:00 --> [DEPRECATED] Creation of dynamic property App\Controllers\Products::$catagory is deprecated in APPPATH\Controllers\Products.php on line 33.
 1 SYSTEMPATH\CodeIgniter.php(906): App\Controllers\Products->__construct()
 2 SYSTEMPATH\CodeIgniter.php(490): CodeIgniter\CodeIgniter->createController()
 3 SYSTEMPATH\CodeIgniter.php(368): CodeIgniter\CodeIgniter->handleRequest(null, Object(Config\Cache), false)
 4 FCPATH\index.php(67): CodeIgniter\CodeIgniter->run()
WARNING - 2026-05-20 05:51:00 --> [DEPRECATED] Creation of dynamic property App\Controllers\Products::$variation is deprecated in APPPATH\Controllers\Products.php on line 34.
 1 SYSTEMPATH\CodeIgniter.php(906): App\Controllers\Products->__construct()
 2 SYSTEMPATH\CodeIgniter.php(490): CodeIgniter\CodeIgniter->createController()
 3 SYSTEMPATH\CodeIgniter.php(368): CodeIgniter\CodeIgniter->handleRequest(null, Object(Config\Cache), false)
 4 FCPATH\index.php(67): CodeIgniter\CodeIgniter->run()
WARNING - 2026-05-20 05:51:00 --> [DEPRECATED] Creation of dynamic property App\Controllers\Products::$variationtype is deprecated in APPPATH\Controllers\Products.php on line 35.
 1 SYSTEMPATH\CodeIgniter.php(906): App\Controllers\Products->__construct()
 2 SYSTEMPATH\CodeIgniter.php(490): CodeIgniter\CodeIgniter->createController()
 3 SYSTEMPATH\CodeIgniter.php(368): CodeIgniter\CodeIgniter->handleRequest(null, Object(Config\Cache), false)
 4 FCPATH\index.php(67): CodeIgniter\CodeIgniter->run()
WARNING - 2026-05-20 05:51:00 --> [DEPRECATED] Creation of dynamic property App\Controllers\Products::$subcategory is deprecated in APPPATH\Controllers\Products.php on line 36.
 1 SYSTEMPATH\CodeIgniter.php(906): App\Controllers\Products->__construct()
 2 SYSTEMPATH\CodeIgniter.php(490): CodeIgniter\CodeIgniter->createController()
 3 SYSTEMPATH\CodeIgniter.php(368): CodeIgniter\CodeIgniter->handleRequest(null, Object(Config\Cache), false)
 4 FCPATH\index.php(67): CodeIgniter\CodeIgniter->run()
WARNING - 2026-05-20 05:51:00 --> [DEPRECATED] Creation of dynamic property App\Controllers\Products::$product is deprecated in APPPATH\Controllers\Products.php on line 37.
 1 SYSTEMPATH\CodeIgniter.php(906): App\Controllers\Products->__construct()
 2 SYSTEMPATH\CodeIgniter.php(490): CodeIgniter\CodeIgniter->createController()
 3 SYSTEMPATH\CodeIgniter.php(368): CodeIgniter\CodeIgniter->handleRequest(null, Object(Config\Cache), false)
 4 FCPATH\index.php(67): CodeIgniter\CodeIgniter->run()
WARNING - 2026-05-20 05:51:00 --> [DEPRECATED] Creation of dynamic property App\Controllers\Products::$tags is deprecated in APPPATH\Controllers\Products.php on line 38.
 1 SYSTEMPATH\CodeIgniter.php(906): App\Controllers\Products->__construct()
 2 SYSTEMPATH\CodeIgniter.php(490): CodeIgniter\CodeIgniter->createController()
 3 SYSTEMPATH\CodeIgniter.php(368): CodeIgniter\CodeIgniter->handleRequest(null, Object(Config\Cache), false)
 4 FCPATH\index.php(67): CodeIgniter\CodeIgniter->run()
WARNING - 2026-05-20 05:51:00 --> [DEPRECATED] Creation of dynamic property App\Controllers\Products::$shippingmethod is deprecated in APPPATH\Controllers\Products.php on line 39.
 1 SYSTEMPATH\CodeIgniter.php(906): App\Controllers\Products->__construct()
 2 SYSTEMPATH\CodeIgniter.php(490): CodeIgniter\CodeIgniter->createController()
 3 SYSTEMPATH\CodeIgniter.php(368): CodeIgniter\CodeIgniter->handleRequest(null, Object(Config\Cache), false)
 4 FCPATH\index.php(67): CodeIgniter\CodeIgniter->run()
WARNING - 2026-05-20 05:51:00 --> [DEPRECATED] Creation of dynamic property App\Controllers\Products::$optionvalue is deprecated in APPPATH\Controllers\Products.php on line 40.
 1 SYSTEMPATH\CodeIgniter.php(906): App\Controllers\Products->__construct()
 2 SYSTEMPATH\CodeIgniter.php(490): CodeIgniter\CodeIgniter->createController()
 3 SYSTEMPATH\CodeIgniter.php(368): CodeIgniter\CodeIgniter->handleRequest(null, Object(Config\Cache), false)
 4 FCPATH\index.php(67): CodeIgniter\CodeIgniter->run()
WARNING - 2026-05-20 05:51:00 --> [DEPRECATED] Creation of dynamic property App\Controllers\Products::$brand is deprecated in APPPATH\Controllers\Products.php on line 41.
 1 SYSTEMPATH\CodeIgniter.php(906): App\Controllers\Products->__construct()
 2 SYSTEMPATH\CodeIgniter.php(490): CodeIgniter\CodeIgniter->createController()
 3 SYSTEMPATH\CodeIgniter.php(368): CodeIgniter\CodeIgniter->handleRequest(null, Object(Config\Cache), false)
 4 FCPATH\index.php(67): CodeIgniter\CodeIgniter->run()
WARNING - 2026-05-20 05:51:00 --> [DEPRECATED] Creation of dynamic property App\Controllers\Products::$Allsettings is deprecated in APPPATH\Controllers\Products.php on line 42.
 1 SYSTEMPATH\CodeIgniter.php(906): App\Controllers\Products->__construct()
 2 SYSTEMPATH\CodeIgniter.php(490): CodeIgniter\CodeIgniter->createController()
 3 SYSTEMPATH\CodeIgniter.php(368): CodeIgniter\CodeIgniter->handleRequest(null, Object(Config\Cache), false)
 4 FCPATH\index.php(67): CodeIgniter\CodeIgniter->run()
WARNING - 2026-05-20 05:51:00 --> [DEPRECATED] Creation of dynamic property App\Controllers\Products::$Orderitemmodel is deprecated in APPPATH\Controllers\Products.php on line 43.
 1 SYSTEMPATH\CodeIgniter.php(906): App\Controllers\Products->__construct()
 2 SYSTEMPATH\CodeIgniter.php(490): CodeIgniter\CodeIgniter->createController()
 3 SYSTEMPATH\CodeIgniter.php(368): CodeIgniter\CodeIgniter->handleRequest(null, Object(Config\Cache), false)
 4 FCPATH\index.php(67): CodeIgniter\CodeIgniter->run()
WARNING - 2026-05-20 05:51:00 --> [DEPRECATED] Creation of dynamic property App\Controllers\Products::$Ordermodel is deprecated in APPPATH\Controllers\Products.php on line 44.
 1 SYSTEMPATH\CodeIgniter.php(906): App\Controllers\Products->__construct()
 2 SYSTEMPATH\CodeIgniter.php(490): CodeIgniter\CodeIgniter->createController()
 3 SYSTEMPATH\CodeIgniter.php(368): CodeIgniter\CodeIgniter->handleRequest(null, Object(Config\Cache), false)
 4 FCPATH\index.php(67): CodeIgniter\CodeIgniter->run()
WARNING - 2026-05-20 05:51:00 --> [DEPRECATED] Creation of dynamic property App\Controllers\Products::$CartModel is deprecated in APPPATH\Controllers\Products.php on line 45.
 1 SYSTEMPATH\CodeIgniter.php(906): App\Controllers\Products->__construct()
 2 SYSTEMPATH\CodeIgniter.php(490): CodeIgniter\CodeIgniter->createController()
 3 SYSTEMPATH\CodeIgniter.php(368): CodeIgniter\CodeIgniter->handleRequest(null, Object(Config\Cache), false)
 4 FCPATH\index.php(67): CodeIgniter\CodeIgniter->run()
WARNING - 2026-05-20 05:51:00 --> [DEPRECATED] Creation of dynamic property App\Controllers\Products::$Reviewmodel is deprecated in APPPATH\Controllers\Products.php on line 46.
 1 SYSTEMPATH\CodeIgniter.php(906): App\Controllers\Products->__construct()
 2 SYSTEMPATH\CodeIgniter.php(490): CodeIgniter\CodeIgniter->createController()
 3 SYSTEMPATH\CodeIgniter.php(368): CodeIgniter\CodeIgniter->handleRequest(null, Object(Config\Cache), false)
 4 FCPATH\index.php(67): CodeIgniter\CodeIgniter->run()
WARNING - 2026-05-20 05:51:00 --> [DEPRECATED] Creation of dynamic property App\Controllers\Products::$TaxesclassModel is deprecated in APPPATH\Controllers\Products.php on line 47.
 1 SYSTEMPATH\CodeIgniter.php(906): App\Controllers\Products->__construct()
 2 SYSTEMPATH\CodeIgniter.php(490): CodeIgniter\CodeIgniter->createController()
 3 SYSTEMPATH\CodeIgniter.php(368): CodeIgniter\CodeIgniter->handleRequest(null, Object(Config\Cache), false)
 4 FCPATH\index.php(67): CodeIgniter\CodeIgniter->run()
WARNING - 2026-05-20 05:51:00 --> [DEPRECATED] Creation of dynamic property App\Controllers\Products::$cms is deprecated in APPPATH\Controllers\Products.php on line 48.
 1 SYSTEMPATH\CodeIgniter.php(906): App\Controllers\Products->__construct()
 2 SYSTEMPATH\CodeIgniter.php(490): CodeIgniter\CodeIgniter->createController()
 3 SYSTEMPATH\CodeIgniter.php(368): CodeIgniter\CodeIgniter->handleRequest(null, Object(Config\Cache), false)
 4 FCPATH\index.php(67): CodeIgniter\CodeIgniter->run()
INFO - 2026-05-20 05:51:10 --> Session: Class initialized using 'CodeIgniter\Session\Handlers\FileHandler' driver.
WARNING - 2026-05-20 05:51:10 --> [DEPRECATED] Creation of dynamic property App\Controllers\Products::$session is deprecated in APPPATH\Controllers\Products.php on line 30.
 1 SYSTEMPATH\CodeIgniter.php(906): App\Controllers\Products->__construct()
 2 SYSTEMPATH\CodeIgniter.php(490): CodeIgniter\CodeIgniter->createController()
 3 SYSTEMPATH\CodeIgniter.php(368): CodeIgniter\CodeIgniter->handleRequest(null, Object(Config\Cache), false)
 4 FCPATH\index.php(67): CodeIgniter\CodeIgniter->run()
WARNING - 2026-05-20 05:51:10 --> Session: Sessions is enabled, and one exists. Please don't $session->start();
WARNING - 2026-05-20 05:51:10 --> [DEPRECATED] Creation of dynamic property App\Controllers\Products::$catagory is deprecated in APPPATH\Controllers\Products.php on line 33.
 1 SYSTEMPATH\CodeIgniter.php(906): App\Controllers\Products->__construct()
 2 SYSTEMPATH\CodeIgniter.php(490): CodeIgniter\CodeIgniter->createController()
 3 SYSTEMPATH\CodeIgniter.php(368): CodeIgniter\CodeIgniter->handleRequest(null, Object(Config\Cache), false)
 4 FCPATH\index.php(67): CodeIgniter\CodeIgniter->run()
WARNING - 2026-05-20 05:51:10 --> [DEPRECATED] Creation of dynamic property App\Controllers\Products::$variation is deprecated in APPPATH\Controllers\Products.php on line 34.
 1 SYSTEMPATH\CodeIgniter.php(906): App\Controllers\Products->__construct()
 2 SYSTEMPATH\CodeIgniter.php(490): CodeIgniter\CodeIgniter->createController()
 3 SYSTEMPATH\CodeIgniter.php(368): CodeIgniter\CodeIgniter->handleRequest(null, Object(Config\Cache), false)
 4 FCPATH\index.php(67): CodeIgniter\CodeIgniter->run()
WARNING - 2026-05-20 05:51:11 --> [DEPRECATED] Creation of dynamic property App\Controllers\Products::$variationtype is deprecated in APPPATH\Controllers\Products.php on line 35.
 1 SYSTEMPATH\CodeIgniter.php(906): App\Controllers\Products->__construct()
 2 SYSTEMPATH\CodeIgniter.php(490): CodeIgniter\CodeIgniter->createController()
 3 SYSTEMPATH\CodeIgniter.php(368): CodeIgniter\CodeIgniter->handleRequest(null, Object(Config\Cache), false)
 4 FCPATH\index.php(67): CodeIgniter\CodeIgniter->run()
WARNING - 2026-05-20 05:51:11 --> [DEPRECATED] Creation of dynamic property App\Controllers\Products::$subcategory is deprecated in APPPATH\Controllers\Products.php on line 36.
 1 SYSTEMPATH\CodeIgniter.php(906): App\Controllers\Products->__construct()
 2 SYSTEMPATH\CodeIgniter.php(490): CodeIgniter\CodeIgniter->createController()
 3 SYSTEMPATH\CodeIgniter.php(368): CodeIgniter\CodeIgniter->handleRequest(null, Object(Config\Cache), false)
 4 FCPATH\index.php(67): CodeIgniter\CodeIgniter->run()
WARNING - 2026-05-20 05:51:11 --> [DEPRECATED] Creation of dynamic property App\Controllers\Products::$product is deprecated in APPPATH\Controllers\Products.php on line 37.
 1 SYSTEMPATH\CodeIgniter.php(906): App\Controllers\Products->__construct()
 2 SYSTEMPATH\CodeIgniter.php(490): CodeIgniter\CodeIgniter->createController()
 3 SYSTEMPATH\CodeIgniter.php(368): CodeIgniter\CodeIgniter->handleRequest(null, Object(Config\Cache), false)
 4 FCPATH\index.php(67): CodeIgniter\CodeIgniter->run()
WARNING - 2026-05-20 05:51:11 --> [DEPRECATED] Creation of dynamic property App\Controllers\Products::$tags is deprecated in APPPATH\Controllers\Products.php on line 38.
 1 SYSTEMPATH\CodeIgniter.php(906): App\Controllers\Products->__construct()
 2 SYSTEMPATH\CodeIgniter.php(490): CodeIgniter\CodeIgniter->createController()
 3 SYSTEMPATH\CodeIgniter.php(368): CodeIgniter\CodeIgniter->handleRequest(null, Object(Config\Cache), false)
 4 FCPATH\index.php(67): CodeIgniter\CodeIgniter->run()
WARNING - 2026-05-20 05:51:11 --> [DEPRECATED] Creation of dynamic property App\Controllers\Products::$shippingmethod is deprecated in APPPATH\Controllers\Products.php on line 39.
 1 SYSTEMPATH\CodeIgniter.php(906): App\Controllers\Products->__construct()
 2 SYSTEMPATH\CodeIgniter.php(490): CodeIgniter\CodeIgniter->createController()
 3 SYSTEMPATH\CodeIgniter.php(368): CodeIgniter\CodeIgniter->handleRequest(null, Object(Config\Cache), false)
 4 FCPATH\index.php(67): CodeIgniter\CodeIgniter->run()
WARNING - 2026-05-20 05:51:11 --> [DEPRECATED] Creation of dynamic property App\Controllers\Products::$optionvalue is deprecated in APPPATH\Controllers\Products.php on line 40.
 1 SYSTEMPATH\CodeIgniter.php(906): App\Controllers\Products->__construct()
 2 SYSTEMPATH\CodeIgniter.php(490): CodeIgniter\CodeIgniter->createController()
 3 SYSTEMPATH\CodeIgniter.php(368): CodeIgniter\CodeIgniter->handleRequest(null, Object(Config\Cache), false)
 4 FCPATH\index.php(67): CodeIgniter\CodeIgniter->run()
WARNING - 2026-05-20 05:51:11 --> [DEPRECATED] Creation of dynamic property App\Controllers\Products::$brand is deprecated in APPPATH\Controllers\Products.php on line 41.
 1 SYSTEMPATH\CodeIgniter.php(906): App\Controllers\Products->__construct()
 2 SYSTEMPATH\CodeIgniter.php(490): CodeIgniter\CodeIgniter->createController()
 3 SYSTEMPATH\CodeIgniter.php(368): CodeIgniter\CodeIgniter->handleRequest(null, Object(Config\Cache), false)
 4 FCPATH\index.php(67): CodeIgniter\CodeIgniter->run()
WARNING - 2026-05-20 05:51:11 --> [DEPRECATED] Creation of dynamic property App\Controllers\Products::$Allsettings is deprecated in APPPATH\Controllers\Products.php on line 42.
 1 SYSTEMPATH\CodeIgniter.php(906): App\Controllers\Products->__construct()
 2 SYSTEMPATH\CodeIgniter.php(490): CodeIgniter\CodeIgniter->createController()
 3 SYSTEMPATH\CodeIgniter.php(368): CodeIgniter\CodeIgniter->handleRequest(null, Object(Config\Cache), false)
 4 FCPATH\index.php(67): CodeIgniter\CodeIgniter->run()
WARNING - 2026-05-20 05:51:11 --> [DEPRECATED] Creation of dynamic property App\Controllers\Products::$Orderitemmodel is deprecated in APPPATH\Controllers\Products.php on line 43.
 1 SYSTEMPATH\CodeIgniter.php(906): App\Controllers\Products->__construct()
 2 SYSTEMPATH\CodeIgniter.php(490): CodeIgniter\CodeIgniter->createController()
 3 SYSTEMPATH\CodeIgniter.php(368): CodeIgniter\CodeIgniter->handleRequest(null, Object(Config\Cache), false)
 4 FCPATH\index.php(67): CodeIgniter\CodeIgniter->run()
WARNING - 2026-05-20 05:51:11 --> [DEPRECATED] Creation of dynamic property App\Controllers\Products::$Ordermodel is deprecated in APPPATH\Controllers\Products.php on line 44.
 1 SYSTEMPATH\CodeIgniter.php(906): App\Controllers\Products->__construct()
 2 SYSTEMPATH\CodeIgniter.php(490): CodeIgniter\CodeIgniter->createController()
 3 SYSTEMPATH\CodeIgniter.php(368): CodeIgniter\CodeIgniter->handleRequest(null, Object(Config\Cache), false)
 4 FCPATH\index.php(67): CodeIgniter\CodeIgniter->run()
WARNING - 2026-05-20 05:51:11 --> [DEPRECATED] Creation of dynamic property App\Controllers\Products::$CartModel is deprecated in APPPATH\Controllers\Products.php on line 45.
 1 SYSTEMPATH\CodeIgniter.php(906): App\Controllers\Products->__construct()
 2 SYSTEMPATH\CodeIgniter.php(490): CodeIgniter\CodeIgniter->createController()
 3 SYSTEMPATH\CodeIgniter.php(368): CodeIgniter\CodeIgniter->handleRequest(null, Object(Config\Cache), false)
 4 FCPATH\index.php(67): CodeIgniter\CodeIgniter->run()
WARNING - 2026-05-20 05:51:11 --> [DEPRECATED] Creation of dynamic property App\Controllers\Products::$Reviewmodel is deprecated in APPPATH\Controllers\Products.php on line 46.
 1 SYSTEMPATH\CodeIgniter.php(906): App\Controllers\Products->__construct()
 2 SYSTEMPATH\CodeIgniter.php(490): CodeIgniter\CodeIgniter->createController()
 3 SYSTEMPATH\CodeIgniter.php(368): CodeIgniter\CodeIgniter->handleRequest(null, Object(Config\Cache), false)
 4 FCPATH\index.php(67): CodeIgniter\CodeIgniter->run()
WARNING - 2026-05-20 05:51:11 --> [DEPRECATED] Creation of dynamic property App\Controllers\Products::$TaxesclassModel is deprecated in APPPATH\Controllers\Products.php on line 47.
 1 SYSTEMPATH\CodeIgniter.php(906): App\Controllers\Products->__construct()
 2 SYSTEMPATH\CodeIgniter.php(490): CodeIgniter\CodeIgniter->createController()
 3 SYSTEMPATH\CodeIgniter.php(368): CodeIgniter\CodeIgniter->handleRequest(null, Object(Config\Cache), false)
 4 FCPATH\index.php(67): CodeIgniter\CodeIgniter->run()
WARNING - 2026-05-20 05:51:11 --> [DEPRECATED] Creation of dynamic property App\Controllers\Products::$cms is deprecated in APPPATH\Controllers\Products.php on line 48.
 1 SYSTEMPATH\CodeIgniter.php(906): App\Controllers\Products->__construct()
 2 SYSTEMPATH\CodeIgniter.php(490): CodeIgniter\CodeIgniter->createController()
 3 SYSTEMPATH\CodeIgniter.php(368): CodeIgniter\CodeIgniter->handleRequest(null, Object(Config\Cache), false)
 4 FCPATH\index.php(67): CodeIgniter\CodeIgniter->run()
INFO - 2026-05-20 05:55:37 --> Session: Class initialized using 'CodeIgniter\Session\Handlers\FileHandler' driver.
WARNING - 2026-05-20 05:55:37 --> [DEPRECATED] Creation of dynamic property App\Controllers\Products::$session is deprecated in APPPATH\Controllers\Products.php on line 30.
 1 SYSTEMPATH\CodeIgniter.php(906): App\Controllers\Products->__construct()
 2 SYSTEMPATH\CodeIgniter.php(490): CodeIgniter\CodeIgniter->createController()
 3 SYSTEMPATH\CodeIgniter.php(368): CodeIgniter\CodeIgniter->handleRequest(null, Object(Config\Cache), false)
 4 FCPATH\index.php(67): CodeIgniter\CodeIgniter->run()
WARNING - 2026-05-20 05:55:37 --> Session: Sessions is enabled, and one exists. Please don't $session->start();
WARNING - 2026-05-20 05:55:37 --> [DEPRECATED] Creation of dynamic property App\Controllers\Products::$catagory is deprecated in APPPATH\Controllers\Products.php on line 33.
 1 SYSTEMPATH\CodeIgniter.php(906): App\Controllers\Products->__construct()
 2 SYSTEMPATH\CodeIgniter.php(490): CodeIgniter\CodeIgniter->createController()
 3 SYSTEMPATH\CodeIgniter.php(368): CodeIgniter\CodeIgniter->handleRequest(null, Object(Config\Cache), false)
 4 FCPATH\index.php(67): CodeIgniter\CodeIgniter->run()
WARNING - 2026-05-20 05:55:37 --> [DEPRECATED] Creation of dynamic property App\Controllers\Products::$variation is deprecated in APPPATH\Controllers\Products.php on line 34.
 1 SYSTEMPATH\CodeIgniter.php(906): App\Controllers\Products->__construct()
 2 SYSTEMPATH\CodeIgniter.php(490): CodeIgniter\CodeIgniter->createController()
 3 SYSTEMPATH\CodeIgniter.php(368): CodeIgniter\CodeIgniter->handleRequest(null, Object(Config\Cache), false)
 4 FCPATH\index.php(67): CodeIgniter\CodeIgniter->run()
WARNING - 2026-05-20 05:55:37 --> [DEPRECATED] Creation of dynamic property App\Controllers\Products::$variationtype is deprecated in APPPATH\Controllers\Products.php on line 35.
 1 SYSTEMPATH\CodeIgniter.php(906): App\Controllers\Products->__construct()
 2 SYSTEMPATH\CodeIgniter.php(490): CodeIgniter\CodeIgniter->createController()
 3 SYSTEMPATH\CodeIgniter.php(368): CodeIgniter\CodeIgniter->handleRequest(null, Object(Config\Cache), false)
 4 FCPATH\index.php(67): CodeIgniter\CodeIgniter->run()
WARNING - 2026-05-20 05:55:37 --> [DEPRECATED] Creation of dynamic property App\Controllers\Products::$subcategory is deprecated in APPPATH\Controllers\Products.php on line 36.
 1 SYSTEMPATH\CodeIgniter.php(906): App\Controllers\Products->__construct()
 2 SYSTEMPATH\CodeIgniter.php(490): CodeIgniter\CodeIgniter->createController()
 3 SYSTEMPATH\CodeIgniter.php(368): CodeIgniter\CodeIgniter->handleRequest(null, Object(Config\Cache), false)
 4 FCPATH\index.php(67): CodeIgniter\CodeIgniter->run()
WARNING - 2026-05-20 05:55:37 --> [DEPRECATED] Creation of dynamic property App\Controllers\Products::$product is deprecated in APPPATH\Controllers\Products.php on line 37.
 1 SYSTEMPATH\CodeIgniter.php(906): App\Controllers\Products->__construct()
 2 SYSTEMPATH\CodeIgniter.php(490): CodeIgniter\CodeIgniter->createController()
 3 SYSTEMPATH\CodeIgniter.php(368): CodeIgniter\CodeIgniter->handleRequest(null, Object(Config\Cache), false)
 4 FCPATH\index.php(67): CodeIgniter\CodeIgniter->run()
WARNING - 2026-05-20 05:55:37 --> [DEPRECATED] Creation of dynamic property App\Controllers\Products::$tags is deprecated in APPPATH\Controllers\Products.php on line 38.
 1 SYSTEMPATH\CodeIgniter.php(906): App\Controllers\Products->__construct()
 2 SYSTEMPATH\CodeIgniter.php(490): CodeIgniter\CodeIgniter->createController()
 3 SYSTEMPATH\CodeIgniter.php(368): CodeIgniter\CodeIgniter->handleRequest(null, Object(Config\Cache), false)
 4 FCPATH\index.php(67): CodeIgniter\CodeIgniter->run()
WARNING - 2026-05-20 05:55:37 --> [DEPRECATED] Creation of dynamic property App\Controllers\Products::$shippingmethod is deprecated in APPPATH\Controllers\Products.php on line 39.
 1 SYSTEMPATH\CodeIgniter.php(906): App\Controllers\Products->__construct()
 2 SYSTEMPATH\CodeIgniter.php(490): CodeIgniter\CodeIgniter->createController()
 3 SYSTEMPATH\CodeIgniter.php(368): CodeIgniter\CodeIgniter->handleRequest(null, Object(Config\Cache), false)
 4 FCPATH\index.php(67): CodeIgniter\CodeIgniter->run()
WARNING - 2026-05-20 05:55:37 --> [DEPRECATED] Creation of dynamic property App\Controllers\Products::$optionvalue is deprecated in APPPATH\Controllers\Products.php on line 40.
 1 SYSTEMPATH\CodeIgniter.php(906): App\Controllers\Products->__construct()
 2 SYSTEMPATH\CodeIgniter.php(490): CodeIgniter\CodeIgniter->createController()
 3 SYSTEMPATH\CodeIgniter.php(368): CodeIgniter\CodeIgniter->handleRequest(null, Object(Config\Cache), false)
 4 FCPATH\index.php(67): CodeIgniter\CodeIgniter->run()
WARNING - 2026-05-20 05:55:37 --> [DEPRECATED] Creation of dynamic property App\Controllers\Products::$brand is deprecated in APPPATH\Controllers\Products.php on line 41.
 1 SYSTEMPATH\CodeIgniter.php(906): App\Controllers\Products->__construct()
 2 SYSTEMPATH\CodeIgniter.php(490): CodeIgniter\CodeIgniter->createController()
 3 SYSTEMPATH\CodeIgniter.php(368): CodeIgniter\CodeIgniter->handleRequest(null, Object(Config\Cache), false)
 4 FCPATH\index.php(67): CodeIgniter\CodeIgniter->run()
WARNING - 2026-05-20 05:55:37 --> [DEPRECATED] Creation of dynamic property App\Controllers\Products::$Allsettings is deprecated in APPPATH\Controllers\Products.php on line 42.
 1 SYSTEMPATH\CodeIgniter.php(906): App\Controllers\Products->__construct()
 2 SYSTEMPATH\CodeIgniter.php(490): CodeIgniter\CodeIgniter->createController()
 3 SYSTEMPATH\CodeIgniter.php(368): CodeIgniter\CodeIgniter->handleRequest(null, Object(Config\Cache), false)
 4 FCPATH\index.php(67): CodeIgniter\CodeIgniter->run()
WARNING - 2026-05-20 05:55:37 --> [DEPRECATED] Creation of dynamic property App\Controllers\Products::$Orderitemmodel is deprecated in APPPATH\Controllers\Products.php on line 43.
 1 SYSTEMPATH\CodeIgniter.php(906): App\Controllers\Products->__construct()
 2 SYSTEMPATH\CodeIgniter.php(490): CodeIgniter\CodeIgniter->createController()
 3 SYSTEMPATH\CodeIgniter.php(368): CodeIgniter\CodeIgniter->handleRequest(null, Object(Config\Cache), false)
 4 FCPATH\index.php(67): CodeIgniter\CodeIgniter->run()
WARNING - 2026-05-20 05:55:37 --> [DEPRECATED] Creation of dynamic property App\Controllers\Products::$Ordermodel is deprecated in APPPATH\Controllers\Products.php on line 44.
 1 SYSTEMPATH\CodeIgniter.php(906): App\Controllers\Products->__construct()
 2 SYSTEMPATH\CodeIgniter.php(490): CodeIgniter\CodeIgniter->createController()
 3 SYSTEMPATH\CodeIgniter.php(368): CodeIgniter\CodeIgniter->handleRequest(null, Object(Config\Cache), false)
 4 FCPATH\index.php(67): CodeIgniter\CodeIgniter->run()
WARNING - 2026-05-20 05:55:37 --> [DEPRECATED] Creation of dynamic property App\Controllers\Products::$CartModel is deprecated in APPPATH\Controllers\Products.php on line 45.
 1 SYSTEMPATH\CodeIgniter.php(906): App\Controllers\Products->__construct()
 2 SYSTEMPATH\CodeIgniter.php(490): CodeIgniter\CodeIgniter->createController()
 3 SYSTEMPATH\CodeIgniter.php(368): CodeIgniter\CodeIgniter->handleRequest(null, Object(Config\Cache), false)
 4 FCPATH\index.php(67): CodeIgniter\CodeIgniter->run()
WARNING - 2026-05-20 05:55:37 --> [DEPRECATED] Creation of dynamic property App\Controllers\Products::$Reviewmodel is deprecated in APPPATH\Controllers\Products.php on line 46.
 1 SYSTEMPATH\CodeIgniter.php(906): App\Controllers\Products->__construct()
 2 SYSTEMPATH\CodeIgniter.php(490): CodeIgniter\CodeIgniter->createController()
 3 SYSTEMPATH\CodeIgniter.php(368): CodeIgniter\CodeIgniter->handleRequest(null, Object(Config\Cache), false)
 4 FCPATH\index.php(67): CodeIgniter\CodeIgniter->run()
WARNING - 2026-05-20 05:55:37 --> [DEPRECATED] Creation of dynamic property App\Controllers\Products::$TaxesclassModel is deprecated in APPPATH\Controllers\Products.php on line 47.
 1 SYSTEMPATH\CodeIgniter.php(906): App\Controllers\Products->__construct()
 2 SYSTEMPATH\CodeIgniter.php(490): CodeIgniter\CodeIgniter->createController()
 3 SYSTEMPATH\CodeIgniter.php(368): CodeIgniter\CodeIgniter->handleRequest(null, Object(Config\Cache), false)
 4 FCPATH\index.php(67): CodeIgniter\CodeIgniter->run()
WARNING - 2026-05-20 05:55:37 --> [DEPRECATED] Creation of dynamic property App\Controllers\Products::$cms is deprecated in APPPATH\Controllers\Products.php on line 48.
 1 SYSTEMPATH\CodeIgniter.php(906): App\Controllers\Products->__construct()
 2 SYSTEMPATH\CodeIgniter.php(490): CodeIgniter\CodeIgniter->createController()
 3 SYSTEMPATH\CodeIgniter.php(368): CodeIgniter\CodeIgniter->handleRequest(null, Object(Config\Cache), false)
 4 FCPATH\index.php(67): CodeIgniter\CodeIgniter->run()
INFO - 2026-05-20 05:55:50 --> Session: Class initialized using 'CodeIgniter\Session\Handlers\FileHandler' driver.
WARNING - 2026-05-20 05:55:50 --> [DEPRECATED] Creation of dynamic property App\Controllers\Products::$session is deprecated in APPPATH\Controllers\Products.php on line 30.
 1 SYSTEMPATH\CodeIgniter.php(906): App\Controllers\Products->__construct()
 2 SYSTEMPATH\CodeIgniter.php(490): CodeIgniter\CodeIgniter->createController()
 3 SYSTEMPATH\CodeIgniter.php(368): CodeIgniter\CodeIgniter->handleRequest(null, Object(Config\Cache), false)
 4 FCPATH\index.php(67): CodeIgniter\CodeIgniter->run()
WARNING - 2026-05-20 05:55:50 --> Session: Sessions is enabled, and one exists. Please don't $session->start();
WARNING - 2026-05-20 05:55:50 --> [DEPRECATED] Creation of dynamic property App\Controllers\Products::$catagory is deprecated in APPPATH\Controllers\Products.php on line 33.
 1 SYSTEMPATH\CodeIgniter.php(906): App\Controllers\Products->__construct()
 2 SYSTEMPATH\CodeIgniter.php(490): CodeIgniter\CodeIgniter->createController()
 3 SYSTEMPATH\CodeIgniter.php(368): CodeIgniter\CodeIgniter->handleRequest(null, Object(Config\Cache), false)
 4 FCPATH\index.php(67): CodeIgniter\CodeIgniter->run()
WARNING - 2026-05-20 05:55:50 --> [DEPRECATED] Creation of dynamic property App\Controllers\Products::$variation is deprecated in APPPATH\Controllers\Products.php on line 34.
 1 SYSTEMPATH\CodeIgniter.php(906): App\Controllers\Products->__construct()
 2 SYSTEMPATH\CodeIgniter.php(490): CodeIgniter\CodeIgniter->createController()
 3 SYSTEMPATH\CodeIgniter.php(368): CodeIgniter\CodeIgniter->handleRequest(null, Object(Config\Cache), false)
 4 FCPATH\index.php(67): CodeIgniter\CodeIgniter->run()
WARNING - 2026-05-20 05:55:50 --> [DEPRECATED] Creation of dynamic property App\Controllers\Products::$variationtype is deprecated in APPPATH\Controllers\Products.php on line 35.
 1 SYSTEMPATH\CodeIgniter.php(906): App\Controllers\Products->__construct()
 2 SYSTEMPATH\CodeIgniter.php(490): CodeIgniter\CodeIgniter->createController()
 3 SYSTEMPATH\CodeIgniter.php(368): CodeIgniter\CodeIgniter->handleRequest(null, Object(Config\Cache), false)
 4 FCPATH\index.php(67): CodeIgniter\CodeIgniter->run()
WARNING - 2026-05-20 05:55:50 --> [DEPRECATED] Creation of dynamic property App\Controllers\Products::$subcategory is deprecated in APPPATH\Controllers\Products.php on line 36.
 1 SYSTEMPATH\CodeIgniter.php(906): App\Controllers\Products->__construct()
 2 SYSTEMPATH\CodeIgniter.php(490): CodeIgniter\CodeIgniter->createController()
 3 SYSTEMPATH\CodeIgniter.php(368): CodeIgniter\CodeIgniter->handleRequest(null, Object(Config\Cache), false)
 4 FCPATH\index.php(67): CodeIgniter\CodeIgniter->run()
WARNING - 2026-05-20 05:55:50 --> [DEPRECATED] Creation of dynamic property App\Controllers\Products::$product is deprecated in APPPATH\Controllers\Products.php on line 37.
 1 SYSTEMPATH\CodeIgniter.php(906): App\Controllers\Products->__construct()
 2 SYSTEMPATH\CodeIgniter.php(490): CodeIgniter\CodeIgniter->createController()
 3 SYSTEMPATH\CodeIgniter.php(368): CodeIgniter\CodeIgniter->handleRequest(null, Object(Config\Cache), false)
 4 FCPATH\index.php(67): CodeIgniter\CodeIgniter->run()
WARNING - 2026-05-20 05:55:50 --> [DEPRECATED] Creation of dynamic property App\Controllers\Products::$tags is deprecated in APPPATH\Controllers\Products.php on line 38.
 1 SYSTEMPATH\CodeIgniter.php(906): App\Controllers\Products->__construct()
 2 SYSTEMPATH\CodeIgniter.php(490): CodeIgniter\CodeIgniter->createController()
 3 SYSTEMPATH\CodeIgniter.php(368): CodeIgniter\CodeIgniter->handleRequest(null, Object(Config\Cache), false)
 4 FCPATH\index.php(67): CodeIgniter\CodeIgniter->run()
WARNING - 2026-05-20 05:55:50 --> [DEPRECATED] Creation of dynamic property App\Controllers\Products::$shippingmethod is deprecated in APPPATH\Controllers\Products.php on line 39.
 1 SYSTEMPATH\CodeIgniter.php(906): App\Controllers\Products->__construct()
 2 SYSTEMPATH\CodeIgniter.php(490): CodeIgniter\CodeIgniter->createController()
 3 SYSTEMPATH\CodeIgniter.php(368): CodeIgniter\CodeIgniter->handleRequest(null, Object(Config\Cache), false)
 4 FCPATH\index.php(67): CodeIgniter\CodeIgniter->run()
WARNING - 2026-05-20 05:55:50 --> [DEPRECATED] Creation of dynamic property App\Controllers\Products::$optionvalue is deprecated in APPPATH\Controllers\Products.php on line 40.
 1 SYSTEMPATH\CodeIgniter.php(906): App\Controllers\Products->__construct()
 2 SYSTEMPATH\CodeIgniter.php(490): CodeIgniter\CodeIgniter->createController()
 3 SYSTEMPATH\CodeIgniter.php(368): CodeIgniter\CodeIgniter->handleRequest(null, Object(Config\Cache), false)
 4 FCPATH\index.php(67): CodeIgniter\CodeIgniter->run()
WARNING - 2026-05-20 05:55:50 --> [DEPRECATED] Creation of dynamic property App\Controllers\Products::$brand is deprecated in APPPATH\Controllers\Products.php on line 41.
 1 SYSTEMPATH\CodeIgniter.php(906): App\Controllers\Products->__construct()
 2 SYSTEMPATH\CodeIgniter.php(490): CodeIgniter\CodeIgniter->createController()
 3 SYSTEMPATH\CodeIgniter.php(368): CodeIgniter\CodeIgniter->handleRequest(null, Object(Config\Cache), false)
 4 FCPATH\index.php(67): CodeIgniter\CodeIgniter->run()
WARNING - 2026-05-20 05:55:50 --> [DEPRECATED] Creation of dynamic property App\Controllers\Products::$Allsettings is deprecated in APPPATH\Controllers\Products.php on line 42.
 1 SYSTEMPATH\CodeIgniter.php(906): App\Controllers\Products->__construct()
 2 SYSTEMPATH\CodeIgniter.php(490): CodeIgniter\CodeIgniter->createController()
 3 SYSTEMPATH\CodeIgniter.php(368): CodeIgniter\CodeIgniter->handleRequest(null, Object(Config\Cache), false)
 4 FCPATH\index.php(67): CodeIgniter\CodeIgniter->run()
WARNING - 2026-05-20 05:55:50 --> [DEPRECATED] Creation of dynamic property App\Controllers\Products::$Orderitemmodel is deprecated in APPPATH\Controllers\Products.php on line 43.
 1 SYSTEMPATH\CodeIgniter.php(906): App\Controllers\Products->__construct()
 2 SYSTEMPATH\CodeIgniter.php(490): CodeIgniter\CodeIgniter->createController()
 3 SYSTEMPATH\CodeIgniter.php(368): CodeIgniter\CodeIgniter->handleRequest(null, Object(Config\Cache), false)
 4 FCPATH\index.php(67): CodeIgniter\CodeIgniter->run()
WARNING - 2026-05-20 05:55:50 --> [DEPRECATED] Creation of dynamic property App\Controllers\Products::$Ordermodel is deprecated in APPPATH\Controllers\Products.php on line 44.
 1 SYSTEMPATH\CodeIgniter.php(906): App\Controllers\Products->__construct()
 2 SYSTEMPATH\CodeIgniter.php(490): CodeIgniter\CodeIgniter->createController()
 3 SYSTEMPATH\CodeIgniter.php(368): CodeIgniter\CodeIgniter->handleRequest(null, Object(Config\Cache), false)
 4 FCPATH\index.php(67): CodeIgniter\CodeIgniter->run()
WARNING - 2026-05-20 05:55:50 --> [DEPRECATED] Creation of dynamic property App\Controllers\Products::$CartModel is deprecated in APPPATH\Controllers\Products.php on line 45.
 1 SYSTEMPATH\CodeIgniter.php(906): App\Controllers\Products->__construct()
 2 SYSTEMPATH\CodeIgniter.php(490): CodeIgniter\CodeIgniter->createController()
 3 SYSTEMPATH\CodeIgniter.php(368): CodeIgniter\CodeIgniter->handleRequest(null, Object(Config\Cache), false)
 4 FCPATH\index.php(67): CodeIgniter\CodeIgniter->run()
WARNING - 2026-05-20 05:55:50 --> [DEPRECATED] Creation of dynamic property App\Controllers\Products::$Reviewmodel is deprecated in APPPATH\Controllers\Products.php on line 46.
 1 SYSTEMPATH\CodeIgniter.php(906): App\Controllers\Products->__construct()
 2 SYSTEMPATH\CodeIgniter.php(490): CodeIgniter\CodeIgniter->createController()
 3 SYSTEMPATH\CodeIgniter.php(368): CodeIgniter\CodeIgniter->handleRequest(null, Object(Config\Cache), false)
 4 FCPATH\index.php(67): CodeIgniter\CodeIgniter->run()
WARNING - 2026-05-20 05:55:50 --> [DEPRECATED] Creation of dynamic property App\Controllers\Products::$TaxesclassModel is deprecated in APPPATH\Controllers\Products.php on line 47.
 1 SYSTEMPATH\CodeIgniter.php(906): App\Controllers\Products->__construct()
 2 SYSTEMPATH\CodeIgniter.php(490): CodeIgniter\CodeIgniter->createController()
 3 SYSTEMPATH\CodeIgniter.php(368): CodeIgniter\CodeIgniter->handleRequest(null, Object(Config\Cache), false)
 4 FCPATH\index.php(67): CodeIgniter\CodeIgniter->run()
WARNING - 2026-05-20 05:55:50 --> [DEPRECATED] Creation of dynamic property App\Controllers\Products::$cms is deprecated in APPPATH\Controllers\Products.php on line 48.
 1 SYSTEMPATH\CodeIgniter.php(906): App\Controllers\Products->__construct()
 2 SYSTEMPATH\CodeIgniter.php(490): CodeIgniter\CodeIgniter->createController()
 3 SYSTEMPATH\CodeIgniter.php(368): CodeIgniter\CodeIgniter->handleRequest(null, Object(Config\Cache), false)
 4 FCPATH\index.php(67): CodeIgniter\CodeIgniter->run()
INFO - 2026-05-20 05:55:54 --> Session: Class initialized using 'CodeIgniter\Session\Handlers\FileHandler' driver.
WARNING - 2026-05-20 05:55:54 --> [DEPRECATED] Creation of dynamic property App\Controllers\Products::$session is deprecated in APPPATH\Controllers\Products.php on line 30.
 1 SYSTEMPATH\CodeIgniter.php(906): App\Controllers\Products->__construct()
 2 SYSTEMPATH\CodeIgniter.php(490): CodeIgniter\CodeIgniter->createController()
 3 SYSTEMPATH\CodeIgniter.php(368): CodeIgniter\CodeIgniter->handleRequest(null, Object(Config\Cache), false)
 4 FCPATH\index.php(67): CodeIgniter\CodeIgniter->run()
WARNING - 2026-05-20 05:55:54 --> Session: Sessions is enabled, and one exists. Please don't $session->start();
WARNING - 2026-05-20 05:55:54 --> [DEPRECATED] Creation of dynamic property App\Controllers\Products::$catagory is deprecated in APPPATH\Controllers\Products.php on line 33.
 1 SYSTEMPATH\CodeIgniter.php(906): App\Controllers\Products->__construct()
 2 SYSTEMPATH\CodeIgniter.php(490): CodeIgniter\CodeIgniter->createController()
 3 SYSTEMPATH\CodeIgniter.php(368): CodeIgniter\CodeIgniter->handleRequest(null, Object(Config\Cache), false)
 4 FCPATH\index.php(67): CodeIgniter\CodeIgniter->run()
WARNING - 2026-05-20 05:55:54 --> [DEPRECATED] Creation of dynamic property App\Controllers\Products::$variation is deprecated in APPPATH\Controllers\Products.php on line 34.
 1 SYSTEMPATH\CodeIgniter.php(906): App\Controllers\Products->__construct()
 2 SYSTEMPATH\CodeIgniter.php(490): CodeIgniter\CodeIgniter->createController()
 3 SYSTEMPATH\CodeIgniter.php(368): CodeIgniter\CodeIgniter->handleRequest(null, Object(Config\Cache), false)
 4 FCPATH\index.php(67): CodeIgniter\CodeIgniter->run()
WARNING - 2026-05-20 05:55:54 --> [DEPRECATED] Creation of dynamic property App\Controllers\Products::$variationtype is deprecated in APPPATH\Controllers\Products.php on line 35.
 1 SYSTEMPATH\CodeIgniter.php(906): App\Controllers\Products->__construct()
 2 SYSTEMPATH\CodeIgniter.php(490): CodeIgniter\CodeIgniter->createController()
 3 SYSTEMPATH\CodeIgniter.php(368): CodeIgniter\CodeIgniter->handleRequest(null, Object(Config\Cache), false)
 4 FCPATH\index.php(67): CodeIgniter\CodeIgniter->run()
WARNING - 2026-05-20 05:55:54 --> [DEPRECATED] Creation of dynamic property App\Controllers\Products::$subcategory is deprecated in APPPATH\Controllers\Products.php on line 36.
 1 SYSTEMPATH\CodeIgniter.php(906): App\Controllers\Products->__construct()
 2 SYSTEMPATH\CodeIgniter.php(490): CodeIgniter\CodeIgniter->createController()
 3 SYSTEMPATH\CodeIgniter.php(368): CodeIgniter\CodeIgniter->handleRequest(null, Object(Config\Cache), false)
 4 FCPATH\index.php(67): CodeIgniter\CodeIgniter->run()
WARNING - 2026-05-20 05:55:54 --> [DEPRECATED] Creation of dynamic property App\Controllers\Products::$product is deprecated in APPPATH\Controllers\Products.php on line 37.
 1 SYSTEMPATH\CodeIgniter.php(906): App\Controllers\Products->__construct()
 2 SYSTEMPATH\CodeIgniter.php(490): CodeIgniter\CodeIgniter->createController()
 3 SYSTEMPATH\CodeIgniter.php(368): CodeIgniter\CodeIgniter->handleRequest(null, Object(Config\Cache), false)
 4 FCPATH\index.php(67): CodeIgniter\CodeIgniter->run()
WARNING - 2026-05-20 05:55:54 --> [DEPRECATED] Creation of dynamic property App\Controllers\Products::$tags is deprecated in APPPATH\Controllers\Products.php on line 38.
 1 SYSTEMPATH\CodeIgniter.php(906): App\Controllers\Products->__construct()
 2 SYSTEMPATH\CodeIgniter.php(490): CodeIgniter\CodeIgniter->createController()
 3 SYSTEMPATH\CodeIgniter.php(368): CodeIgniter\CodeIgniter->handleRequest(null, Object(Config\Cache), false)
 4 FCPATH\index.php(67): CodeIgniter\CodeIgniter->run()
WARNING - 2026-05-20 05:55:54 --> [DEPRECATED] Creation of dynamic property App\Controllers\Products::$shippingmethod is deprecated in APPPATH\Controllers\Products.php on line 39.
 1 SYSTEMPATH\CodeIgniter.php(906): App\Controllers\Products->__construct()
 2 SYSTEMPATH\CodeIgniter.php(490): CodeIgniter\CodeIgniter->createController()
 3 SYSTEMPATH\CodeIgniter.php(368): CodeIgniter\CodeIgniter->handleRequest(null, Object(Config\Cache), false)
 4 FCPATH\index.php(67): CodeIgniter\CodeIgniter->run()
WARNING - 2026-05-20 05:55:54 --> [DEPRECATED] Creation of dynamic property App\Controllers\Products::$optionvalue is deprecated in APPPATH\Controllers\Products.php on line 40.
 1 SYSTEMPATH\CodeIgniter.php(906): App\Controllers\Products->__construct()
 2 SYSTEMPATH\CodeIgniter.php(490): CodeIgniter\CodeIgniter->createController()
 3 SYSTEMPATH\CodeIgniter.php(368): CodeIgniter\CodeIgniter->handleRequest(null, Object(Config\Cache), false)
 4 FCPATH\index.php(67): CodeIgniter\CodeIgniter->run()
WARNING - 2026-05-20 05:55:54 --> [DEPRECATED] Creation of dynamic property App\Controllers\Products::$brand is deprecated in APPPATH\Controllers\Products.php on line 41.
 1 SYSTEMPATH\CodeIgniter.php(906): App\Controllers\Products->__construct()
 2 SYSTEMPATH\CodeIgniter.php(490): CodeIgniter\CodeIgniter->createController()
 3 SYSTEMPATH\CodeIgniter.php(368): CodeIgniter\CodeIgniter->handleRequest(null, Object(Config\Cache), false)
 4 FCPATH\index.php(67): CodeIgniter\CodeIgniter->run()
WARNING - 2026-05-20 05:55:54 --> [DEPRECATED] Creation of dynamic property App\Controllers\Products::$Allsettings is deprecated in APPPATH\Controllers\Products.php on line 42.
 1 SYSTEMPATH\CodeIgniter.php(906): App\Controllers\Products->__construct()
 2 SYSTEMPATH\CodeIgniter.php(490): CodeIgniter\CodeIgniter->createController()
 3 SYSTEMPATH\CodeIgniter.php(368): CodeIgniter\CodeIgniter->handleRequest(null, Object(Config\Cache), false)
 4 FCPATH\index.php(67): CodeIgniter\CodeIgniter->run()
WARNING - 2026-05-20 05:55:54 --> [DEPRECATED] Creation of dynamic property App\Controllers\Products::$Orderitemmodel is deprecated in APPPATH\Controllers\Products.php on line 43.
 1 SYSTEMPATH\CodeIgniter.php(906): App\Controllers\Products->__construct()
 2 SYSTEMPATH\CodeIgniter.php(490): CodeIgniter\CodeIgniter->createController()
 3 SYSTEMPATH\CodeIgniter.php(368): CodeIgniter\CodeIgniter->handleRequest(null, Object(Config\Cache), false)
 4 FCPATH\index.php(67): CodeIgniter\CodeIgniter->run()
WARNING - 2026-05-20 05:55:54 --> [DEPRECATED] Creation of dynamic property App\Controllers\Products::$Ordermodel is deprecated in APPPATH\Controllers\Products.php on line 44.
 1 SYSTEMPATH\CodeIgniter.php(906): App\Controllers\Products->__construct()
 2 SYSTEMPATH\CodeIgniter.php(490): CodeIgniter\CodeIgniter->createController()
 3 SYSTEMPATH\CodeIgniter.php(368): CodeIgniter\CodeIgniter->handleRequest(null, Object(Config\Cache), false)
 4 FCPATH\index.php(67): CodeIgniter\CodeIgniter->run()
WARNING - 2026-05-20 05:55:54 --> [DEPRECATED] Creation of dynamic property App\Controllers\Products::$CartModel is deprecated in APPPATH\Controllers\Products.php on line 45.
 1 SYSTEMPATH\CodeIgniter.php(906): App\Controllers\Products->__construct()
 2 SYSTEMPATH\CodeIgniter.php(490): CodeIgniter\CodeIgniter->createController()
 3 SYSTEMPATH\CodeIgniter.php(368): CodeIgniter\CodeIgniter->handleRequest(null, Object(Config\Cache), false)
 4 FCPATH\index.php(67): CodeIgniter\CodeIgniter->run()
WARNING - 2026-05-20 05:55:54 --> [DEPRECATED] Creation of dynamic property App\Controllers\Products::$Reviewmodel is deprecated in APPPATH\Controllers\Products.php on line 46.
 1 SYSTEMPATH\CodeIgniter.php(906): App\Controllers\Products->__construct()
 2 SYSTEMPATH\CodeIgniter.php(490): CodeIgniter\CodeIgniter->createController()
 3 SYSTEMPATH\CodeIgniter.php(368): CodeIgniter\CodeIgniter->handleRequest(null, Object(Config\Cache), false)
 4 FCPATH\index.php(67): CodeIgniter\CodeIgniter->run()
WARNING - 2026-05-20 05:55:54 --> [DEPRECATED] Creation of dynamic property App\Controllers\Products::$TaxesclassModel is deprecated in APPPATH\Controllers\Products.php on line 47.
 1 SYSTEMPATH\CodeIgniter.php(906): App\Controllers\Products->__construct()
 2 SYSTEMPATH\CodeIgniter.php(490): CodeIgniter\CodeIgniter->createController()
 3 SYSTEMPATH\CodeIgniter.php(368): CodeIgniter\CodeIgniter->handleRequest(null, Object(Config\Cache), false)
 4 FCPATH\index.php(67): CodeIgniter\CodeIgniter->run()
WARNING - 2026-05-20 05:55:54 --> [DEPRECATED] Creation of dynamic property App\Controllers\Products::$cms is deprecated in APPPATH\Controllers\Products.php on line 48.
 1 SYSTEMPATH\CodeIgniter.php(906): App\Controllers\Products->__construct()
 2 SYSTEMPATH\CodeIgniter.php(490): CodeIgniter\CodeIgniter->createController()
 3 SYSTEMPATH\CodeIgniter.php(368): CodeIgniter\CodeIgniter->handleRequest(null, Object(Config\Cache), false)
 4 FCPATH\index.php(67): CodeIgniter\CodeIgniter->run()
INFO - 2026-05-20 05:58:05 --> Session: Class initialized using 'CodeIgniter\Session\Handlers\FileHandler' driver.
WARNING - 2026-05-20 05:58:05 --> [DEPRECATED] Creation of dynamic property App\Controllers\Products::$session is deprecated in APPPATH\Controllers\Products.php on line 30.
 1 SYSTEMPATH\CodeIgniter.php(906): App\Controllers\Products->__construct()
 2 SYSTEMPATH\CodeIgniter.php(490): CodeIgniter\CodeIgniter->createController()
 3 SYSTEMPATH\CodeIgniter.php(368): CodeIgniter\CodeIgniter->handleRequest(null, Object(Config\Cache), false)
 4 FCPATH\index.php(67): CodeIgniter\CodeIgniter->run()
WARNING - 2026-05-20 05:58:05 --> Session: Sessions is enabled, and one exists. Please don't $session->start();
WARNING - 2026-05-20 05:58:05 --> [DEPRECATED] Creation of dynamic property App\Controllers\Products::$catagory is deprecated in APPPATH\Controllers\Products.php on line 33.
 1 SYSTEMPATH\CodeIgniter.php(906): App\Controllers\Products->__construct()
 2 SYSTEMPATH\CodeIgniter.php(490): CodeIgniter\CodeIgniter->createController()
 3 SYSTEMPATH\CodeIgniter.php(368): CodeIgniter\CodeIgniter->handleRequest(null, Object(Config\Cache), false)
 4 FCPATH\index.php(67): CodeIgniter\CodeIgniter->run()
WARNING - 2026-05-20 05:58:05 --> [DEPRECATED] Creation of dynamic property App\Controllers\Products::$variation is deprecated in APPPATH\Controllers\Products.php on line 34.
 1 SYSTEMPATH\CodeIgniter.php(906): App\Controllers\Products->__construct()
 2 SYSTEMPATH\CodeIgniter.php(490): CodeIgniter\CodeIgniter->createController()
 3 SYSTEMPATH\CodeIgniter.php(368): CodeIgniter\CodeIgniter->handleRequest(null, Object(Config\Cache), false)
 4 FCPATH\index.php(67): CodeIgniter\CodeIgniter->run()
WARNING - 2026-05-20 05:58:05 --> [DEPRECATED] Creation of dynamic property App\Controllers\Products::$variationtype is deprecated in APPPATH\Controllers\Products.php on line 35.
 1 SYSTEMPATH\CodeIgniter.php(906): App\Controllers\Products->__construct()
 2 SYSTEMPATH\CodeIgniter.php(490): CodeIgniter\CodeIgniter->createController()
 3 SYSTEMPATH\CodeIgniter.php(368): CodeIgniter\CodeIgniter->handleRequest(null, Object(Config\Cache), false)
 4 FCPATH\index.php(67): CodeIgniter\CodeIgniter->run()
WARNING - 2026-05-20 05:58:05 --> [DEPRECATED] Creation of dynamic property App\Controllers\Products::$subcategory is deprecated in APPPATH\Controllers\Products.php on line 36.
 1 SYSTEMPATH\CodeIgniter.php(906): App\Controllers\Products->__construct()
 2 SYSTEMPATH\CodeIgniter.php(490): CodeIgniter\CodeIgniter->createController()
 3 SYSTEMPATH\CodeIgniter.php(368): CodeIgniter\CodeIgniter->handleRequest(null, Object(Config\Cache), false)
 4 FCPATH\index.php(67): CodeIgniter\CodeIgniter->run()
WARNING - 2026-05-20 05:58:05 --> [DEPRECATED] Creation of dynamic property App\Controllers\Products::$product is deprecated in APPPATH\Controllers\Products.php on line 37.
 1 SYSTEMPATH\CodeIgniter.php(906): App\Controllers\Products->__construct()
 2 SYSTEMPATH\CodeIgniter.php(490): CodeIgniter\CodeIgniter->createController()
 3 SYSTEMPATH\CodeIgniter.php(368): CodeIgniter\CodeIgniter->handleRequest(null, Object(Config\Cache), false)
 4 FCPATH\index.php(67): CodeIgniter\CodeIgniter->run()
WARNING - 2026-05-20 05:58:05 --> [DEPRECATED] Creation of dynamic property App\Controllers\Products::$tags is deprecated in APPPATH\Controllers\Products.php on line 38.
 1 SYSTEMPATH\CodeIgniter.php(906): App\Controllers\Products->__construct()
 2 SYSTEMPATH\CodeIgniter.php(490): CodeIgniter\CodeIgniter->createController()
 3 SYSTEMPATH\CodeIgniter.php(368): CodeIgniter\CodeIgniter->handleRequest(null, Object(Config\Cache), false)
 4 FCPATH\index.php(67): CodeIgniter\CodeIgniter->run()
WARNING - 2026-05-20 05:58:05 --> [DEPRECATED] Creation of dynamic property App\Controllers\Products::$shippingmethod is deprecated in APPPATH\Controllers\Products.php on line 39.
 1 SYSTEMPATH\CodeIgniter.php(906): App\Controllers\Products->__construct()
 2 SYSTEMPATH\CodeIgniter.php(490): CodeIgniter\CodeIgniter->createController()
 3 SYSTEMPATH\CodeIgniter.php(368): CodeIgniter\CodeIgniter->handleRequest(null, Object(Config\Cache), false)
 4 FCPATH\index.php(67): CodeIgniter\CodeIgniter->run()
WARNING - 2026-05-20 05:58:05 --> [DEPRECATED] Creation of dynamic property App\Controllers\Products::$optionvalue is deprecated in APPPATH\Controllers\Products.php on line 40.
 1 SYSTEMPATH\CodeIgniter.php(906): App\Controllers\Products->__construct()
 2 SYSTEMPATH\CodeIgniter.php(490): CodeIgniter\CodeIgniter->createController()
 3 SYSTEMPATH\CodeIgniter.php(368): CodeIgniter\CodeIgniter->handleRequest(null, Object(Config\Cache), false)
 4 FCPATH\index.php(67): CodeIgniter\CodeIgniter->run()
WARNING - 2026-05-20 05:58:05 --> [DEPRECATED] Creation of dynamic property App\Controllers\Products::$brand is deprecated in APPPATH\Controllers\Products.php on line 41.
 1 SYSTEMPATH\CodeIgniter.php(906): App\Controllers\Products->__construct()
 2 SYSTEMPATH\CodeIgniter.php(490): CodeIgniter\CodeIgniter->createController()
 3 SYSTEMPATH\CodeIgniter.php(368): CodeIgniter\CodeIgniter->handleRequest(null, Object(Config\Cache), false)
 4 FCPATH\index.php(67): CodeIgniter\CodeIgniter->run()
WARNING - 2026-05-20 05:58:05 --> [DEPRECATED] Creation of dynamic property App\Controllers\Products::$Allsettings is deprecated in APPPATH\Controllers\Products.php on line 42.
 1 SYSTEMPATH\CodeIgniter.php(906): App\Controllers\Products->__construct()
 2 SYSTEMPATH\CodeIgniter.php(490): CodeIgniter\CodeIgniter->createController()
 3 SYSTEMPATH\CodeIgniter.php(368): CodeIgniter\CodeIgniter->handleRequest(null, Object(Config\Cache), false)
 4 FCPATH\index.php(67): CodeIgniter\CodeIgniter->run()
WARNING - 2026-05-20 05:58:05 --> [DEPRECATED] Creation of dynamic property App\Controllers\Products::$Orderitemmodel is deprecated in APPPATH\Controllers\Products.php on line 43.
 1 SYSTEMPATH\CodeIgniter.php(906): App\Controllers\Products->__construct()
 2 SYSTEMPATH\CodeIgniter.php(490): CodeIgniter\CodeIgniter->createController()
 3 SYSTEMPATH\CodeIgniter.php(368): CodeIgniter\CodeIgniter->handleRequest(null, Object(Config\Cache), false)
 4 FCPATH\index.php(67): CodeIgniter\CodeIgniter->run()
WARNING - 2026-05-20 05:58:05 --> [DEPRECATED] Creation of dynamic property App\Controllers\Products::$Ordermodel is deprecated in APPPATH\Controllers\Products.php on line 44.
 1 SYSTEMPATH\CodeIgniter.php(906): App\Controllers\Products->__construct()
 2 SYSTEMPATH\CodeIgniter.php(490): CodeIgniter\CodeIgniter->createController()
 3 SYSTEMPATH\CodeIgniter.php(368): CodeIgniter\CodeIgniter->handleRequest(null, Object(Config\Cache), false)
 4 FCPATH\index.php(67): CodeIgniter\CodeIgniter->run()
WARNING - 2026-05-20 05:58:05 --> [DEPRECATED] Creation of dynamic property App\Controllers\Products::$CartModel is deprecated in APPPATH\Controllers\Products.php on line 45.
 1 SYSTEMPATH\CodeIgniter.php(906): App\Controllers\Products->__construct()
 2 SYSTEMPATH\CodeIgniter.php(490): CodeIgniter\CodeIgniter->createController()
 3 SYSTEMPATH\CodeIgniter.php(368): CodeIgniter\CodeIgniter->handleRequest(null, Object(Config\Cache), false)
 4 FCPATH\index.php(67): CodeIgniter\CodeIgniter->run()
WARNING - 2026-05-20 05:58:05 --> [DEPRECATED] Creation of dynamic property App\Controllers\Products::$Reviewmodel is deprecated in APPPATH\Controllers\Products.php on line 46.
 1 SYSTEMPATH\CodeIgniter.php(906): App\Controllers\Products->__construct()
 2 SYSTEMPATH\CodeIgniter.php(490): CodeIgniter\CodeIgniter->createController()
 3 SYSTEMPATH\CodeIgniter.php(368): CodeIgniter\CodeIgniter->handleRequest(null, Object(Config\Cache), false)
 4 FCPATH\index.php(67): CodeIgniter\CodeIgniter->run()
WARNING - 2026-05-20 05:58:05 --> [DEPRECATED] Creation of dynamic property App\Controllers\Products::$TaxesclassModel is deprecated in APPPATH\Controllers\Products.php on line 47.
 1 SYSTEMPATH\CodeIgniter.php(906): App\Controllers\Products->__construct()
 2 SYSTEMPATH\CodeIgniter.php(490): CodeIgniter\CodeIgniter->createController()
 3 SYSTEMPATH\CodeIgniter.php(368): CodeIgniter\CodeIgniter->handleRequest(null, Object(Config\Cache), false)
 4 FCPATH\index.php(67): CodeIgniter\CodeIgniter->run()
WARNING - 2026-05-20 05:58:05 --> [DEPRECATED] Creation of dynamic property App\Controllers\Products::$cms is deprecated in APPPATH\Controllers\Products.php on line 48.
 1 SYSTEMPATH\CodeIgniter.php(906): App\Controllers\Products->__construct()
 2 SYSTEMPATH\CodeIgniter.php(490): CodeIgniter\CodeIgniter->createController()
 3 SYSTEMPATH\CodeIgniter.php(368): CodeIgniter\CodeIgniter->handleRequest(null, Object(Config\Cache), false)
 4 FCPATH\index.php(67): CodeIgniter\CodeIgniter->run()
INFO - 2026-05-20 05:58:11 --> Session: Class initialized using 'CodeIgniter\Session\Handlers\FileHandler' driver.
WARNING - 2026-05-20 05:58:11 --> [DEPRECATED] Creation of dynamic property App\Controllers\Products::$session is deprecated in APPPATH\Controllers\Products.php on line 30.
 1 SYSTEMPATH\CodeIgniter.php(906): App\Controllers\Products->__construct()
 2 SYSTEMPATH\CodeIgniter.php(490): CodeIgniter\CodeIgniter->createController()
 3 SYSTEMPATH\CodeIgniter.php(368): CodeIgniter\CodeIgniter->handleRequest(null, Object(Config\Cache), false)
 4 FCPATH\index.php(67): CodeIgniter\CodeIgniter->run()
WARNING - 2026-05-20 05:58:11 --> Session: Sessions is enabled, and one exists. Please don't $session->start();
WARNING - 2026-05-20 05:58:11 --> [DEPRECATED] Creation of dynamic property App\Controllers\Products::$catagory is deprecated in APPPATH\Controllers\Products.php on line 33.
 1 SYSTEMPATH\CodeIgniter.php(906): App\Controllers\Products->__construct()
 2 SYSTEMPATH\CodeIgniter.php(490): CodeIgniter\CodeIgniter->createController()
 3 SYSTEMPATH\CodeIgniter.php(368): CodeIgniter\CodeIgniter->handleRequest(null, Object(Config\Cache), false)
 4 FCPATH\index.php(67): CodeIgniter\CodeIgniter->run()
WARNING - 2026-05-20 05:58:11 --> [DEPRECATED] Creation of dynamic property App\Controllers\Products::$variation is deprecated in APPPATH\Controllers\Products.php on line 34.
 1 SYSTEMPATH\CodeIgniter.php(906): App\Controllers\Products->__construct()
 2 SYSTEMPATH\CodeIgniter.php(490): CodeIgniter\CodeIgniter->createController()
 3 SYSTEMPATH\CodeIgniter.php(368): CodeIgniter\CodeIgniter->handleRequest(null, Object(Config\Cache), false)
 4 FCPATH\index.php(67): CodeIgniter\CodeIgniter->run()
WARNING - 2026-05-20 05:58:11 --> [DEPRECATED] Creation of dynamic property App\Controllers\Products::$variationtype is deprecated in APPPATH\Controllers\Products.php on line 35.
 1 SYSTEMPATH\CodeIgniter.php(906): App\Controllers\Products->__construct()
 2 SYSTEMPATH\CodeIgniter.php(490): CodeIgniter\CodeIgniter->createController()
 3 SYSTEMPATH\CodeIgniter.php(368): CodeIgniter\CodeIgniter->handleRequest(null, Object(Config\Cache), false)
 4 FCPATH\index.php(67): CodeIgniter\CodeIgniter->run()
WARNING - 2026-05-20 05:58:11 --> [DEPRECATED] Creation of dynamic property App\Controllers\Products::$subcategory is deprecated in APPPATH\Controllers\Products.php on line 36.
 1 SYSTEMPATH\CodeIgniter.php(906): App\Controllers\Products->__construct()
 2 SYSTEMPATH\CodeIgniter.php(490): CodeIgniter\CodeIgniter->createController()
 3 SYSTEMPATH\CodeIgniter.php(368): CodeIgniter\CodeIgniter->handleRequest(null, Object(Config\Cache), false)
 4 FCPATH\index.php(67): CodeIgniter\CodeIgniter->run()
WARNING - 2026-05-20 05:58:11 --> [DEPRECATED] Creation of dynamic property App\Controllers\Products::$product is deprecated in APPPATH\Controllers\Products.php on line 37.
 1 SYSTEMPATH\CodeIgniter.php(906): App\Controllers\Products->__construct()
 2 SYSTEMPATH\CodeIgniter.php(490): CodeIgniter\CodeIgniter->createController()
 3 SYSTEMPATH\CodeIgniter.php(368): CodeIgniter\CodeIgniter->handleRequest(null, Object(Config\Cache), false)
 4 FCPATH\index.php(67): CodeIgniter\CodeIgniter->run()
WARNING - 2026-05-20 05:58:11 --> [DEPRECATED] Creation of dynamic property App\Controllers\Products::$tags is deprecated in APPPATH\Controllers\Products.php on line 38.
 1 SYSTEMPATH\CodeIgniter.php(906): App\Controllers\Products->__construct()
 2 SYSTEMPATH\CodeIgniter.php(490): CodeIgniter\CodeIgniter->createController()
 3 SYSTEMPATH\CodeIgniter.php(368): CodeIgniter\CodeIgniter->handleRequest(null, Object(Config\Cache), false)
 4 FCPATH\index.php(67): CodeIgniter\CodeIgniter->run()
WARNING - 2026-05-20 05:58:11 --> [DEPRECATED] Creation of dynamic property App\Controllers\Products::$shippingmethod is deprecated in APPPATH\Controllers\Products.php on line 39.
 1 SYSTEMPATH\CodeIgniter.php(906): App\Controllers\Products->__construct()
 2 SYSTEMPATH\CodeIgniter.php(490): CodeIgniter\CodeIgniter->createController()
 3 SYSTEMPATH\CodeIgniter.php(368): CodeIgniter\CodeIgniter->handleRequest(null, Object(Config\Cache), false)
 4 FCPATH\index.php(67): CodeIgniter\CodeIgniter->run()
WARNING - 2026-05-20 05:58:11 --> [DEPRECATED] Creation of dynamic property App\Controllers\Products::$optionvalue is deprecated in APPPATH\Controllers\Products.php on line 40.
 1 SYSTEMPATH\CodeIgniter.php(906): App\Controllers\Products->__construct()
 2 SYSTEMPATH\CodeIgniter.php(490): CodeIgniter\CodeIgniter->createController()
 3 SYSTEMPATH\CodeIgniter.php(368): CodeIgniter\CodeIgniter->handleRequest(null, Object(Config\Cache), false)
 4 FCPATH\index.php(67): CodeIgniter\CodeIgniter->run()
WARNING - 2026-05-20 05:58:11 --> [DEPRECATED] Creation of dynamic property App\Controllers\Products::$brand is deprecated in APPPATH\Controllers\Products.php on line 41.
 1 SYSTEMPATH\CodeIgniter.php(906): App\Controllers\Products->__construct()
 2 SYSTEMPATH\CodeIgniter.php(490): CodeIgniter\CodeIgniter->createController()
 3 SYSTEMPATH\CodeIgniter.php(368): CodeIgniter\CodeIgniter->handleRequest(null, Object(Config\Cache), false)
 4 FCPATH\index.php(67): CodeIgniter\CodeIgniter->run()
WARNING - 2026-05-20 05:58:11 --> [DEPRECATED] Creation of dynamic property App\Controllers\Products::$Allsettings is deprecated in APPPATH\Controllers\Products.php on line 42.
 1 SYSTEMPATH\CodeIgniter.php(906): App\Controllers\Products->__construct()
 2 SYSTEMPATH\CodeIgniter.php(490): CodeIgniter\CodeIgniter->createController()
 3 SYSTEMPATH\CodeIgniter.php(368): CodeIgniter\CodeIgniter->handleRequest(null, Object(Config\Cache), false)
 4 FCPATH\index.php(67): CodeIgniter\CodeIgniter->run()
WARNING - 2026-05-20 05:58:11 --> [DEPRECATED] Creation of dynamic property App\Controllers\Products::$Orderitemmodel is deprecated in APPPATH\Controllers\Products.php on line 43.
 1 SYSTEMPATH\CodeIgniter.php(906): App\Controllers\Products->__construct()
 2 SYSTEMPATH\CodeIgniter.php(490): CodeIgniter\CodeIgniter->createController()
 3 SYSTEMPATH\CodeIgniter.php(368): CodeIgniter\CodeIgniter->handleRequest(null, Object(Config\Cache), false)
 4 FCPATH\index.php(67): CodeIgniter\CodeIgniter->run()
WARNING - 2026-05-20 05:58:11 --> [DEPRECATED] Creation of dynamic property App\Controllers\Products::$Ordermodel is deprecated in APPPATH\Controllers\Products.php on line 44.
 1 SYSTEMPATH\CodeIgniter.php(906): App\Controllers\Products->__construct()
 2 SYSTEMPATH\CodeIgniter.php(490): CodeIgniter\CodeIgniter->createController()
 3 SYSTEMPATH\CodeIgniter.php(368): CodeIgniter\CodeIgniter->handleRequest(null, Object(Config\Cache), false)
 4 FCPATH\index.php(67): CodeIgniter\CodeIgniter->run()
WARNING - 2026-05-20 05:58:11 --> [DEPRECATED] Creation of dynamic property App\Controllers\Products::$CartModel is deprecated in APPPATH\Controllers\Products.php on line 45.
 1 SYSTEMPATH\CodeIgniter.php(906): App\Controllers\Products->__construct()
 2 SYSTEMPATH\CodeIgniter.php(490): CodeIgniter\CodeIgniter->createController()
 3 SYSTEMPATH\CodeIgniter.php(368): CodeIgniter\CodeIgniter->handleRequest(null, Object(Config\Cache), false)
 4 FCPATH\index.php(67): CodeIgniter\CodeIgniter->run()
WARNING - 2026-05-20 05:58:11 --> [DEPRECATED] Creation of dynamic property App\Controllers\Products::$Reviewmodel is deprecated in APPPATH\Controllers\Products.php on line 46.
 1 SYSTEMPATH\CodeIgniter.php(906): App\Controllers\Products->__construct()
 2 SYSTEMPATH\CodeIgniter.php(490): CodeIgniter\CodeIgniter->createController()
 3 SYSTEMPATH\CodeIgniter.php(368): CodeIgniter\CodeIgniter->handleRequest(null, Object(Config\Cache), false)
 4 FCPATH\index.php(67): CodeIgniter\CodeIgniter->run()
WARNING - 2026-05-20 05:58:11 --> [DEPRECATED] Creation of dynamic property App\Controllers\Products::$TaxesclassModel is deprecated in APPPATH\Controllers\Products.php on line 47.
 1 SYSTEMPATH\CodeIgniter.php(906): App\Controllers\Products->__construct()
 2 SYSTEMPATH\CodeIgniter.php(490): CodeIgniter\CodeIgniter->createController()
 3 SYSTEMPATH\CodeIgniter.php(368): CodeIgniter\CodeIgniter->handleRequest(null, Object(Config\Cache), false)
 4 FCPATH\index.php(67): CodeIgniter\CodeIgniter->run()
WARNING - 2026-05-20 05:58:11 --> [DEPRECATED] Creation of dynamic property App\Controllers\Products::$cms is deprecated in APPPATH\Controllers\Products.php on line 48.
 1 SYSTEMPATH\CodeIgniter.php(906): App\Controllers\Products->__construct()
 2 SYSTEMPATH\CodeIgniter.php(490): CodeIgniter\CodeIgniter->createController()
 3 SYSTEMPATH\CodeIgniter.php(368): CodeIgniter\CodeIgniter->handleRequest(null, Object(Config\Cache), false)
 4 FCPATH\index.php(67): CodeIgniter\CodeIgniter->run()
INFO - 2026-05-20 05:58:16 --> Session: Class initialized using 'CodeIgniter\Session\Handlers\FileHandler' driver.
WARNING - 2026-05-20 05:58:16 --> [DEPRECATED] Creation of dynamic property App\Controllers\Products::$session is deprecated in APPPATH\Controllers\Products.php on line 30.
 1 SYSTEMPATH\CodeIgniter.php(906): App\Controllers\Products->__construct()
 2 SYSTEMPATH\CodeIgniter.php(490): CodeIgniter\CodeIgniter->createController()
 3 SYSTEMPATH\CodeIgniter.php(368): CodeIgniter\CodeIgniter->handleRequest(null, Object(Config\Cache), false)
 4 FCPATH\index.php(67): CodeIgniter\CodeIgniter->run()
WARNING - 2026-05-20 05:58:16 --> Session: Sessions is enabled, and one exists. Please don't $session->start();
WARNING - 2026-05-20 05:58:16 --> [DEPRECATED] Creation of dynamic property App\Controllers\Products::$catagory is deprecated in APPPATH\Controllers\Products.php on line 33.
 1 SYSTEMPATH\CodeIgniter.php(906): App\Controllers\Products->__construct()
 2 SYSTEMPATH\CodeIgniter.php(490): CodeIgniter\CodeIgniter->createController()
 3 SYSTEMPATH\CodeIgniter.php(368): CodeIgniter\CodeIgniter->handleRequest(null, Object(Config\Cache), false)
 4 FCPATH\index.php(67): CodeIgniter\CodeIgniter->run()
WARNING - 2026-05-20 05:58:16 --> [DEPRECATED] Creation of dynamic property App\Controllers\Products::$variation is deprecated in APPPATH\Controllers\Products.php on line 34.
 1 SYSTEMPATH\CodeIgniter.php(906): App\Controllers\Products->__construct()
 2 SYSTEMPATH\CodeIgniter.php(490): CodeIgniter\CodeIgniter->createController()
 3 SYSTEMPATH\CodeIgniter.php(368): CodeIgniter\CodeIgniter->handleRequest(null, Object(Config\Cache), false)
 4 FCPATH\index.php(67): CodeIgniter\CodeIgniter->run()
WARNING - 2026-05-20 05:58:16 --> [DEPRECATED] Creation of dynamic property App\Controllers\Products::$variationtype is deprecated in APPPATH\Controllers\Products.php on line 35.
 1 SYSTEMPATH\CodeIgniter.php(906): App\Controllers\Products->__construct()
 2 SYSTEMPATH\CodeIgniter.php(490): CodeIgniter\CodeIgniter->createController()
 3 SYSTEMPATH\CodeIgniter.php(368): CodeIgniter\CodeIgniter->handleRequest(null, Object(Config\Cache), false)
 4 FCPATH\index.php(67): CodeIgniter\CodeIgniter->run()
WARNING - 2026-05-20 05:58:16 --> [DEPRECATED] Creation of dynamic property App\Controllers\Products::$subcategory is deprecated in APPPATH\Controllers\Products.php on line 36.
 1 SYSTEMPATH\CodeIgniter.php(906): App\Controllers\Products->__construct()
 2 SYSTEMPATH\CodeIgniter.php(490): CodeIgniter\CodeIgniter->createController()
 3 SYSTEMPATH\CodeIgniter.php(368): CodeIgniter\CodeIgniter->handleRequest(null, Object(Config\Cache), false)
 4 FCPATH\index.php(67): CodeIgniter\CodeIgniter->run()
WARNING - 2026-05-20 05:58:16 --> [DEPRECATED] Creation of dynamic property App\Controllers\Products::$product is deprecated in APPPATH\Controllers\Products.php on line 37.
 1 SYSTEMPATH\CodeIgniter.php(906): App\Controllers\Products->__construct()
 2 SYSTEMPATH\CodeIgniter.php(490): CodeIgniter\CodeIgniter->createController()
 3 SYSTEMPATH\CodeIgniter.php(368): CodeIgniter\CodeIgniter->handleRequest(null, Object(Config\Cache), false)
 4 FCPATH\index.php(67): CodeIgniter\CodeIgniter->run()
WARNING - 2026-05-20 05:58:16 --> [DEPRECATED] Creation of dynamic property App\Controllers\Products::$tags is deprecated in APPPATH\Controllers\Products.php on line 38.
 1 SYSTEMPATH\CodeIgniter.php(906): App\Controllers\Products->__construct()
 2 SYSTEMPATH\CodeIgniter.php(490): CodeIgniter\CodeIgniter->createController()
 3 SYSTEMPATH\CodeIgniter.php(368): CodeIgniter\CodeIgniter->handleRequest(null, Object(Config\Cache), false)
 4 FCPATH\index.php(67): CodeIgniter\CodeIgniter->run()
WARNING - 2026-05-20 05:58:16 --> [DEPRECATED] Creation of dynamic property App\Controllers\Products::$shippingmethod is deprecated in APPPATH\Controllers\Products.php on line 39.
 1 SYSTEMPATH\CodeIgniter.php(906): App\Controllers\Products->__construct()
 2 SYSTEMPATH\CodeIgniter.php(490): CodeIgniter\CodeIgniter->createController()
 3 SYSTEMPATH\CodeIgniter.php(368): CodeIgniter\CodeIgniter->handleRequest(null, Object(Config\Cache), false)
 4 FCPATH\index.php(67): CodeIgniter\CodeIgniter->run()
WARNING - 2026-05-20 05:58:16 --> [DEPRECATED] Creation of dynamic property App\Controllers\Products::$optionvalue is deprecated in APPPATH\Controllers\Products.php on line 40.
 1 SYSTEMPATH\CodeIgniter.php(906): App\Controllers\Products->__construct()
 2 SYSTEMPATH\CodeIgniter.php(490): CodeIgniter\CodeIgniter->createController()
 3 SYSTEMPATH\CodeIgniter.php(368): CodeIgniter\CodeIgniter->handleRequest(null, Object(Config\Cache), false)
 4 FCPATH\index.php(67): CodeIgniter\CodeIgniter->run()
WARNING - 2026-05-20 05:58:16 --> [DEPRECATED] Creation of dynamic property App\Controllers\Products::$brand is deprecated in APPPATH\Controllers\Products.php on line 41.
 1 SYSTEMPATH\CodeIgniter.php(906): App\Controllers\Products->__construct()
 2 SYSTEMPATH\CodeIgniter.php(490): CodeIgniter\CodeIgniter->createController()
 3 SYSTEMPATH\CodeIgniter.php(368): CodeIgniter\CodeIgniter->handleRequest(null, Object(Config\Cache), false)
 4 FCPATH\index.php(67): CodeIgniter\CodeIgniter->run()
WARNING - 2026-05-20 05:58:16 --> [DEPRECATED] Creation of dynamic property App\Controllers\Products::$Allsettings is deprecated in APPPATH\Controllers\Products.php on line 42.
 1 SYSTEMPATH\CodeIgniter.php(906): App\Controllers\Products->__construct()
 2 SYSTEMPATH\CodeIgniter.php(490): CodeIgniter\CodeIgniter->createController()
 3 SYSTEMPATH\CodeIgniter.php(368): CodeIgniter\CodeIgniter->handleRequest(null, Object(Config\Cache), false)
 4 FCPATH\index.php(67): CodeIgniter\CodeIgniter->run()
WARNING - 2026-05-20 05:58:16 --> [DEPRECATED] Creation of dynamic property App\Controllers\Products::$Orderitemmodel is deprecated in APPPATH\Controllers\Products.php on line 43.
 1 SYSTEMPATH\CodeIgniter.php(906): App\Controllers\Products->__construct()
 2 SYSTEMPATH\CodeIgniter.php(490): CodeIgniter\CodeIgniter->createController()
 3 SYSTEMPATH\CodeIgniter.php(368): CodeIgniter\CodeIgniter->handleRequest(null, Object(Config\Cache), false)
 4 FCPATH\index.php(67): CodeIgniter\CodeIgniter->run()
WARNING - 2026-05-20 05:58:16 --> [DEPRECATED] Creation of dynamic property App\Controllers\Products::$Ordermodel is deprecated in APPPATH\Controllers\Products.php on line 44.
 1 SYSTEMPATH\CodeIgniter.php(906): App\Controllers\Products->__construct()
 2 SYSTEMPATH\CodeIgniter.php(490): CodeIgniter\CodeIgniter->createController()
 3 SYSTEMPATH\CodeIgniter.php(368): CodeIgniter\CodeIgniter->handleRequest(null, Object(Config\Cache), false)
 4 FCPATH\index.php(67): CodeIgniter\CodeIgniter->run()
WARNING - 2026-05-20 05:58:16 --> [DEPRECATED] Creation of dynamic property App\Controllers\Products::$CartModel is deprecated in APPPATH\Controllers\Products.php on line 45.
 1 SYSTEMPATH\CodeIgniter.php(906): App\Controllers\Products->__construct()
 2 SYSTEMPATH\CodeIgniter.php(490): CodeIgniter\CodeIgniter->createController()
 3 SYSTEMPATH\CodeIgniter.php(368): CodeIgniter\CodeIgniter->handleRequest(null, Object(Config\Cache), false)
 4 FCPATH\index.php(67): CodeIgniter\CodeIgniter->run()
WARNING - 2026-05-20 05:58:16 --> [DEPRECATED] Creation of dynamic property App\Controllers\Products::$Reviewmodel is deprecated in APPPATH\Controllers\Products.php on line 46.
 1 SYSTEMPATH\CodeIgniter.php(906): App\Controllers\Products->__construct()
 2 SYSTEMPATH\CodeIgniter.php(490): CodeIgniter\CodeIgniter->createController()
 3 SYSTEMPATH\CodeIgniter.php(368): CodeIgniter\CodeIgniter->handleRequest(null, Object(Config\Cache), false)
 4 FCPATH\index.php(67): CodeIgniter\CodeIgniter->run()
WARNING - 2026-05-20 05:58:16 --> [DEPRECATED] Creation of dynamic property App\Controllers\Products::$TaxesclassModel is deprecated in APPPATH\Controllers\Products.php on line 47.
 1 SYSTEMPATH\CodeIgniter.php(906): App\Controllers\Products->__construct()
 2 SYSTEMPATH\CodeIgniter.php(490): CodeIgniter\CodeIgniter->createController()
 3 SYSTEMPATH\CodeIgniter.php(368): CodeIgniter\CodeIgniter->handleRequest(null, Object(Config\Cache), false)
 4 FCPATH\index.php(67): CodeIgniter\CodeIgniter->run()
WARNING - 2026-05-20 05:58:16 --> [DEPRECATED] Creation of dynamic property App\Controllers\Products::$cms is deprecated in APPPATH\Controllers\Products.php on line 48.
 1 SYSTEMPATH\CodeIgniter.php(906): App\Controllers\Products->__construct()
 2 SYSTEMPATH\CodeIgniter.php(490): CodeIgniter\CodeIgniter->createController()
 3 SYSTEMPATH\CodeIgniter.php(368): CodeIgniter\CodeIgniter->handleRequest(null, Object(Config\Cache), false)
 4 FCPATH\index.php(67): CodeIgniter\CodeIgniter->run()
INFO - 2026-05-20 09:53:22 --> Session: Class initialized using 'CodeIgniter\Session\Handlers\FileHandler' driver.
INFO - 2026-05-20 09:53:23 --> Session: Class initialized using 'CodeIgniter\Session\Handlers\FileHandler' driver.
WARNING - 2026-05-20 09:53:23 --> [DEPRECATED] Creation of dynamic property App\Controllers\Home::$user_model is deprecated in APPPATH\Controllers\Home.php on line 35.
 1 SYSTEMPATH\CodeIgniter.php(906): App\Controllers\Home->__construct()
 2 SYSTEMPATH\CodeIgniter.php(490): CodeIgniter\CodeIgniter->createController()
 3 SYSTEMPATH\CodeIgniter.php(368): CodeIgniter\CodeIgniter->handleRequest(null, Object(Config\Cache), false)
 4 FCPATH\index.php(67): CodeIgniter\CodeIgniter->run()
WARNING - 2026-05-20 09:53:23 --> [DEPRECATED] Creation of dynamic property App\Controllers\Home::$BlogModel is deprecated in APPPATH\Controllers\Home.php on line 43.
 1 SYSTEMPATH\CodeIgniter.php(906): App\Controllers\Home->__construct()
 2 SYSTEMPATH\CodeIgniter.php(490): CodeIgniter\CodeIgniter->createController()
 3 SYSTEMPATH\CodeIgniter.php(368): CodeIgniter\CodeIgniter->handleRequest(null, Object(Config\Cache), false)
 4 FCPATH\index.php(67): CodeIgniter\CodeIgniter->run()
WARNING - 2026-05-20 09:53:23 --> [DEPRECATED] Creation of dynamic property App\Controllers\Home::$EnquiryModel is deprecated in APPPATH\Controllers\Home.php on line 44.
 1 SYSTEMPATH\CodeIgniter.php(906): App\Controllers\Home->__construct()
 2 SYSTEMPATH\CodeIgniter.php(490): CodeIgniter\CodeIgniter->createController()
 3 SYSTEMPATH\CodeIgniter.php(368): CodeIgniter\CodeIgniter->handleRequest(null, Object(Config\Cache), false)
 4 FCPATH\index.php(67): CodeIgniter\CodeIgniter->run()
WARNING - 2026-05-20 09:53:23 --> [DEPRECATED] Creation of dynamic property App\Controllers\Home::$Allsettingsmodel is deprecated in APPPATH\Controllers\Home.php on line 45.
 1 SYSTEMPATH\CodeIgniter.php(906): App\Controllers\Home->__construct()
 2 SYSTEMPATH\CodeIgniter.php(490): CodeIgniter\CodeIgniter->createController()
 3 SYSTEMPATH\CodeIgniter.php(368): CodeIgniter\CodeIgniter->handleRequest(null, Object(Config\Cache), false)
 4 FCPATH\index.php(67): CodeIgniter\CodeIgniter->run()
WARNING - 2026-05-20 09:53:26 --> [DEPRECATED] Creation of dynamic property App\Controllers\Home::$user_model is deprecated in APPPATH\Controllers\Home.php on line 35.
 1 SYSTEMPATH\CodeIgniter.php(906): App\Controllers\Home->__construct()
 2 SYSTEMPATH\CodeIgniter.php(490): CodeIgniter\CodeIgniter->createController()
 3 SYSTEMPATH\CodeIgniter.php(368): CodeIgniter\CodeIgniter->handleRequest(null, Object(Config\Cache), false)
 4 FCPATH\index.php(67): CodeIgniter\CodeIgniter->run()
WARNING - 2026-05-20 09:53:26 --> [DEPRECATED] Creation of dynamic property App\Controllers\Home::$BlogModel is deprecated in APPPATH\Controllers\Home.php on line 43.
 1 SYSTEMPATH\CodeIgniter.php(906): App\Controllers\Home->__construct()
 2 SYSTEMPATH\CodeIgniter.php(490): CodeIgniter\CodeIgniter->createController()
 3 SYSTEMPATH\CodeIgniter.php(368): CodeIgniter\CodeIgniter->handleRequest(null, Object(Config\Cache), false)
 4 FCPATH\index.php(67): CodeIgniter\CodeIgniter->run()
WARNING - 2026-05-20 09:53:26 --> [DEPRECATED] Creation of dynamic property App\Controllers\Home::$EnquiryModel is deprecated in APPPATH\Controllers\Home.php on line 44.
 1 SYSTEMPATH\CodeIgniter.php(906): App\Controllers\Home->__construct()
 2 SYSTEMPATH\CodeIgniter.php(490): CodeIgniter\CodeIgniter->createController()
 3 SYSTEMPATH\CodeIgniter.php(368): CodeIgniter\CodeIgniter->handleRequest(null, Object(Config\Cache), false)
 4 FCPATH\index.php(67): CodeIgniter\CodeIgniter->run()
WARNING - 2026-05-20 09:53:26 --> [DEPRECATED] Creation of dynamic property App\Controllers\Home::$Allsettingsmodel is deprecated in APPPATH\Controllers\Home.php on line 45.
 1 SYSTEMPATH\CodeIgniter.php(906): App\Controllers\Home->__construct()
 2 SYSTEMPATH\CodeIgniter.php(490): CodeIgniter\CodeIgniter->createController()
 3 SYSTEMPATH\CodeIgniter.php(368): CodeIgniter\CodeIgniter->handleRequest(null, Object(Config\Cache), false)
 4 FCPATH\index.php(67): CodeIgniter\CodeIgniter->run()
INFO - 2026-05-20 09:53:26 --> Session: Class initialized using 'CodeIgniter\Session\Handlers\FileHandler' driver.
INFO - 2026-05-20 09:53:29 --> Session: Class initialized using 'CodeIgniter\Session\Handlers\FileHandler' driver.
WARNING - 2026-05-20 09:53:29 --> [DEPRECATED] Creation of dynamic property App\Controllers\Home::$user_model is deprecated in APPPATH\Controllers\Home.php on line 35.
 1 SYSTEMPATH\CodeIgniter.php(906): App\Controllers\Home->__construct()
 2 SYSTEMPATH\CodeIgniter.php(490): CodeIgniter\CodeIgniter->createController()
 3 SYSTEMPATH\CodeIgniter.php(368): CodeIgniter\CodeIgniter->handleRequest(null, Object(Config\Cache), false)
 4 FCPATH\index.php(67): CodeIgniter\CodeIgniter->run()
WARNING - 2026-05-20 09:53:29 --> [DEPRECATED] Creation of dynamic property App\Controllers\Home::$BlogModel is deprecated in APPPATH\Controllers\Home.php on line 43.
 1 SYSTEMPATH\CodeIgniter.php(906): App\Controllers\Home->__construct()
 2 SYSTEMPATH\CodeIgniter.php(490): CodeIgniter\CodeIgniter->createController()
 3 SYSTEMPATH\CodeIgniter.php(368): CodeIgniter\CodeIgniter->handleRequest(null, Object(Config\Cache), false)
 4 FCPATH\index.php(67): CodeIgniter\CodeIgniter->run()
WARNING - 2026-05-20 09:53:29 --> [DEPRECATED] Creation of dynamic property App\Controllers\Home::$EnquiryModel is deprecated in APPPATH\Controllers\Home.php on line 44.
 1 SYSTEMPATH\CodeIgniter.php(906): App\Controllers\Home->__construct()
 2 SYSTEMPATH\CodeIgniter.php(490): CodeIgniter\CodeIgniter->createController()
 3 SYSTEMPATH\CodeIgniter.php(368): CodeIgniter\CodeIgniter->handleRequest(null, Object(Config\Cache), false)
 4 FCPATH\index.php(67): CodeIgniter\CodeIgniter->run()
WARNING - 2026-05-20 09:53:29 --> [DEPRECATED] Creation of dynamic property App\Controllers\Home::$Allsettingsmodel is deprecated in APPPATH\Controllers\Home.php on line 45.
 1 SYSTEMPATH\CodeIgniter.php(906): App\Controllers\Home->__construct()
 2 SYSTEMPATH\CodeIgniter.php(490): CodeIgniter\CodeIgniter->createController()
 3 SYSTEMPATH\CodeIgniter.php(368): CodeIgniter\CodeIgniter->handleRequest(null, Object(Config\Cache), false)
 4 FCPATH\index.php(67): CodeIgniter\CodeIgniter->run()
INFO - 2026-05-20 10:38:23 --> Session: Class initialized using 'CodeIgniter\Session\Handlers\FileHandler' driver.
INFO - 2026-05-20 10:38:23 --> Session: Class initialized using 'CodeIgniter\Session\Handlers\FileHandler' driver.
WARNING - 2026-05-20 10:38:24 --> [DEPRECATED] Creation of dynamic property App\Controllers\Home::$user_model is deprecated in APPPATH\Controllers\Home.php on line 35.
 1 SYSTEMPATH\CodeIgniter.php(906): App\Controllers\Home->__construct()
 2 SYSTEMPATH\CodeIgniter.php(490): CodeIgniter\CodeIgniter->createController()
 3 SYSTEMPATH\CodeIgniter.php(368): CodeIgniter\CodeIgniter->handleRequest(null, Object(Config\Cache), false)
 4 FCPATH\index.php(67): CodeIgniter\CodeIgniter->run()
WARNING - 2026-05-20 10:38:24 --> [DEPRECATED] Creation of dynamic property App\Controllers\Home::$BlogModel is deprecated in APPPATH\Controllers\Home.php on line 43.
 1 SYSTEMPATH\CodeIgniter.php(906): App\Controllers\Home->__construct()
 2 SYSTEMPATH\CodeIgniter.php(490): CodeIgniter\CodeIgniter->createController()
 3 SYSTEMPATH\CodeIgniter.php(368): CodeIgniter\CodeIgniter->handleRequest(null, Object(Config\Cache), false)
 4 FCPATH\index.php(67): CodeIgniter\CodeIgniter->run()
WARNING - 2026-05-20 10:38:24 --> [DEPRECATED] Creation of dynamic property App\Controllers\Home::$EnquiryModel is deprecated in APPPATH\Controllers\Home.php on line 44.
 1 SYSTEMPATH\CodeIgniter.php(906): App\Controllers\Home->__construct()
 2 SYSTEMPATH\CodeIgniter.php(490): CodeIgniter\CodeIgniter->createController()
 3 SYSTEMPATH\CodeIgniter.php(368): CodeIgniter\CodeIgniter->handleRequest(null, Object(Config\Cache), false)
 4 FCPATH\index.php(67): CodeIgniter\CodeIgniter->run()
WARNING - 2026-05-20 10:38:24 --> [DEPRECATED] Creation of dynamic property App\Controllers\Home::$Allsettingsmodel is deprecated in APPPATH\Controllers\Home.php on line 45.
 1 SYSTEMPATH\CodeIgniter.php(906): App\Controllers\Home->__construct()
 2 SYSTEMPATH\CodeIgniter.php(490): CodeIgniter\CodeIgniter->createController()
 3 SYSTEMPATH\CodeIgniter.php(368): CodeIgniter\CodeIgniter->handleRequest(null, Object(Config\Cache), false)
 4 FCPATH\index.php(67): CodeIgniter\CodeIgniter->run()
WARNING - 2026-05-20 10:38:27 --> [DEPRECATED] Creation of dynamic property App\Controllers\Home::$user_model is deprecated in APPPATH\Controllers\Home.php on line 35.
 1 SYSTEMPATH\CodeIgniter.php(906): App\Controllers\Home->__construct()
 2 SYSTEMPATH\CodeIgniter.php(490): CodeIgniter\CodeIgniter->createController()
 3 SYSTEMPATH\CodeIgniter.php(368): CodeIgniter\CodeIgniter->handleRequest(null, Object(Config\Cache), false)
 4 FCPATH\index.php(67): CodeIgniter\CodeIgniter->run()
WARNING - 2026-05-20 10:38:27 --> [DEPRECATED] Creation of dynamic property App\Controllers\Home::$BlogModel is deprecated in APPPATH\Controllers\Home.php on line 43.
 1 SYSTEMPATH\CodeIgniter.php(906): App\Controllers\Home->__construct()
 2 SYSTEMPATH\CodeIgniter.php(490): CodeIgniter\CodeIgniter->createController()
 3 SYSTEMPATH\CodeIgniter.php(368): CodeIgniter\CodeIgniter->handleRequest(null, Object(Config\Cache), false)
 4 FCPATH\index.php(67): CodeIgniter\CodeIgniter->run()
WARNING - 2026-05-20 10:38:27 --> [DEPRECATED] Creation of dynamic property App\Controllers\Home::$EnquiryModel is deprecated in APPPATH\Controllers\Home.php on line 44.
 1 SYSTEMPATH\CodeIgniter.php(906): App\Controllers\Home->__construct()
 2 SYSTEMPATH\CodeIgniter.php(490): CodeIgniter\CodeIgniter->createController()
 3 SYSTEMPATH\CodeIgniter.php(368): CodeIgniter\CodeIgniter->handleRequest(null, Object(Config\Cache), false)
 4 FCPATH\index.php(67): CodeIgniter\CodeIgniter->run()
WARNING - 2026-05-20 10:38:27 --> [DEPRECATED] Creation of dynamic property App\Controllers\Home::$Allsettingsmodel is deprecated in APPPATH\Controllers\Home.php on line 45.
 1 SYSTEMPATH\CodeIgniter.php(906): App\Controllers\Home->__construct()
 2 SYSTEMPATH\CodeIgniter.php(490): CodeIgniter\CodeIgniter->createController()
 3 SYSTEMPATH\CodeIgniter.php(368): CodeIgniter\CodeIgniter->handleRequest(null, Object(Config\Cache), false)
 4 FCPATH\index.php(67): CodeIgniter\CodeIgniter->run()
INFO - 2026-05-20 10:38:27 --> Session: Class initialized using 'CodeIgniter\Session\Handlers\FileHandler' driver.
INFO - 2026-05-20 10:38:30 --> Session: Class initialized using 'CodeIgniter\Session\Handlers\FileHandler' driver.
WARNING - 2026-05-20 10:38:30 --> [DEPRECATED] Creation of dynamic property App\Controllers\Home::$user_model is deprecated in APPPATH\Controllers\Home.php on line 35.
 1 SYSTEMPATH\CodeIgniter.php(906): App\Controllers\Home->__construct()
 2 SYSTEMPATH\CodeIgniter.php(490): CodeIgniter\CodeIgniter->createController()
 3 SYSTEMPATH\CodeIgniter.php(368): CodeIgniter\CodeIgniter->handleRequest(null, Object(Config\Cache), false)
 4 FCPATH\index.php(67): CodeIgniter\CodeIgniter->run()
WARNING - 2026-05-20 10:38:30 --> [DEPRECATED] Creation of dynamic property App\Controllers\Home::$BlogModel is deprecated in APPPATH\Controllers\Home.php on line 43.
 1 SYSTEMPATH\CodeIgniter.php(906): App\Controllers\Home->__construct()
 2 SYSTEMPATH\CodeIgniter.php(490): CodeIgniter\CodeIgniter->createController()
 3 SYSTEMPATH\CodeIgniter.php(368): CodeIgniter\CodeIgniter->handleRequest(null, Object(Config\Cache), false)
 4 FCPATH\index.php(67): CodeIgniter\CodeIgniter->run()
WARNING - 2026-05-20 10:38:30 --> [DEPRECATED] Creation of dynamic property App\Controllers\Home::$EnquiryModel is deprecated in APPPATH\Controllers\Home.php on line 44.
 1 SYSTEMPATH\CodeIgniter.php(906): App\Controllers\Home->__construct()
 2 SYSTEMPATH\CodeIgniter.php(490): CodeIgniter\CodeIgniter->createController()
 3 SYSTEMPATH\CodeIgniter.php(368): CodeIgniter\CodeIgniter->handleRequest(null, Object(Config\Cache), false)
 4 FCPATH\index.php(67): CodeIgniter\CodeIgniter->run()
WARNING - 2026-05-20 10:38:30 --> [DEPRECATED] Creation of dynamic property App\Controllers\Home::$Allsettingsmodel is deprecated in APPPATH\Controllers\Home.php on line 45.
 1 SYSTEMPATH\CodeIgniter.php(906): App\Controllers\Home->__construct()
 2 SYSTEMPATH\CodeIgniter.php(490): CodeIgniter\CodeIgniter->createController()
 3 SYSTEMPATH\CodeIgniter.php(368): CodeIgniter\CodeIgniter->handleRequest(null, Object(Config\Cache), false)
 4 FCPATH\index.php(67): CodeIgniter\CodeIgniter->run()
INFO - 2026-05-20 10:38:40 --> Session: Class initialized using 'CodeIgniter\Session\Handlers\FileHandler' driver.
WARNING - 2026-05-20 10:38:40 --> [DEPRECATED] Creation of dynamic property App\Controllers\Customers::$session is deprecated in APPPATH\Controllers\Customers.php on line 19.
 1 SYSTEMPATH\CodeIgniter.php(906): App\Controllers\Customers->__construct()
 2 SYSTEMPATH\CodeIgniter.php(490): CodeIgniter\CodeIgniter->createController()
 3 SYSTEMPATH\CodeIgniter.php(368): CodeIgniter\CodeIgniter->handleRequest(null, Object(Config\Cache), false)
 4 FCPATH\index.php(67): CodeIgniter\CodeIgniter->run()
WARNING - 2026-05-20 10:38:40 --> Session: Sessions is enabled, and one exists. Please don't $session->start();
WARNING - 2026-05-20 10:38:40 --> [DEPRECATED] Creation of dynamic property App\Controllers\Customers::$country is deprecated in APPPATH\Controllers\Customers.php on line 23.
 1 SYSTEMPATH\CodeIgniter.php(906): App\Controllers\Customers->__construct()
 2 SYSTEMPATH\CodeIgniter.php(490): CodeIgniter\CodeIgniter->createController()
 3 SYSTEMPATH\CodeIgniter.php(368): CodeIgniter\CodeIgniter->handleRequest(null, Object(Config\Cache), false)
 4 FCPATH\index.php(67): CodeIgniter\CodeIgniter->run()
WARNING - 2026-05-20 10:38:40 --> [DEPRECATED] Creation of dynamic property App\Controllers\Customers::$state is deprecated in APPPATH\Controllers\Customers.php on line 24.
 1 SYSTEMPATH\CodeIgniter.php(906): App\Controllers\Customers->__construct()
 2 SYSTEMPATH\CodeIgniter.php(490): CodeIgniter\CodeIgniter->createController()
 3 SYSTEMPATH\CodeIgniter.php(368): CodeIgniter\CodeIgniter->handleRequest(null, Object(Config\Cache), false)
 4 FCPATH\index.php(67): CodeIgniter\CodeIgniter->run()
WARNING - 2026-05-20 10:38:40 --> [DEPRECATED] Creation of dynamic property App\Controllers\Customers::$city is deprecated in APPPATH\Controllers\Customers.php on line 25.
 1 SYSTEMPATH\CodeIgniter.php(906): App\Controllers\Customers->__construct()
 2 SYSTEMPATH\CodeIgniter.php(490): CodeIgniter\CodeIgniter->createController()
 3 SYSTEMPATH\CodeIgniter.php(368): CodeIgniter\CodeIgniter->handleRequest(null, Object(Config\Cache), false)
 4 FCPATH\index.php(67): CodeIgniter\CodeIgniter->run()
WARNING - 2026-05-20 10:38:40 --> [DEPRECATED] Creation of dynamic property App\Controllers\Customers::$users is deprecated in APPPATH\Controllers\Customers.php on line 26.
 1 SYSTEMPATH\CodeIgniter.php(906): App\Controllers\Customers->__construct()
 2 SYSTEMPATH\CodeIgniter.php(490): CodeIgniter\CodeIgniter->createController()
 3 SYSTEMPATH\CodeIgniter.php(368): CodeIgniter\CodeIgniter->handleRequest(null, Object(Config\Cache), false)
 4 FCPATH\index.php(67): CodeIgniter\CodeIgniter->run()
WARNING - 2026-05-20 10:38:40 --> [DEPRECATED] Creation of dynamic property App\Controllers\Customers::$variation is deprecated in APPPATH\Controllers\Customers.php on line 27.
 1 SYSTEMPATH\CodeIgniter.php(906): App\Controllers\Customers->__construct()
 2 SYSTEMPATH\CodeIgniter.php(490): CodeIgniter\CodeIgniter->createController()
 3 SYSTEMPATH\CodeIgniter.php(368): CodeIgniter\CodeIgniter->handleRequest(null, Object(Config\Cache), false)
 4 FCPATH\index.php(67): CodeIgniter\CodeIgniter->run()
WARNING - 2026-05-20 10:38:40 --> [DEPRECATED] Creation of dynamic property App\Controllers\Customers::$variationtype is deprecated in APPPATH\Controllers\Customers.php on line 28.
 1 SYSTEMPATH\CodeIgniter.php(906): App\Controllers\Customers->__construct()
 2 SYSTEMPATH\CodeIgniter.php(490): CodeIgniter\CodeIgniter->createController()
 3 SYSTEMPATH\CodeIgniter.php(368): CodeIgniter\CodeIgniter->handleRequest(null, Object(Config\Cache), false)
 4 FCPATH\index.php(67): CodeIgniter\CodeIgniter->run()
WARNING - 2026-05-20 10:38:40 --> [DEPRECATED] Creation of dynamic property App\Controllers\Customers::$brand is deprecated in APPPATH\Controllers\Customers.php on line 29.
 1 SYSTEMPATH\CodeIgniter.php(906): App\Controllers\Customers->__construct()
 2 SYSTEMPATH\CodeIgniter.php(490): CodeIgniter\CodeIgniter->createController()
 3 SYSTEMPATH\CodeIgniter.php(368): CodeIgniter\CodeIgniter->handleRequest(null, Object(Config\Cache), false)
 4 FCPATH\index.php(67): CodeIgniter\CodeIgniter->run()
WARNING - 2026-05-20 10:38:40 --> [DEPRECATED] Creation of dynamic property App\Controllers\Customers::$User_shipping_addressmodel is deprecated in APPPATH\Controllers\Customers.php on line 30.
 1 SYSTEMPATH\CodeIgniter.php(906): App\Controllers\Customers->__construct()
 2 SYSTEMPATH\CodeIgniter.php(490): CodeIgniter\CodeIgniter->createController()
 3 SYSTEMPATH\CodeIgniter.php(368): CodeIgniter\CodeIgniter->handleRequest(null, Object(Config\Cache), false)
 4 FCPATH\index.php(67): CodeIgniter\CodeIgniter->run()
INFO - 2026-05-20 10:39:16 --> Session: Class initialized using 'CodeIgniter\Session\Handlers\FileHandler' driver.
WARNING - 2026-05-20 10:39:16 --> [DEPRECATED] Creation of dynamic property App\Controllers\Customers::$session is deprecated in APPPATH\Controllers\Customers.php on line 19.
 1 SYSTEMPATH\CodeIgniter.php(906): App\Controllers\Customers->__construct()
 2 SYSTEMPATH\CodeIgniter.php(490): CodeIgniter\CodeIgniter->createController()
 3 SYSTEMPATH\CodeIgniter.php(368): CodeIgniter\CodeIgniter->handleRequest(null, Object(Config\Cache), false)
 4 FCPATH\index.php(67): CodeIgniter\CodeIgniter->run()
WARNING - 2026-05-20 10:39:16 --> Session: Sessions is enabled, and one exists. Please don't $session->start();
WARNING - 2026-05-20 10:39:16 --> [DEPRECATED] Creation of dynamic property App\Controllers\Customers::$country is deprecated in APPPATH\Controllers\Customers.php on line 23.
 1 SYSTEMPATH\CodeIgniter.php(906): App\Controllers\Customers->__construct()
 2 SYSTEMPATH\CodeIgniter.php(490): CodeIgniter\CodeIgniter->createController()
 3 SYSTEMPATH\CodeIgniter.php(368): CodeIgniter\CodeIgniter->handleRequest(null, Object(Config\Cache), false)
 4 FCPATH\index.php(67): CodeIgniter\CodeIgniter->run()
WARNING - 2026-05-20 10:39:16 --> [DEPRECATED] Creation of dynamic property App\Controllers\Customers::$state is deprecated in APPPATH\Controllers\Customers.php on line 24.
 1 SYSTEMPATH\CodeIgniter.php(906): App\Controllers\Customers->__construct()
 2 SYSTEMPATH\CodeIgniter.php(490): CodeIgniter\CodeIgniter->createController()
 3 SYSTEMPATH\CodeIgniter.php(368): CodeIgniter\CodeIgniter->handleRequest(null, Object(Config\Cache), false)
 4 FCPATH\index.php(67): CodeIgniter\CodeIgniter->run()
WARNING - 2026-05-20 10:39:16 --> [DEPRECATED] Creation of dynamic property App\Controllers\Customers::$city is deprecated in APPPATH\Controllers\Customers.php on line 25.
 1 SYSTEMPATH\CodeIgniter.php(906): App\Controllers\Customers->__construct()
 2 SYSTEMPATH\CodeIgniter.php(490): CodeIgniter\CodeIgniter->createController()
 3 SYSTEMPATH\CodeIgniter.php(368): CodeIgniter\CodeIgniter->handleRequest(null, Object(Config\Cache), false)
 4 FCPATH\index.php(67): CodeIgniter\CodeIgniter->run()
WARNING - 2026-05-20 10:39:16 --> [DEPRECATED] Creation of dynamic property App\Controllers\Customers::$users is deprecated in APPPATH\Controllers\Customers.php on line 26.
 1 SYSTEMPATH\CodeIgniter.php(906): App\Controllers\Customers->__construct()
 2 SYSTEMPATH\CodeIgniter.php(490): CodeIgniter\CodeIgniter->createController()
 3 SYSTEMPATH\CodeIgniter.php(368): CodeIgniter\CodeIgniter->handleRequest(null, Object(Config\Cache), false)
 4 FCPATH\index.php(67): CodeIgniter\CodeIgniter->run()
WARNING - 2026-05-20 10:39:16 --> [DEPRECATED] Creation of dynamic property App\Controllers\Customers::$variation is deprecated in APPPATH\Controllers\Customers.php on line 27.
 1 SYSTEMPATH\CodeIgniter.php(906): App\Controllers\Customers->__construct()
 2 SYSTEMPATH\CodeIgniter.php(490): CodeIgniter\CodeIgniter->createController()
 3 SYSTEMPATH\CodeIgniter.php(368): CodeIgniter\CodeIgniter->handleRequest(null, Object(Config\Cache), false)
 4 FCPATH\index.php(67): CodeIgniter\CodeIgniter->run()
WARNING - 2026-05-20 10:39:16 --> [DEPRECATED] Creation of dynamic property App\Controllers\Customers::$variationtype is deprecated in APPPATH\Controllers\Customers.php on line 28.
 1 SYSTEMPATH\CodeIgniter.php(906): App\Controllers\Customers->__construct()
 2 SYSTEMPATH\CodeIgniter.php(490): CodeIgniter\CodeIgniter->createController()
 3 SYSTEMPATH\CodeIgniter.php(368): CodeIgniter\CodeIgniter->handleRequest(null, Object(Config\Cache), false)
 4 FCPATH\index.php(67): CodeIgniter\CodeIgniter->run()
WARNING - 2026-05-20 10:39:16 --> [DEPRECATED] Creation of dynamic property App\Controllers\Customers::$brand is deprecated in APPPATH\Controllers\Customers.php on line 29.
 1 SYSTEMPATH\CodeIgniter.php(906): App\Controllers\Customers->__construct()
 2 SYSTEMPATH\CodeIgniter.php(490): CodeIgniter\CodeIgniter->createController()
 3 SYSTEMPATH\CodeIgniter.php(368): CodeIgniter\CodeIgniter->handleRequest(null, Object(Config\Cache), false)
 4 FCPATH\index.php(67): CodeIgniter\CodeIgniter->run()
WARNING - 2026-05-20 10:39:16 --> [DEPRECATED] Creation of dynamic property App\Controllers\Customers::$User_shipping_addressmodel is deprecated in APPPATH\Controllers\Customers.php on line 30.
 1 SYSTEMPATH\CodeIgniter.php(906): App\Controllers\Customers->__construct()
 2 SYSTEMPATH\CodeIgniter.php(490): CodeIgniter\CodeIgniter->createController()
 3 SYSTEMPATH\CodeIgniter.php(368): CodeIgniter\CodeIgniter->handleRequest(null, Object(Config\Cache), false)
 4 FCPATH\index.php(67): CodeIgniter\CodeIgniter->run()
INFO - 2026-05-20 11:22:04 --> Session: Class initialized using 'CodeIgniter\Session\Handlers\FileHandler' driver.
INFO - 2026-05-20 11:22:05 --> Session: Class initialized using 'CodeIgniter\Session\Handlers\FileHandler' driver.
WARNING - 2026-05-20 11:22:05 --> [DEPRECATED] Creation of dynamic property App\Controllers\Home::$user_model is deprecated in APPPATH\Controllers\Home.php on line 35.
 1 SYSTEMPATH\CodeIgniter.php(906): App\Controllers\Home->__construct()
 2 SYSTEMPATH\CodeIgniter.php(490): CodeIgniter\CodeIgniter->createController()
 3 SYSTEMPATH\CodeIgniter.php(368): CodeIgniter\CodeIgniter->handleRequest(null, Object(Config\Cache), false)
 4 FCPATH\index.php(67): CodeIgniter\CodeIgniter->run()
WARNING - 2026-05-20 11:22:05 --> [DEPRECATED] Creation of dynamic property App\Controllers\Home::$BlogModel is deprecated in APPPATH\Controllers\Home.php on line 43.
 1 SYSTEMPATH\CodeIgniter.php(906): App\Controllers\Home->__construct()
 2 SYSTEMPATH\CodeIgniter.php(490): CodeIgniter\CodeIgniter->createController()
 3 SYSTEMPATH\CodeIgniter.php(368): CodeIgniter\CodeIgniter->handleRequest(null, Object(Config\Cache), false)
 4 FCPATH\index.php(67): CodeIgniter\CodeIgniter->run()
WARNING - 2026-05-20 11:22:05 --> [DEPRECATED] Creation of dynamic property App\Controllers\Home::$EnquiryModel is deprecated in APPPATH\Controllers\Home.php on line 44.
 1 SYSTEMPATH\CodeIgniter.php(906): App\Controllers\Home->__construct()
 2 SYSTEMPATH\CodeIgniter.php(490): CodeIgniter\CodeIgniter->createController()
 3 SYSTEMPATH\CodeIgniter.php(368): CodeIgniter\CodeIgniter->handleRequest(null, Object(Config\Cache), false)
 4 FCPATH\index.php(67): CodeIgniter\CodeIgniter->run()
WARNING - 2026-05-20 11:22:05 --> [DEPRECATED] Creation of dynamic property App\Controllers\Home::$Allsettingsmodel is deprecated in APPPATH\Controllers\Home.php on line 45.
 1 SYSTEMPATH\CodeIgniter.php(906): App\Controllers\Home->__construct()
 2 SYSTEMPATH\CodeIgniter.php(490): CodeIgniter\CodeIgniter->createController()
 3 SYSTEMPATH\CodeIgniter.php(368): CodeIgniter\CodeIgniter->handleRequest(null, Object(Config\Cache), false)
 4 FCPATH\index.php(67): CodeIgniter\CodeIgniter->run()
WARNING - 2026-05-20 11:22:09 --> [DEPRECATED] Creation of dynamic property App\Controllers\Home::$user_model is deprecated in APPPATH\Controllers\Home.php on line 35.
 1 SYSTEMPATH\CodeIgniter.php(906): App\Controllers\Home->__construct()
 2 SYSTEMPATH\CodeIgniter.php(490): CodeIgniter\CodeIgniter->createController()
 3 SYSTEMPATH\CodeIgniter.php(368): CodeIgniter\CodeIgniter->handleRequest(null, Object(Config\Cache), false)
 4 FCPATH\index.php(67): CodeIgniter\CodeIgniter->run()
WARNING - 2026-05-20 11:22:09 --> [DEPRECATED] Creation of dynamic property App\Controllers\Home::$BlogModel is deprecated in APPPATH\Controllers\Home.php on line 43.
 1 SYSTEMPATH\CodeIgniter.php(906): App\Controllers\Home->__construct()
 2 SYSTEMPATH\CodeIgniter.php(490): CodeIgniter\CodeIgniter->createController()
 3 SYSTEMPATH\CodeIgniter.php(368): CodeIgniter\CodeIgniter->handleRequest(null, Object(Config\Cache), false)
 4 FCPATH\index.php(67): CodeIgniter\CodeIgniter->run()
WARNING - 2026-05-20 11:22:09 --> [DEPRECATED] Creation of dynamic property App\Controllers\Home::$EnquiryModel is deprecated in APPPATH\Controllers\Home.php on line 44.
 1 SYSTEMPATH\CodeIgniter.php(906): App\Controllers\Home->__construct()
 2 SYSTEMPATH\CodeIgniter.php(490): CodeIgniter\CodeIgniter->createController()
 3 SYSTEMPATH\CodeIgniter.php(368): CodeIgniter\CodeIgniter->handleRequest(null, Object(Config\Cache), false)
 4 FCPATH\index.php(67): CodeIgniter\CodeIgniter->run()
WARNING - 2026-05-20 11:22:09 --> [DEPRECATED] Creation of dynamic property App\Controllers\Home::$Allsettingsmodel is deprecated in APPPATH\Controllers\Home.php on line 45.
 1 SYSTEMPATH\CodeIgniter.php(906): App\Controllers\Home->__construct()
 2 SYSTEMPATH\CodeIgniter.php(490): CodeIgniter\CodeIgniter->createController()
 3 SYSTEMPATH\CodeIgniter.php(368): CodeIgniter\CodeIgniter->handleRequest(null, Object(Config\Cache), false)
 4 FCPATH\index.php(67): CodeIgniter\CodeIgniter->run()
INFO - 2026-05-20 11:22:09 --> Session: Class initialized using 'CodeIgniter\Session\Handlers\FileHandler' driver.
INFO - 2026-05-20 11:22:12 --> Session: Class initialized using 'CodeIgniter\Session\Handlers\FileHandler' driver.
WARNING - 2026-05-20 11:22:12 --> [DEPRECATED] Creation of dynamic property App\Controllers\Home::$user_model is deprecated in APPPATH\Controllers\Home.php on line 35.
 1 SYSTEMPATH\CodeIgniter.php(906): App\Controllers\Home->__construct()
 2 SYSTEMPATH\CodeIgniter.php(490): CodeIgniter\CodeIgniter->createController()
 3 SYSTEMPATH\CodeIgniter.php(368): CodeIgniter\CodeIgniter->handleRequest(null, Object(Config\Cache), false)
 4 FCPATH\index.php(67): CodeIgniter\CodeIgniter->run()
WARNING - 2026-05-20 11:22:12 --> [DEPRECATED] Creation of dynamic property App\Controllers\Home::$BlogModel is deprecated in APPPATH\Controllers\Home.php on line 43.
 1 SYSTEMPATH\CodeIgniter.php(906): App\Controllers\Home->__construct()
 2 SYSTEMPATH\CodeIgniter.php(490): CodeIgniter\CodeIgniter->createController()
 3 SYSTEMPATH\CodeIgniter.php(368): CodeIgniter\CodeIgniter->handleRequest(null, Object(Config\Cache), false)
 4 FCPATH\index.php(67): CodeIgniter\CodeIgniter->run()
WARNING - 2026-05-20 11:22:12 --> [DEPRECATED] Creation of dynamic property App\Controllers\Home::$EnquiryModel is deprecated in APPPATH\Controllers\Home.php on line 44.
 1 SYSTEMPATH\CodeIgniter.php(906): App\Controllers\Home->__construct()
 2 SYSTEMPATH\CodeIgniter.php(490): CodeIgniter\CodeIgniter->createController()
 3 SYSTEMPATH\CodeIgniter.php(368): CodeIgniter\CodeIgniter->handleRequest(null, Object(Config\Cache), false)
 4 FCPATH\index.php(67): CodeIgniter\CodeIgniter->run()
WARNING - 2026-05-20 11:22:12 --> [DEPRECATED] Creation of dynamic property App\Controllers\Home::$Allsettingsmodel is deprecated in APPPATH\Controllers\Home.php on line 45.
 1 SYSTEMPATH\CodeIgniter.php(906): App\Controllers\Home->__construct()
 2 SYSTEMPATH\CodeIgniter.php(490): CodeIgniter\CodeIgniter->createController()
 3 SYSTEMPATH\CodeIgniter.php(368): CodeIgniter\CodeIgniter->handleRequest(null, Object(Config\Cache), false)
 4 FCPATH\index.php(67): CodeIgniter\CodeIgniter->run()
INFO - 2026-05-20 11:22:25 --> Session: Class initialized using 'CodeIgniter\Session\Handlers\FileHandler' driver.
WARNING - 2026-05-20 11:22:25 --> [DEPRECATED] Creation of dynamic property App\Controllers\Products::$session is deprecated in APPPATH\Controllers\Products.php on line 30.
 1 SYSTEMPATH\CodeIgniter.php(906): App\Controllers\Products->__construct()
 2 SYSTEMPATH\CodeIgniter.php(490): CodeIgniter\CodeIgniter->createController()
 3 SYSTEMPATH\CodeIgniter.php(368): CodeIgniter\CodeIgniter->handleRequest(null, Object(Config\Cache), false)
 4 FCPATH\index.php(67): CodeIgniter\CodeIgniter->run()
WARNING - 2026-05-20 11:22:25 --> Session: Sessions is enabled, and one exists. Please don't $session->start();
WARNING - 2026-05-20 11:22:25 --> [DEPRECATED] Creation of dynamic property App\Controllers\Products::$catagory is deprecated in APPPATH\Controllers\Products.php on line 33.
 1 SYSTEMPATH\CodeIgniter.php(906): App\Controllers\Products->__construct()
 2 SYSTEMPATH\CodeIgniter.php(490): CodeIgniter\CodeIgniter->createController()
 3 SYSTEMPATH\CodeIgniter.php(368): CodeIgniter\CodeIgniter->handleRequest(null, Object(Config\Cache), false)
 4 FCPATH\index.php(67): CodeIgniter\CodeIgniter->run()
WARNING - 2026-05-20 11:22:25 --> [DEPRECATED] Creation of dynamic property App\Controllers\Products::$variation is deprecated in APPPATH\Controllers\Products.php on line 34.
 1 SYSTEMPATH\CodeIgniter.php(906): App\Controllers\Products->__construct()
 2 SYSTEMPATH\CodeIgniter.php(490): CodeIgniter\CodeIgniter->createController()
 3 SYSTEMPATH\CodeIgniter.php(368): CodeIgniter\CodeIgniter->handleRequest(null, Object(Config\Cache), false)
 4 FCPATH\index.php(67): CodeIgniter\CodeIgniter->run()
WARNING - 2026-05-20 11:22:25 --> [DEPRECATED] Creation of dynamic property App\Controllers\Products::$variationtype is deprecated in APPPATH\Controllers\Products.php on line 35.
 1 SYSTEMPATH\CodeIgniter.php(906): App\Controllers\Products->__construct()
 2 SYSTEMPATH\CodeIgniter.php(490): CodeIgniter\CodeIgniter->createController()
 3 SYSTEMPATH\CodeIgniter.php(368): CodeIgniter\CodeIgniter->handleRequest(null, Object(Config\Cache), false)
 4 FCPATH\index.php(67): CodeIgniter\CodeIgniter->run()
WARNING - 2026-05-20 11:22:25 --> [DEPRECATED] Creation of dynamic property App\Controllers\Products::$subcategory is deprecated in APPPATH\Controllers\Products.php on line 36.
 1 SYSTEMPATH\CodeIgniter.php(906): App\Controllers\Products->__construct()
 2 SYSTEMPATH\CodeIgniter.php(490): CodeIgniter\CodeIgniter->createController()
 3 SYSTEMPATH\CodeIgniter.php(368): CodeIgniter\CodeIgniter->handleRequest(null, Object(Config\Cache), false)
 4 FCPATH\index.php(67): CodeIgniter\CodeIgniter->run()
WARNING - 2026-05-20 11:22:25 --> [DEPRECATED] Creation of dynamic property App\Controllers\Products::$product is deprecated in APPPATH\Controllers\Products.php on line 37.
 1 SYSTEMPATH\CodeIgniter.php(906): App\Controllers\Products->__construct()
 2 SYSTEMPATH\CodeIgniter.php(490): CodeIgniter\CodeIgniter->createController()
 3 SYSTEMPATH\CodeIgniter.php(368): CodeIgniter\CodeIgniter->handleRequest(null, Object(Config\Cache), false)
 4 FCPATH\index.php(67): CodeIgniter\CodeIgniter->run()
WARNING - 2026-05-20 11:22:25 --> [DEPRECATED] Creation of dynamic property App\Controllers\Products::$tags is deprecated in APPPATH\Controllers\Products.php on line 38.
 1 SYSTEMPATH\CodeIgniter.php(906): App\Controllers\Products->__construct()
 2 SYSTEMPATH\CodeIgniter.php(490): CodeIgniter\CodeIgniter->createController()
 3 SYSTEMPATH\CodeIgniter.php(368): CodeIgniter\CodeIgniter->handleRequest(null, Object(Config\Cache), false)
 4 FCPATH\index.php(67): CodeIgniter\CodeIgniter->run()
WARNING - 2026-05-20 11:22:25 --> [DEPRECATED] Creation of dynamic property App\Controllers\Products::$shippingmethod is deprecated in APPPATH\Controllers\Products.php on line 39.
 1 SYSTEMPATH\CodeIgniter.php(906): App\Controllers\Products->__construct()
 2 SYSTEMPATH\CodeIgniter.php(490): CodeIgniter\CodeIgniter->createController()
 3 SYSTEMPATH\CodeIgniter.php(368): CodeIgniter\CodeIgniter->handleRequest(null, Object(Config\Cache), false)
 4 FCPATH\index.php(67): CodeIgniter\CodeIgniter->run()
WARNING - 2026-05-20 11:22:25 --> [DEPRECATED] Creation of dynamic property App\Controllers\Products::$optionvalue is deprecated in APPPATH\Controllers\Products.php on line 40.
 1 SYSTEMPATH\CodeIgniter.php(906): App\Controllers\Products->__construct()
 2 SYSTEMPATH\CodeIgniter.php(490): CodeIgniter\CodeIgniter->createController()
 3 SYSTEMPATH\CodeIgniter.php(368): CodeIgniter\CodeIgniter->handleRequest(null, Object(Config\Cache), false)
 4 FCPATH\index.php(67): CodeIgniter\CodeIgniter->run()
WARNING - 2026-05-20 11:22:25 --> [DEPRECATED] Creation of dynamic property App\Controllers\Products::$brand is deprecated in APPPATH\Controllers\Products.php on line 41.
 1 SYSTEMPATH\CodeIgniter.php(906): App\Controllers\Products->__construct()
 2 SYSTEMPATH\CodeIgniter.php(490): CodeIgniter\CodeIgniter->createController()
 3 SYSTEMPATH\CodeIgniter.php(368): CodeIgniter\CodeIgniter->handleRequest(null, Object(Config\Cache), false)
 4 FCPATH\index.php(67): CodeIgniter\CodeIgniter->run()
WARNING - 2026-05-20 11:22:25 --> [DEPRECATED] Creation of dynamic property App\Controllers\Products::$Allsettings is deprecated in APPPATH\Controllers\Products.php on line 42.
 1 SYSTEMPATH\CodeIgniter.php(906): App\Controllers\Products->__construct()
 2 SYSTEMPATH\CodeIgniter.php(490): CodeIgniter\CodeIgniter->createController()
 3 SYSTEMPATH\CodeIgniter.php(368): CodeIgniter\CodeIgniter->handleRequest(null, Object(Config\Cache), false)
 4 FCPATH\index.php(67): CodeIgniter\CodeIgniter->run()
WARNING - 2026-05-20 11:22:25 --> [DEPRECATED] Creation of dynamic property App\Controllers\Products::$Orderitemmodel is deprecated in APPPATH\Controllers\Products.php on line 43.
 1 SYSTEMPATH\CodeIgniter.php(906): App\Controllers\Products->__construct()
 2 SYSTEMPATH\CodeIgniter.php(490): CodeIgniter\CodeIgniter->createController()
 3 SYSTEMPATH\CodeIgniter.php(368): CodeIgniter\CodeIgniter->handleRequest(null, Object(Config\Cache), false)
 4 FCPATH\index.php(67): CodeIgniter\CodeIgniter->run()
WARNING - 2026-05-20 11:22:25 --> [DEPRECATED] Creation of dynamic property App\Controllers\Products::$Ordermodel is deprecated in APPPATH\Controllers\Products.php on line 44.
 1 SYSTEMPATH\CodeIgniter.php(906): App\Controllers\Products->__construct()
 2 SYSTEMPATH\CodeIgniter.php(490): CodeIgniter\CodeIgniter->createController()
 3 SYSTEMPATH\CodeIgniter.php(368): CodeIgniter\CodeIgniter->handleRequest(null, Object(Config\Cache), false)
 4 FCPATH\index.php(67): CodeIgniter\CodeIgniter->run()
WARNING - 2026-05-20 11:22:25 --> [DEPRECATED] Creation of dynamic property App\Controllers\Products::$CartModel is deprecated in APPPATH\Controllers\Products.php on line 45.
 1 SYSTEMPATH\CodeIgniter.php(906): App\Controllers\Products->__construct()
 2 SYSTEMPATH\CodeIgniter.php(490): CodeIgniter\CodeIgniter->createController()
 3 SYSTEMPATH\CodeIgniter.php(368): CodeIgniter\CodeIgniter->handleRequest(null, Object(Config\Cache), false)
 4 FCPATH\index.php(67): CodeIgniter\CodeIgniter->run()
WARNING - 2026-05-20 11:22:25 --> [DEPRECATED] Creation of dynamic property App\Controllers\Products::$Reviewmodel is deprecated in APPPATH\Controllers\Products.php on line 46.
 1 SYSTEMPATH\CodeIgniter.php(906): App\Controllers\Products->__construct()
 2 SYSTEMPATH\CodeIgniter.php(490): CodeIgniter\CodeIgniter->createController()
 3 SYSTEMPATH\CodeIgniter.php(368): CodeIgniter\CodeIgniter->handleRequest(null, Object(Config\Cache), false)
 4 FCPATH\index.php(67): CodeIgniter\CodeIgniter->run()
WARNING - 2026-05-20 11:22:26 --> [DEPRECATED] Creation of dynamic property App\Controllers\Products::$TaxesclassModel is deprecated in APPPATH\Controllers\Products.php on line 47.
 1 SYSTEMPATH\CodeIgniter.php(906): App\Controllers\Products->__construct()
 2 SYSTEMPATH\CodeIgniter.php(490): CodeIgniter\CodeIgniter->createController()
 3 SYSTEMPATH\CodeIgniter.php(368): CodeIgniter\CodeIgniter->handleRequest(null, Object(Config\Cache), false)
 4 FCPATH\index.php(67): CodeIgniter\CodeIgniter->run()
WARNING - 2026-05-20 11:22:26 --> [DEPRECATED] Creation of dynamic property App\Controllers\Products::$cms is deprecated in APPPATH\Controllers\Products.php on line 48.
 1 SYSTEMPATH\CodeIgniter.php(906): App\Controllers\Products->__construct()
 2 SYSTEMPATH\CodeIgniter.php(490): CodeIgniter\CodeIgniter->createController()
 3 SYSTEMPATH\CodeIgniter.php(368): CodeIgniter\CodeIgniter->handleRequest(null, Object(Config\Cache), false)
 4 FCPATH\index.php(67): CodeIgniter\CodeIgniter->run()
INFO - 2026-05-20 11:23:32 --> Session: Class initialized using 'CodeIgniter\Session\Handlers\FileHandler' driver.
WARNING - 2026-05-20 11:23:32 --> [DEPRECATED] Creation of dynamic property App\Controllers\Products::$session is deprecated in APPPATH\Controllers\Products.php on line 30.
 1 SYSTEMPATH\CodeIgniter.php(906): App\Controllers\Products->__construct()
 2 SYSTEMPATH\CodeIgniter.php(490): CodeIgniter\CodeIgniter->createController()
 3 SYSTEMPATH\CodeIgniter.php(368): CodeIgniter\CodeIgniter->handleRequest(null, Object(Config\Cache), false)
 4 FCPATH\index.php(67): CodeIgniter\CodeIgniter->run()
WARNING - 2026-05-20 11:23:32 --> Session: Sessions is enabled, and one exists. Please don't $session->start();
WARNING - 2026-05-20 11:23:32 --> [DEPRECATED] Creation of dynamic property App\Controllers\Products::$catagory is deprecated in APPPATH\Controllers\Products.php on line 33.
 1 SYSTEMPATH\CodeIgniter.php(906): App\Controllers\Products->__construct()
 2 SYSTEMPATH\CodeIgniter.php(490): CodeIgniter\CodeIgniter->createController()
 3 SYSTEMPATH\CodeIgniter.php(368): CodeIgniter\CodeIgniter->handleRequest(null, Object(Config\Cache), false)
 4 FCPATH\index.php(67): CodeIgniter\CodeIgniter->run()
WARNING - 2026-05-20 11:23:32 --> [DEPRECATED] Creation of dynamic property App\Controllers\Products::$variation is deprecated in APPPATH\Controllers\Products.php on line 34.
 1 SYSTEMPATH\CodeIgniter.php(906): App\Controllers\Products->__construct()
 2 SYSTEMPATH\CodeIgniter.php(490): CodeIgniter\CodeIgniter->createController()
 3 SYSTEMPATH\CodeIgniter.php(368): CodeIgniter\CodeIgniter->handleRequest(null, Object(Config\Cache), false)
 4 FCPATH\index.php(67): CodeIgniter\CodeIgniter->run()
WARNING - 2026-05-20 11:23:32 --> [DEPRECATED] Creation of dynamic property App\Controllers\Products::$variationtype is deprecated in APPPATH\Controllers\Products.php on line 35.
 1 SYSTEMPATH\CodeIgniter.php(906): App\Controllers\Products->__construct()
 2 SYSTEMPATH\CodeIgniter.php(490): CodeIgniter\CodeIgniter->createController()
 3 SYSTEMPATH\CodeIgniter.php(368): CodeIgniter\CodeIgniter->handleRequest(null, Object(Config\Cache), false)
 4 FCPATH\index.php(67): CodeIgniter\CodeIgniter->run()
WARNING - 2026-05-20 11:23:32 --> [DEPRECATED] Creation of dynamic property App\Controllers\Products::$subcategory is deprecated in APPPATH\Controllers\Products.php on line 36.
 1 SYSTEMPATH\CodeIgniter.php(906): App\Controllers\Products->__construct()
 2 SYSTEMPATH\CodeIgniter.php(490): CodeIgniter\CodeIgniter->createController()
 3 SYSTEMPATH\CodeIgniter.php(368): CodeIgniter\CodeIgniter->handleRequest(null, Object(Config\Cache), false)
 4 FCPATH\index.php(67): CodeIgniter\CodeIgniter->run()
WARNING - 2026-05-20 11:23:32 --> [DEPRECATED] Creation of dynamic property App\Controllers\Products::$product is deprecated in APPPATH\Controllers\Products.php on line 37.
 1 SYSTEMPATH\CodeIgniter.php(906): App\Controllers\Products->__construct()
 2 SYSTEMPATH\CodeIgniter.php(490): CodeIgniter\CodeIgniter->createController()
 3 SYSTEMPATH\CodeIgniter.php(368): CodeIgniter\CodeIgniter->handleRequest(null, Object(Config\Cache), false)
 4 FCPATH\index.php(67): CodeIgniter\CodeIgniter->run()
WARNING - 2026-05-20 11:23:32 --> [DEPRECATED] Creation of dynamic property App\Controllers\Products::$tags is deprecated in APPPATH\Controllers\Products.php on line 38.
 1 SYSTEMPATH\CodeIgniter.php(906): App\Controllers\Products->__construct()
 2 SYSTEMPATH\CodeIgniter.php(490): CodeIgniter\CodeIgniter->createController()
 3 SYSTEMPATH\CodeIgniter.php(368): CodeIgniter\CodeIgniter->handleRequest(null, Object(Config\Cache), false)
 4 FCPATH\index.php(67): CodeIgniter\CodeIgniter->run()
WARNING - 2026-05-20 11:23:32 --> [DEPRECATED] Creation of dynamic property App\Controllers\Products::$shippingmethod is deprecated in APPPATH\Controllers\Products.php on line 39.
 1 SYSTEMPATH\CodeIgniter.php(906): App\Controllers\Products->__construct()
 2 SYSTEMPATH\CodeIgniter.php(490): CodeIgniter\CodeIgniter->createController()
 3 SYSTEMPATH\CodeIgniter.php(368): CodeIgniter\CodeIgniter->handleRequest(null, Object(Config\Cache), false)
 4 FCPATH\index.php(67): CodeIgniter\CodeIgniter->run()
WARNING - 2026-05-20 11:23:32 --> [DEPRECATED] Creation of dynamic property App\Controllers\Products::$optionvalue is deprecated in APPPATH\Controllers\Products.php on line 40.
 1 SYSTEMPATH\CodeIgniter.php(906): App\Controllers\Products->__construct()
 2 SYSTEMPATH\CodeIgniter.php(490): CodeIgniter\CodeIgniter->createController()
 3 SYSTEMPATH\CodeIgniter.php(368): CodeIgniter\CodeIgniter->handleRequest(null, Object(Config\Cache), false)
 4 FCPATH\index.php(67): CodeIgniter\CodeIgniter->run()
WARNING - 2026-05-20 11:23:32 --> [DEPRECATED] Creation of dynamic property App\Controllers\Products::$brand is deprecated in APPPATH\Controllers\Products.php on line 41.
 1 SYSTEMPATH\CodeIgniter.php(906): App\Controllers\Products->__construct()
 2 SYSTEMPATH\CodeIgniter.php(490): CodeIgniter\CodeIgniter->createController()
 3 SYSTEMPATH\CodeIgniter.php(368): CodeIgniter\CodeIgniter->handleRequest(null, Object(Config\Cache), false)
 4 FCPATH\index.php(67): CodeIgniter\CodeIgniter->run()
WARNING - 2026-05-20 11:23:32 --> [DEPRECATED] Creation of dynamic property App\Controllers\Products::$Allsettings is deprecated in APPPATH\Controllers\Products.php on line 42.
 1 SYSTEMPATH\CodeIgniter.php(906): App\Controllers\Products->__construct()
 2 SYSTEMPATH\CodeIgniter.php(490): CodeIgniter\CodeIgniter->createController()
 3 SYSTEMPATH\CodeIgniter.php(368): CodeIgniter\CodeIgniter->handleRequest(null, Object(Config\Cache), false)
 4 FCPATH\index.php(67): CodeIgniter\CodeIgniter->run()
WARNING - 2026-05-20 11:23:32 --> [DEPRECATED] Creation of dynamic property App\Controllers\Products::$Orderitemmodel is deprecated in APPPATH\Controllers\Products.php on line 43.
 1 SYSTEMPATH\CodeIgniter.php(906): App\Controllers\Products->__construct()
 2 SYSTEMPATH\CodeIgniter.php(490): CodeIgniter\CodeIgniter->createController()
 3 SYSTEMPATH\CodeIgniter.php(368): CodeIgniter\CodeIgniter->handleRequest(null, Object(Config\Cache), false)
 4 FCPATH\index.php(67): CodeIgniter\CodeIgniter->run()
WARNING - 2026-05-20 11:23:32 --> [DEPRECATED] Creation of dynamic property App\Controllers\Products::$Ordermodel is deprecated in APPPATH\Controllers\Products.php on line 44.
 1 SYSTEMPATH\CodeIgniter.php(906): App\Controllers\Products->__construct()
 2 SYSTEMPATH\CodeIgniter.php(490): CodeIgniter\CodeIgniter->createController()
 3 SYSTEMPATH\CodeIgniter.php(368): CodeIgniter\CodeIgniter->handleRequest(null, Object(Config\Cache), false)
 4 FCPATH\index.php(67): CodeIgniter\CodeIgniter->run()
WARNING - 2026-05-20 11:23:32 --> [DEPRECATED] Creation of dynamic property App\Controllers\Products::$CartModel is deprecated in APPPATH\Controllers\Products.php on line 45.
 1 SYSTEMPATH\CodeIgniter.php(906): App\Controllers\Products->__construct()
 2 SYSTEMPATH\CodeIgniter.php(490): CodeIgniter\CodeIgniter->createController()
 3 SYSTEMPATH\CodeIgniter.php(368): CodeIgniter\CodeIgniter->handleRequest(null, Object(Config\Cache), false)
 4 FCPATH\index.php(67): CodeIgniter\CodeIgniter->run()
WARNING - 2026-05-20 11:23:32 --> [DEPRECATED] Creation of dynamic property App\Controllers\Products::$Reviewmodel is deprecated in APPPATH\Controllers\Products.php on line 46.
 1 SYSTEMPATH\CodeIgniter.php(906): App\Controllers\Products->__construct()
 2 SYSTEMPATH\CodeIgniter.php(490): CodeIgniter\CodeIgniter->createController()
 3 SYSTEMPATH\CodeIgniter.php(368): CodeIgniter\CodeIgniter->handleRequest(null, Object(Config\Cache), false)
 4 FCPATH\index.php(67): CodeIgniter\CodeIgniter->run()
WARNING - 2026-05-20 11:23:32 --> [DEPRECATED] Creation of dynamic property App\Controllers\Products::$TaxesclassModel is deprecated in APPPATH\Controllers\Products.php on line 47.
 1 SYSTEMPATH\CodeIgniter.php(906): App\Controllers\Products->__construct()
 2 SYSTEMPATH\CodeIgniter.php(490): CodeIgniter\CodeIgniter->createController()
 3 SYSTEMPATH\CodeIgniter.php(368): CodeIgniter\CodeIgniter->handleRequest(null, Object(Config\Cache), false)
 4 FCPATH\index.php(67): CodeIgniter\CodeIgniter->run()
WARNING - 2026-05-20 11:23:32 --> [DEPRECATED] Creation of dynamic property App\Controllers\Products::$cms is deprecated in APPPATH\Controllers\Products.php on line 48.
 1 SYSTEMPATH\CodeIgniter.php(906): App\Controllers\Products->__construct()
 2 SYSTEMPATH\CodeIgniter.php(490): CodeIgniter\CodeIgniter->createController()
 3 SYSTEMPATH\CodeIgniter.php(368): CodeIgniter\CodeIgniter->handleRequest(null, Object(Config\Cache), false)
 4 FCPATH\index.php(67): CodeIgniter\CodeIgniter->run()
INFO - 2026-05-20 12:00:44 --> Session: Class initialized using 'CodeIgniter\Session\Handlers\FileHandler' driver.
INFO - 2026-05-20 12:00:44 --> Session: Class initialized using 'CodeIgniter\Session\Handlers\FileHandler' driver.
WARNING - 2026-05-20 12:00:44 --> [DEPRECATED] Creation of dynamic property App\Controllers\Home::$user_model is deprecated in APPPATH\Controllers\Home.php on line 35.
 1 SYSTEMPATH\CodeIgniter.php(906): App\Controllers\Home->__construct()
 2 SYSTEMPATH\CodeIgniter.php(490): CodeIgniter\CodeIgniter->createController()
 3 SYSTEMPATH\CodeIgniter.php(368): CodeIgniter\CodeIgniter->handleRequest(null, Object(Config\Cache), false)
 4 FCPATH\index.php(67): CodeIgniter\CodeIgniter->run()
WARNING - 2026-05-20 12:00:44 --> [DEPRECATED] Creation of dynamic property App\Controllers\Home::$BlogModel is deprecated in APPPATH\Controllers\Home.php on line 43.
 1 SYSTEMPATH\CodeIgniter.php(906): App\Controllers\Home->__construct()
 2 SYSTEMPATH\CodeIgniter.php(490): CodeIgniter\CodeIgniter->createController()
 3 SYSTEMPATH\CodeIgniter.php(368): CodeIgniter\CodeIgniter->handleRequest(null, Object(Config\Cache), false)
 4 FCPATH\index.php(67): CodeIgniter\CodeIgniter->run()
WARNING - 2026-05-20 12:00:44 --> [DEPRECATED] Creation of dynamic property App\Controllers\Home::$EnquiryModel is deprecated in APPPATH\Controllers\Home.php on line 44.
 1 SYSTEMPATH\CodeIgniter.php(906): App\Controllers\Home->__construct()
 2 SYSTEMPATH\CodeIgniter.php(490): CodeIgniter\CodeIgniter->createController()
 3 SYSTEMPATH\CodeIgniter.php(368): CodeIgniter\CodeIgniter->handleRequest(null, Object(Config\Cache), false)
 4 FCPATH\index.php(67): CodeIgniter\CodeIgniter->run()
WARNING - 2026-05-20 12:00:44 --> [DEPRECATED] Creation of dynamic property App\Controllers\Home::$Allsettingsmodel is deprecated in APPPATH\Controllers\Home.php on line 45.
 1 SYSTEMPATH\CodeIgniter.php(906): App\Controllers\Home->__construct()
 2 SYSTEMPATH\CodeIgniter.php(490): CodeIgniter\CodeIgniter->createController()
 3 SYSTEMPATH\CodeIgniter.php(368): CodeIgniter\CodeIgniter->handleRequest(null, Object(Config\Cache), false)
 4 FCPATH\index.php(67): CodeIgniter\CodeIgniter->run()
INFO - 2026-05-20 12:02:56 --> Session: Class initialized using 'CodeIgniter\Session\Handlers\FileHandler' driver.
INFO - 2026-05-20 12:02:56 --> Session: Class initialized using 'CodeIgniter\Session\Handlers\FileHandler' driver.
INFO - 2026-05-20 12:02:57 --> Session: Class initialized using 'CodeIgniter\Session\Handlers\FileHandler' driver.
WARNING - 2026-05-20 12:02:57 --> [DEPRECATED] Creation of dynamic property App\Controllers\Home::$user_model is deprecated in APPPATH\Controllers\Home.php on line 35.
 1 SYSTEMPATH\CodeIgniter.php(906): App\Controllers\Home->__construct()
 2 SYSTEMPATH\CodeIgniter.php(490): CodeIgniter\CodeIgniter->createController()
 3 SYSTEMPATH\CodeIgniter.php(368): CodeIgniter\CodeIgniter->handleRequest(null, Object(Config\Cache), false)
 4 FCPATH\index.php(67): CodeIgniter\CodeIgniter->run()
WARNING - 2026-05-20 12:02:57 --> [DEPRECATED] Creation of dynamic property App\Controllers\Home::$BlogModel is deprecated in APPPATH\Controllers\Home.php on line 43.
 1 SYSTEMPATH\CodeIgniter.php(906): App\Controllers\Home->__construct()
 2 SYSTEMPATH\CodeIgniter.php(490): CodeIgniter\CodeIgniter->createController()
 3 SYSTEMPATH\CodeIgniter.php(368): CodeIgniter\CodeIgniter->handleRequest(null, Object(Config\Cache), false)
 4 FCPATH\index.php(67): CodeIgniter\CodeIgniter->run()
WARNING - 2026-05-20 12:02:57 --> [DEPRECATED] Creation of dynamic property App\Controllers\Home::$EnquiryModel is deprecated in APPPATH\Controllers\Home.php on line 44.
 1 SYSTEMPATH\CodeIgniter.php(906): App\Controllers\Home->__construct()
 2 SYSTEMPATH\CodeIgniter.php(490): CodeIgniter\CodeIgniter->createController()
 3 SYSTEMPATH\CodeIgniter.php(368): CodeIgniter\CodeIgniter->handleRequest(null, Object(Config\Cache), false)
 4 FCPATH\index.php(67): CodeIgniter\CodeIgniter->run()
WARNING - 2026-05-20 12:02:57 --> [DEPRECATED] Creation of dynamic property App\Controllers\Home::$Allsettingsmodel is deprecated in APPPATH\Controllers\Home.php on line 45.
 1 SYSTEMPATH\CodeIgniter.php(906): App\Controllers\Home->__construct()
 2 SYSTEMPATH\CodeIgniter.php(490): CodeIgniter\CodeIgniter->createController()
 3 SYSTEMPATH\CodeIgniter.php(368): CodeIgniter\CodeIgniter->handleRequest(null, Object(Config\Cache), false)
 4 FCPATH\index.php(67): CodeIgniter\CodeIgniter->run()
INFO - 2026-05-20 12:02:57 --> Session: Class initialized using 'CodeIgniter\Session\Handlers\FileHandler' driver.
WARNING - 2026-05-20 12:02:57 --> [DEPRECATED] Creation of dynamic property App\Controllers\Home::$user_model is deprecated in APPPATH\Controllers\Home.php on line 35.
 1 SYSTEMPATH\CodeIgniter.php(906): App\Controllers\Home->__construct()
 2 SYSTEMPATH\CodeIgniter.php(490): CodeIgniter\CodeIgniter->createController()
 3 SYSTEMPATH\CodeIgniter.php(368): CodeIgniter\CodeIgniter->handleRequest(null, Object(Config\Cache), false)
 4 FCPATH\index.php(67): CodeIgniter\CodeIgniter->run()
WARNING - 2026-05-20 12:02:57 --> [DEPRECATED] Creation of dynamic property App\Controllers\Home::$BlogModel is deprecated in APPPATH\Controllers\Home.php on line 43.
 1 SYSTEMPATH\CodeIgniter.php(906): App\Controllers\Home->__construct()
 2 SYSTEMPATH\CodeIgniter.php(490): CodeIgniter\CodeIgniter->createController()
 3 SYSTEMPATH\CodeIgniter.php(368): CodeIgniter\CodeIgniter->handleRequest(null, Object(Config\Cache), false)
 4 FCPATH\index.php(67): CodeIgniter\CodeIgniter->run()
WARNING - 2026-05-20 12:02:57 --> [DEPRECATED] Creation of dynamic property App\Controllers\Home::$EnquiryModel is deprecated in APPPATH\Controllers\Home.php on line 44.
 1 SYSTEMPATH\CodeIgniter.php(906): App\Controllers\Home->__construct()
 2 SYSTEMPATH\CodeIgniter.php(490): CodeIgniter\CodeIgniter->createController()
 3 SYSTEMPATH\CodeIgniter.php(368): CodeIgniter\CodeIgniter->handleRequest(null, Object(Config\Cache), false)
 4 FCPATH\index.php(67): CodeIgniter\CodeIgniter->run()
WARNING - 2026-05-20 12:02:57 --> [DEPRECATED] Creation of dynamic property App\Controllers\Home::$Allsettingsmodel is deprecated in APPPATH\Controllers\Home.php on line 45.
 1 SYSTEMPATH\CodeIgniter.php(906): App\Controllers\Home->__construct()
 2 SYSTEMPATH\CodeIgniter.php(490): CodeIgniter\CodeIgniter->createController()
 3 SYSTEMPATH\CodeIgniter.php(368): CodeIgniter\CodeIgniter->handleRequest(null, Object(Config\Cache), false)
 4 FCPATH\index.php(67): CodeIgniter\CodeIgniter->run()
INFO - 2026-05-20 12:03:09 --> Session: Class initialized using 'CodeIgniter\Session\Handlers\FileHandler' driver.
INFO - 2026-05-20 12:03:09 --> Session: Class initialized using 'CodeIgniter\Session\Handlers\FileHandler' driver.
INFO - 2026-05-20 12:03:10 --> Session: Class initialized using 'CodeIgniter\Session\Handlers\FileHandler' driver.
WARNING - 2026-05-20 12:03:10 --> [DEPRECATED] Creation of dynamic property App\Controllers\Home::$user_model is deprecated in APPPATH\Controllers\Home.php on line 35.
 1 SYSTEMPATH\CodeIgniter.php(906): App\Controllers\Home->__construct()
 2 SYSTEMPATH\CodeIgniter.php(490): CodeIgniter\CodeIgniter->createController()
 3 SYSTEMPATH\CodeIgniter.php(368): CodeIgniter\CodeIgniter->handleRequest(null, Object(Config\Cache), false)
 4 FCPATH\index.php(67): CodeIgniter\CodeIgniter->run()
WARNING - 2026-05-20 12:03:10 --> [DEPRECATED] Creation of dynamic property App\Controllers\Home::$BlogModel is deprecated in APPPATH\Controllers\Home.php on line 43.
 1 SYSTEMPATH\CodeIgniter.php(906): App\Controllers\Home->__construct()
 2 SYSTEMPATH\CodeIgniter.php(490): CodeIgniter\CodeIgniter->createController()
 3 SYSTEMPATH\CodeIgniter.php(368): CodeIgniter\CodeIgniter->handleRequest(null, Object(Config\Cache), false)
 4 FCPATH\index.php(67): CodeIgniter\CodeIgniter->run()
WARNING - 2026-05-20 12:03:10 --> [DEPRECATED] Creation of dynamic property App\Controllers\Home::$EnquiryModel is deprecated in APPPATH\Controllers\Home.php on line 44.
 1 SYSTEMPATH\CodeIgniter.php(906): App\Controllers\Home->__construct()
 2 SYSTEMPATH\CodeIgniter.php(490): CodeIgniter\CodeIgniter->createController()
 3 SYSTEMPATH\CodeIgniter.php(368): CodeIgniter\CodeIgniter->handleRequest(null, Object(Config\Cache), false)
 4 FCPATH\index.php(67): CodeIgniter\CodeIgniter->run()
WARNING - 2026-05-20 12:03:10 --> [DEPRECATED] Creation of dynamic property App\Controllers\Home::$Allsettingsmodel is deprecated in APPPATH\Controllers\Home.php on line 45.
 1 SYSTEMPATH\CodeIgniter.php(906): App\Controllers\Home->__construct()
 2 SYSTEMPATH\CodeIgniter.php(490): CodeIgniter\CodeIgniter->createController()
 3 SYSTEMPATH\CodeIgniter.php(368): CodeIgniter\CodeIgniter->handleRequest(null, Object(Config\Cache), false)
 4 FCPATH\index.php(67): CodeIgniter\CodeIgniter->run()
INFO - 2026-05-20 12:03:10 --> Session: Class initialized using 'CodeIgniter\Session\Handlers\FileHandler' driver.
WARNING - 2026-05-20 12:03:10 --> [DEPRECATED] Creation of dynamic property App\Controllers\Home::$user_model is deprecated in APPPATH\Controllers\Home.php on line 35.
 1 SYSTEMPATH\CodeIgniter.php(906): App\Controllers\Home->__construct()
 2 SYSTEMPATH\CodeIgniter.php(490): CodeIgniter\CodeIgniter->createController()
 3 SYSTEMPATH\CodeIgniter.php(368): CodeIgniter\CodeIgniter->handleRequest(null, Object(Config\Cache), false)
 4 FCPATH\index.php(67): CodeIgniter\CodeIgniter->run()
WARNING - 2026-05-20 12:03:10 --> [DEPRECATED] Creation of dynamic property App\Controllers\Home::$BlogModel is deprecated in APPPATH\Controllers\Home.php on line 43.
 1 SYSTEMPATH\CodeIgniter.php(906): App\Controllers\Home->__construct()
 2 SYSTEMPATH\CodeIgniter.php(490): CodeIgniter\CodeIgniter->createController()
 3 SYSTEMPATH\CodeIgniter.php(368): CodeIgniter\CodeIgniter->handleRequest(null, Object(Config\Cache), false)
 4 FCPATH\index.php(67): CodeIgniter\CodeIgniter->run()
WARNING - 2026-05-20 12:03:10 --> [DEPRECATED] Creation of dynamic property App\Controllers\Home::$EnquiryModel is deprecated in APPPATH\Controllers\Home.php on line 44.
 1 SYSTEMPATH\CodeIgniter.php(906): App\Controllers\Home->__construct()
 2 SYSTEMPATH\CodeIgniter.php(490): CodeIgniter\CodeIgniter->createController()
 3 SYSTEMPATH\CodeIgniter.php(368): CodeIgniter\CodeIgniter->handleRequest(null, Object(Config\Cache), false)
 4 FCPATH\index.php(67): CodeIgniter\CodeIgniter->run()
WARNING - 2026-05-20 12:03:10 --> [DEPRECATED] Creation of dynamic property App\Controllers\Home::$Allsettingsmodel is deprecated in APPPATH\Controllers\Home.php on line 45.
 1 SYSTEMPATH\CodeIgniter.php(906): App\Controllers\Home->__construct()
 2 SYSTEMPATH\CodeIgniter.php(490): CodeIgniter\CodeIgniter->createController()
 3 SYSTEMPATH\CodeIgniter.php(368): CodeIgniter\CodeIgniter->handleRequest(null, Object(Config\Cache), false)
 4 FCPATH\index.php(67): CodeIgniter\CodeIgniter->run()
INFO - 2026-05-20 12:03:15 --> Session: Class initialized using 'CodeIgniter\Session\Handlers\FileHandler' driver.
INFO - 2026-05-20 12:03:16 --> Session: Class initialized using 'CodeIgniter\Session\Handlers\FileHandler' driver.
WARNING - 2026-05-20 12:03:16 --> [DEPRECATED] Creation of dynamic property App\Controllers\Home::$user_model is deprecated in APPPATH\Controllers\Home.php on line 35.
 1 SYSTEMPATH\CodeIgniter.php(906): App\Controllers\Home->__construct()
 2 SYSTEMPATH\CodeIgniter.php(490): CodeIgniter\CodeIgniter->createController()
 3 SYSTEMPATH\CodeIgniter.php(368): CodeIgniter\CodeIgniter->handleRequest(null, Object(Config\Cache), false)
 4 FCPATH\index.php(67): CodeIgniter\CodeIgniter->run()
WARNING - 2026-05-20 12:03:16 --> [DEPRECATED] Creation of dynamic property App\Controllers\Home::$BlogModel is deprecated in APPPATH\Controllers\Home.php on line 43.
 1 SYSTEMPATH\CodeIgniter.php(906): App\Controllers\Home->__construct()
 2 SYSTEMPATH\CodeIgniter.php(490): CodeIgniter\CodeIgniter->createController()
 3 SYSTEMPATH\CodeIgniter.php(368): CodeIgniter\CodeIgniter->handleRequest(null, Object(Config\Cache), false)
 4 FCPATH\index.php(67): CodeIgniter\CodeIgniter->run()
WARNING - 2026-05-20 12:03:16 --> [DEPRECATED] Creation of dynamic property App\Controllers\Home::$EnquiryModel is deprecated in APPPATH\Controllers\Home.php on line 44.
 1 SYSTEMPATH\CodeIgniter.php(906): App\Controllers\Home->__construct()
 2 SYSTEMPATH\CodeIgniter.php(490): CodeIgniter\CodeIgniter->createController()
 3 SYSTEMPATH\CodeIgniter.php(368): CodeIgniter\CodeIgniter->handleRequest(null, Object(Config\Cache), false)
 4 FCPATH\index.php(67): CodeIgniter\CodeIgniter->run()
WARNING - 2026-05-20 12:03:16 --> [DEPRECATED] Creation of dynamic property App\Controllers\Home::$Allsettingsmodel is deprecated in APPPATH\Controllers\Home.php on line 45.
 1 SYSTEMPATH\CodeIgniter.php(906): App\Controllers\Home->__construct()
 2 SYSTEMPATH\CodeIgniter.php(490): CodeIgniter\CodeIgniter->createController()
 3 SYSTEMPATH\CodeIgniter.php(368): CodeIgniter\CodeIgniter->handleRequest(null, Object(Config\Cache), false)
 4 FCPATH\index.php(67): CodeIgniter\CodeIgniter->run()
WARNING - 2026-05-20 12:03:19 --> [DEPRECATED] Creation of dynamic property App\Controllers\Home::$user_model is deprecated in APPPATH\Controllers\Home.php on line 35.
 1 SYSTEMPATH\CodeIgniter.php(906): App\Controllers\Home->__construct()
 2 SYSTEMPATH\CodeIgniter.php(490): CodeIgniter\CodeIgniter->createController()
 3 SYSTEMPATH\CodeIgniter.php(368): CodeIgniter\CodeIgniter->handleRequest(null, Object(Config\Cache), false)
 4 FCPATH\index.php(67): CodeIgniter\CodeIgniter->run()
WARNING - 2026-05-20 12:03:19 --> [DEPRECATED] Creation of dynamic property App\Controllers\Home::$BlogModel is deprecated in APPPATH\Controllers\Home.php on line 43.
 1 SYSTEMPATH\CodeIgniter.php(906): App\Controllers\Home->__construct()
 2 SYSTEMPATH\CodeIgniter.php(490): CodeIgniter\CodeIgniter->createController()
 3 SYSTEMPATH\CodeIgniter.php(368): CodeIgniter\CodeIgniter->handleRequest(null, Object(Config\Cache), false)
 4 FCPATH\index.php(67): CodeIgniter\CodeIgniter->run()
WARNING - 2026-05-20 12:03:19 --> [DEPRECATED] Creation of dynamic property App\Controllers\Home::$EnquiryModel is deprecated in APPPATH\Controllers\Home.php on line 44.
 1 SYSTEMPATH\CodeIgniter.php(906): App\Controllers\Home->__construct()
 2 SYSTEMPATH\CodeIgniter.php(490): CodeIgniter\CodeIgniter->createController()
 3 SYSTEMPATH\CodeIgniter.php(368): CodeIgniter\CodeIgniter->handleRequest(null, Object(Config\Cache), false)
 4 FCPATH\index.php(67): CodeIgniter\CodeIgniter->run()
WARNING - 2026-05-20 12:03:19 --> [DEPRECATED] Creation of dynamic property App\Controllers\Home::$Allsettingsmodel is deprecated in APPPATH\Controllers\Home.php on line 45.
 1 SYSTEMPATH\CodeIgniter.php(906): App\Controllers\Home->__construct()
 2 SYSTEMPATH\CodeIgniter.php(490): CodeIgniter\CodeIgniter->createController()
 3 SYSTEMPATH\CodeIgniter.php(368): CodeIgniter\CodeIgniter->handleRequest(null, Object(Config\Cache), false)
 4 FCPATH\index.php(67): CodeIgniter\CodeIgniter->run()
INFO - 2026-05-20 12:03:19 --> Session: Class initialized using 'CodeIgniter\Session\Handlers\FileHandler' driver.
INFO - 2026-05-20 12:03:22 --> Session: Class initialized using 'CodeIgniter\Session\Handlers\FileHandler' driver.
WARNING - 2026-05-20 12:03:22 --> [DEPRECATED] Creation of dynamic property App\Controllers\Home::$user_model is deprecated in APPPATH\Controllers\Home.php on line 35.
 1 SYSTEMPATH\CodeIgniter.php(906): App\Controllers\Home->__construct()
 2 SYSTEMPATH\CodeIgniter.php(490): CodeIgniter\CodeIgniter->createController()
 3 SYSTEMPATH\CodeIgniter.php(368): CodeIgniter\CodeIgniter->handleRequest(null, Object(Config\Cache), false)
 4 FCPATH\index.php(67): CodeIgniter\CodeIgniter->run()
WARNING - 2026-05-20 12:03:22 --> [DEPRECATED] Creation of dynamic property App\Controllers\Home::$BlogModel is deprecated in APPPATH\Controllers\Home.php on line 43.
 1 SYSTEMPATH\CodeIgniter.php(906): App\Controllers\Home->__construct()
 2 SYSTEMPATH\CodeIgniter.php(490): CodeIgniter\CodeIgniter->createController()
 3 SYSTEMPATH\CodeIgniter.php(368): CodeIgniter\CodeIgniter->handleRequest(null, Object(Config\Cache), false)
 4 FCPATH\index.php(67): CodeIgniter\CodeIgniter->run()
WARNING - 2026-05-20 12:03:22 --> [DEPRECATED] Creation of dynamic property App\Controllers\Home::$EnquiryModel is deprecated in APPPATH\Controllers\Home.php on line 44.
 1 SYSTEMPATH\CodeIgniter.php(906): App\Controllers\Home->__construct()
 2 SYSTEMPATH\CodeIgniter.php(490): CodeIgniter\CodeIgniter->createController()
 3 SYSTEMPATH\CodeIgniter.php(368): CodeIgniter\CodeIgniter->handleRequest(null, Object(Config\Cache), false)
 4 FCPATH\index.php(67): CodeIgniter\CodeIgniter->run()
WARNING - 2026-05-20 12:03:22 --> [DEPRECATED] Creation of dynamic property App\Controllers\Home::$Allsettingsmodel is deprecated in APPPATH\Controllers\Home.php on line 45.
 1 SYSTEMPATH\CodeIgniter.php(906): App\Controllers\Home->__construct()
 2 SYSTEMPATH\CodeIgniter.php(490): CodeIgniter\CodeIgniter->createController()
 3 SYSTEMPATH\CodeIgniter.php(368): CodeIgniter\CodeIgniter->handleRequest(null, Object(Config\Cache), false)
 4 FCPATH\index.php(67): CodeIgniter\CodeIgniter->run()
INFO - 2026-05-20 12:03:28 --> Session: Class initialized using 'CodeIgniter\Session\Handlers\FileHandler' driver.
WARNING - 2026-05-20 12:03:28 --> [DEPRECATED] Creation of dynamic property App\Controllers\Products::$session is deprecated in APPPATH\Controllers\Products.php on line 30.
 1 SYSTEMPATH\CodeIgniter.php(906): App\Controllers\Products->__construct()
 2 SYSTEMPATH\CodeIgniter.php(490): CodeIgniter\CodeIgniter->createController()
 3 SYSTEMPATH\CodeIgniter.php(368): CodeIgniter\CodeIgniter->handleRequest(null, Object(Config\Cache), false)
 4 FCPATH\index.php(67): CodeIgniter\CodeIgniter->run()
WARNING - 2026-05-20 12:03:28 --> Session: Sessions is enabled, and one exists. Please don't $session->start();
WARNING - 2026-05-20 12:03:28 --> [DEPRECATED] Creation of dynamic property App\Controllers\Products::$catagory is deprecated in APPPATH\Controllers\Products.php on line 33.
 1 SYSTEMPATH\CodeIgniter.php(906): App\Controllers\Products->__construct()
 2 SYSTEMPATH\CodeIgniter.php(490): CodeIgniter\CodeIgniter->createController()
 3 SYSTEMPATH\CodeIgniter.php(368): CodeIgniter\CodeIgniter->handleRequest(null, Object(Config\Cache), false)
 4 FCPATH\index.php(67): CodeIgniter\CodeIgniter->run()
WARNING - 2026-05-20 12:03:28 --> [DEPRECATED] Creation of dynamic property App\Controllers\Products::$variation is deprecated in APPPATH\Controllers\Products.php on line 34.
 1 SYSTEMPATH\CodeIgniter.php(906): App\Controllers\Products->__construct()
 2 SYSTEMPATH\CodeIgniter.php(490): CodeIgniter\CodeIgniter->createController()
 3 SYSTEMPATH\CodeIgniter.php(368): CodeIgniter\CodeIgniter->handleRequest(null, Object(Config\Cache), false)
 4 FCPATH\index.php(67): CodeIgniter\CodeIgniter->run()
WARNING - 2026-05-20 12:03:28 --> [DEPRECATED] Creation of dynamic property App\Controllers\Products::$variationtype is deprecated in APPPATH\Controllers\Products.php on line 35.
 1 SYSTEMPATH\CodeIgniter.php(906): App\Controllers\Products->__construct()
 2 SYSTEMPATH\CodeIgniter.php(490): CodeIgniter\CodeIgniter->createController()
 3 SYSTEMPATH\CodeIgniter.php(368): CodeIgniter\CodeIgniter->handleRequest(null, Object(Config\Cache), false)
 4 FCPATH\index.php(67): CodeIgniter\CodeIgniter->run()
WARNING - 2026-05-20 12:03:28 --> [DEPRECATED] Creation of dynamic property App\Controllers\Products::$subcategory is deprecated in APPPATH\Controllers\Products.php on line 36.
 1 SYSTEMPATH\CodeIgniter.php(906): App\Controllers\Products->__construct()
 2 SYSTEMPATH\CodeIgniter.php(490): CodeIgniter\CodeIgniter->createController()
 3 SYSTEMPATH\CodeIgniter.php(368): CodeIgniter\CodeIgniter->handleRequest(null, Object(Config\Cache), false)
 4 FCPATH\index.php(67): CodeIgniter\CodeIgniter->run()
WARNING - 2026-05-20 12:03:28 --> [DEPRECATED] Creation of dynamic property App\Controllers\Products::$product is deprecated in APPPATH\Controllers\Products.php on line 37.
 1 SYSTEMPATH\CodeIgniter.php(906): App\Controllers\Products->__construct()
 2 SYSTEMPATH\CodeIgniter.php(490): CodeIgniter\CodeIgniter->createController()
 3 SYSTEMPATH\CodeIgniter.php(368): CodeIgniter\CodeIgniter->handleRequest(null, Object(Config\Cache), false)
 4 FCPATH\index.php(67): CodeIgniter\CodeIgniter->run()
WARNING - 2026-05-20 12:03:28 --> [DEPRECATED] Creation of dynamic property App\Controllers\Products::$tags is deprecated in APPPATH\Controllers\Products.php on line 38.
 1 SYSTEMPATH\CodeIgniter.php(906): App\Controllers\Products->__construct()
 2 SYSTEMPATH\CodeIgniter.php(490): CodeIgniter\CodeIgniter->createController()
 3 SYSTEMPATH\CodeIgniter.php(368): CodeIgniter\CodeIgniter->handleRequest(null, Object(Config\Cache), false)
 4 FCPATH\index.php(67): CodeIgniter\CodeIgniter->run()
WARNING - 2026-05-20 12:03:28 --> [DEPRECATED] Creation of dynamic property App\Controllers\Products::$shippingmethod is deprecated in APPPATH\Controllers\Products.php on line 39.
 1 SYSTEMPATH\CodeIgniter.php(906): App\Controllers\Products->__construct()
 2 SYSTEMPATH\CodeIgniter.php(490): CodeIgniter\CodeIgniter->createController()
 3 SYSTEMPATH\CodeIgniter.php(368): CodeIgniter\CodeIgniter->handleRequest(null, Object(Config\Cache), false)
 4 FCPATH\index.php(67): CodeIgniter\CodeIgniter->run()
WARNING - 2026-05-20 12:03:28 --> [DEPRECATED] Creation of dynamic property App\Controllers\Products::$optionvalue is deprecated in APPPATH\Controllers\Products.php on line 40.
 1 SYSTEMPATH\CodeIgniter.php(906): App\Controllers\Products->__construct()
 2 SYSTEMPATH\CodeIgniter.php(490): CodeIgniter\CodeIgniter->createController()
 3 SYSTEMPATH\CodeIgniter.php(368): CodeIgniter\CodeIgniter->handleRequest(null, Object(Config\Cache), false)
 4 FCPATH\index.php(67): CodeIgniter\CodeIgniter->run()
WARNING - 2026-05-20 12:03:28 --> [DEPRECATED] Creation of dynamic property App\Controllers\Products::$brand is deprecated in APPPATH\Controllers\Products.php on line 41.
 1 SYSTEMPATH\CodeIgniter.php(906): App\Controllers\Products->__construct()
 2 SYSTEMPATH\CodeIgniter.php(490): CodeIgniter\CodeIgniter->createController()
 3 SYSTEMPATH\CodeIgniter.php(368): CodeIgniter\CodeIgniter->handleRequest(null, Object(Config\Cache), false)
 4 FCPATH\index.php(67): CodeIgniter\CodeIgniter->run()
WARNING - 2026-05-20 12:03:28 --> [DEPRECATED] Creation of dynamic property App\Controllers\Products::$Allsettings is deprecated in APPPATH\Controllers\Products.php on line 42.
 1 SYSTEMPATH\CodeIgniter.php(906): App\Controllers\Products->__construct()
 2 SYSTEMPATH\CodeIgniter.php(490): CodeIgniter\CodeIgniter->createController()
 3 SYSTEMPATH\CodeIgniter.php(368): CodeIgniter\CodeIgniter->handleRequest(null, Object(Config\Cache), false)
 4 FCPATH\index.php(67): CodeIgniter\CodeIgniter->run()
WARNING - 2026-05-20 12:03:28 --> [DEPRECATED] Creation of dynamic property App\Controllers\Products::$Orderitemmodel is deprecated in APPPATH\Controllers\Products.php on line 43.
 1 SYSTEMPATH\CodeIgniter.php(906): App\Controllers\Products->__construct()
 2 SYSTEMPATH\CodeIgniter.php(490): CodeIgniter\CodeIgniter->createController()
 3 SYSTEMPATH\CodeIgniter.php(368): CodeIgniter\CodeIgniter->handleRequest(null, Object(Config\Cache), false)
 4 FCPATH\index.php(67): CodeIgniter\CodeIgniter->run()
WARNING - 2026-05-20 12:03:28 --> [DEPRECATED] Creation of dynamic property App\Controllers\Products::$Ordermodel is deprecated in APPPATH\Controllers\Products.php on line 44.
 1 SYSTEMPATH\CodeIgniter.php(906): App\Controllers\Products->__construct()
 2 SYSTEMPATH\CodeIgniter.php(490): CodeIgniter\CodeIgniter->createController()
 3 SYSTEMPATH\CodeIgniter.php(368): CodeIgniter\CodeIgniter->handleRequest(null, Object(Config\Cache), false)
 4 FCPATH\index.php(67): CodeIgniter\CodeIgniter->run()
WARNING - 2026-05-20 12:03:28 --> [DEPRECATED] Creation of dynamic property App\Controllers\Products::$CartModel is deprecated in APPPATH\Controllers\Products.php on line 45.
 1 SYSTEMPATH\CodeIgniter.php(906): App\Controllers\Products->__construct()
 2 SYSTEMPATH\CodeIgniter.php(490): CodeIgniter\CodeIgniter->createController()
 3 SYSTEMPATH\CodeIgniter.php(368): CodeIgniter\CodeIgniter->handleRequest(null, Object(Config\Cache), false)
 4 FCPATH\index.php(67): CodeIgniter\CodeIgniter->run()
WARNING - 2026-05-20 12:03:28 --> [DEPRECATED] Creation of dynamic property App\Controllers\Products::$Reviewmodel is deprecated in APPPATH\Controllers\Products.php on line 46.
 1 SYSTEMPATH\CodeIgniter.php(906): App\Controllers\Products->__construct()
 2 SYSTEMPATH\CodeIgniter.php(490): CodeIgniter\CodeIgniter->createController()
 3 SYSTEMPATH\CodeIgniter.php(368): CodeIgniter\CodeIgniter->handleRequest(null, Object(Config\Cache), false)
 4 FCPATH\index.php(67): CodeIgniter\CodeIgniter->run()
WARNING - 2026-05-20 12:03:28 --> [DEPRECATED] Creation of dynamic property App\Controllers\Products::$TaxesclassModel is deprecated in APPPATH\Controllers\Products.php on line 47.
 1 SYSTEMPATH\CodeIgniter.php(906): App\Controllers\Products->__construct()
 2 SYSTEMPATH\CodeIgniter.php(490): CodeIgniter\CodeIgniter->createController()
 3 SYSTEMPATH\CodeIgniter.php(368): CodeIgniter\CodeIgniter->handleRequest(null, Object(Config\Cache), false)
 4 FCPATH\index.php(67): CodeIgniter\CodeIgniter->run()
WARNING - 2026-05-20 12:03:28 --> [DEPRECATED] Creation of dynamic property App\Controllers\Products::$cms is deprecated in APPPATH\Controllers\Products.php on line 48.
 1 SYSTEMPATH\CodeIgniter.php(906): App\Controllers\Products->__construct()
 2 SYSTEMPATH\CodeIgniter.php(490): CodeIgniter\CodeIgniter->createController()
 3 SYSTEMPATH\CodeIgniter.php(368): CodeIgniter\CodeIgniter->handleRequest(null, Object(Config\Cache), false)
 4 FCPATH\index.php(67): CodeIgniter\CodeIgniter->run()
ERROR - 2026-05-20 12:03:28 --> mysqli_sql_exception: Column 'SubCategoryID' cannot be null in C:\xampp\htdocs\ecom-nw\admin\system\Database\MySQLi\Connection.php:295
Stack trace:
#0 C:\xampp\htdocs\ecom-nw\admin\system\Database\MySQLi\Connection.php(295): mysqli->query('INSERT INTO `pr...', 0)
#1 C:\xampp\htdocs\ecom-nw\admin\system\Database\BaseConnection.php(692): CodeIgniter\Database\MySQLi\Connection->execute('INSERT INTO `pr...')
#2 C:\xampp\htdocs\ecom-nw\admin\system\Database\BaseConnection.php(606): CodeIgniter\Database\BaseConnection->simpleQuery('INSERT INTO `pr...')
#3 C:\xampp\htdocs\ecom-nw\admin\system\Database\BaseBuilder.php(2309): CodeIgniter\Database\BaseConnection->query('INSERT INTO `pr...', Array, false)
#4 C:\xampp\htdocs\ecom-nw\admin\system\Model.php(330): CodeIgniter\Database\BaseBuilder->insert()
#5 C:\xampp\htdocs\ecom-nw\admin\system\BaseModel.php(782): CodeIgniter\Model->doInsert(Array)
#6 C:\xampp\htdocs\ecom-nw\admin\system\Model.php(730): CodeIgniter\BaseModel->insert(Array, true)
#7 C:\xampp\htdocs\ecom-nw\admin\app\Controllers\Products.php(496): CodeIgniter\Model->insert(Array)
#8 C:\xampp\htdocs\ecom-nw\admin\system\CodeIgniter.php(934): App\Controllers\Products->save_product()
#9 C:\xampp\htdocs\ecom-nw\admin\system\CodeIgniter.php(499): CodeIgniter\CodeIgniter->runController(Object(App\Controllers\Products))
#10 C:\xampp\htdocs\ecom-nw\admin\system\CodeIgniter.php(368): CodeIgniter\CodeIgniter->handleRequest(NULL, Object(Config\Cache), false)
#11 C:\xampp\htdocs\ecom-nw\admin\index.php(67): CodeIgniter\CodeIgniter->run()
#12 {main}
CRITICAL - 2026-05-20 12:03:28 --> Column 'SubCategoryID' cannot be null
in SYSTEMPATH\Database\MySQLi\Connection.php on line 295.
 1 SYSTEMPATH\Database\MySQLi\Connection.php(295): mysqli->query('INSERT INTO `products` (`ProductSKU`, `CategoryID`, `SubCategoryID`, `BrandID`, `TagID`, `ProductName`, `ProductPrice`, `ProductShortDesc`, `ProductLongDesc`, `ProductImage`, `Stock_Status`, `product_weight`, `product_dimensions`, `ProductStock`, `ProductType`, `ShippingID`, `Sale_ProductPrice`, `is_taxable`, `tax_class_id`, `slug`) VALUES (\'123456\', \'29\', NULL, \'1\', \'[\\"4\\"]\', \'LOIS CARON Elegant Series two tone gold plated Square Quartz For /Boys Wrist Analog Watch  - For Men LCS-8567\', \'2000\', \'LOIS CARON Elegant Series two tone gold plated Square Quartz For /Boys Wrist Analog Watch  - For Men LCS-8567\', NULL, \'[\\"1779278608_5ddf446fcd44f3a245ab.jpg\\"]\', \'1\', NULL, NULL, \'50\', \'1\', \'8\', \'333\', \'0\', NULL, \'LOIS-CARON-Elegant-Series-two-tone-gold-plated-Square-Quartz-For-/Boys-Wrist-Analog-Watch----For-Men-LCS-8567\')', 0)
 2 SYSTEMPATH\Database\BaseConnection.php(692): CodeIgniter\Database\MySQLi\Connection->execute('INSERT INTO `products` (`ProductSKU`, `CategoryID`, `SubCategoryID`, `BrandID`, `TagID`, `ProductName`, `ProductPrice`, `ProductShortDesc`, `ProductLongDesc`, `ProductImage`, `Stock_Status`, `product_weight`, `product_dimensions`, `ProductStock`, `ProductType`, `ShippingID`, `Sale_ProductPrice`, `is_taxable`, `tax_class_id`, `slug`) VALUES (\'123456\', \'29\', NULL, \'1\', \'[\\"4\\"]\', \'LOIS CARON Elegant Series two tone gold plated Square Quartz For /Boys Wrist Analog Watch  - For Men LCS-8567\', \'2000\', \'LOIS CARON Elegant Series two tone gold plated Square Quartz For /Boys Wrist Analog Watch  - For Men LCS-8567\', NULL, \'[\\"1779278608_5ddf446fcd44f3a245ab.jpg\\"]\', \'1\', NULL, NULL, \'50\', \'1\', \'8\', \'333\', \'0\', NULL, \'LOIS-CARON-Elegant-Series-two-tone-gold-plated-Square-Quartz-For-/Boys-Wrist-Analog-Watch----For-Men-LCS-8567\')')
 3 SYSTEMPATH\Database\BaseConnection.php(606): CodeIgniter\Database\BaseConnection->simpleQuery('INSERT INTO `products` (`ProductSKU`, `CategoryID`, `SubCategoryID`, `BrandID`, `TagID`, `ProductName`, `ProductPrice`, `ProductShortDesc`, `ProductLongDesc`, `ProductImage`, `Stock_Status`, `product_weight`, `product_dimensions`, `ProductStock`, `ProductType`, `ShippingID`, `Sale_ProductPrice`, `is_taxable`, `tax_class_id`, `slug`) VALUES (\'123456\', \'29\', NULL, \'1\', \'[\\"4\\"]\', \'LOIS CARON Elegant Series two tone gold plated Square Quartz For /Boys Wrist Analog Watch  - For Men LCS-8567\', \'2000\', \'LOIS CARON Elegant Series two tone gold plated Square Quartz For /Boys Wrist Analog Watch  - For Men LCS-8567\', NULL, \'[\\"1779278608_5ddf446fcd44f3a245ab.jpg\\"]\', \'1\', NULL, NULL, \'50\', \'1\', \'8\', \'333\', \'0\', NULL, \'LOIS-CARON-Elegant-Series-two-tone-gold-plated-Square-Quartz-For-/Boys-Wrist-Analog-Watch----For-Men-LCS-8567\')')
 4 SYSTEMPATH\Database\BaseBuilder.php(2309): CodeIgniter\Database\BaseConnection->query('INSERT INTO `products` (`ProductSKU`, `CategoryID`, `SubCategoryID`, `BrandID`, `TagID`, `ProductName`, `ProductPrice`, `ProductShortDesc`, `ProductLongDesc`, `ProductImage`, `Stock_Status`, `product_weight`, `product_dimensions`, `ProductStock`, `ProductType`, `ShippingID`, `Sale_ProductPrice`, `is_taxable`, `tax_class_id`, `slug`) VALUES (:ProductSKU:, :CategoryID:, :SubCategoryID:, :BrandID:, :TagID:, :ProductName:, :ProductPrice:, :ProductShortDesc:, :ProductLongDesc:, :ProductImage:, :Stock_Status:, :product_weight:, :product_dimensions:, :ProductStock:, :ProductType:, :ShippingID:, :Sale_ProductPrice:, :is_taxable:, :tax_class_id:, :slug:)', [...], false)
 5 SYSTEMPATH\Model.php(330): CodeIgniter\Database\BaseBuilder->insert()
 6 SYSTEMPATH\BaseModel.php(782): CodeIgniter\Model->doInsert([...])
 7 SYSTEMPATH\Model.php(730): CodeIgniter\BaseModel->insert([...], true)
 8 APPPATH\Controllers\Products.php(496): CodeIgniter\Model->insert([...])
 9 SYSTEMPATH\CodeIgniter.php(934): App\Controllers\Products->save_product()
10 SYSTEMPATH\CodeIgniter.php(499): CodeIgniter\CodeIgniter->runController(Object(App\Controllers\Products))
11 SYSTEMPATH\CodeIgniter.php(368): CodeIgniter\CodeIgniter->handleRequest(null, Object(Config\Cache), false)
12 FCPATH\index.php(67): CodeIgniter\CodeIgniter->run()
INFO - 2026-05-20 12:03:28 --> Session: Class initialized using 'CodeIgniter\Session\Handlers\FileHandler' driver.
WARNING - 2026-05-20 12:03:28 --> [DEPRECATED] Creation of dynamic property App\Controllers\Products::$session is deprecated in APPPATH\Controllers\Products.php on line 30.
 1 SYSTEMPATH\CodeIgniter.php(906): App\Controllers\Products->__construct()
 2 SYSTEMPATH\CodeIgniter.php(490): CodeIgniter\CodeIgniter->createController()
 3 SYSTEMPATH\CodeIgniter.php(368): CodeIgniter\CodeIgniter->handleRequest(null, Object(Config\Cache), false)
 4 FCPATH\index.php(67): CodeIgniter\CodeIgniter->run()
WARNING - 2026-05-20 12:03:28 --> Session: Sessions is enabled, and one exists. Please don't $session->start();
WARNING - 2026-05-20 12:03:28 --> [DEPRECATED] Creation of dynamic property App\Controllers\Products::$catagory is deprecated in APPPATH\Controllers\Products.php on line 33.
 1 SYSTEMPATH\CodeIgniter.php(906): App\Controllers\Products->__construct()
 2 SYSTEMPATH\CodeIgniter.php(490): CodeIgniter\CodeIgniter->createController()
 3 SYSTEMPATH\CodeIgniter.php(368): CodeIgniter\CodeIgniter->handleRequest(null, Object(Config\Cache), false)
 4 FCPATH\index.php(67): CodeIgniter\CodeIgniter->run()
WARNING - 2026-05-20 12:03:28 --> [DEPRECATED] Creation of dynamic property App\Controllers\Products::$variation is deprecated in APPPATH\Controllers\Products.php on line 34.
 1 SYSTEMPATH\CodeIgniter.php(906): App\Controllers\Products->__construct()
 2 SYSTEMPATH\CodeIgniter.php(490): CodeIgniter\CodeIgniter->createController()
 3 SYSTEMPATH\CodeIgniter.php(368): CodeIgniter\CodeIgniter->handleRequest(null, Object(Config\Cache), false)
 4 FCPATH\index.php(67): CodeIgniter\CodeIgniter->run()
WARNING - 2026-05-20 12:03:28 --> [DEPRECATED] Creation of dynamic property App\Controllers\Products::$variationtype is deprecated in APPPATH\Controllers\Products.php on line 35.
 1 SYSTEMPATH\CodeIgniter.php(906): App\Controllers\Products->__construct()
 2 SYSTEMPATH\CodeIgniter.php(490): CodeIgniter\CodeIgniter->createController()
 3 SYSTEMPATH\CodeIgniter.php(368): CodeIgniter\CodeIgniter->handleRequest(null, Object(Config\Cache), false)
 4 FCPATH\index.php(67): CodeIgniter\CodeIgniter->run()
WARNING - 2026-05-20 12:03:28 --> [DEPRECATED] Creation of dynamic property App\Controllers\Products::$subcategory is deprecated in APPPATH\Controllers\Products.php on line 36.
 1 SYSTEMPATH\CodeIgniter.php(906): App\Controllers\Products->__construct()
 2 SYSTEMPATH\CodeIgniter.php(490): CodeIgniter\CodeIgniter->createController()
 3 SYSTEMPATH\CodeIgniter.php(368): CodeIgniter\CodeIgniter->handleRequest(null, Object(Config\Cache), false)
 4 FCPATH\index.php(67): CodeIgniter\CodeIgniter->run()
WARNING - 2026-05-20 12:03:28 --> [DEPRECATED] Creation of dynamic property App\Controllers\Products::$product is deprecated in APPPATH\Controllers\Products.php on line 37.
 1 SYSTEMPATH\CodeIgniter.php(906): App\Controllers\Products->__construct()
 2 SYSTEMPATH\CodeIgniter.php(490): CodeIgniter\CodeIgniter->createController()
 3 SYSTEMPATH\CodeIgniter.php(368): CodeIgniter\CodeIgniter->handleRequest(null, Object(Config\Cache), false)
 4 FCPATH\index.php(67): CodeIgniter\CodeIgniter->run()
WARNING - 2026-05-20 12:03:28 --> [DEPRECATED] Creation of dynamic property App\Controllers\Products::$tags is deprecated in APPPATH\Controllers\Products.php on line 38.
 1 SYSTEMPATH\CodeIgniter.php(906): App\Controllers\Products->__construct()
 2 SYSTEMPATH\CodeIgniter.php(490): CodeIgniter\CodeIgniter->createController()
 3 SYSTEMPATH\CodeIgniter.php(368): CodeIgniter\CodeIgniter->handleRequest(null, Object(Config\Cache), false)
 4 FCPATH\index.php(67): CodeIgniter\CodeIgniter->run()
WARNING - 2026-05-20 12:03:28 --> [DEPRECATED] Creation of dynamic property App\Controllers\Products::$shippingmethod is deprecated in APPPATH\Controllers\Products.php on line 39.
 1 SYSTEMPATH\CodeIgniter.php(906): App\Controllers\Products->__construct()
 2 SYSTEMPATH\CodeIgniter.php(490): CodeIgniter\CodeIgniter->createController()
 3 SYSTEMPATH\CodeIgniter.php(368): CodeIgniter\CodeIgniter->handleRequest(null, Object(Config\Cache), false)
 4 FCPATH\index.php(67): CodeIgniter\CodeIgniter->run()
WARNING - 2026-05-20 12:03:28 --> [DEPRECATED] Creation of dynamic property App\Controllers\Products::$optionvalue is deprecated in APPPATH\Controllers\Products.php on line 40.
 1 SYSTEMPATH\CodeIgniter.php(906): App\Controllers\Products->__construct()
 2 SYSTEMPATH\CodeIgniter.php(490): CodeIgniter\CodeIgniter->createController()
 3 SYSTEMPATH\CodeIgniter.php(368): CodeIgniter\CodeIgniter->handleRequest(null, Object(Config\Cache), false)
 4 FCPATH\index.php(67): CodeIgniter\CodeIgniter->run()
WARNING - 2026-05-20 12:03:28 --> [DEPRECATED] Creation of dynamic property App\Controllers\Products::$brand is deprecated in APPPATH\Controllers\Products.php on line 41.
 1 SYSTEMPATH\CodeIgniter.php(906): App\Controllers\Products->__construct()
 2 SYSTEMPATH\CodeIgniter.php(490): CodeIgniter\CodeIgniter->createController()
 3 SYSTEMPATH\CodeIgniter.php(368): CodeIgniter\CodeIgniter->handleRequest(null, Object(Config\Cache), false)
 4 FCPATH\index.php(67): CodeIgniter\CodeIgniter->run()
WARNING - 2026-05-20 12:03:28 --> [DEPRECATED] Creation of dynamic property App\Controllers\Products::$Allsettings is deprecated in APPPATH\Controllers\Products.php on line 42.
 1 SYSTEMPATH\CodeIgniter.php(906): App\Controllers\Products->__construct()
 2 SYSTEMPATH\CodeIgniter.php(490): CodeIgniter\CodeIgniter->createController()
 3 SYSTEMPATH\CodeIgniter.php(368): CodeIgniter\CodeIgniter->handleRequest(null, Object(Config\Cache), false)
 4 FCPATH\index.php(67): CodeIgniter\CodeIgniter->run()
WARNING - 2026-05-20 12:03:28 --> [DEPRECATED] Creation of dynamic property App\Controllers\Products::$Orderitemmodel is deprecated in APPPATH\Controllers\Products.php on line 43.
 1 SYSTEMPATH\CodeIgniter.php(906): App\Controllers\Products->__construct()
 2 SYSTEMPATH\CodeIgniter.php(490): CodeIgniter\CodeIgniter->createController()
 3 SYSTEMPATH\CodeIgniter.php(368): CodeIgniter\CodeIgniter->handleRequest(null, Object(Config\Cache), false)
 4 FCPATH\index.php(67): CodeIgniter\CodeIgniter->run()
WARNING - 2026-05-20 12:03:28 --> [DEPRECATED] Creation of dynamic property App\Controllers\Products::$Ordermodel is deprecated in APPPATH\Controllers\Products.php on line 44.
 1 SYSTEMPATH\CodeIgniter.php(906): App\Controllers\Products->__construct()
 2 SYSTEMPATH\CodeIgniter.php(490): CodeIgniter\CodeIgniter->createController()
 3 SYSTEMPATH\CodeIgniter.php(368): CodeIgniter\CodeIgniter->handleRequest(null, Object(Config\Cache), false)
 4 FCPATH\index.php(67): CodeIgniter\CodeIgniter->run()
WARNING - 2026-05-20 12:03:28 --> [DEPRECATED] Creation of dynamic property App\Controllers\Products::$CartModel is deprecated in APPPATH\Controllers\Products.php on line 45.
 1 SYSTEMPATH\CodeIgniter.php(906): App\Controllers\Products->__construct()
 2 SYSTEMPATH\CodeIgniter.php(490): CodeIgniter\CodeIgniter->createController()
 3 SYSTEMPATH\CodeIgniter.php(368): CodeIgniter\CodeIgniter->handleRequest(null, Object(Config\Cache), false)
 4 FCPATH\index.php(67): CodeIgniter\CodeIgniter->run()
WARNING - 2026-05-20 12:03:28 --> [DEPRECATED] Creation of dynamic property App\Controllers\Products::$Reviewmodel is deprecated in APPPATH\Controllers\Products.php on line 46.
 1 SYSTEMPATH\CodeIgniter.php(906): App\Controllers\Products->__construct()
 2 SYSTEMPATH\CodeIgniter.php(490): CodeIgniter\CodeIgniter->createController()
 3 SYSTEMPATH\CodeIgniter.php(368): CodeIgniter\CodeIgniter->handleRequest(null, Object(Config\Cache), false)
 4 FCPATH\index.php(67): CodeIgniter\CodeIgniter->run()
WARNING - 2026-05-20 12:03:28 --> [DEPRECATED] Creation of dynamic property App\Controllers\Products::$TaxesclassModel is deprecated in APPPATH\Controllers\Products.php on line 47.
 1 SYSTEMPATH\CodeIgniter.php(906): App\Controllers\Products->__construct()
 2 SYSTEMPATH\CodeIgniter.php(490): CodeIgniter\CodeIgniter->createController()
 3 SYSTEMPATH\CodeIgniter.php(368): CodeIgniter\CodeIgniter->handleRequest(null, Object(Config\Cache), false)
 4 FCPATH\index.php(67): CodeIgniter\CodeIgniter->run()
WARNING - 2026-05-20 12:03:28 --> [DEPRECATED] Creation of dynamic property App\Controllers\Products::$cms is deprecated in APPPATH\Controllers\Products.php on line 48.
 1 SYSTEMPATH\CodeIgniter.php(906): App\Controllers\Products->__construct()
 2 SYSTEMPATH\CodeIgniter.php(490): CodeIgniter\CodeIgniter->createController()
 3 SYSTEMPATH\CodeIgniter.php(368): CodeIgniter\CodeIgniter->handleRequest(null, Object(Config\Cache), false)
 4 FCPATH\index.php(67): CodeIgniter\CodeIgniter->run()
ERROR - 2026-05-20 12:03:28 --> mysqli_sql_exception: Column 'SubCategoryID' cannot be null in C:\xampp\htdocs\ecom-nw\admin\system\Database\MySQLi\Connection.php:295
Stack trace:
#0 C:\xampp\htdocs\ecom-nw\admin\system\Database\MySQLi\Connection.php(295): mysqli->query('INSERT INTO `pr...', 0)
#1 C:\xampp\htdocs\ecom-nw\admin\system\Database\BaseConnection.php(692): CodeIgniter\Database\MySQLi\Connection->execute('INSERT INTO `pr...')
#2 C:\xampp\htdocs\ecom-nw\admin\system\Database\BaseConnection.php(606): CodeIgniter\Database\BaseConnection->simpleQuery('INSERT INTO `pr...')
#3 C:\xampp\htdocs\ecom-nw\admin\system\Database\BaseBuilder.php(2309): CodeIgniter\Database\BaseConnection->query('INSERT INTO `pr...', Array, false)
#4 C:\xampp\htdocs\ecom-nw\admin\system\Model.php(330): CodeIgniter\Database\BaseBuilder->insert()
#5 C:\xampp\htdocs\ecom-nw\admin\system\BaseModel.php(782): CodeIgniter\Model->doInsert(Array)
#6 C:\xampp\htdocs\ecom-nw\admin\system\Model.php(730): CodeIgniter\BaseModel->insert(Array, true)
#7 C:\xampp\htdocs\ecom-nw\admin\app\Controllers\Products.php(496): CodeIgniter\Model->insert(Array)
#8 C:\xampp\htdocs\ecom-nw\admin\system\CodeIgniter.php(934): App\Controllers\Products->save_product()
#9 C:\xampp\htdocs\ecom-nw\admin\system\CodeIgniter.php(499): CodeIgniter\CodeIgniter->runController(Object(App\Controllers\Products))
#10 C:\xampp\htdocs\ecom-nw\admin\system\CodeIgniter.php(368): CodeIgniter\CodeIgniter->handleRequest(NULL, Object(Config\Cache), false)
#11 C:\xampp\htdocs\ecom-nw\admin\index.php(67): CodeIgniter\CodeIgniter->run()
#12 {main}
CRITICAL - 2026-05-20 12:03:28 --> Column 'SubCategoryID' cannot be null
in SYSTEMPATH\Database\MySQLi\Connection.php on line 295.
 1 SYSTEMPATH\Database\MySQLi\Connection.php(295): mysqli->query('INSERT INTO `products` (`ProductSKU`, `CategoryID`, `SubCategoryID`, `BrandID`, `TagID`, `ProductName`, `ProductPrice`, `ProductShortDesc`, `ProductLongDesc`, `ProductImage`, `Stock_Status`, `product_weight`, `product_dimensions`, `ProductStock`, `ProductType`, `ShippingID`, `Sale_ProductPrice`, `is_taxable`, `tax_class_id`, `slug`) VALUES (\'123456\', \'29\', NULL, \'1\', \'[\\"4\\"]\', \'LOIS CARON Elegant Series two tone gold plated Square Quartz For /Boys Wrist Analog Watch  - For Men LCS-8567\', \'2000\', \'LOIS CARON Elegant Series two tone gold plated Square Quartz For /Boys Wrist Analog Watch  - For Men LCS-8567\', NULL, \'[\\"1779278608_0ef507e7659b544b32d4.jpg\\"]\', \'1\', NULL, NULL, \'50\', \'1\', \'8\', \'333\', \'0\', NULL, \'LOIS-CARON-Elegant-Series-two-tone-gold-plated-Square-Quartz-For-/Boys-Wrist-Analog-Watch----For-Men-LCS-8567\')', 0)
 2 SYSTEMPATH\Database\BaseConnection.php(692): CodeIgniter\Database\MySQLi\Connection->execute('INSERT INTO `products` (`ProductSKU`, `CategoryID`, `SubCategoryID`, `BrandID`, `TagID`, `ProductName`, `ProductPrice`, `ProductShortDesc`, `ProductLongDesc`, `ProductImage`, `Stock_Status`, `product_weight`, `product_dimensions`, `ProductStock`, `ProductType`, `ShippingID`, `Sale_ProductPrice`, `is_taxable`, `tax_class_id`, `slug`) VALUES (\'123456\', \'29\', NULL, \'1\', \'[\\"4\\"]\', \'LOIS CARON Elegant Series two tone gold plated Square Quartz For /Boys Wrist Analog Watch  - For Men LCS-8567\', \'2000\', \'LOIS CARON Elegant Series two tone gold plated Square Quartz For /Boys Wrist Analog Watch  - For Men LCS-8567\', NULL, \'[\\"1779278608_0ef507e7659b544b32d4.jpg\\"]\', \'1\', NULL, NULL, \'50\', \'1\', \'8\', \'333\', \'0\', NULL, \'LOIS-CARON-Elegant-Series-two-tone-gold-plated-Square-Quartz-For-/Boys-Wrist-Analog-Watch----For-Men-LCS-8567\')')
 3 SYSTEMPATH\Database\BaseConnection.php(606): CodeIgniter\Database\BaseConnection->simpleQuery('INSERT INTO `products` (`ProductSKU`, `CategoryID`, `SubCategoryID`, `BrandID`, `TagID`, `ProductName`, `ProductPrice`, `ProductShortDesc`, `ProductLongDesc`, `ProductImage`, `Stock_Status`, `product_weight`, `product_dimensions`, `ProductStock`, `ProductType`, `ShippingID`, `Sale_ProductPrice`, `is_taxable`, `tax_class_id`, `slug`) VALUES (\'123456\', \'29\', NULL, \'1\', \'[\\"4\\"]\', \'LOIS CARON Elegant Series two tone gold plated Square Quartz For /Boys Wrist Analog Watch  - For Men LCS-8567\', \'2000\', \'LOIS CARON Elegant Series two tone gold plated Square Quartz For /Boys Wrist Analog Watch  - For Men LCS-8567\', NULL, \'[\\"1779278608_0ef507e7659b544b32d4.jpg\\"]\', \'1\', NULL, NULL, \'50\', \'1\', \'8\', \'333\', \'0\', NULL, \'LOIS-CARON-Elegant-Series-two-tone-gold-plated-Square-Quartz-For-/Boys-Wrist-Analog-Watch----For-Men-LCS-8567\')')
 4 SYSTEMPATH\Database\BaseBuilder.php(2309): CodeIgniter\Database\BaseConnection->query('INSERT INTO `products` (`ProductSKU`, `CategoryID`, `SubCategoryID`, `BrandID`, `TagID`, `ProductName`, `ProductPrice`, `ProductShortDesc`, `ProductLongDesc`, `ProductImage`, `Stock_Status`, `product_weight`, `product_dimensions`, `ProductStock`, `ProductType`, `ShippingID`, `Sale_ProductPrice`, `is_taxable`, `tax_class_id`, `slug`) VALUES (:ProductSKU:, :CategoryID:, :SubCategoryID:, :BrandID:, :TagID:, :ProductName:, :ProductPrice:, :ProductShortDesc:, :ProductLongDesc:, :ProductImage:, :Stock_Status:, :product_weight:, :product_dimensions:, :ProductStock:, :ProductType:, :ShippingID:, :Sale_ProductPrice:, :is_taxable:, :tax_class_id:, :slug:)', [...], false)
 5 SYSTEMPATH\Model.php(330): CodeIgniter\Database\BaseBuilder->insert()
 6 SYSTEMPATH\BaseModel.php(782): CodeIgniter\Model->doInsert([...])
 7 SYSTEMPATH\Model.php(730): CodeIgniter\BaseModel->insert([...], true)
 8 APPPATH\Controllers\Products.php(496): CodeIgniter\Model->insert([...])
 9 SYSTEMPATH\CodeIgniter.php(934): App\Controllers\Products->save_product()
10 SYSTEMPATH\CodeIgniter.php(499): CodeIgniter\CodeIgniter->runController(Object(App\Controllers\Products))
11 SYSTEMPATH\CodeIgniter.php(368): CodeIgniter\CodeIgniter->handleRequest(null, Object(Config\Cache), false)
12 FCPATH\index.php(67): CodeIgniter\CodeIgniter->run()
INFO - 2026-05-20 12:04:29 --> Session: Class initialized using 'CodeIgniter\Session\Handlers\FileHandler' driver.
WARNING - 2026-05-20 12:04:29 --> [DEPRECATED] Creation of dynamic property App\Controllers\Products::$session is deprecated in APPPATH\Controllers\Products.php on line 30.
 1 SYSTEMPATH\CodeIgniter.php(906): App\Controllers\Products->__construct()
 2 SYSTEMPATH\CodeIgniter.php(490): CodeIgniter\CodeIgniter->createController()
 3 SYSTEMPATH\CodeIgniter.php(368): CodeIgniter\CodeIgniter->handleRequest(null, Object(Config\Cache), false)
 4 FCPATH\index.php(67): CodeIgniter\CodeIgniter->run()
WARNING - 2026-05-20 12:04:29 --> Session: Sessions is enabled, and one exists. Please don't $session->start();
WARNING - 2026-05-20 12:04:29 --> [DEPRECATED] Creation of dynamic property App\Controllers\Products::$catagory is deprecated in APPPATH\Controllers\Products.php on line 33.
 1 SYSTEMPATH\CodeIgniter.php(906): App\Controllers\Products->__construct()
 2 SYSTEMPATH\CodeIgniter.php(490): CodeIgniter\CodeIgniter->createController()
 3 SYSTEMPATH\CodeIgniter.php(368): CodeIgniter\CodeIgniter->handleRequest(null, Object(Config\Cache), false)
 4 FCPATH\index.php(67): CodeIgniter\CodeIgniter->run()
WARNING - 2026-05-20 12:04:29 --> [DEPRECATED] Creation of dynamic property App\Controllers\Products::$variation is deprecated in APPPATH\Controllers\Products.php on line 34.
 1 SYSTEMPATH\CodeIgniter.php(906): App\Controllers\Products->__construct()
 2 SYSTEMPATH\CodeIgniter.php(490): CodeIgniter\CodeIgniter->createController()
 3 SYSTEMPATH\CodeIgniter.php(368): CodeIgniter\CodeIgniter->handleRequest(null, Object(Config\Cache), false)
 4 FCPATH\index.php(67): CodeIgniter\CodeIgniter->run()
WARNING - 2026-05-20 12:04:29 --> [DEPRECATED] Creation of dynamic property App\Controllers\Products::$variationtype is deprecated in APPPATH\Controllers\Products.php on line 35.
 1 SYSTEMPATH\CodeIgniter.php(906): App\Controllers\Products->__construct()
 2 SYSTEMPATH\CodeIgniter.php(490): CodeIgniter\CodeIgniter->createController()
 3 SYSTEMPATH\CodeIgniter.php(368): CodeIgniter\CodeIgniter->handleRequest(null, Object(Config\Cache), false)
 4 FCPATH\index.php(67): CodeIgniter\CodeIgniter->run()
WARNING - 2026-05-20 12:04:29 --> [DEPRECATED] Creation of dynamic property App\Controllers\Products::$subcategory is deprecated in APPPATH\Controllers\Products.php on line 36.
 1 SYSTEMPATH\CodeIgniter.php(906): App\Controllers\Products->__construct()
 2 SYSTEMPATH\CodeIgniter.php(490): CodeIgniter\CodeIgniter->createController()
 3 SYSTEMPATH\CodeIgniter.php(368): CodeIgniter\CodeIgniter->handleRequest(null, Object(Config\Cache), false)
 4 FCPATH\index.php(67): CodeIgniter\CodeIgniter->run()
WARNING - 2026-05-20 12:04:29 --> [DEPRECATED] Creation of dynamic property App\Controllers\Products::$product is deprecated in APPPATH\Controllers\Products.php on line 37.
 1 SYSTEMPATH\CodeIgniter.php(906): App\Controllers\Products->__construct()
 2 SYSTEMPATH\CodeIgniter.php(490): CodeIgniter\CodeIgniter->createController()
 3 SYSTEMPATH\CodeIgniter.php(368): CodeIgniter\CodeIgniter->handleRequest(null, Object(Config\Cache), false)
 4 FCPATH\index.php(67): CodeIgniter\CodeIgniter->run()
WARNING - 2026-05-20 12:04:29 --> [DEPRECATED] Creation of dynamic property App\Controllers\Products::$tags is deprecated in APPPATH\Controllers\Products.php on line 38.
 1 SYSTEMPATH\CodeIgniter.php(906): App\Controllers\Products->__construct()
 2 SYSTEMPATH\CodeIgniter.php(490): CodeIgniter\CodeIgniter->createController()
 3 SYSTEMPATH\CodeIgniter.php(368): CodeIgniter\CodeIgniter->handleRequest(null, Object(Config\Cache), false)
 4 FCPATH\index.php(67): CodeIgniter\CodeIgniter->run()
WARNING - 2026-05-20 12:04:29 --> [DEPRECATED] Creation of dynamic property App\Controllers\Products::$shippingmethod is deprecated in APPPATH\Controllers\Products.php on line 39.
 1 SYSTEMPATH\CodeIgniter.php(906): App\Controllers\Products->__construct()
 2 SYSTEMPATH\CodeIgniter.php(490): CodeIgniter\CodeIgniter->createController()
 3 SYSTEMPATH\CodeIgniter.php(368): CodeIgniter\CodeIgniter->handleRequest(null, Object(Config\Cache), false)
 4 FCPATH\index.php(67): CodeIgniter\CodeIgniter->run()
WARNING - 2026-05-20 12:04:29 --> [DEPRECATED] Creation of dynamic property App\Controllers\Products::$optionvalue is deprecated in APPPATH\Controllers\Products.php on line 40.
 1 SYSTEMPATH\CodeIgniter.php(906): App\Controllers\Products->__construct()
 2 SYSTEMPATH\CodeIgniter.php(490): CodeIgniter\CodeIgniter->createController()
 3 SYSTEMPATH\CodeIgniter.php(368): CodeIgniter\CodeIgniter->handleRequest(null, Object(Config\Cache), false)
 4 FCPATH\index.php(67): CodeIgniter\CodeIgniter->run()
WARNING - 2026-05-20 12:04:29 --> [DEPRECATED] Creation of dynamic property App\Controllers\Products::$brand is deprecated in APPPATH\Controllers\Products.php on line 41.
 1 SYSTEMPATH\CodeIgniter.php(906): App\Controllers\Products->__construct()
 2 SYSTEMPATH\CodeIgniter.php(490): CodeIgniter\CodeIgniter->createController()
 3 SYSTEMPATH\CodeIgniter.php(368): CodeIgniter\CodeIgniter->handleRequest(null, Object(Config\Cache), false)
 4 FCPATH\index.php(67): CodeIgniter\CodeIgniter->run()
WARNING - 2026-05-20 12:04:29 --> [DEPRECATED] Creation of dynamic property App\Controllers\Products::$Allsettings is deprecated in APPPATH\Controllers\Products.php on line 42.
 1 SYSTEMPATH\CodeIgniter.php(906): App\Controllers\Products->__construct()
 2 SYSTEMPATH\CodeIgniter.php(490): CodeIgniter\CodeIgniter->createController()
 3 SYSTEMPATH\CodeIgniter.php(368): CodeIgniter\CodeIgniter->handleRequest(null, Object(Config\Cache), false)
 4 FCPATH\index.php(67): CodeIgniter\CodeIgniter->run()
WARNING - 2026-05-20 12:04:29 --> [DEPRECATED] Creation of dynamic property App\Controllers\Products::$Orderitemmodel is deprecated in APPPATH\Controllers\Products.php on line 43.
 1 SYSTEMPATH\CodeIgniter.php(906): App\Controllers\Products->__construct()
 2 SYSTEMPATH\CodeIgniter.php(490): CodeIgniter\CodeIgniter->createController()
 3 SYSTEMPATH\CodeIgniter.php(368): CodeIgniter\CodeIgniter->handleRequest(null, Object(Config\Cache), false)
 4 FCPATH\index.php(67): CodeIgniter\CodeIgniter->run()
WARNING - 2026-05-20 12:04:29 --> [DEPRECATED] Creation of dynamic property App\Controllers\Products::$Ordermodel is deprecated in APPPATH\Controllers\Products.php on line 44.
 1 SYSTEMPATH\CodeIgniter.php(906): App\Controllers\Products->__construct()
 2 SYSTEMPATH\CodeIgniter.php(490): CodeIgniter\CodeIgniter->createController()
 3 SYSTEMPATH\CodeIgniter.php(368): CodeIgniter\CodeIgniter->handleRequest(null, Object(Config\Cache), false)
 4 FCPATH\index.php(67): CodeIgniter\CodeIgniter->run()
WARNING - 2026-05-20 12:04:29 --> [DEPRECATED] Creation of dynamic property App\Controllers\Products::$CartModel is deprecated in APPPATH\Controllers\Products.php on line 45.
 1 SYSTEMPATH\CodeIgniter.php(906): App\Controllers\Products->__construct()
 2 SYSTEMPATH\CodeIgniter.php(490): CodeIgniter\CodeIgniter->createController()
 3 SYSTEMPATH\CodeIgniter.php(368): CodeIgniter\CodeIgniter->handleRequest(null, Object(Config\Cache), false)
 4 FCPATH\index.php(67): CodeIgniter\CodeIgniter->run()
WARNING - 2026-05-20 12:04:29 --> [DEPRECATED] Creation of dynamic property App\Controllers\Products::$Reviewmodel is deprecated in APPPATH\Controllers\Products.php on line 46.
 1 SYSTEMPATH\CodeIgniter.php(906): App\Controllers\Products->__construct()
 2 SYSTEMPATH\CodeIgniter.php(490): CodeIgniter\CodeIgniter->createController()
 3 SYSTEMPATH\CodeIgniter.php(368): CodeIgniter\CodeIgniter->handleRequest(null, Object(Config\Cache), false)
 4 FCPATH\index.php(67): CodeIgniter\CodeIgniter->run()
WARNING - 2026-05-20 12:04:29 --> [DEPRECATED] Creation of dynamic property App\Controllers\Products::$TaxesclassModel is deprecated in APPPATH\Controllers\Products.php on line 47.
 1 SYSTEMPATH\CodeIgniter.php(906): App\Controllers\Products->__construct()
 2 SYSTEMPATH\CodeIgniter.php(490): CodeIgniter\CodeIgniter->createController()
 3 SYSTEMPATH\CodeIgniter.php(368): CodeIgniter\CodeIgniter->handleRequest(null, Object(Config\Cache), false)
 4 FCPATH\index.php(67): CodeIgniter\CodeIgniter->run()
WARNING - 2026-05-20 12:04:29 --> [DEPRECATED] Creation of dynamic property App\Controllers\Products::$cms is deprecated in APPPATH\Controllers\Products.php on line 48.
 1 SYSTEMPATH\CodeIgniter.php(906): App\Controllers\Products->__construct()
 2 SYSTEMPATH\CodeIgniter.php(490): CodeIgniter\CodeIgniter->createController()
 3 SYSTEMPATH\CodeIgniter.php(368): CodeIgniter\CodeIgniter->handleRequest(null, Object(Config\Cache), false)
 4 FCPATH\index.php(67): CodeIgniter\CodeIgniter->run()
INFO - 2026-05-20 12:04:35 --> Session: Class initialized using 'CodeIgniter\Session\Handlers\FileHandler' driver.
WARNING - 2026-05-20 12:04:35 --> [DEPRECATED] Creation of dynamic property App\Controllers\Products::$session is deprecated in APPPATH\Controllers\Products.php on line 30.
 1 SYSTEMPATH\CodeIgniter.php(906): App\Controllers\Products->__construct()
 2 SYSTEMPATH\CodeIgniter.php(490): CodeIgniter\CodeIgniter->createController()
 3 SYSTEMPATH\CodeIgniter.php(368): CodeIgniter\CodeIgniter->handleRequest(null, Object(Config\Cache), false)
 4 FCPATH\index.php(67): CodeIgniter\CodeIgniter->run()
WARNING - 2026-05-20 12:04:35 --> Session: Sessions is enabled, and one exists. Please don't $session->start();
WARNING - 2026-05-20 12:04:35 --> [DEPRECATED] Creation of dynamic property App\Controllers\Products::$catagory is deprecated in APPPATH\Controllers\Products.php on line 33.
 1 SYSTEMPATH\CodeIgniter.php(906): App\Controllers\Products->__construct()
 2 SYSTEMPATH\CodeIgniter.php(490): CodeIgniter\CodeIgniter->createController()
 3 SYSTEMPATH\CodeIgniter.php(368): CodeIgniter\CodeIgniter->handleRequest(null, Object(Config\Cache), false)
 4 FCPATH\index.php(67): CodeIgniter\CodeIgniter->run()
WARNING - 2026-05-20 12:04:35 --> [DEPRECATED] Creation of dynamic property App\Controllers\Products::$variation is deprecated in APPPATH\Controllers\Products.php on line 34.
 1 SYSTEMPATH\CodeIgniter.php(906): App\Controllers\Products->__construct()
 2 SYSTEMPATH\CodeIgniter.php(490): CodeIgniter\CodeIgniter->createController()
 3 SYSTEMPATH\CodeIgniter.php(368): CodeIgniter\CodeIgniter->handleRequest(null, Object(Config\Cache), false)
 4 FCPATH\index.php(67): CodeIgniter\CodeIgniter->run()
WARNING - 2026-05-20 12:04:35 --> [DEPRECATED] Creation of dynamic property App\Controllers\Products::$variationtype is deprecated in APPPATH\Controllers\Products.php on line 35.
 1 SYSTEMPATH\CodeIgniter.php(906): App\Controllers\Products->__construct()
 2 SYSTEMPATH\CodeIgniter.php(490): CodeIgniter\CodeIgniter->createController()
 3 SYSTEMPATH\CodeIgniter.php(368): CodeIgniter\CodeIgniter->handleRequest(null, Object(Config\Cache), false)
 4 FCPATH\index.php(67): CodeIgniter\CodeIgniter->run()
WARNING - 2026-05-20 12:04:35 --> [DEPRECATED] Creation of dynamic property App\Controllers\Products::$subcategory is deprecated in APPPATH\Controllers\Products.php on line 36.
 1 SYSTEMPATH\CodeIgniter.php(906): App\Controllers\Products->__construct()
 2 SYSTEMPATH\CodeIgniter.php(490): CodeIgniter\CodeIgniter->createController()
 3 SYSTEMPATH\CodeIgniter.php(368): CodeIgniter\CodeIgniter->handleRequest(null, Object(Config\Cache), false)
 4 FCPATH\index.php(67): CodeIgniter\CodeIgniter->run()
WARNING - 2026-05-20 12:04:35 --> [DEPRECATED] Creation of dynamic property App\Controllers\Products::$product is deprecated in APPPATH\Controllers\Products.php on line 37.
 1 SYSTEMPATH\CodeIgniter.php(906): App\Controllers\Products->__construct()
 2 SYSTEMPATH\CodeIgniter.php(490): CodeIgniter\CodeIgniter->createController()
 3 SYSTEMPATH\CodeIgniter.php(368): CodeIgniter\CodeIgniter->handleRequest(null, Object(Config\Cache), false)
 4 FCPATH\index.php(67): CodeIgniter\CodeIgniter->run()
WARNING - 2026-05-20 12:04:35 --> [DEPRECATED] Creation of dynamic property App\Controllers\Products::$tags is deprecated in APPPATH\Controllers\Products.php on line 38.
 1 SYSTEMPATH\CodeIgniter.php(906): App\Controllers\Products->__construct()
 2 SYSTEMPATH\CodeIgniter.php(490): CodeIgniter\CodeIgniter->createController()
 3 SYSTEMPATH\CodeIgniter.php(368): CodeIgniter\CodeIgniter->handleRequest(null, Object(Config\Cache), false)
 4 FCPATH\index.php(67): CodeIgniter\CodeIgniter->run()
WARNING - 2026-05-20 12:04:35 --> [DEPRECATED] Creation of dynamic property App\Controllers\Products::$shippingmethod is deprecated in APPPATH\Controllers\Products.php on line 39.
 1 SYSTEMPATH\CodeIgniter.php(906): App\Controllers\Products->__construct()
 2 SYSTEMPATH\CodeIgniter.php(490): CodeIgniter\CodeIgniter->createController()
 3 SYSTEMPATH\CodeIgniter.php(368): CodeIgniter\CodeIgniter->handleRequest(null, Object(Config\Cache), false)
 4 FCPATH\index.php(67): CodeIgniter\CodeIgniter->run()
WARNING - 2026-05-20 12:04:35 --> [DEPRECATED] Creation of dynamic property App\Controllers\Products::$optionvalue is deprecated in APPPATH\Controllers\Products.php on line 40.
 1 SYSTEMPATH\CodeIgniter.php(906): App\Controllers\Products->__construct()
 2 SYSTEMPATH\CodeIgniter.php(490): CodeIgniter\CodeIgniter->createController()
 3 SYSTEMPATH\CodeIgniter.php(368): CodeIgniter\CodeIgniter->handleRequest(null, Object(Config\Cache), false)
 4 FCPATH\index.php(67): CodeIgniter\CodeIgniter->run()
WARNING - 2026-05-20 12:04:35 --> [DEPRECATED] Creation of dynamic property App\Controllers\Products::$brand is deprecated in APPPATH\Controllers\Products.php on line 41.
 1 SYSTEMPATH\CodeIgniter.php(906): App\Controllers\Products->__construct()
 2 SYSTEMPATH\CodeIgniter.php(490): CodeIgniter\CodeIgniter->createController()
 3 SYSTEMPATH\CodeIgniter.php(368): CodeIgniter\CodeIgniter->handleRequest(null, Object(Config\Cache), false)
 4 FCPATH\index.php(67): CodeIgniter\CodeIgniter->run()
WARNING - 2026-05-20 12:04:35 --> [DEPRECATED] Creation of dynamic property App\Controllers\Products::$Allsettings is deprecated in APPPATH\Controllers\Products.php on line 42.
 1 SYSTEMPATH\CodeIgniter.php(906): App\Controllers\Products->__construct()
 2 SYSTEMPATH\CodeIgniter.php(490): CodeIgniter\CodeIgniter->createController()
 3 SYSTEMPATH\CodeIgniter.php(368): CodeIgniter\CodeIgniter->handleRequest(null, Object(Config\Cache), false)
 4 FCPATH\index.php(67): CodeIgniter\CodeIgniter->run()
WARNING - 2026-05-20 12:04:35 --> [DEPRECATED] Creation of dynamic property App\Controllers\Products::$Orderitemmodel is deprecated in APPPATH\Controllers\Products.php on line 43.
 1 SYSTEMPATH\CodeIgniter.php(906): App\Controllers\Products->__construct()
 2 SYSTEMPATH\CodeIgniter.php(490): CodeIgniter\CodeIgniter->createController()
 3 SYSTEMPATH\CodeIgniter.php(368): CodeIgniter\CodeIgniter->handleRequest(null, Object(Config\Cache), false)
 4 FCPATH\index.php(67): CodeIgniter\CodeIgniter->run()
WARNING - 2026-05-20 12:04:35 --> [DEPRECATED] Creation of dynamic property App\Controllers\Products::$Ordermodel is deprecated in APPPATH\Controllers\Products.php on line 44.
 1 SYSTEMPATH\CodeIgniter.php(906): App\Controllers\Products->__construct()
 2 SYSTEMPATH\CodeIgniter.php(490): CodeIgniter\CodeIgniter->createController()
 3 SYSTEMPATH\CodeIgniter.php(368): CodeIgniter\CodeIgniter->handleRequest(null, Object(Config\Cache), false)
 4 FCPATH\index.php(67): CodeIgniter\CodeIgniter->run()
WARNING - 2026-05-20 12:04:35 --> [DEPRECATED] Creation of dynamic property App\Controllers\Products::$CartModel is deprecated in APPPATH\Controllers\Products.php on line 45.
 1 SYSTEMPATH\CodeIgniter.php(906): App\Controllers\Products->__construct()
 2 SYSTEMPATH\CodeIgniter.php(490): CodeIgniter\CodeIgniter->createController()
 3 SYSTEMPATH\CodeIgniter.php(368): CodeIgniter\CodeIgniter->handleRequest(null, Object(Config\Cache), false)
 4 FCPATH\index.php(67): CodeIgniter\CodeIgniter->run()
WARNING - 2026-05-20 12:04:35 --> [DEPRECATED] Creation of dynamic property App\Controllers\Products::$Reviewmodel is deprecated in APPPATH\Controllers\Products.php on line 46.
 1 SYSTEMPATH\CodeIgniter.php(906): App\Controllers\Products->__construct()
 2 SYSTEMPATH\CodeIgniter.php(490): CodeIgniter\CodeIgniter->createController()
 3 SYSTEMPATH\CodeIgniter.php(368): CodeIgniter\CodeIgniter->handleRequest(null, Object(Config\Cache), false)
 4 FCPATH\index.php(67): CodeIgniter\CodeIgniter->run()
WARNING - 2026-05-20 12:04:35 --> [DEPRECATED] Creation of dynamic property App\Controllers\Products::$TaxesclassModel is deprecated in APPPATH\Controllers\Products.php on line 47.
 1 SYSTEMPATH\CodeIgniter.php(906): App\Controllers\Products->__construct()
 2 SYSTEMPATH\CodeIgniter.php(490): CodeIgniter\CodeIgniter->createController()
 3 SYSTEMPATH\CodeIgniter.php(368): CodeIgniter\CodeIgniter->handleRequest(null, Object(Config\Cache), false)
 4 FCPATH\index.php(67): CodeIgniter\CodeIgniter->run()
WARNING - 2026-05-20 12:04:35 --> [DEPRECATED] Creation of dynamic property App\Controllers\Products::$cms is deprecated in APPPATH\Controllers\Products.php on line 48.
 1 SYSTEMPATH\CodeIgniter.php(906): App\Controllers\Products->__construct()
 2 SYSTEMPATH\CodeIgniter.php(490): CodeIgniter\CodeIgniter->createController()
 3 SYSTEMPATH\CodeIgniter.php(368): CodeIgniter\CodeIgniter->handleRequest(null, Object(Config\Cache), false)
 4 FCPATH\index.php(67): CodeIgniter\CodeIgniter->run()
INFO - 2026-05-20 12:04:38 --> Session: Class initialized using 'CodeIgniter\Session\Handlers\FileHandler' driver.
WARNING - 2026-05-20 12:04:38 --> [DEPRECATED] Creation of dynamic property App\Controllers\Products::$session is deprecated in APPPATH\Controllers\Products.php on line 30.
 1 SYSTEMPATH\CodeIgniter.php(906): App\Controllers\Products->__construct()
 2 SYSTEMPATH\CodeIgniter.php(490): CodeIgniter\CodeIgniter->createController()
 3 SYSTEMPATH\CodeIgniter.php(368): CodeIgniter\CodeIgniter->handleRequest(null, Object(Config\Cache), false)
 4 FCPATH\index.php(67): CodeIgniter\CodeIgniter->run()
WARNING - 2026-05-20 12:04:38 --> Session: Sessions is enabled, and one exists. Please don't $session->start();
WARNING - 2026-05-20 12:04:38 --> [DEPRECATED] Creation of dynamic property App\Controllers\Products::$catagory is deprecated in APPPATH\Controllers\Products.php on line 33.
 1 SYSTEMPATH\CodeIgniter.php(906): App\Controllers\Products->__construct()
 2 SYSTEMPATH\CodeIgniter.php(490): CodeIgniter\CodeIgniter->createController()
 3 SYSTEMPATH\CodeIgniter.php(368): CodeIgniter\CodeIgniter->handleRequest(null, Object(Config\Cache), false)
 4 FCPATH\index.php(67): CodeIgniter\CodeIgniter->run()
WARNING - 2026-05-20 12:04:38 --> [DEPRECATED] Creation of dynamic property App\Controllers\Products::$variation is deprecated in APPPATH\Controllers\Products.php on line 34.
 1 SYSTEMPATH\CodeIgniter.php(906): App\Controllers\Products->__construct()
 2 SYSTEMPATH\CodeIgniter.php(490): CodeIgniter\CodeIgniter->createController()
 3 SYSTEMPATH\CodeIgniter.php(368): CodeIgniter\CodeIgniter->handleRequest(null, Object(Config\Cache), false)
 4 FCPATH\index.php(67): CodeIgniter\CodeIgniter->run()
WARNING - 2026-05-20 12:04:38 --> [DEPRECATED] Creation of dynamic property App\Controllers\Products::$variationtype is deprecated in APPPATH\Controllers\Products.php on line 35.
 1 SYSTEMPATH\CodeIgniter.php(906): App\Controllers\Products->__construct()
 2 SYSTEMPATH\CodeIgniter.php(490): CodeIgniter\CodeIgniter->createController()
 3 SYSTEMPATH\CodeIgniter.php(368): CodeIgniter\CodeIgniter->handleRequest(null, Object(Config\Cache), false)
 4 FCPATH\index.php(67): CodeIgniter\CodeIgniter->run()
WARNING - 2026-05-20 12:04:38 --> [DEPRECATED] Creation of dynamic property App\Controllers\Products::$subcategory is deprecated in APPPATH\Controllers\Products.php on line 36.
 1 SYSTEMPATH\CodeIgniter.php(906): App\Controllers\Products->__construct()
 2 SYSTEMPATH\CodeIgniter.php(490): CodeIgniter\CodeIgniter->createController()
 3 SYSTEMPATH\CodeIgniter.php(368): CodeIgniter\CodeIgniter->handleRequest(null, Object(Config\Cache), false)
 4 FCPATH\index.php(67): CodeIgniter\CodeIgniter->run()
WARNING - 2026-05-20 12:04:38 --> [DEPRECATED] Creation of dynamic property App\Controllers\Products::$product is deprecated in APPPATH\Controllers\Products.php on line 37.
 1 SYSTEMPATH\CodeIgniter.php(906): App\Controllers\Products->__construct()
 2 SYSTEMPATH\CodeIgniter.php(490): CodeIgniter\CodeIgniter->createController()
 3 SYSTEMPATH\CodeIgniter.php(368): CodeIgniter\CodeIgniter->handleRequest(null, Object(Config\Cache), false)
 4 FCPATH\index.php(67): CodeIgniter\CodeIgniter->run()
WARNING - 2026-05-20 12:04:38 --> [DEPRECATED] Creation of dynamic property App\Controllers\Products::$tags is deprecated in APPPATH\Controllers\Products.php on line 38.
 1 SYSTEMPATH\CodeIgniter.php(906): App\Controllers\Products->__construct()
 2 SYSTEMPATH\CodeIgniter.php(490): CodeIgniter\CodeIgniter->createController()
 3 SYSTEMPATH\CodeIgniter.php(368): CodeIgniter\CodeIgniter->handleRequest(null, Object(Config\Cache), false)
 4 FCPATH\index.php(67): CodeIgniter\CodeIgniter->run()
WARNING - 2026-05-20 12:04:38 --> [DEPRECATED] Creation of dynamic property App\Controllers\Products::$shippingmethod is deprecated in APPPATH\Controllers\Products.php on line 39.
 1 SYSTEMPATH\CodeIgniter.php(906): App\Controllers\Products->__construct()
 2 SYSTEMPATH\CodeIgniter.php(490): CodeIgniter\CodeIgniter->createController()
 3 SYSTEMPATH\CodeIgniter.php(368): CodeIgniter\CodeIgniter->handleRequest(null, Object(Config\Cache), false)
 4 FCPATH\index.php(67): CodeIgniter\CodeIgniter->run()
WARNING - 2026-05-20 12:04:38 --> [DEPRECATED] Creation of dynamic property App\Controllers\Products::$optionvalue is deprecated in APPPATH\Controllers\Products.php on line 40.
 1 SYSTEMPATH\CodeIgniter.php(906): App\Controllers\Products->__construct()
 2 SYSTEMPATH\CodeIgniter.php(490): CodeIgniter\CodeIgniter->createController()
 3 SYSTEMPATH\CodeIgniter.php(368): CodeIgniter\CodeIgniter->handleRequest(null, Object(Config\Cache), false)
 4 FCPATH\index.php(67): CodeIgniter\CodeIgniter->run()
WARNING - 2026-05-20 12:04:38 --> [DEPRECATED] Creation of dynamic property App\Controllers\Products::$brand is deprecated in APPPATH\Controllers\Products.php on line 41.
 1 SYSTEMPATH\CodeIgniter.php(906): App\Controllers\Products->__construct()
 2 SYSTEMPATH\CodeIgniter.php(490): CodeIgniter\CodeIgniter->createController()
 3 SYSTEMPATH\CodeIgniter.php(368): CodeIgniter\CodeIgniter->handleRequest(null, Object(Config\Cache), false)
 4 FCPATH\index.php(67): CodeIgniter\CodeIgniter->run()
WARNING - 2026-05-20 12:04:38 --> [DEPRECATED] Creation of dynamic property App\Controllers\Products::$Allsettings is deprecated in APPPATH\Controllers\Products.php on line 42.
 1 SYSTEMPATH\CodeIgniter.php(906): App\Controllers\Products->__construct()
 2 SYSTEMPATH\CodeIgniter.php(490): CodeIgniter\CodeIgniter->createController()
 3 SYSTEMPATH\CodeIgniter.php(368): CodeIgniter\CodeIgniter->handleRequest(null, Object(Config\Cache), false)
 4 FCPATH\index.php(67): CodeIgniter\CodeIgniter->run()
WARNING - 2026-05-20 12:04:38 --> [DEPRECATED] Creation of dynamic property App\Controllers\Products::$Orderitemmodel is deprecated in APPPATH\Controllers\Products.php on line 43.
 1 SYSTEMPATH\CodeIgniter.php(906): App\Controllers\Products->__construct()
 2 SYSTEMPATH\CodeIgniter.php(490): CodeIgniter\CodeIgniter->createController()
 3 SYSTEMPATH\CodeIgniter.php(368): CodeIgniter\CodeIgniter->handleRequest(null, Object(Config\Cache), false)
 4 FCPATH\index.php(67): CodeIgniter\CodeIgniter->run()
WARNING - 2026-05-20 12:04:38 --> [DEPRECATED] Creation of dynamic property App\Controllers\Products::$Ordermodel is deprecated in APPPATH\Controllers\Products.php on line 44.
 1 SYSTEMPATH\CodeIgniter.php(906): App\Controllers\Products->__construct()
 2 SYSTEMPATH\CodeIgniter.php(490): CodeIgniter\CodeIgniter->createController()
 3 SYSTEMPATH\CodeIgniter.php(368): CodeIgniter\CodeIgniter->handleRequest(null, Object(Config\Cache), false)
 4 FCPATH\index.php(67): CodeIgniter\CodeIgniter->run()
WARNING - 2026-05-20 12:04:38 --> [DEPRECATED] Creation of dynamic property App\Controllers\Products::$CartModel is deprecated in APPPATH\Controllers\Products.php on line 45.
 1 SYSTEMPATH\CodeIgniter.php(906): App\Controllers\Products->__construct()
 2 SYSTEMPATH\CodeIgniter.php(490): CodeIgniter\CodeIgniter->createController()
 3 SYSTEMPATH\CodeIgniter.php(368): CodeIgniter\CodeIgniter->handleRequest(null, Object(Config\Cache), false)
 4 FCPATH\index.php(67): CodeIgniter\CodeIgniter->run()
WARNING - 2026-05-20 12:04:38 --> [DEPRECATED] Creation of dynamic property App\Controllers\Products::$Reviewmodel is deprecated in APPPATH\Controllers\Products.php on line 46.
 1 SYSTEMPATH\CodeIgniter.php(906): App\Controllers\Products->__construct()
 2 SYSTEMPATH\CodeIgniter.php(490): CodeIgniter\CodeIgniter->createController()
 3 SYSTEMPATH\CodeIgniter.php(368): CodeIgniter\CodeIgniter->handleRequest(null, Object(Config\Cache), false)
 4 FCPATH\index.php(67): CodeIgniter\CodeIgniter->run()
WARNING - 2026-05-20 12:04:38 --> [DEPRECATED] Creation of dynamic property App\Controllers\Products::$TaxesclassModel is deprecated in APPPATH\Controllers\Products.php on line 47.
 1 SYSTEMPATH\CodeIgniter.php(906): App\Controllers\Products->__construct()
 2 SYSTEMPATH\CodeIgniter.php(490): CodeIgniter\CodeIgniter->createController()
 3 SYSTEMPATH\CodeIgniter.php(368): CodeIgniter\CodeIgniter->handleRequest(null, Object(Config\Cache), false)
 4 FCPATH\index.php(67): CodeIgniter\CodeIgniter->run()
WARNING - 2026-05-20 12:04:38 --> [DEPRECATED] Creation of dynamic property App\Controllers\Products::$cms is deprecated in APPPATH\Controllers\Products.php on line 48.
 1 SYSTEMPATH\CodeIgniter.php(906): App\Controllers\Products->__construct()
 2 SYSTEMPATH\CodeIgniter.php(490): CodeIgniter\CodeIgniter->createController()
 3 SYSTEMPATH\CodeIgniter.php(368): CodeIgniter\CodeIgniter->handleRequest(null, Object(Config\Cache), false)
 4 FCPATH\index.php(67): CodeIgniter\CodeIgniter->run()
INFO - 2026-05-20 12:04:59 --> Session: Class initialized using 'CodeIgniter\Session\Handlers\FileHandler' driver.
WARNING - 2026-05-20 12:04:59 --> [DEPRECATED] Creation of dynamic property App\Controllers\Products::$session is deprecated in APPPATH\Controllers\Products.php on line 30.
 1 SYSTEMPATH\CodeIgniter.php(906): App\Controllers\Products->__construct()
 2 SYSTEMPATH\CodeIgniter.php(490): CodeIgniter\CodeIgniter->createController()
 3 SYSTEMPATH\CodeIgniter.php(368): CodeIgniter\CodeIgniter->handleRequest(null, Object(Config\Cache), false)
 4 FCPATH\index.php(67): CodeIgniter\CodeIgniter->run()
WARNING - 2026-05-20 12:04:59 --> Session: Sessions is enabled, and one exists. Please don't $session->start();
WARNING - 2026-05-20 12:04:59 --> [DEPRECATED] Creation of dynamic property App\Controllers\Products::$catagory is deprecated in APPPATH\Controllers\Products.php on line 33.
 1 SYSTEMPATH\CodeIgniter.php(906): App\Controllers\Products->__construct()
 2 SYSTEMPATH\CodeIgniter.php(490): CodeIgniter\CodeIgniter->createController()
 3 SYSTEMPATH\CodeIgniter.php(368): CodeIgniter\CodeIgniter->handleRequest(null, Object(Config\Cache), false)
 4 FCPATH\index.php(67): CodeIgniter\CodeIgniter->run()
WARNING - 2026-05-20 12:04:59 --> [DEPRECATED] Creation of dynamic property App\Controllers\Products::$variation is deprecated in APPPATH\Controllers\Products.php on line 34.
 1 SYSTEMPATH\CodeIgniter.php(906): App\Controllers\Products->__construct()
 2 SYSTEMPATH\CodeIgniter.php(490): CodeIgniter\CodeIgniter->createController()
 3 SYSTEMPATH\CodeIgniter.php(368): CodeIgniter\CodeIgniter->handleRequest(null, Object(Config\Cache), false)
 4 FCPATH\index.php(67): CodeIgniter\CodeIgniter->run()
WARNING - 2026-05-20 12:04:59 --> [DEPRECATED] Creation of dynamic property App\Controllers\Products::$variationtype is deprecated in APPPATH\Controllers\Products.php on line 35.
 1 SYSTEMPATH\CodeIgniter.php(906): App\Controllers\Products->__construct()
 2 SYSTEMPATH\CodeIgniter.php(490): CodeIgniter\CodeIgniter->createController()
 3 SYSTEMPATH\CodeIgniter.php(368): CodeIgniter\CodeIgniter->handleRequest(null, Object(Config\Cache), false)
 4 FCPATH\index.php(67): CodeIgniter\CodeIgniter->run()
WARNING - 2026-05-20 12:04:59 --> [DEPRECATED] Creation of dynamic property App\Controllers\Products::$subcategory is deprecated in APPPATH\Controllers\Products.php on line 36.
 1 SYSTEMPATH\CodeIgniter.php(906): App\Controllers\Products->__construct()
 2 SYSTEMPATH\CodeIgniter.php(490): CodeIgniter\CodeIgniter->createController()
 3 SYSTEMPATH\CodeIgniter.php(368): CodeIgniter\CodeIgniter->handleRequest(null, Object(Config\Cache), false)
 4 FCPATH\index.php(67): CodeIgniter\CodeIgniter->run()
WARNING - 2026-05-20 12:04:59 --> [DEPRECATED] Creation of dynamic property App\Controllers\Products::$product is deprecated in APPPATH\Controllers\Products.php on line 37.
 1 SYSTEMPATH\CodeIgniter.php(906): App\Controllers\Products->__construct()
 2 SYSTEMPATH\CodeIgniter.php(490): CodeIgniter\CodeIgniter->createController()
 3 SYSTEMPATH\CodeIgniter.php(368): CodeIgniter\CodeIgniter->handleRequest(null, Object(Config\Cache), false)
 4 FCPATH\index.php(67): CodeIgniter\CodeIgniter->run()
WARNING - 2026-05-20 12:04:59 --> [DEPRECATED] Creation of dynamic property App\Controllers\Products::$tags is deprecated in APPPATH\Controllers\Products.php on line 38.
 1 SYSTEMPATH\CodeIgniter.php(906): App\Controllers\Products->__construct()
 2 SYSTEMPATH\CodeIgniter.php(490): CodeIgniter\CodeIgniter->createController()
 3 SYSTEMPATH\CodeIgniter.php(368): CodeIgniter\CodeIgniter->handleRequest(null, Object(Config\Cache), false)
 4 FCPATH\index.php(67): CodeIgniter\CodeIgniter->run()
WARNING - 2026-05-20 12:04:59 --> [DEPRECATED] Creation of dynamic property App\Controllers\Products::$shippingmethod is deprecated in APPPATH\Controllers\Products.php on line 39.
 1 SYSTEMPATH\CodeIgniter.php(906): App\Controllers\Products->__construct()
 2 SYSTEMPATH\CodeIgniter.php(490): CodeIgniter\CodeIgniter->createController()
 3 SYSTEMPATH\CodeIgniter.php(368): CodeIgniter\CodeIgniter->handleRequest(null, Object(Config\Cache), false)
 4 FCPATH\index.php(67): CodeIgniter\CodeIgniter->run()
WARNING - 2026-05-20 12:04:59 --> [DEPRECATED] Creation of dynamic property App\Controllers\Products::$optionvalue is deprecated in APPPATH\Controllers\Products.php on line 40.
 1 SYSTEMPATH\CodeIgniter.php(906): App\Controllers\Products->__construct()
 2 SYSTEMPATH\CodeIgniter.php(490): CodeIgniter\CodeIgniter->createController()
 3 SYSTEMPATH\CodeIgniter.php(368): CodeIgniter\CodeIgniter->handleRequest(null, Object(Config\Cache), false)
 4 FCPATH\index.php(67): CodeIgniter\CodeIgniter->run()
WARNING - 2026-05-20 12:04:59 --> [DEPRECATED] Creation of dynamic property App\Controllers\Products::$brand is deprecated in APPPATH\Controllers\Products.php on line 41.
 1 SYSTEMPATH\CodeIgniter.php(906): App\Controllers\Products->__construct()
 2 SYSTEMPATH\CodeIgniter.php(490): CodeIgniter\CodeIgniter->createController()
 3 SYSTEMPATH\CodeIgniter.php(368): CodeIgniter\CodeIgniter->handleRequest(null, Object(Config\Cache), false)
 4 FCPATH\index.php(67): CodeIgniter\CodeIgniter->run()
WARNING - 2026-05-20 12:04:59 --> [DEPRECATED] Creation of dynamic property App\Controllers\Products::$Allsettings is deprecated in APPPATH\Controllers\Products.php on line 42.
 1 SYSTEMPATH\CodeIgniter.php(906): App\Controllers\Products->__construct()
 2 SYSTEMPATH\CodeIgniter.php(490): CodeIgniter\CodeIgniter->createController()
 3 SYSTEMPATH\CodeIgniter.php(368): CodeIgniter\CodeIgniter->handleRequest(null, Object(Config\Cache), false)
 4 FCPATH\index.php(67): CodeIgniter\CodeIgniter->run()
WARNING - 2026-05-20 12:04:59 --> [DEPRECATED] Creation of dynamic property App\Controllers\Products::$Orderitemmodel is deprecated in APPPATH\Controllers\Products.php on line 43.
 1 SYSTEMPATH\CodeIgniter.php(906): App\Controllers\Products->__construct()
 2 SYSTEMPATH\CodeIgniter.php(490): CodeIgniter\CodeIgniter->createController()
 3 SYSTEMPATH\CodeIgniter.php(368): CodeIgniter\CodeIgniter->handleRequest(null, Object(Config\Cache), false)
 4 FCPATH\index.php(67): CodeIgniter\CodeIgniter->run()
WARNING - 2026-05-20 12:04:59 --> [DEPRECATED] Creation of dynamic property App\Controllers\Products::$Ordermodel is deprecated in APPPATH\Controllers\Products.php on line 44.
 1 SYSTEMPATH\CodeIgniter.php(906): App\Controllers\Products->__construct()
 2 SYSTEMPATH\CodeIgniter.php(490): CodeIgniter\CodeIgniter->createController()
 3 SYSTEMPATH\CodeIgniter.php(368): CodeIgniter\CodeIgniter->handleRequest(null, Object(Config\Cache), false)
 4 FCPATH\index.php(67): CodeIgniter\CodeIgniter->run()
WARNING - 2026-05-20 12:04:59 --> [DEPRECATED] Creation of dynamic property App\Controllers\Products::$CartModel is deprecated in APPPATH\Controllers\Products.php on line 45.
 1 SYSTEMPATH\CodeIgniter.php(906): App\Controllers\Products->__construct()
 2 SYSTEMPATH\CodeIgniter.php(490): CodeIgniter\CodeIgniter->createController()
 3 SYSTEMPATH\CodeIgniter.php(368): CodeIgniter\CodeIgniter->handleRequest(null, Object(Config\Cache), false)
 4 FCPATH\index.php(67): CodeIgniter\CodeIgniter->run()
WARNING - 2026-05-20 12:04:59 --> [DEPRECATED] Creation of dynamic property App\Controllers\Products::$Reviewmodel is deprecated in APPPATH\Controllers\Products.php on line 46.
 1 SYSTEMPATH\CodeIgniter.php(906): App\Controllers\Products->__construct()
 2 SYSTEMPATH\CodeIgniter.php(490): CodeIgniter\CodeIgniter->createController()
 3 SYSTEMPATH\CodeIgniter.php(368): CodeIgniter\CodeIgniter->handleRequest(null, Object(Config\Cache), false)
 4 FCPATH\index.php(67): CodeIgniter\CodeIgniter->run()
WARNING - 2026-05-20 12:04:59 --> [DEPRECATED] Creation of dynamic property App\Controllers\Products::$TaxesclassModel is deprecated in APPPATH\Controllers\Products.php on line 47.
 1 SYSTEMPATH\CodeIgniter.php(906): App\Controllers\Products->__construct()
 2 SYSTEMPATH\CodeIgniter.php(490): CodeIgniter\CodeIgniter->createController()
 3 SYSTEMPATH\CodeIgniter.php(368): CodeIgniter\CodeIgniter->handleRequest(null, Object(Config\Cache), false)
 4 FCPATH\index.php(67): CodeIgniter\CodeIgniter->run()
WARNING - 2026-05-20 12:04:59 --> [DEPRECATED] Creation of dynamic property App\Controllers\Products::$cms is deprecated in APPPATH\Controllers\Products.php on line 48.
 1 SYSTEMPATH\CodeIgniter.php(906): App\Controllers\Products->__construct()
 2 SYSTEMPATH\CodeIgniter.php(490): CodeIgniter\CodeIgniter->createController()
 3 SYSTEMPATH\CodeIgniter.php(368): CodeIgniter\CodeIgniter->handleRequest(null, Object(Config\Cache), false)
 4 FCPATH\index.php(67): CodeIgniter\CodeIgniter->run()
INFO - 2026-05-20 12:05:07 --> Session: Class initialized using 'CodeIgniter\Session\Handlers\FileHandler' driver.
WARNING - 2026-05-20 12:05:07 --> [DEPRECATED] Creation of dynamic property App\Controllers\Products::$session is deprecated in APPPATH\Controllers\Products.php on line 30.
 1 SYSTEMPATH\CodeIgniter.php(906): App\Controllers\Products->__construct()
 2 SYSTEMPATH\CodeIgniter.php(490): CodeIgniter\CodeIgniter->createController()
 3 SYSTEMPATH\CodeIgniter.php(368): CodeIgniter\CodeIgniter->handleRequest(null, Object(Config\Cache), false)
 4 FCPATH\index.php(67): CodeIgniter\CodeIgniter->run()
WARNING - 2026-05-20 12:05:07 --> Session: Sessions is enabled, and one exists. Please don't $session->start();
WARNING - 2026-05-20 12:05:07 --> [DEPRECATED] Creation of dynamic property App\Controllers\Products::$catagory is deprecated in APPPATH\Controllers\Products.php on line 33.
 1 SYSTEMPATH\CodeIgniter.php(906): App\Controllers\Products->__construct()
 2 SYSTEMPATH\CodeIgniter.php(490): CodeIgniter\CodeIgniter->createController()
 3 SYSTEMPATH\CodeIgniter.php(368): CodeIgniter\CodeIgniter->handleRequest(null, Object(Config\Cache), false)
 4 FCPATH\index.php(67): CodeIgniter\CodeIgniter->run()
WARNING - 2026-05-20 12:05:07 --> [DEPRECATED] Creation of dynamic property App\Controllers\Products::$variation is deprecated in APPPATH\Controllers\Products.php on line 34.
 1 SYSTEMPATH\CodeIgniter.php(906): App\Controllers\Products->__construct()
 2 SYSTEMPATH\CodeIgniter.php(490): CodeIgniter\CodeIgniter->createController()
 3 SYSTEMPATH\CodeIgniter.php(368): CodeIgniter\CodeIgniter->handleRequest(null, Object(Config\Cache), false)
 4 FCPATH\index.php(67): CodeIgniter\CodeIgniter->run()
WARNING - 2026-05-20 12:05:07 --> [DEPRECATED] Creation of dynamic property App\Controllers\Products::$variationtype is deprecated in APPPATH\Controllers\Products.php on line 35.
 1 SYSTEMPATH\CodeIgniter.php(906): App\Controllers\Products->__construct()
 2 SYSTEMPATH\CodeIgniter.php(490): CodeIgniter\CodeIgniter->createController()
 3 SYSTEMPATH\CodeIgniter.php(368): CodeIgniter\CodeIgniter->handleRequest(null, Object(Config\Cache), false)
 4 FCPATH\index.php(67): CodeIgniter\CodeIgniter->run()
WARNING - 2026-05-20 12:05:07 --> [DEPRECATED] Creation of dynamic property App\Controllers\Products::$subcategory is deprecated in APPPATH\Controllers\Products.php on line 36.
 1 SYSTEMPATH\CodeIgniter.php(906): App\Controllers\Products->__construct()
 2 SYSTEMPATH\CodeIgniter.php(490): CodeIgniter\CodeIgniter->createController()
 3 SYSTEMPATH\CodeIgniter.php(368): CodeIgniter\CodeIgniter->handleRequest(null, Object(Config\Cache), false)
 4 FCPATH\index.php(67): CodeIgniter\CodeIgniter->run()
WARNING - 2026-05-20 12:05:07 --> [DEPRECATED] Creation of dynamic property App\Controllers\Products::$product is deprecated in APPPATH\Controllers\Products.php on line 37.
 1 SYSTEMPATH\CodeIgniter.php(906): App\Controllers\Products->__construct()
 2 SYSTEMPATH\CodeIgniter.php(490): CodeIgniter\CodeIgniter->createController()
 3 SYSTEMPATH\CodeIgniter.php(368): CodeIgniter\CodeIgniter->handleRequest(null, Object(Config\Cache), false)
 4 FCPATH\index.php(67): CodeIgniter\CodeIgniter->run()
WARNING - 2026-05-20 12:05:07 --> [DEPRECATED] Creation of dynamic property App\Controllers\Products::$tags is deprecated in APPPATH\Controllers\Products.php on line 38.
 1 SYSTEMPATH\CodeIgniter.php(906): App\Controllers\Products->__construct()
 2 SYSTEMPATH\CodeIgniter.php(490): CodeIgniter\CodeIgniter->createController()
 3 SYSTEMPATH\CodeIgniter.php(368): CodeIgniter\CodeIgniter->handleRequest(null, Object(Config\Cache), false)
 4 FCPATH\index.php(67): CodeIgniter\CodeIgniter->run()
WARNING - 2026-05-20 12:05:07 --> [DEPRECATED] Creation of dynamic property App\Controllers\Products::$shippingmethod is deprecated in APPPATH\Controllers\Products.php on line 39.
 1 SYSTEMPATH\CodeIgniter.php(906): App\Controllers\Products->__construct()
 2 SYSTEMPATH\CodeIgniter.php(490): CodeIgniter\CodeIgniter->createController()
 3 SYSTEMPATH\CodeIgniter.php(368): CodeIgniter\CodeIgniter->handleRequest(null, Object(Config\Cache), false)
 4 FCPATH\index.php(67): CodeIgniter\CodeIgniter->run()
WARNING - 2026-05-20 12:05:07 --> [DEPRECATED] Creation of dynamic property App\Controllers\Products::$optionvalue is deprecated in APPPATH\Controllers\Products.php on line 40.
 1 SYSTEMPATH\CodeIgniter.php(906): App\Controllers\Products->__construct()
 2 SYSTEMPATH\CodeIgniter.php(490): CodeIgniter\CodeIgniter->createController()
 3 SYSTEMPATH\CodeIgniter.php(368): CodeIgniter\CodeIgniter->handleRequest(null, Object(Config\Cache), false)
 4 FCPATH\index.php(67): CodeIgniter\CodeIgniter->run()
WARNING - 2026-05-20 12:05:07 --> [DEPRECATED] Creation of dynamic property App\Controllers\Products::$brand is deprecated in APPPATH\Controllers\Products.php on line 41.
 1 SYSTEMPATH\CodeIgniter.php(906): App\Controllers\Products->__construct()
 2 SYSTEMPATH\CodeIgniter.php(490): CodeIgniter\CodeIgniter->createController()
 3 SYSTEMPATH\CodeIgniter.php(368): CodeIgniter\CodeIgniter->handleRequest(null, Object(Config\Cache), false)
 4 FCPATH\index.php(67): CodeIgniter\CodeIgniter->run()
WARNING - 2026-05-20 12:05:07 --> [DEPRECATED] Creation of dynamic property App\Controllers\Products::$Allsettings is deprecated in APPPATH\Controllers\Products.php on line 42.
 1 SYSTEMPATH\CodeIgniter.php(906): App\Controllers\Products->__construct()
 2 SYSTEMPATH\CodeIgniter.php(490): CodeIgniter\CodeIgniter->createController()
 3 SYSTEMPATH\CodeIgniter.php(368): CodeIgniter\CodeIgniter->handleRequest(null, Object(Config\Cache), false)
 4 FCPATH\index.php(67): CodeIgniter\CodeIgniter->run()
WARNING - 2026-05-20 12:05:07 --> [DEPRECATED] Creation of dynamic property App\Controllers\Products::$Orderitemmodel is deprecated in APPPATH\Controllers\Products.php on line 43.
 1 SYSTEMPATH\CodeIgniter.php(906): App\Controllers\Products->__construct()
 2 SYSTEMPATH\CodeIgniter.php(490): CodeIgniter\CodeIgniter->createController()
 3 SYSTEMPATH\CodeIgniter.php(368): CodeIgniter\CodeIgniter->handleRequest(null, Object(Config\Cache), false)
 4 FCPATH\index.php(67): CodeIgniter\CodeIgniter->run()
WARNING - 2026-05-20 12:05:07 --> [DEPRECATED] Creation of dynamic property App\Controllers\Products::$Ordermodel is deprecated in APPPATH\Controllers\Products.php on line 44.
 1 SYSTEMPATH\CodeIgniter.php(906): App\Controllers\Products->__construct()
 2 SYSTEMPATH\CodeIgniter.php(490): CodeIgniter\CodeIgniter->createController()
 3 SYSTEMPATH\CodeIgniter.php(368): CodeIgniter\CodeIgniter->handleRequest(null, Object(Config\Cache), false)
 4 FCPATH\index.php(67): CodeIgniter\CodeIgniter->run()
WARNING - 2026-05-20 12:05:07 --> [DEPRECATED] Creation of dynamic property App\Controllers\Products::$CartModel is deprecated in APPPATH\Controllers\Products.php on line 45.
 1 SYSTEMPATH\CodeIgniter.php(906): App\Controllers\Products->__construct()
 2 SYSTEMPATH\CodeIgniter.php(490): CodeIgniter\CodeIgniter->createController()
 3 SYSTEMPATH\CodeIgniter.php(368): CodeIgniter\CodeIgniter->handleRequest(null, Object(Config\Cache), false)
 4 FCPATH\index.php(67): CodeIgniter\CodeIgniter->run()
WARNING - 2026-05-20 12:05:07 --> [DEPRECATED] Creation of dynamic property App\Controllers\Products::$Reviewmodel is deprecated in APPPATH\Controllers\Products.php on line 46.
 1 SYSTEMPATH\CodeIgniter.php(906): App\Controllers\Products->__construct()
 2 SYSTEMPATH\CodeIgniter.php(490): CodeIgniter\CodeIgniter->createController()
 3 SYSTEMPATH\CodeIgniter.php(368): CodeIgniter\CodeIgniter->handleRequest(null, Object(Config\Cache), false)
 4 FCPATH\index.php(67): CodeIgniter\CodeIgniter->run()
WARNING - 2026-05-20 12:05:07 --> [DEPRECATED] Creation of dynamic property App\Controllers\Products::$TaxesclassModel is deprecated in APPPATH\Controllers\Products.php on line 47.
 1 SYSTEMPATH\CodeIgniter.php(906): App\Controllers\Products->__construct()
 2 SYSTEMPATH\CodeIgniter.php(490): CodeIgniter\CodeIgniter->createController()
 3 SYSTEMPATH\CodeIgniter.php(368): CodeIgniter\CodeIgniter->handleRequest(null, Object(Config\Cache), false)
 4 FCPATH\index.php(67): CodeIgniter\CodeIgniter->run()
WARNING - 2026-05-20 12:05:07 --> [DEPRECATED] Creation of dynamic property App\Controllers\Products::$cms is deprecated in APPPATH\Controllers\Products.php on line 48.
 1 SYSTEMPATH\CodeIgniter.php(906): App\Controllers\Products->__construct()
 2 SYSTEMPATH\CodeIgniter.php(490): CodeIgniter\CodeIgniter->createController()
 3 SYSTEMPATH\CodeIgniter.php(368): CodeIgniter\CodeIgniter->handleRequest(null, Object(Config\Cache), false)
 4 FCPATH\index.php(67): CodeIgniter\CodeIgniter->run()
INFO - 2026-05-20 12:05:11 --> Session: Class initialized using 'CodeIgniter\Session\Handlers\FileHandler' driver.
WARNING - 2026-05-20 12:05:11 --> [DEPRECATED] Creation of dynamic property App\Controllers\Products::$session is deprecated in APPPATH\Controllers\Products.php on line 30.
 1 SYSTEMPATH\CodeIgniter.php(906): App\Controllers\Products->__construct()
 2 SYSTEMPATH\CodeIgniter.php(490): CodeIgniter\CodeIgniter->createController()
 3 SYSTEMPATH\CodeIgniter.php(368): CodeIgniter\CodeIgniter->handleRequest(null, Object(Config\Cache), false)
 4 FCPATH\index.php(67): CodeIgniter\CodeIgniter->run()
WARNING - 2026-05-20 12:05:11 --> Session: Sessions is enabled, and one exists. Please don't $session->start();
WARNING - 2026-05-20 12:05:11 --> [DEPRECATED] Creation of dynamic property App\Controllers\Products::$catagory is deprecated in APPPATH\Controllers\Products.php on line 33.
 1 SYSTEMPATH\CodeIgniter.php(906): App\Controllers\Products->__construct()
 2 SYSTEMPATH\CodeIgniter.php(490): CodeIgniter\CodeIgniter->createController()
 3 SYSTEMPATH\CodeIgniter.php(368): CodeIgniter\CodeIgniter->handleRequest(null, Object(Config\Cache), false)
 4 FCPATH\index.php(67): CodeIgniter\CodeIgniter->run()
WARNING - 2026-05-20 12:05:11 --> [DEPRECATED] Creation of dynamic property App\Controllers\Products::$variation is deprecated in APPPATH\Controllers\Products.php on line 34.
 1 SYSTEMPATH\CodeIgniter.php(906): App\Controllers\Products->__construct()
 2 SYSTEMPATH\CodeIgniter.php(490): CodeIgniter\CodeIgniter->createController()
 3 SYSTEMPATH\CodeIgniter.php(368): CodeIgniter\CodeIgniter->handleRequest(null, Object(Config\Cache), false)
 4 FCPATH\index.php(67): CodeIgniter\CodeIgniter->run()
WARNING - 2026-05-20 12:05:11 --> [DEPRECATED] Creation of dynamic property App\Controllers\Products::$variationtype is deprecated in APPPATH\Controllers\Products.php on line 35.
 1 SYSTEMPATH\CodeIgniter.php(906): App\Controllers\Products->__construct()
 2 SYSTEMPATH\CodeIgniter.php(490): CodeIgniter\CodeIgniter->createController()
 3 SYSTEMPATH\CodeIgniter.php(368): CodeIgniter\CodeIgniter->handleRequest(null, Object(Config\Cache), false)
 4 FCPATH\index.php(67): CodeIgniter\CodeIgniter->run()
WARNING - 2026-05-20 12:05:11 --> [DEPRECATED] Creation of dynamic property App\Controllers\Products::$subcategory is deprecated in APPPATH\Controllers\Products.php on line 36.
 1 SYSTEMPATH\CodeIgniter.php(906): App\Controllers\Products->__construct()
 2 SYSTEMPATH\CodeIgniter.php(490): CodeIgniter\CodeIgniter->createController()
 3 SYSTEMPATH\CodeIgniter.php(368): CodeIgniter\CodeIgniter->handleRequest(null, Object(Config\Cache), false)
 4 FCPATH\index.php(67): CodeIgniter\CodeIgniter->run()
WARNING - 2026-05-20 12:05:11 --> [DEPRECATED] Creation of dynamic property App\Controllers\Products::$product is deprecated in APPPATH\Controllers\Products.php on line 37.
 1 SYSTEMPATH\CodeIgniter.php(906): App\Controllers\Products->__construct()
 2 SYSTEMPATH\CodeIgniter.php(490): CodeIgniter\CodeIgniter->createController()
 3 SYSTEMPATH\CodeIgniter.php(368): CodeIgniter\CodeIgniter->handleRequest(null, Object(Config\Cache), false)
 4 FCPATH\index.php(67): CodeIgniter\CodeIgniter->run()
WARNING - 2026-05-20 12:05:11 --> [DEPRECATED] Creation of dynamic property App\Controllers\Products::$tags is deprecated in APPPATH\Controllers\Products.php on line 38.
 1 SYSTEMPATH\CodeIgniter.php(906): App\Controllers\Products->__construct()
 2 SYSTEMPATH\CodeIgniter.php(490): CodeIgniter\CodeIgniter->createController()
 3 SYSTEMPATH\CodeIgniter.php(368): CodeIgniter\CodeIgniter->handleRequest(null, Object(Config\Cache), false)
 4 FCPATH\index.php(67): CodeIgniter\CodeIgniter->run()
WARNING - 2026-05-20 12:05:11 --> [DEPRECATED] Creation of dynamic property App\Controllers\Products::$shippingmethod is deprecated in APPPATH\Controllers\Products.php on line 39.
 1 SYSTEMPATH\CodeIgniter.php(906): App\Controllers\Products->__construct()
 2 SYSTEMPATH\CodeIgniter.php(490): CodeIgniter\CodeIgniter->createController()
 3 SYSTEMPATH\CodeIgniter.php(368): CodeIgniter\CodeIgniter->handleRequest(null, Object(Config\Cache), false)
 4 FCPATH\index.php(67): CodeIgniter\CodeIgniter->run()
WARNING - 2026-05-20 12:05:11 --> [DEPRECATED] Creation of dynamic property App\Controllers\Products::$optionvalue is deprecated in APPPATH\Controllers\Products.php on line 40.
 1 SYSTEMPATH\CodeIgniter.php(906): App\Controllers\Products->__construct()
 2 SYSTEMPATH\CodeIgniter.php(490): CodeIgniter\CodeIgniter->createController()
 3 SYSTEMPATH\CodeIgniter.php(368): CodeIgniter\CodeIgniter->handleRequest(null, Object(Config\Cache), false)
 4 FCPATH\index.php(67): CodeIgniter\CodeIgniter->run()
WARNING - 2026-05-20 12:05:11 --> [DEPRECATED] Creation of dynamic property App\Controllers\Products::$brand is deprecated in APPPATH\Controllers\Products.php on line 41.
 1 SYSTEMPATH\CodeIgniter.php(906): App\Controllers\Products->__construct()
 2 SYSTEMPATH\CodeIgniter.php(490): CodeIgniter\CodeIgniter->createController()
 3 SYSTEMPATH\CodeIgniter.php(368): CodeIgniter\CodeIgniter->handleRequest(null, Object(Config\Cache), false)
 4 FCPATH\index.php(67): CodeIgniter\CodeIgniter->run()
WARNING - 2026-05-20 12:05:12 --> [DEPRECATED] Creation of dynamic property App\Controllers\Products::$Allsettings is deprecated in APPPATH\Controllers\Products.php on line 42.
 1 SYSTEMPATH\CodeIgniter.php(906): App\Controllers\Products->__construct()
 2 SYSTEMPATH\CodeIgniter.php(490): CodeIgniter\CodeIgniter->createController()
 3 SYSTEMPATH\CodeIgniter.php(368): CodeIgniter\CodeIgniter->handleRequest(null, Object(Config\Cache), false)
 4 FCPATH\index.php(67): CodeIgniter\CodeIgniter->run()
WARNING - 2026-05-20 12:05:12 --> [DEPRECATED] Creation of dynamic property App\Controllers\Products::$Orderitemmodel is deprecated in APPPATH\Controllers\Products.php on line 43.
 1 SYSTEMPATH\CodeIgniter.php(906): App\Controllers\Products->__construct()
 2 SYSTEMPATH\CodeIgniter.php(490): CodeIgniter\CodeIgniter->createController()
 3 SYSTEMPATH\CodeIgniter.php(368): CodeIgniter\CodeIgniter->handleRequest(null, Object(Config\Cache), false)
 4 FCPATH\index.php(67): CodeIgniter\CodeIgniter->run()
WARNING - 2026-05-20 12:05:12 --> [DEPRECATED] Creation of dynamic property App\Controllers\Products::$Ordermodel is deprecated in APPPATH\Controllers\Products.php on line 44.
 1 SYSTEMPATH\CodeIgniter.php(906): App\Controllers\Products->__construct()
 2 SYSTEMPATH\CodeIgniter.php(490): CodeIgniter\CodeIgniter->createController()
 3 SYSTEMPATH\CodeIgniter.php(368): CodeIgniter\CodeIgniter->handleRequest(null, Object(Config\Cache), false)
 4 FCPATH\index.php(67): CodeIgniter\CodeIgniter->run()
WARNING - 2026-05-20 12:05:12 --> [DEPRECATED] Creation of dynamic property App\Controllers\Products::$CartModel is deprecated in APPPATH\Controllers\Products.php on line 45.
 1 SYSTEMPATH\CodeIgniter.php(906): App\Controllers\Products->__construct()
 2 SYSTEMPATH\CodeIgniter.php(490): CodeIgniter\CodeIgniter->createController()
 3 SYSTEMPATH\CodeIgniter.php(368): CodeIgniter\CodeIgniter->handleRequest(null, Object(Config\Cache), false)
 4 FCPATH\index.php(67): CodeIgniter\CodeIgniter->run()
WARNING - 2026-05-20 12:05:12 --> [DEPRECATED] Creation of dynamic property App\Controllers\Products::$Reviewmodel is deprecated in APPPATH\Controllers\Products.php on line 46.
 1 SYSTEMPATH\CodeIgniter.php(906): App\Controllers\Products->__construct()
 2 SYSTEMPATH\CodeIgniter.php(490): CodeIgniter\CodeIgniter->createController()
 3 SYSTEMPATH\CodeIgniter.php(368): CodeIgniter\CodeIgniter->handleRequest(null, Object(Config\Cache), false)
 4 FCPATH\index.php(67): CodeIgniter\CodeIgniter->run()
WARNING - 2026-05-20 12:05:12 --> [DEPRECATED] Creation of dynamic property App\Controllers\Products::$TaxesclassModel is deprecated in APPPATH\Controllers\Products.php on line 47.
 1 SYSTEMPATH\CodeIgniter.php(906): App\Controllers\Products->__construct()
 2 SYSTEMPATH\CodeIgniter.php(490): CodeIgniter\CodeIgniter->createController()
 3 SYSTEMPATH\CodeIgniter.php(368): CodeIgniter\CodeIgniter->handleRequest(null, Object(Config\Cache), false)
 4 FCPATH\index.php(67): CodeIgniter\CodeIgniter->run()
WARNING - 2026-05-20 12:05:12 --> [DEPRECATED] Creation of dynamic property App\Controllers\Products::$cms is deprecated in APPPATH\Controllers\Products.php on line 48.
 1 SYSTEMPATH\CodeIgniter.php(906): App\Controllers\Products->__construct()
 2 SYSTEMPATH\CodeIgniter.php(490): CodeIgniter\CodeIgniter->createController()
 3 SYSTEMPATH\CodeIgniter.php(368): CodeIgniter\CodeIgniter->handleRequest(null, Object(Config\Cache), false)
 4 FCPATH\index.php(67): CodeIgniter\CodeIgniter->run()
INFO - 2026-05-20 12:05:22 --> Session: Class initialized using 'CodeIgniter\Session\Handlers\FileHandler' driver.
WARNING - 2026-05-20 12:05:22 --> [DEPRECATED] Creation of dynamic property App\Controllers\Products::$session is deprecated in APPPATH\Controllers\Products.php on line 30.
 1 SYSTEMPATH\CodeIgniter.php(906): App\Controllers\Products->__construct()
 2 SYSTEMPATH\CodeIgniter.php(490): CodeIgniter\CodeIgniter->createController()
 3 SYSTEMPATH\CodeIgniter.php(368): CodeIgniter\CodeIgniter->handleRequest(null, Object(Config\Cache), false)
 4 FCPATH\index.php(67): CodeIgniter\CodeIgniter->run()
WARNING - 2026-05-20 12:05:22 --> Session: Sessions is enabled, and one exists. Please don't $session->start();
WARNING - 2026-05-20 12:05:22 --> [DEPRECATED] Creation of dynamic property App\Controllers\Products::$catagory is deprecated in APPPATH\Controllers\Products.php on line 33.
 1 SYSTEMPATH\CodeIgniter.php(906): App\Controllers\Products->__construct()
 2 SYSTEMPATH\CodeIgniter.php(490): CodeIgniter\CodeIgniter->createController()
 3 SYSTEMPATH\CodeIgniter.php(368): CodeIgniter\CodeIgniter->handleRequest(null, Object(Config\Cache), false)
 4 FCPATH\index.php(67): CodeIgniter\CodeIgniter->run()
WARNING - 2026-05-20 12:05:22 --> [DEPRECATED] Creation of dynamic property App\Controllers\Products::$variation is deprecated in APPPATH\Controllers\Products.php on line 34.
 1 SYSTEMPATH\CodeIgniter.php(906): App\Controllers\Products->__construct()
 2 SYSTEMPATH\CodeIgniter.php(490): CodeIgniter\CodeIgniter->createController()
 3 SYSTEMPATH\CodeIgniter.php(368): CodeIgniter\CodeIgniter->handleRequest(null, Object(Config\Cache), false)
 4 FCPATH\index.php(67): CodeIgniter\CodeIgniter->run()
WARNING - 2026-05-20 12:05:22 --> [DEPRECATED] Creation of dynamic property App\Controllers\Products::$variationtype is deprecated in APPPATH\Controllers\Products.php on line 35.
 1 SYSTEMPATH\CodeIgniter.php(906): App\Controllers\Products->__construct()
 2 SYSTEMPATH\CodeIgniter.php(490): CodeIgniter\CodeIgniter->createController()
 3 SYSTEMPATH\CodeIgniter.php(368): CodeIgniter\CodeIgniter->handleRequest(null, Object(Config\Cache), false)
 4 FCPATH\index.php(67): CodeIgniter\CodeIgniter->run()
WARNING - 2026-05-20 12:05:22 --> [DEPRECATED] Creation of dynamic property App\Controllers\Products::$subcategory is deprecated in APPPATH\Controllers\Products.php on line 36.
 1 SYSTEMPATH\CodeIgniter.php(906): App\Controllers\Products->__construct()
 2 SYSTEMPATH\CodeIgniter.php(490): CodeIgniter\CodeIgniter->createController()
 3 SYSTEMPATH\CodeIgniter.php(368): CodeIgniter\CodeIgniter->handleRequest(null, Object(Config\Cache), false)
 4 FCPATH\index.php(67): CodeIgniter\CodeIgniter->run()
WARNING - 2026-05-20 12:05:22 --> [DEPRECATED] Creation of dynamic property App\Controllers\Products::$product is deprecated in APPPATH\Controllers\Products.php on line 37.
 1 SYSTEMPATH\CodeIgniter.php(906): App\Controllers\Products->__construct()
 2 SYSTEMPATH\CodeIgniter.php(490): CodeIgniter\CodeIgniter->createController()
 3 SYSTEMPATH\CodeIgniter.php(368): CodeIgniter\CodeIgniter->handleRequest(null, Object(Config\Cache), false)
 4 FCPATH\index.php(67): CodeIgniter\CodeIgniter->run()
WARNING - 2026-05-20 12:05:22 --> [DEPRECATED] Creation of dynamic property App\Controllers\Products::$tags is deprecated in APPPATH\Controllers\Products.php on line 38.
 1 SYSTEMPATH\CodeIgniter.php(906): App\Controllers\Products->__construct()
 2 SYSTEMPATH\CodeIgniter.php(490): CodeIgniter\CodeIgniter->createController()
 3 SYSTEMPATH\CodeIgniter.php(368): CodeIgniter\CodeIgniter->handleRequest(null, Object(Config\Cache), false)
 4 FCPATH\index.php(67): CodeIgniter\CodeIgniter->run()
WARNING - 2026-05-20 12:05:22 --> [DEPRECATED] Creation of dynamic property App\Controllers\Products::$shippingmethod is deprecated in APPPATH\Controllers\Products.php on line 39.
 1 SYSTEMPATH\CodeIgniter.php(906): App\Controllers\Products->__construct()
 2 SYSTEMPATH\CodeIgniter.php(490): CodeIgniter\CodeIgniter->createController()
 3 SYSTEMPATH\CodeIgniter.php(368): CodeIgniter\CodeIgniter->handleRequest(null, Object(Config\Cache), false)
 4 FCPATH\index.php(67): CodeIgniter\CodeIgniter->run()
WARNING - 2026-05-20 12:05:22 --> [DEPRECATED] Creation of dynamic property App\Controllers\Products::$optionvalue is deprecated in APPPATH\Controllers\Products.php on line 40.
 1 SYSTEMPATH\CodeIgniter.php(906): App\Controllers\Products->__construct()
 2 SYSTEMPATH\CodeIgniter.php(490): CodeIgniter\CodeIgniter->createController()
 3 SYSTEMPATH\CodeIgniter.php(368): CodeIgniter\CodeIgniter->handleRequest(null, Object(Config\Cache), false)
 4 FCPATH\index.php(67): CodeIgniter\CodeIgniter->run()
WARNING - 2026-05-20 12:05:22 --> [DEPRECATED] Creation of dynamic property App\Controllers\Products::$brand is deprecated in APPPATH\Controllers\Products.php on line 41.
 1 SYSTEMPATH\CodeIgniter.php(906): App\Controllers\Products->__construct()
 2 SYSTEMPATH\CodeIgniter.php(490): CodeIgniter\CodeIgniter->createController()
 3 SYSTEMPATH\CodeIgniter.php(368): CodeIgniter\CodeIgniter->handleRequest(null, Object(Config\Cache), false)
 4 FCPATH\index.php(67): CodeIgniter\CodeIgniter->run()
WARNING - 2026-05-20 12:05:22 --> [DEPRECATED] Creation of dynamic property App\Controllers\Products::$Allsettings is deprecated in APPPATH\Controllers\Products.php on line 42.
 1 SYSTEMPATH\CodeIgniter.php(906): App\Controllers\Products->__construct()
 2 SYSTEMPATH\CodeIgniter.php(490): CodeIgniter\CodeIgniter->createController()
 3 SYSTEMPATH\CodeIgniter.php(368): CodeIgniter\CodeIgniter->handleRequest(null, Object(Config\Cache), false)
 4 FCPATH\index.php(67): CodeIgniter\CodeIgniter->run()
WARNING - 2026-05-20 12:05:22 --> [DEPRECATED] Creation of dynamic property App\Controllers\Products::$Orderitemmodel is deprecated in APPPATH\Controllers\Products.php on line 43.
 1 SYSTEMPATH\CodeIgniter.php(906): App\Controllers\Products->__construct()
 2 SYSTEMPATH\CodeIgniter.php(490): CodeIgniter\CodeIgniter->createController()
 3 SYSTEMPATH\CodeIgniter.php(368): CodeIgniter\CodeIgniter->handleRequest(null, Object(Config\Cache), false)
 4 FCPATH\index.php(67): CodeIgniter\CodeIgniter->run()
WARNING - 2026-05-20 12:05:22 --> [DEPRECATED] Creation of dynamic property App\Controllers\Products::$Ordermodel is deprecated in APPPATH\Controllers\Products.php on line 44.
 1 SYSTEMPATH\CodeIgniter.php(906): App\Controllers\Products->__construct()
 2 SYSTEMPATH\CodeIgniter.php(490): CodeIgniter\CodeIgniter->createController()
 3 SYSTEMPATH\CodeIgniter.php(368): CodeIgniter\CodeIgniter->handleRequest(null, Object(Config\Cache), false)
 4 FCPATH\index.php(67): CodeIgniter\CodeIgniter->run()
WARNING - 2026-05-20 12:05:22 --> [DEPRECATED] Creation of dynamic property App\Controllers\Products::$CartModel is deprecated in APPPATH\Controllers\Products.php on line 45.
 1 SYSTEMPATH\CodeIgniter.php(906): App\Controllers\Products->__construct()
 2 SYSTEMPATH\CodeIgniter.php(490): CodeIgniter\CodeIgniter->createController()
 3 SYSTEMPATH\CodeIgniter.php(368): CodeIgniter\CodeIgniter->handleRequest(null, Object(Config\Cache), false)
 4 FCPATH\index.php(67): CodeIgniter\CodeIgniter->run()
WARNING - 2026-05-20 12:05:22 --> [DEPRECATED] Creation of dynamic property App\Controllers\Products::$Reviewmodel is deprecated in APPPATH\Controllers\Products.php on line 46.
 1 SYSTEMPATH\CodeIgniter.php(906): App\Controllers\Products->__construct()
 2 SYSTEMPATH\CodeIgniter.php(490): CodeIgniter\CodeIgniter->createController()
 3 SYSTEMPATH\CodeIgniter.php(368): CodeIgniter\CodeIgniter->handleRequest(null, Object(Config\Cache), false)
 4 FCPATH\index.php(67): CodeIgniter\CodeIgniter->run()
WARNING - 2026-05-20 12:05:22 --> [DEPRECATED] Creation of dynamic property App\Controllers\Products::$TaxesclassModel is deprecated in APPPATH\Controllers\Products.php on line 47.
 1 SYSTEMPATH\CodeIgniter.php(906): App\Controllers\Products->__construct()
 2 SYSTEMPATH\CodeIgniter.php(490): CodeIgniter\CodeIgniter->createController()
 3 SYSTEMPATH\CodeIgniter.php(368): CodeIgniter\CodeIgniter->handleRequest(null, Object(Config\Cache), false)
 4 FCPATH\index.php(67): CodeIgniter\CodeIgniter->run()
WARNING - 2026-05-20 12:05:22 --> [DEPRECATED] Creation of dynamic property App\Controllers\Products::$cms is deprecated in APPPATH\Controllers\Products.php on line 48.
 1 SYSTEMPATH\CodeIgniter.php(906): App\Controllers\Products->__construct()
 2 SYSTEMPATH\CodeIgniter.php(490): CodeIgniter\CodeIgniter->createController()
 3 SYSTEMPATH\CodeIgniter.php(368): CodeIgniter\CodeIgniter->handleRequest(null, Object(Config\Cache), false)
 4 FCPATH\index.php(67): CodeIgniter\CodeIgniter->run()
INFO - 2026-05-20 12:05:29 --> Session: Class initialized using 'CodeIgniter\Session\Handlers\FileHandler' driver.
WARNING - 2026-05-20 12:05:29 --> [DEPRECATED] Creation of dynamic property App\Controllers\Products::$session is deprecated in APPPATH\Controllers\Products.php on line 30.
 1 SYSTEMPATH\CodeIgniter.php(906): App\Controllers\Products->__construct()
 2 SYSTEMPATH\CodeIgniter.php(490): CodeIgniter\CodeIgniter->createController()
 3 SYSTEMPATH\CodeIgniter.php(368): CodeIgniter\CodeIgniter->handleRequest(null, Object(Config\Cache), false)
 4 FCPATH\index.php(67): CodeIgniter\CodeIgniter->run()
WARNING - 2026-05-20 12:05:29 --> Session: Sessions is enabled, and one exists. Please don't $session->start();
WARNING - 2026-05-20 12:05:29 --> [DEPRECATED] Creation of dynamic property App\Controllers\Products::$catagory is deprecated in APPPATH\Controllers\Products.php on line 33.
 1 SYSTEMPATH\CodeIgniter.php(906): App\Controllers\Products->__construct()
 2 SYSTEMPATH\CodeIgniter.php(490): CodeIgniter\CodeIgniter->createController()
 3 SYSTEMPATH\CodeIgniter.php(368): CodeIgniter\CodeIgniter->handleRequest(null, Object(Config\Cache), false)
 4 FCPATH\index.php(67): CodeIgniter\CodeIgniter->run()
WARNING - 2026-05-20 12:05:29 --> [DEPRECATED] Creation of dynamic property App\Controllers\Products::$variation is deprecated in APPPATH\Controllers\Products.php on line 34.
 1 SYSTEMPATH\CodeIgniter.php(906): App\Controllers\Products->__construct()
 2 SYSTEMPATH\CodeIgniter.php(490): CodeIgniter\CodeIgniter->createController()
 3 SYSTEMPATH\CodeIgniter.php(368): CodeIgniter\CodeIgniter->handleRequest(null, Object(Config\Cache), false)
 4 FCPATH\index.php(67): CodeIgniter\CodeIgniter->run()
WARNING - 2026-05-20 12:05:29 --> [DEPRECATED] Creation of dynamic property App\Controllers\Products::$variationtype is deprecated in APPPATH\Controllers\Products.php on line 35.
 1 SYSTEMPATH\CodeIgniter.php(906): App\Controllers\Products->__construct()
 2 SYSTEMPATH\CodeIgniter.php(490): CodeIgniter\CodeIgniter->createController()
 3 SYSTEMPATH\CodeIgniter.php(368): CodeIgniter\CodeIgniter->handleRequest(null, Object(Config\Cache), false)
 4 FCPATH\index.php(67): CodeIgniter\CodeIgniter->run()
WARNING - 2026-05-20 12:05:29 --> [DEPRECATED] Creation of dynamic property App\Controllers\Products::$subcategory is deprecated in APPPATH\Controllers\Products.php on line 36.
 1 SYSTEMPATH\CodeIgniter.php(906): App\Controllers\Products->__construct()
 2 SYSTEMPATH\CodeIgniter.php(490): CodeIgniter\CodeIgniter->createController()
 3 SYSTEMPATH\CodeIgniter.php(368): CodeIgniter\CodeIgniter->handleRequest(null, Object(Config\Cache), false)
 4 FCPATH\index.php(67): CodeIgniter\CodeIgniter->run()
WARNING - 2026-05-20 12:05:29 --> [DEPRECATED] Creation of dynamic property App\Controllers\Products::$product is deprecated in APPPATH\Controllers\Products.php on line 37.
 1 SYSTEMPATH\CodeIgniter.php(906): App\Controllers\Products->__construct()
 2 SYSTEMPATH\CodeIgniter.php(490): CodeIgniter\CodeIgniter->createController()
 3 SYSTEMPATH\CodeIgniter.php(368): CodeIgniter\CodeIgniter->handleRequest(null, Object(Config\Cache), false)
 4 FCPATH\index.php(67): CodeIgniter\CodeIgniter->run()
WARNING - 2026-05-20 12:05:29 --> [DEPRECATED] Creation of dynamic property App\Controllers\Products::$tags is deprecated in APPPATH\Controllers\Products.php on line 38.
 1 SYSTEMPATH\CodeIgniter.php(906): App\Controllers\Products->__construct()
 2 SYSTEMPATH\CodeIgniter.php(490): CodeIgniter\CodeIgniter->createController()
 3 SYSTEMPATH\CodeIgniter.php(368): CodeIgniter\CodeIgniter->handleRequest(null, Object(Config\Cache), false)
 4 FCPATH\index.php(67): CodeIgniter\CodeIgniter->run()
WARNING - 2026-05-20 12:05:29 --> [DEPRECATED] Creation of dynamic property App\Controllers\Products::$shippingmethod is deprecated in APPPATH\Controllers\Products.php on line 39.
 1 SYSTEMPATH\CodeIgniter.php(906): App\Controllers\Products->__construct()
 2 SYSTEMPATH\CodeIgniter.php(490): CodeIgniter\CodeIgniter->createController()
 3 SYSTEMPATH\CodeIgniter.php(368): CodeIgniter\CodeIgniter->handleRequest(null, Object(Config\Cache), false)
 4 FCPATH\index.php(67): CodeIgniter\CodeIgniter->run()
WARNING - 2026-05-20 12:05:29 --> [DEPRECATED] Creation of dynamic property App\Controllers\Products::$optionvalue is deprecated in APPPATH\Controllers\Products.php on line 40.
 1 SYSTEMPATH\CodeIgniter.php(906): App\Controllers\Products->__construct()
 2 SYSTEMPATH\CodeIgniter.php(490): CodeIgniter\CodeIgniter->createController()
 3 SYSTEMPATH\CodeIgniter.php(368): CodeIgniter\CodeIgniter->handleRequest(null, Object(Config\Cache), false)
 4 FCPATH\index.php(67): CodeIgniter\CodeIgniter->run()
WARNING - 2026-05-20 12:05:29 --> [DEPRECATED] Creation of dynamic property App\Controllers\Products::$brand is deprecated in APPPATH\Controllers\Products.php on line 41.
 1 SYSTEMPATH\CodeIgniter.php(906): App\Controllers\Products->__construct()
 2 SYSTEMPATH\CodeIgniter.php(490): CodeIgniter\CodeIgniter->createController()
 3 SYSTEMPATH\CodeIgniter.php(368): CodeIgniter\CodeIgniter->handleRequest(null, Object(Config\Cache), false)
 4 FCPATH\index.php(67): CodeIgniter\CodeIgniter->run()
WARNING - 2026-05-20 12:05:29 --> [DEPRECATED] Creation of dynamic property App\Controllers\Products::$Allsettings is deprecated in APPPATH\Controllers\Products.php on line 42.
 1 SYSTEMPATH\CodeIgniter.php(906): App\Controllers\Products->__construct()
 2 SYSTEMPATH\CodeIgniter.php(490): CodeIgniter\CodeIgniter->createController()
 3 SYSTEMPATH\CodeIgniter.php(368): CodeIgniter\CodeIgniter->handleRequest(null, Object(Config\Cache), false)
 4 FCPATH\index.php(67): CodeIgniter\CodeIgniter->run()
WARNING - 2026-05-20 12:05:29 --> [DEPRECATED] Creation of dynamic property App\Controllers\Products::$Orderitemmodel is deprecated in APPPATH\Controllers\Products.php on line 43.
 1 SYSTEMPATH\CodeIgniter.php(906): App\Controllers\Products->__construct()
 2 SYSTEMPATH\CodeIgniter.php(490): CodeIgniter\CodeIgniter->createController()
 3 SYSTEMPATH\CodeIgniter.php(368): CodeIgniter\CodeIgniter->handleRequest(null, Object(Config\Cache), false)
 4 FCPATH\index.php(67): CodeIgniter\CodeIgniter->run()
WARNING - 2026-05-20 12:05:29 --> [DEPRECATED] Creation of dynamic property App\Controllers\Products::$Ordermodel is deprecated in APPPATH\Controllers\Products.php on line 44.
 1 SYSTEMPATH\CodeIgniter.php(906): App\Controllers\Products->__construct()
 2 SYSTEMPATH\CodeIgniter.php(490): CodeIgniter\CodeIgniter->createController()
 3 SYSTEMPATH\CodeIgniter.php(368): CodeIgniter\CodeIgniter->handleRequest(null, Object(Config\Cache), false)
 4 FCPATH\index.php(67): CodeIgniter\CodeIgniter->run()
WARNING - 2026-05-20 12:05:29 --> [DEPRECATED] Creation of dynamic property App\Controllers\Products::$CartModel is deprecated in APPPATH\Controllers\Products.php on line 45.
 1 SYSTEMPATH\CodeIgniter.php(906): App\Controllers\Products->__construct()
 2 SYSTEMPATH\CodeIgniter.php(490): CodeIgniter\CodeIgniter->createController()
 3 SYSTEMPATH\CodeIgniter.php(368): CodeIgniter\CodeIgniter->handleRequest(null, Object(Config\Cache), false)
 4 FCPATH\index.php(67): CodeIgniter\CodeIgniter->run()
WARNING - 2026-05-20 12:05:29 --> [DEPRECATED] Creation of dynamic property App\Controllers\Products::$Reviewmodel is deprecated in APPPATH\Controllers\Products.php on line 46.
 1 SYSTEMPATH\CodeIgniter.php(906): App\Controllers\Products->__construct()
 2 SYSTEMPATH\CodeIgniter.php(490): CodeIgniter\CodeIgniter->createController()
 3 SYSTEMPATH\CodeIgniter.php(368): CodeIgniter\CodeIgniter->handleRequest(null, Object(Config\Cache), false)
 4 FCPATH\index.php(67): CodeIgniter\CodeIgniter->run()
WARNING - 2026-05-20 12:05:29 --> [DEPRECATED] Creation of dynamic property App\Controllers\Products::$TaxesclassModel is deprecated in APPPATH\Controllers\Products.php on line 47.
 1 SYSTEMPATH\CodeIgniter.php(906): App\Controllers\Products->__construct()
 2 SYSTEMPATH\CodeIgniter.php(490): CodeIgniter\CodeIgniter->createController()
 3 SYSTEMPATH\CodeIgniter.php(368): CodeIgniter\CodeIgniter->handleRequest(null, Object(Config\Cache), false)
 4 FCPATH\index.php(67): CodeIgniter\CodeIgniter->run()
WARNING - 2026-05-20 12:05:29 --> [DEPRECATED] Creation of dynamic property App\Controllers\Products::$cms is deprecated in APPPATH\Controllers\Products.php on line 48.
 1 SYSTEMPATH\CodeIgniter.php(906): App\Controllers\Products->__construct()
 2 SYSTEMPATH\CodeIgniter.php(490): CodeIgniter\CodeIgniter->createController()
 3 SYSTEMPATH\CodeIgniter.php(368): CodeIgniter\CodeIgniter->handleRequest(null, Object(Config\Cache), false)
 4 FCPATH\index.php(67): CodeIgniter\CodeIgniter->run()
INFO - 2026-05-20 12:05:34 --> Session: Class initialized using 'CodeIgniter\Session\Handlers\FileHandler' driver.
WARNING - 2026-05-20 12:05:34 --> [DEPRECATED] Creation of dynamic property App\Controllers\Products::$session is deprecated in APPPATH\Controllers\Products.php on line 30.
 1 SYSTEMPATH\CodeIgniter.php(906): App\Controllers\Products->__construct()
 2 SYSTEMPATH\CodeIgniter.php(490): CodeIgniter\CodeIgniter->createController()
 3 SYSTEMPATH\CodeIgniter.php(368): CodeIgniter\CodeIgniter->handleRequest(null, Object(Config\Cache), false)
 4 FCPATH\index.php(67): CodeIgniter\CodeIgniter->run()
WARNING - 2026-05-20 12:05:34 --> Session: Sessions is enabled, and one exists. Please don't $session->start();
WARNING - 2026-05-20 12:05:34 --> [DEPRECATED] Creation of dynamic property App\Controllers\Products::$catagory is deprecated in APPPATH\Controllers\Products.php on line 33.
 1 SYSTEMPATH\CodeIgniter.php(906): App\Controllers\Products->__construct()
 2 SYSTEMPATH\CodeIgniter.php(490): CodeIgniter\CodeIgniter->createController()
 3 SYSTEMPATH\CodeIgniter.php(368): CodeIgniter\CodeIgniter->handleRequest(null, Object(Config\Cache), false)
 4 FCPATH\index.php(67): CodeIgniter\CodeIgniter->run()
WARNING - 2026-05-20 12:05:34 --> [DEPRECATED] Creation of dynamic property App\Controllers\Products::$variation is deprecated in APPPATH\Controllers\Products.php on line 34.
 1 SYSTEMPATH\CodeIgniter.php(906): App\Controllers\Products->__construct()
 2 SYSTEMPATH\CodeIgniter.php(490): CodeIgniter\CodeIgniter->createController()
 3 SYSTEMPATH\CodeIgniter.php(368): CodeIgniter\CodeIgniter->handleRequest(null, Object(Config\Cache), false)
 4 FCPATH\index.php(67): CodeIgniter\CodeIgniter->run()
WARNING - 2026-05-20 12:05:34 --> [DEPRECATED] Creation of dynamic property App\Controllers\Products::$variationtype is deprecated in APPPATH\Controllers\Products.php on line 35.
 1 SYSTEMPATH\CodeIgniter.php(906): App\Controllers\Products->__construct()
 2 SYSTEMPATH\CodeIgniter.php(490): CodeIgniter\CodeIgniter->createController()
 3 SYSTEMPATH\CodeIgniter.php(368): CodeIgniter\CodeIgniter->handleRequest(null, Object(Config\Cache), false)
 4 FCPATH\index.php(67): CodeIgniter\CodeIgniter->run()
WARNING - 2026-05-20 12:05:34 --> [DEPRECATED] Creation of dynamic property App\Controllers\Products::$subcategory is deprecated in APPPATH\Controllers\Products.php on line 36.
 1 SYSTEMPATH\CodeIgniter.php(906): App\Controllers\Products->__construct()
 2 SYSTEMPATH\CodeIgniter.php(490): CodeIgniter\CodeIgniter->createController()
 3 SYSTEMPATH\CodeIgniter.php(368): CodeIgniter\CodeIgniter->handleRequest(null, Object(Config\Cache), false)
 4 FCPATH\index.php(67): CodeIgniter\CodeIgniter->run()
WARNING - 2026-05-20 12:05:34 --> [DEPRECATED] Creation of dynamic property App\Controllers\Products::$product is deprecated in APPPATH\Controllers\Products.php on line 37.
 1 SYSTEMPATH\CodeIgniter.php(906): App\Controllers\Products->__construct()
 2 SYSTEMPATH\CodeIgniter.php(490): CodeIgniter\CodeIgniter->createController()
 3 SYSTEMPATH\CodeIgniter.php(368): CodeIgniter\CodeIgniter->handleRequest(null, Object(Config\Cache), false)
 4 FCPATH\index.php(67): CodeIgniter\CodeIgniter->run()
WARNING - 2026-05-20 12:05:34 --> [DEPRECATED] Creation of dynamic property App\Controllers\Products::$tags is deprecated in APPPATH\Controllers\Products.php on line 38.
 1 SYSTEMPATH\CodeIgniter.php(906): App\Controllers\Products->__construct()
 2 SYSTEMPATH\CodeIgniter.php(490): CodeIgniter\CodeIgniter->createController()
 3 SYSTEMPATH\CodeIgniter.php(368): CodeIgniter\CodeIgniter->handleRequest(null, Object(Config\Cache), false)
 4 FCPATH\index.php(67): CodeIgniter\CodeIgniter->run()
WARNING - 2026-05-20 12:05:34 --> [DEPRECATED] Creation of dynamic property App\Controllers\Products::$shippingmethod is deprecated in APPPATH\Controllers\Products.php on line 39.
 1 SYSTEMPATH\CodeIgniter.php(906): App\Controllers\Products->__construct()
 2 SYSTEMPATH\CodeIgniter.php(490): CodeIgniter\CodeIgniter->createController()
 3 SYSTEMPATH\CodeIgniter.php(368): CodeIgniter\CodeIgniter->handleRequest(null, Object(Config\Cache), false)
 4 FCPATH\index.php(67): CodeIgniter\CodeIgniter->run()
WARNING - 2026-05-20 12:05:34 --> [DEPRECATED] Creation of dynamic property App\Controllers\Products::$optionvalue is deprecated in APPPATH\Controllers\Products.php on line 40.
 1 SYSTEMPATH\CodeIgniter.php(906): App\Controllers\Products->__construct()
 2 SYSTEMPATH\CodeIgniter.php(490): CodeIgniter\CodeIgniter->createController()
 3 SYSTEMPATH\CodeIgniter.php(368): CodeIgniter\CodeIgniter->handleRequest(null, Object(Config\Cache), false)
 4 FCPATH\index.php(67): CodeIgniter\CodeIgniter->run()
WARNING - 2026-05-20 12:05:34 --> [DEPRECATED] Creation of dynamic property App\Controllers\Products::$brand is deprecated in APPPATH\Controllers\Products.php on line 41.
 1 SYSTEMPATH\CodeIgniter.php(906): App\Controllers\Products->__construct()
 2 SYSTEMPATH\CodeIgniter.php(490): CodeIgniter\CodeIgniter->createController()
 3 SYSTEMPATH\CodeIgniter.php(368): CodeIgniter\CodeIgniter->handleRequest(null, Object(Config\Cache), false)
 4 FCPATH\index.php(67): CodeIgniter\CodeIgniter->run()
WARNING - 2026-05-20 12:05:34 --> [DEPRECATED] Creation of dynamic property App\Controllers\Products::$Allsettings is deprecated in APPPATH\Controllers\Products.php on line 42.
 1 SYSTEMPATH\CodeIgniter.php(906): App\Controllers\Products->__construct()
 2 SYSTEMPATH\CodeIgniter.php(490): CodeIgniter\CodeIgniter->createController()
 3 SYSTEMPATH\CodeIgniter.php(368): CodeIgniter\CodeIgniter->handleRequest(null, Object(Config\Cache), false)
 4 FCPATH\index.php(67): CodeIgniter\CodeIgniter->run()
WARNING - 2026-05-20 12:05:34 --> [DEPRECATED] Creation of dynamic property App\Controllers\Products::$Orderitemmodel is deprecated in APPPATH\Controllers\Products.php on line 43.
 1 SYSTEMPATH\CodeIgniter.php(906): App\Controllers\Products->__construct()
 2 SYSTEMPATH\CodeIgniter.php(490): CodeIgniter\CodeIgniter->createController()
 3 SYSTEMPATH\CodeIgniter.php(368): CodeIgniter\CodeIgniter->handleRequest(null, Object(Config\Cache), false)
 4 FCPATH\index.php(67): CodeIgniter\CodeIgniter->run()
WARNING - 2026-05-20 12:05:34 --> [DEPRECATED] Creation of dynamic property App\Controllers\Products::$Ordermodel is deprecated in APPPATH\Controllers\Products.php on line 44.
 1 SYSTEMPATH\CodeIgniter.php(906): App\Controllers\Products->__construct()
 2 SYSTEMPATH\CodeIgniter.php(490): CodeIgniter\CodeIgniter->createController()
 3 SYSTEMPATH\CodeIgniter.php(368): CodeIgniter\CodeIgniter->handleRequest(null, Object(Config\Cache), false)
 4 FCPATH\index.php(67): CodeIgniter\CodeIgniter->run()
WARNING - 2026-05-20 12:05:34 --> [DEPRECATED] Creation of dynamic property App\Controllers\Products::$CartModel is deprecated in APPPATH\Controllers\Products.php on line 45.
 1 SYSTEMPATH\CodeIgniter.php(906): App\Controllers\Products->__construct()
 2 SYSTEMPATH\CodeIgniter.php(490): CodeIgniter\CodeIgniter->createController()
 3 SYSTEMPATH\CodeIgniter.php(368): CodeIgniter\CodeIgniter->handleRequest(null, Object(Config\Cache), false)
 4 FCPATH\index.php(67): CodeIgniter\CodeIgniter->run()
WARNING - 2026-05-20 12:05:34 --> [DEPRECATED] Creation of dynamic property App\Controllers\Products::$Reviewmodel is deprecated in APPPATH\Controllers\Products.php on line 46.
 1 SYSTEMPATH\CodeIgniter.php(906): App\Controllers\Products->__construct()
 2 SYSTEMPATH\CodeIgniter.php(490): CodeIgniter\CodeIgniter->createController()
 3 SYSTEMPATH\CodeIgniter.php(368): CodeIgniter\CodeIgniter->handleRequest(null, Object(Config\Cache), false)
 4 FCPATH\index.php(67): CodeIgniter\CodeIgniter->run()
WARNING - 2026-05-20 12:05:34 --> [DEPRECATED] Creation of dynamic property App\Controllers\Products::$TaxesclassModel is deprecated in APPPATH\Controllers\Products.php on line 47.
 1 SYSTEMPATH\CodeIgniter.php(906): App\Controllers\Products->__construct()
 2 SYSTEMPATH\CodeIgniter.php(490): CodeIgniter\CodeIgniter->createController()
 3 SYSTEMPATH\CodeIgniter.php(368): CodeIgniter\CodeIgniter->handleRequest(null, Object(Config\Cache), false)
 4 FCPATH\index.php(67): CodeIgniter\CodeIgniter->run()
WARNING - 2026-05-20 12:05:34 --> [DEPRECATED] Creation of dynamic property App\Controllers\Products::$cms is deprecated in APPPATH\Controllers\Products.php on line 48.
 1 SYSTEMPATH\CodeIgniter.php(906): App\Controllers\Products->__construct()
 2 SYSTEMPATH\CodeIgniter.php(490): CodeIgniter\CodeIgniter->createController()
 3 SYSTEMPATH\CodeIgniter.php(368): CodeIgniter\CodeIgniter->handleRequest(null, Object(Config\Cache), false)
 4 FCPATH\index.php(67): CodeIgniter\CodeIgniter->run()
INFO - 2026-05-20 12:05:39 --> Session: Class initialized using 'CodeIgniter\Session\Handlers\FileHandler' driver.
WARNING - 2026-05-20 12:05:39 --> [DEPRECATED] Creation of dynamic property App\Controllers\Products::$session is deprecated in APPPATH\Controllers\Products.php on line 30.
 1 SYSTEMPATH\CodeIgniter.php(906): App\Controllers\Products->__construct()
 2 SYSTEMPATH\CodeIgniter.php(490): CodeIgniter\CodeIgniter->createController()
 3 SYSTEMPATH\CodeIgniter.php(368): CodeIgniter\CodeIgniter->handleRequest(null, Object(Config\Cache), false)
 4 FCPATH\index.php(67): CodeIgniter\CodeIgniter->run()
WARNING - 2026-05-20 12:05:39 --> Session: Sessions is enabled, and one exists. Please don't $session->start();
WARNING - 2026-05-20 12:05:39 --> [DEPRECATED] Creation of dynamic property App\Controllers\Products::$catagory is deprecated in APPPATH\Controllers\Products.php on line 33.
 1 SYSTEMPATH\CodeIgniter.php(906): App\Controllers\Products->__construct()
 2 SYSTEMPATH\CodeIgniter.php(490): CodeIgniter\CodeIgniter->createController()
 3 SYSTEMPATH\CodeIgniter.php(368): CodeIgniter\CodeIgniter->handleRequest(null, Object(Config\Cache), false)
 4 FCPATH\index.php(67): CodeIgniter\CodeIgniter->run()
WARNING - 2026-05-20 12:05:39 --> [DEPRECATED] Creation of dynamic property App\Controllers\Products::$variation is deprecated in APPPATH\Controllers\Products.php on line 34.
 1 SYSTEMPATH\CodeIgniter.php(906): App\Controllers\Products->__construct()
 2 SYSTEMPATH\CodeIgniter.php(490): CodeIgniter\CodeIgniter->createController()
 3 SYSTEMPATH\CodeIgniter.php(368): CodeIgniter\CodeIgniter->handleRequest(null, Object(Config\Cache), false)
 4 FCPATH\index.php(67): CodeIgniter\CodeIgniter->run()
WARNING - 2026-05-20 12:05:39 --> [DEPRECATED] Creation of dynamic property App\Controllers\Products::$variationtype is deprecated in APPPATH\Controllers\Products.php on line 35.
 1 SYSTEMPATH\CodeIgniter.php(906): App\Controllers\Products->__construct()
 2 SYSTEMPATH\CodeIgniter.php(490): CodeIgniter\CodeIgniter->createController()
 3 SYSTEMPATH\CodeIgniter.php(368): CodeIgniter\CodeIgniter->handleRequest(null, Object(Config\Cache), false)
 4 FCPATH\index.php(67): CodeIgniter\CodeIgniter->run()
WARNING - 2026-05-20 12:05:39 --> [DEPRECATED] Creation of dynamic property App\Controllers\Products::$subcategory is deprecated in APPPATH\Controllers\Products.php on line 36.
 1 SYSTEMPATH\CodeIgniter.php(906): App\Controllers\Products->__construct()
 2 SYSTEMPATH\CodeIgniter.php(490): CodeIgniter\CodeIgniter->createController()
 3 SYSTEMPATH\CodeIgniter.php(368): CodeIgniter\CodeIgniter->handleRequest(null, Object(Config\Cache), false)
 4 FCPATH\index.php(67): CodeIgniter\CodeIgniter->run()
WARNING - 2026-05-20 12:05:39 --> [DEPRECATED] Creation of dynamic property App\Controllers\Products::$product is deprecated in APPPATH\Controllers\Products.php on line 37.
 1 SYSTEMPATH\CodeIgniter.php(906): App\Controllers\Products->__construct()
 2 SYSTEMPATH\CodeIgniter.php(490): CodeIgniter\CodeIgniter->createController()
 3 SYSTEMPATH\CodeIgniter.php(368): CodeIgniter\CodeIgniter->handleRequest(null, Object(Config\Cache), false)
 4 FCPATH\index.php(67): CodeIgniter\CodeIgniter->run()
WARNING - 2026-05-20 12:05:39 --> [DEPRECATED] Creation of dynamic property App\Controllers\Products::$tags is deprecated in APPPATH\Controllers\Products.php on line 38.
 1 SYSTEMPATH\CodeIgniter.php(906): App\Controllers\Products->__construct()
 2 SYSTEMPATH\CodeIgniter.php(490): CodeIgniter\CodeIgniter->createController()
 3 SYSTEMPATH\CodeIgniter.php(368): CodeIgniter\CodeIgniter->handleRequest(null, Object(Config\Cache), false)
 4 FCPATH\index.php(67): CodeIgniter\CodeIgniter->run()
WARNING - 2026-05-20 12:05:39 --> [DEPRECATED] Creation of dynamic property App\Controllers\Products::$shippingmethod is deprecated in APPPATH\Controllers\Products.php on line 39.
 1 SYSTEMPATH\CodeIgniter.php(906): App\Controllers\Products->__construct()
 2 SYSTEMPATH\CodeIgniter.php(490): CodeIgniter\CodeIgniter->createController()
 3 SYSTEMPATH\CodeIgniter.php(368): CodeIgniter\CodeIgniter->handleRequest(null, Object(Config\Cache), false)
 4 FCPATH\index.php(67): CodeIgniter\CodeIgniter->run()
WARNING - 2026-05-20 12:05:39 --> [DEPRECATED] Creation of dynamic property App\Controllers\Products::$optionvalue is deprecated in APPPATH\Controllers\Products.php on line 40.
 1 SYSTEMPATH\CodeIgniter.php(906): App\Controllers\Products->__construct()
 2 SYSTEMPATH\CodeIgniter.php(490): CodeIgniter\CodeIgniter->createController()
 3 SYSTEMPATH\CodeIgniter.php(368): CodeIgniter\CodeIgniter->handleRequest(null, Object(Config\Cache), false)
 4 FCPATH\index.php(67): CodeIgniter\CodeIgniter->run()
WARNING - 2026-05-20 12:05:39 --> [DEPRECATED] Creation of dynamic property App\Controllers\Products::$brand is deprecated in APPPATH\Controllers\Products.php on line 41.
 1 SYSTEMPATH\CodeIgniter.php(906): App\Controllers\Products->__construct()
 2 SYSTEMPATH\CodeIgniter.php(490): CodeIgniter\CodeIgniter->createController()
 3 SYSTEMPATH\CodeIgniter.php(368): CodeIgniter\CodeIgniter->handleRequest(null, Object(Config\Cache), false)
 4 FCPATH\index.php(67): CodeIgniter\CodeIgniter->run()
WARNING - 2026-05-20 12:05:39 --> [DEPRECATED] Creation of dynamic property App\Controllers\Products::$Allsettings is deprecated in APPPATH\Controllers\Products.php on line 42.
 1 SYSTEMPATH\CodeIgniter.php(906): App\Controllers\Products->__construct()
 2 SYSTEMPATH\CodeIgniter.php(490): CodeIgniter\CodeIgniter->createController()
 3 SYSTEMPATH\CodeIgniter.php(368): CodeIgniter\CodeIgniter->handleRequest(null, Object(Config\Cache), false)
 4 FCPATH\index.php(67): CodeIgniter\CodeIgniter->run()
WARNING - 2026-05-20 12:05:39 --> [DEPRECATED] Creation of dynamic property App\Controllers\Products::$Orderitemmodel is deprecated in APPPATH\Controllers\Products.php on line 43.
 1 SYSTEMPATH\CodeIgniter.php(906): App\Controllers\Products->__construct()
 2 SYSTEMPATH\CodeIgniter.php(490): CodeIgniter\CodeIgniter->createController()
 3 SYSTEMPATH\CodeIgniter.php(368): CodeIgniter\CodeIgniter->handleRequest(null, Object(Config\Cache), false)
 4 FCPATH\index.php(67): CodeIgniter\CodeIgniter->run()
WARNING - 2026-05-20 12:05:39 --> [DEPRECATED] Creation of dynamic property App\Controllers\Products::$Ordermodel is deprecated in APPPATH\Controllers\Products.php on line 44.
 1 SYSTEMPATH\CodeIgniter.php(906): App\Controllers\Products->__construct()
 2 SYSTEMPATH\CodeIgniter.php(490): CodeIgniter\CodeIgniter->createController()
 3 SYSTEMPATH\CodeIgniter.php(368): CodeIgniter\CodeIgniter->handleRequest(null, Object(Config\Cache), false)
 4 FCPATH\index.php(67): CodeIgniter\CodeIgniter->run()
WARNING - 2026-05-20 12:05:39 --> [DEPRECATED] Creation of dynamic property App\Controllers\Products::$CartModel is deprecated in APPPATH\Controllers\Products.php on line 45.
 1 SYSTEMPATH\CodeIgniter.php(906): App\Controllers\Products->__construct()
 2 SYSTEMPATH\CodeIgniter.php(490): CodeIgniter\CodeIgniter->createController()
 3 SYSTEMPATH\CodeIgniter.php(368): CodeIgniter\CodeIgniter->handleRequest(null, Object(Config\Cache), false)
 4 FCPATH\index.php(67): CodeIgniter\CodeIgniter->run()
WARNING - 2026-05-20 12:05:39 --> [DEPRECATED] Creation of dynamic property App\Controllers\Products::$Reviewmodel is deprecated in APPPATH\Controllers\Products.php on line 46.
 1 SYSTEMPATH\CodeIgniter.php(906): App\Controllers\Products->__construct()
 2 SYSTEMPATH\CodeIgniter.php(490): CodeIgniter\CodeIgniter->createController()
 3 SYSTEMPATH\CodeIgniter.php(368): CodeIgniter\CodeIgniter->handleRequest(null, Object(Config\Cache), false)
 4 FCPATH\index.php(67): CodeIgniter\CodeIgniter->run()
WARNING - 2026-05-20 12:05:39 --> [DEPRECATED] Creation of dynamic property App\Controllers\Products::$TaxesclassModel is deprecated in APPPATH\Controllers\Products.php on line 47.
 1 SYSTEMPATH\CodeIgniter.php(906): App\Controllers\Products->__construct()
 2 SYSTEMPATH\CodeIgniter.php(490): CodeIgniter\CodeIgniter->createController()
 3 SYSTEMPATH\CodeIgniter.php(368): CodeIgniter\CodeIgniter->handleRequest(null, Object(Config\Cache), false)
 4 FCPATH\index.php(67): CodeIgniter\CodeIgniter->run()
WARNING - 2026-05-20 12:05:39 --> [DEPRECATED] Creation of dynamic property App\Controllers\Products::$cms is deprecated in APPPATH\Controllers\Products.php on line 48.
 1 SYSTEMPATH\CodeIgniter.php(906): App\Controllers\Products->__construct()
 2 SYSTEMPATH\CodeIgniter.php(490): CodeIgniter\CodeIgniter->createController()
 3 SYSTEMPATH\CodeIgniter.php(368): CodeIgniter\CodeIgniter->handleRequest(null, Object(Config\Cache), false)
 4 FCPATH\index.php(67): CodeIgniter\CodeIgniter->run()
INFO - 2026-05-20 12:05:44 --> Session: Class initialized using 'CodeIgniter\Session\Handlers\FileHandler' driver.
WARNING - 2026-05-20 12:05:44 --> [DEPRECATED] Creation of dynamic property App\Controllers\Products::$session is deprecated in APPPATH\Controllers\Products.php on line 30.
 1 SYSTEMPATH\CodeIgniter.php(906): App\Controllers\Products->__construct()
 2 SYSTEMPATH\CodeIgniter.php(490): CodeIgniter\CodeIgniter->createController()
 3 SYSTEMPATH\CodeIgniter.php(368): CodeIgniter\CodeIgniter->handleRequest(null, Object(Config\Cache), false)
 4 FCPATH\index.php(67): CodeIgniter\CodeIgniter->run()
WARNING - 2026-05-20 12:05:44 --> Session: Sessions is enabled, and one exists. Please don't $session->start();
WARNING - 2026-05-20 12:05:44 --> [DEPRECATED] Creation of dynamic property App\Controllers\Products::$catagory is deprecated in APPPATH\Controllers\Products.php on line 33.
 1 SYSTEMPATH\CodeIgniter.php(906): App\Controllers\Products->__construct()
 2 SYSTEMPATH\CodeIgniter.php(490): CodeIgniter\CodeIgniter->createController()
 3 SYSTEMPATH\CodeIgniter.php(368): CodeIgniter\CodeIgniter->handleRequest(null, Object(Config\Cache), false)
 4 FCPATH\index.php(67): CodeIgniter\CodeIgniter->run()
WARNING - 2026-05-20 12:05:44 --> [DEPRECATED] Creation of dynamic property App\Controllers\Products::$variation is deprecated in APPPATH\Controllers\Products.php on line 34.
 1 SYSTEMPATH\CodeIgniter.php(906): App\Controllers\Products->__construct()
 2 SYSTEMPATH\CodeIgniter.php(490): CodeIgniter\CodeIgniter->createController()
 3 SYSTEMPATH\CodeIgniter.php(368): CodeIgniter\CodeIgniter->handleRequest(null, Object(Config\Cache), false)
 4 FCPATH\index.php(67): CodeIgniter\CodeIgniter->run()
WARNING - 2026-05-20 12:05:44 --> [DEPRECATED] Creation of dynamic property App\Controllers\Products::$variationtype is deprecated in APPPATH\Controllers\Products.php on line 35.
 1 SYSTEMPATH\CodeIgniter.php(906): App\Controllers\Products->__construct()
 2 SYSTEMPATH\CodeIgniter.php(490): CodeIgniter\CodeIgniter->createController()
 3 SYSTEMPATH\CodeIgniter.php(368): CodeIgniter\CodeIgniter->handleRequest(null, Object(Config\Cache), false)
 4 FCPATH\index.php(67): CodeIgniter\CodeIgniter->run()
WARNING - 2026-05-20 12:05:44 --> [DEPRECATED] Creation of dynamic property App\Controllers\Products::$subcategory is deprecated in APPPATH\Controllers\Products.php on line 36.
 1 SYSTEMPATH\CodeIgniter.php(906): App\Controllers\Products->__construct()
 2 SYSTEMPATH\CodeIgniter.php(490): CodeIgniter\CodeIgniter->createController()
 3 SYSTEMPATH\CodeIgniter.php(368): CodeIgniter\CodeIgniter->handleRequest(null, Object(Config\Cache), false)
 4 FCPATH\index.php(67): CodeIgniter\CodeIgniter->run()
WARNING - 2026-05-20 12:05:44 --> [DEPRECATED] Creation of dynamic property App\Controllers\Products::$product is deprecated in APPPATH\Controllers\Products.php on line 37.
 1 SYSTEMPATH\CodeIgniter.php(906): App\Controllers\Products->__construct()
 2 SYSTEMPATH\CodeIgniter.php(490): CodeIgniter\CodeIgniter->createController()
 3 SYSTEMPATH\CodeIgniter.php(368): CodeIgniter\CodeIgniter->handleRequest(null, Object(Config\Cache), false)
 4 FCPATH\index.php(67): CodeIgniter\CodeIgniter->run()
WARNING - 2026-05-20 12:05:44 --> [DEPRECATED] Creation of dynamic property App\Controllers\Products::$tags is deprecated in APPPATH\Controllers\Products.php on line 38.
 1 SYSTEMPATH\CodeIgniter.php(906): App\Controllers\Products->__construct()
 2 SYSTEMPATH\CodeIgniter.php(490): CodeIgniter\CodeIgniter->createController()
 3 SYSTEMPATH\CodeIgniter.php(368): CodeIgniter\CodeIgniter->handleRequest(null, Object(Config\Cache), false)
 4 FCPATH\index.php(67): CodeIgniter\CodeIgniter->run()
WARNING - 2026-05-20 12:05:44 --> [DEPRECATED] Creation of dynamic property App\Controllers\Products::$shippingmethod is deprecated in APPPATH\Controllers\Products.php on line 39.
 1 SYSTEMPATH\CodeIgniter.php(906): App\Controllers\Products->__construct()
 2 SYSTEMPATH\CodeIgniter.php(490): CodeIgniter\CodeIgniter->createController()
 3 SYSTEMPATH\CodeIgniter.php(368): CodeIgniter\CodeIgniter->handleRequest(null, Object(Config\Cache), false)
 4 FCPATH\index.php(67): CodeIgniter\CodeIgniter->run()
WARNING - 2026-05-20 12:05:44 --> [DEPRECATED] Creation of dynamic property App\Controllers\Products::$optionvalue is deprecated in APPPATH\Controllers\Products.php on line 40.
 1 SYSTEMPATH\CodeIgniter.php(906): App\Controllers\Products->__construct()
 2 SYSTEMPATH\CodeIgniter.php(490): CodeIgniter\CodeIgniter->createController()
 3 SYSTEMPATH\CodeIgniter.php(368): CodeIgniter\CodeIgniter->handleRequest(null, Object(Config\Cache), false)
 4 FCPATH\index.php(67): CodeIgniter\CodeIgniter->run()
WARNING - 2026-05-20 12:05:44 --> [DEPRECATED] Creation of dynamic property App\Controllers\Products::$brand is deprecated in APPPATH\Controllers\Products.php on line 41.
 1 SYSTEMPATH\CodeIgniter.php(906): App\Controllers\Products->__construct()
 2 SYSTEMPATH\CodeIgniter.php(490): CodeIgniter\CodeIgniter->createController()
 3 SYSTEMPATH\CodeIgniter.php(368): CodeIgniter\CodeIgniter->handleRequest(null, Object(Config\Cache), false)
 4 FCPATH\index.php(67): CodeIgniter\CodeIgniter->run()
WARNING - 2026-05-20 12:05:44 --> [DEPRECATED] Creation of dynamic property App\Controllers\Products::$Allsettings is deprecated in APPPATH\Controllers\Products.php on line 42.
 1 SYSTEMPATH\CodeIgniter.php(906): App\Controllers\Products->__construct()
 2 SYSTEMPATH\CodeIgniter.php(490): CodeIgniter\CodeIgniter->createController()
 3 SYSTEMPATH\CodeIgniter.php(368): CodeIgniter\CodeIgniter->handleRequest(null, Object(Config\Cache), false)
 4 FCPATH\index.php(67): CodeIgniter\CodeIgniter->run()
WARNING - 2026-05-20 12:05:44 --> [DEPRECATED] Creation of dynamic property App\Controllers\Products::$Orderitemmodel is deprecated in APPPATH\Controllers\Products.php on line 43.
 1 SYSTEMPATH\CodeIgniter.php(906): App\Controllers\Products->__construct()
 2 SYSTEMPATH\CodeIgniter.php(490): CodeIgniter\CodeIgniter->createController()
 3 SYSTEMPATH\CodeIgniter.php(368): CodeIgniter\CodeIgniter->handleRequest(null, Object(Config\Cache), false)
 4 FCPATH\index.php(67): CodeIgniter\CodeIgniter->run()
WARNING - 2026-05-20 12:05:44 --> [DEPRECATED] Creation of dynamic property App\Controllers\Products::$Ordermodel is deprecated in APPPATH\Controllers\Products.php on line 44.
 1 SYSTEMPATH\CodeIgniter.php(906): App\Controllers\Products->__construct()
 2 SYSTEMPATH\CodeIgniter.php(490): CodeIgniter\CodeIgniter->createController()
 3 SYSTEMPATH\CodeIgniter.php(368): CodeIgniter\CodeIgniter->handleRequest(null, Object(Config\Cache), false)
 4 FCPATH\index.php(67): CodeIgniter\CodeIgniter->run()
WARNING - 2026-05-20 12:05:44 --> [DEPRECATED] Creation of dynamic property App\Controllers\Products::$CartModel is deprecated in APPPATH\Controllers\Products.php on line 45.
 1 SYSTEMPATH\CodeIgniter.php(906): App\Controllers\Products->__construct()
 2 SYSTEMPATH\CodeIgniter.php(490): CodeIgniter\CodeIgniter->createController()
 3 SYSTEMPATH\CodeIgniter.php(368): CodeIgniter\CodeIgniter->handleRequest(null, Object(Config\Cache), false)
 4 FCPATH\index.php(67): CodeIgniter\CodeIgniter->run()
WARNING - 2026-05-20 12:05:44 --> [DEPRECATED] Creation of dynamic property App\Controllers\Products::$Reviewmodel is deprecated in APPPATH\Controllers\Products.php on line 46.
 1 SYSTEMPATH\CodeIgniter.php(906): App\Controllers\Products->__construct()
 2 SYSTEMPATH\CodeIgniter.php(490): CodeIgniter\CodeIgniter->createController()
 3 SYSTEMPATH\CodeIgniter.php(368): CodeIgniter\CodeIgniter->handleRequest(null, Object(Config\Cache), false)
 4 FCPATH\index.php(67): CodeIgniter\CodeIgniter->run()
WARNING - 2026-05-20 12:05:44 --> [DEPRECATED] Creation of dynamic property App\Controllers\Products::$TaxesclassModel is deprecated in APPPATH\Controllers\Products.php on line 47.
 1 SYSTEMPATH\CodeIgniter.php(906): App\Controllers\Products->__construct()
 2 SYSTEMPATH\CodeIgniter.php(490): CodeIgniter\CodeIgniter->createController()
 3 SYSTEMPATH\CodeIgniter.php(368): CodeIgniter\CodeIgniter->handleRequest(null, Object(Config\Cache), false)
 4 FCPATH\index.php(67): CodeIgniter\CodeIgniter->run()
WARNING - 2026-05-20 12:05:44 --> [DEPRECATED] Creation of dynamic property App\Controllers\Products::$cms is deprecated in APPPATH\Controllers\Products.php on line 48.
 1 SYSTEMPATH\CodeIgniter.php(906): App\Controllers\Products->__construct()
 2 SYSTEMPATH\CodeIgniter.php(490): CodeIgniter\CodeIgniter->createController()
 3 SYSTEMPATH\CodeIgniter.php(368): CodeIgniter\CodeIgniter->handleRequest(null, Object(Config\Cache), false)
 4 FCPATH\index.php(67): CodeIgniter\CodeIgniter->run()
INFO - 2026-05-20 12:05:47 --> Session: Class initialized using 'CodeIgniter\Session\Handlers\FileHandler' driver.
WARNING - 2026-05-20 12:05:47 --> [DEPRECATED] Creation of dynamic property App\Controllers\Products::$session is deprecated in APPPATH\Controllers\Products.php on line 30.
 1 SYSTEMPATH\CodeIgniter.php(906): App\Controllers\Products->__construct()
 2 SYSTEMPATH\CodeIgniter.php(490): CodeIgniter\CodeIgniter->createController()
 3 SYSTEMPATH\CodeIgniter.php(368): CodeIgniter\CodeIgniter->handleRequest(null, Object(Config\Cache), false)
 4 FCPATH\index.php(67): CodeIgniter\CodeIgniter->run()
WARNING - 2026-05-20 12:05:47 --> Session: Sessions is enabled, and one exists. Please don't $session->start();
WARNING - 2026-05-20 12:05:47 --> [DEPRECATED] Creation of dynamic property App\Controllers\Products::$catagory is deprecated in APPPATH\Controllers\Products.php on line 33.
 1 SYSTEMPATH\CodeIgniter.php(906): App\Controllers\Products->__construct()
 2 SYSTEMPATH\CodeIgniter.php(490): CodeIgniter\CodeIgniter->createController()
 3 SYSTEMPATH\CodeIgniter.php(368): CodeIgniter\CodeIgniter->handleRequest(null, Object(Config\Cache), false)
 4 FCPATH\index.php(67): CodeIgniter\CodeIgniter->run()
WARNING - 2026-05-20 12:05:47 --> [DEPRECATED] Creation of dynamic property App\Controllers\Products::$variation is deprecated in APPPATH\Controllers\Products.php on line 34.
 1 SYSTEMPATH\CodeIgniter.php(906): App\Controllers\Products->__construct()
 2 SYSTEMPATH\CodeIgniter.php(490): CodeIgniter\CodeIgniter->createController()
 3 SYSTEMPATH\CodeIgniter.php(368): CodeIgniter\CodeIgniter->handleRequest(null, Object(Config\Cache), false)
 4 FCPATH\index.php(67): CodeIgniter\CodeIgniter->run()
WARNING - 2026-05-20 12:05:47 --> [DEPRECATED] Creation of dynamic property App\Controllers\Products::$variationtype is deprecated in APPPATH\Controllers\Products.php on line 35.
 1 SYSTEMPATH\CodeIgniter.php(906): App\Controllers\Products->__construct()
 2 SYSTEMPATH\CodeIgniter.php(490): CodeIgniter\CodeIgniter->createController()
 3 SYSTEMPATH\CodeIgniter.php(368): CodeIgniter\CodeIgniter->handleRequest(null, Object(Config\Cache), false)
 4 FCPATH\index.php(67): CodeIgniter\CodeIgniter->run()
WARNING - 2026-05-20 12:05:47 --> [DEPRECATED] Creation of dynamic property App\Controllers\Products::$subcategory is deprecated in APPPATH\Controllers\Products.php on line 36.
 1 SYSTEMPATH\CodeIgniter.php(906): App\Controllers\Products->__construct()
 2 SYSTEMPATH\CodeIgniter.php(490): CodeIgniter\CodeIgniter->createController()
 3 SYSTEMPATH\CodeIgniter.php(368): CodeIgniter\CodeIgniter->handleRequest(null, Object(Config\Cache), false)
 4 FCPATH\index.php(67): CodeIgniter\CodeIgniter->run()
WARNING - 2026-05-20 12:05:47 --> [DEPRECATED] Creation of dynamic property App\Controllers\Products::$product is deprecated in APPPATH\Controllers\Products.php on line 37.
 1 SYSTEMPATH\CodeIgniter.php(906): App\Controllers\Products->__construct()
 2 SYSTEMPATH\CodeIgniter.php(490): CodeIgniter\CodeIgniter->createController()
 3 SYSTEMPATH\CodeIgniter.php(368): CodeIgniter\CodeIgniter->handleRequest(null, Object(Config\Cache), false)
 4 FCPATH\index.php(67): CodeIgniter\CodeIgniter->run()
WARNING - 2026-05-20 12:05:47 --> [DEPRECATED] Creation of dynamic property App\Controllers\Products::$tags is deprecated in APPPATH\Controllers\Products.php on line 38.
 1 SYSTEMPATH\CodeIgniter.php(906): App\Controllers\Products->__construct()
 2 SYSTEMPATH\CodeIgniter.php(490): CodeIgniter\CodeIgniter->createController()
 3 SYSTEMPATH\CodeIgniter.php(368): CodeIgniter\CodeIgniter->handleRequest(null, Object(Config\Cache), false)
 4 FCPATH\index.php(67): CodeIgniter\CodeIgniter->run()
WARNING - 2026-05-20 12:05:47 --> [DEPRECATED] Creation of dynamic property App\Controllers\Products::$shippingmethod is deprecated in APPPATH\Controllers\Products.php on line 39.
 1 SYSTEMPATH\CodeIgniter.php(906): App\Controllers\Products->__construct()
 2 SYSTEMPATH\CodeIgniter.php(490): CodeIgniter\CodeIgniter->createController()
 3 SYSTEMPATH\CodeIgniter.php(368): CodeIgniter\CodeIgniter->handleRequest(null, Object(Config\Cache), false)
 4 FCPATH\index.php(67): CodeIgniter\CodeIgniter->run()
WARNING - 2026-05-20 12:05:47 --> [DEPRECATED] Creation of dynamic property App\Controllers\Products::$optionvalue is deprecated in APPPATH\Controllers\Products.php on line 40.
 1 SYSTEMPATH\CodeIgniter.php(906): App\Controllers\Products->__construct()
 2 SYSTEMPATH\CodeIgniter.php(490): CodeIgniter\CodeIgniter->createController()
 3 SYSTEMPATH\CodeIgniter.php(368): CodeIgniter\CodeIgniter->handleRequest(null, Object(Config\Cache), false)
 4 FCPATH\index.php(67): CodeIgniter\CodeIgniter->run()
WARNING - 2026-05-20 12:05:48 --> [DEPRECATED] Creation of dynamic property App\Controllers\Products::$brand is deprecated in APPPATH\Controllers\Products.php on line 41.
 1 SYSTEMPATH\CodeIgniter.php(906): App\Controllers\Products->__construct()
 2 SYSTEMPATH\CodeIgniter.php(490): CodeIgniter\CodeIgniter->createController()
 3 SYSTEMPATH\CodeIgniter.php(368): CodeIgniter\CodeIgniter->handleRequest(null, Object(Config\Cache), false)
 4 FCPATH\index.php(67): CodeIgniter\CodeIgniter->run()
WARNING - 2026-05-20 12:05:48 --> [DEPRECATED] Creation of dynamic property App\Controllers\Products::$Allsettings is deprecated in APPPATH\Controllers\Products.php on line 42.
 1 SYSTEMPATH\CodeIgniter.php(906): App\Controllers\Products->__construct()
 2 SYSTEMPATH\CodeIgniter.php(490): CodeIgniter\CodeIgniter->createController()
 3 SYSTEMPATH\CodeIgniter.php(368): CodeIgniter\CodeIgniter->handleRequest(null, Object(Config\Cache), false)
 4 FCPATH\index.php(67): CodeIgniter\CodeIgniter->run()
WARNING - 2026-05-20 12:05:48 --> [DEPRECATED] Creation of dynamic property App\Controllers\Products::$Orderitemmodel is deprecated in APPPATH\Controllers\Products.php on line 43.
 1 SYSTEMPATH\CodeIgniter.php(906): App\Controllers\Products->__construct()
 2 SYSTEMPATH\CodeIgniter.php(490): CodeIgniter\CodeIgniter->createController()
 3 SYSTEMPATH\CodeIgniter.php(368): CodeIgniter\CodeIgniter->handleRequest(null, Object(Config\Cache), false)
 4 FCPATH\index.php(67): CodeIgniter\CodeIgniter->run()
WARNING - 2026-05-20 12:05:48 --> [DEPRECATED] Creation of dynamic property App\Controllers\Products::$Ordermodel is deprecated in APPPATH\Controllers\Products.php on line 44.
 1 SYSTEMPATH\CodeIgniter.php(906): App\Controllers\Products->__construct()
 2 SYSTEMPATH\CodeIgniter.php(490): CodeIgniter\CodeIgniter->createController()
 3 SYSTEMPATH\CodeIgniter.php(368): CodeIgniter\CodeIgniter->handleRequest(null, Object(Config\Cache), false)
 4 FCPATH\index.php(67): CodeIgniter\CodeIgniter->run()
WARNING - 2026-05-20 12:05:48 --> [DEPRECATED] Creation of dynamic property App\Controllers\Products::$CartModel is deprecated in APPPATH\Controllers\Products.php on line 45.
 1 SYSTEMPATH\CodeIgniter.php(906): App\Controllers\Products->__construct()
 2 SYSTEMPATH\CodeIgniter.php(490): CodeIgniter\CodeIgniter->createController()
 3 SYSTEMPATH\CodeIgniter.php(368): CodeIgniter\CodeIgniter->handleRequest(null, Object(Config\Cache), false)
 4 FCPATH\index.php(67): CodeIgniter\CodeIgniter->run()
WARNING - 2026-05-20 12:05:48 --> [DEPRECATED] Creation of dynamic property App\Controllers\Products::$Reviewmodel is deprecated in APPPATH\Controllers\Products.php on line 46.
 1 SYSTEMPATH\CodeIgniter.php(906): App\Controllers\Products->__construct()
 2 SYSTEMPATH\CodeIgniter.php(490): CodeIgniter\CodeIgniter->createController()
 3 SYSTEMPATH\CodeIgniter.php(368): CodeIgniter\CodeIgniter->handleRequest(null, Object(Config\Cache), false)
 4 FCPATH\index.php(67): CodeIgniter\CodeIgniter->run()
WARNING - 2026-05-20 12:05:48 --> [DEPRECATED] Creation of dynamic property App\Controllers\Products::$TaxesclassModel is deprecated in APPPATH\Controllers\Products.php on line 47.
 1 SYSTEMPATH\CodeIgniter.php(906): App\Controllers\Products->__construct()
 2 SYSTEMPATH\CodeIgniter.php(490): CodeIgniter\CodeIgniter->createController()
 3 SYSTEMPATH\CodeIgniter.php(368): CodeIgniter\CodeIgniter->handleRequest(null, Object(Config\Cache), false)
 4 FCPATH\index.php(67): CodeIgniter\CodeIgniter->run()
WARNING - 2026-05-20 12:05:48 --> [DEPRECATED] Creation of dynamic property App\Controllers\Products::$cms is deprecated in APPPATH\Controllers\Products.php on line 48.
 1 SYSTEMPATH\CodeIgniter.php(906): App\Controllers\Products->__construct()
 2 SYSTEMPATH\CodeIgniter.php(490): CodeIgniter\CodeIgniter->createController()
 3 SYSTEMPATH\CodeIgniter.php(368): CodeIgniter\CodeIgniter->handleRequest(null, Object(Config\Cache), false)
 4 FCPATH\index.php(67): CodeIgniter\CodeIgniter->run()
INFO - 2026-05-20 12:05:52 --> Session: Class initialized using 'CodeIgniter\Session\Handlers\FileHandler' driver.
WARNING - 2026-05-20 12:05:52 --> [DEPRECATED] Creation of dynamic property App\Controllers\Products::$session is deprecated in APPPATH\Controllers\Products.php on line 30.
 1 SYSTEMPATH\CodeIgniter.php(906): App\Controllers\Products->__construct()
 2 SYSTEMPATH\CodeIgniter.php(490): CodeIgniter\CodeIgniter->createController()
 3 SYSTEMPATH\CodeIgniter.php(368): CodeIgniter\CodeIgniter->handleRequest(null, Object(Config\Cache), false)
 4 FCPATH\index.php(67): CodeIgniter\CodeIgniter->run()
WARNING - 2026-05-20 12:05:52 --> Session: Sessions is enabled, and one exists. Please don't $session->start();
WARNING - 2026-05-20 12:05:52 --> [DEPRECATED] Creation of dynamic property App\Controllers\Products::$catagory is deprecated in APPPATH\Controllers\Products.php on line 33.
 1 SYSTEMPATH\CodeIgniter.php(906): App\Controllers\Products->__construct()
 2 SYSTEMPATH\CodeIgniter.php(490): CodeIgniter\CodeIgniter->createController()
 3 SYSTEMPATH\CodeIgniter.php(368): CodeIgniter\CodeIgniter->handleRequest(null, Object(Config\Cache), false)
 4 FCPATH\index.php(67): CodeIgniter\CodeIgniter->run()
WARNING - 2026-05-20 12:05:52 --> [DEPRECATED] Creation of dynamic property App\Controllers\Products::$variation is deprecated in APPPATH\Controllers\Products.php on line 34.
 1 SYSTEMPATH\CodeIgniter.php(906): App\Controllers\Products->__construct()
 2 SYSTEMPATH\CodeIgniter.php(490): CodeIgniter\CodeIgniter->createController()
 3 SYSTEMPATH\CodeIgniter.php(368): CodeIgniter\CodeIgniter->handleRequest(null, Object(Config\Cache), false)
 4 FCPATH\index.php(67): CodeIgniter\CodeIgniter->run()
WARNING - 2026-05-20 12:05:52 --> [DEPRECATED] Creation of dynamic property App\Controllers\Products::$variationtype is deprecated in APPPATH\Controllers\Products.php on line 35.
 1 SYSTEMPATH\CodeIgniter.php(906): App\Controllers\Products->__construct()
 2 SYSTEMPATH\CodeIgniter.php(490): CodeIgniter\CodeIgniter->createController()
 3 SYSTEMPATH\CodeIgniter.php(368): CodeIgniter\CodeIgniter->handleRequest(null, Object(Config\Cache), false)
 4 FCPATH\index.php(67): CodeIgniter\CodeIgniter->run()
WARNING - 2026-05-20 12:05:52 --> [DEPRECATED] Creation of dynamic property App\Controllers\Products::$subcategory is deprecated in APPPATH\Controllers\Products.php on line 36.
 1 SYSTEMPATH\CodeIgniter.php(906): App\Controllers\Products->__construct()
 2 SYSTEMPATH\CodeIgniter.php(490): CodeIgniter\CodeIgniter->createController()
 3 SYSTEMPATH\CodeIgniter.php(368): CodeIgniter\CodeIgniter->handleRequest(null, Object(Config\Cache), false)
 4 FCPATH\index.php(67): CodeIgniter\CodeIgniter->run()
WARNING - 2026-05-20 12:05:52 --> [DEPRECATED] Creation of dynamic property App\Controllers\Products::$product is deprecated in APPPATH\Controllers\Products.php on line 37.
 1 SYSTEMPATH\CodeIgniter.php(906): App\Controllers\Products->__construct()
 2 SYSTEMPATH\CodeIgniter.php(490): CodeIgniter\CodeIgniter->createController()
 3 SYSTEMPATH\CodeIgniter.php(368): CodeIgniter\CodeIgniter->handleRequest(null, Object(Config\Cache), false)
 4 FCPATH\index.php(67): CodeIgniter\CodeIgniter->run()
WARNING - 2026-05-20 12:05:52 --> [DEPRECATED] Creation of dynamic property App\Controllers\Products::$tags is deprecated in APPPATH\Controllers\Products.php on line 38.
 1 SYSTEMPATH\CodeIgniter.php(906): App\Controllers\Products->__construct()
 2 SYSTEMPATH\CodeIgniter.php(490): CodeIgniter\CodeIgniter->createController()
 3 SYSTEMPATH\CodeIgniter.php(368): CodeIgniter\CodeIgniter->handleRequest(null, Object(Config\Cache), false)
 4 FCPATH\index.php(67): CodeIgniter\CodeIgniter->run()
WARNING - 2026-05-20 12:05:52 --> [DEPRECATED] Creation of dynamic property App\Controllers\Products::$shippingmethod is deprecated in APPPATH\Controllers\Products.php on line 39.
 1 SYSTEMPATH\CodeIgniter.php(906): App\Controllers\Products->__construct()
 2 SYSTEMPATH\CodeIgniter.php(490): CodeIgniter\CodeIgniter->createController()
 3 SYSTEMPATH\CodeIgniter.php(368): CodeIgniter\CodeIgniter->handleRequest(null, Object(Config\Cache), false)
 4 FCPATH\index.php(67): CodeIgniter\CodeIgniter->run()
WARNING - 2026-05-20 12:05:52 --> [DEPRECATED] Creation of dynamic property App\Controllers\Products::$optionvalue is deprecated in APPPATH\Controllers\Products.php on line 40.
 1 SYSTEMPATH\CodeIgniter.php(906): App\Controllers\Products->__construct()
 2 SYSTEMPATH\CodeIgniter.php(490): CodeIgniter\CodeIgniter->createController()
 3 SYSTEMPATH\CodeIgniter.php(368): CodeIgniter\CodeIgniter->handleRequest(null, Object(Config\Cache), false)
 4 FCPATH\index.php(67): CodeIgniter\CodeIgniter->run()
WARNING - 2026-05-20 12:05:52 --> [DEPRECATED] Creation of dynamic property App\Controllers\Products::$brand is deprecated in APPPATH\Controllers\Products.php on line 41.
 1 SYSTEMPATH\CodeIgniter.php(906): App\Controllers\Products->__construct()
 2 SYSTEMPATH\CodeIgniter.php(490): CodeIgniter\CodeIgniter->createController()
 3 SYSTEMPATH\CodeIgniter.php(368): CodeIgniter\CodeIgniter->handleRequest(null, Object(Config\Cache), false)
 4 FCPATH\index.php(67): CodeIgniter\CodeIgniter->run()
WARNING - 2026-05-20 12:05:53 --> [DEPRECATED] Creation of dynamic property App\Controllers\Products::$Allsettings is deprecated in APPPATH\Controllers\Products.php on line 42.
 1 SYSTEMPATH\CodeIgniter.php(906): App\Controllers\Products->__construct()
 2 SYSTEMPATH\CodeIgniter.php(490): CodeIgniter\CodeIgniter->createController()
 3 SYSTEMPATH\CodeIgniter.php(368): CodeIgniter\CodeIgniter->handleRequest(null, Object(Config\Cache), false)
 4 FCPATH\index.php(67): CodeIgniter\CodeIgniter->run()
WARNING - 2026-05-20 12:05:53 --> [DEPRECATED] Creation of dynamic property App\Controllers\Products::$Orderitemmodel is deprecated in APPPATH\Controllers\Products.php on line 43.
 1 SYSTEMPATH\CodeIgniter.php(906): App\Controllers\Products->__construct()
 2 SYSTEMPATH\CodeIgniter.php(490): CodeIgniter\CodeIgniter->createController()
 3 SYSTEMPATH\CodeIgniter.php(368): CodeIgniter\CodeIgniter->handleRequest(null, Object(Config\Cache), false)
 4 FCPATH\index.php(67): CodeIgniter\CodeIgniter->run()
WARNING - 2026-05-20 12:05:53 --> [DEPRECATED] Creation of dynamic property App\Controllers\Products::$Ordermodel is deprecated in APPPATH\Controllers\Products.php on line 44.
 1 SYSTEMPATH\CodeIgniter.php(906): App\Controllers\Products->__construct()
 2 SYSTEMPATH\CodeIgniter.php(490): CodeIgniter\CodeIgniter->createController()
 3 SYSTEMPATH\CodeIgniter.php(368): CodeIgniter\CodeIgniter->handleRequest(null, Object(Config\Cache), false)
 4 FCPATH\index.php(67): CodeIgniter\CodeIgniter->run()
WARNING - 2026-05-20 12:05:53 --> [DEPRECATED] Creation of dynamic property App\Controllers\Products::$CartModel is deprecated in APPPATH\Controllers\Products.php on line 45.
 1 SYSTEMPATH\CodeIgniter.php(906): App\Controllers\Products->__construct()
 2 SYSTEMPATH\CodeIgniter.php(490): CodeIgniter\CodeIgniter->createController()
 3 SYSTEMPATH\CodeIgniter.php(368): CodeIgniter\CodeIgniter->handleRequest(null, Object(Config\Cache), false)
 4 FCPATH\index.php(67): CodeIgniter\CodeIgniter->run()
WARNING - 2026-05-20 12:05:53 --> [DEPRECATED] Creation of dynamic property App\Controllers\Products::$Reviewmodel is deprecated in APPPATH\Controllers\Products.php on line 46.
 1 SYSTEMPATH\CodeIgniter.php(906): App\Controllers\Products->__construct()
 2 SYSTEMPATH\CodeIgniter.php(490): CodeIgniter\CodeIgniter->createController()
 3 SYSTEMPATH\CodeIgniter.php(368): CodeIgniter\CodeIgniter->handleRequest(null, Object(Config\Cache), false)
 4 FCPATH\index.php(67): CodeIgniter\CodeIgniter->run()
WARNING - 2026-05-20 12:05:53 --> [DEPRECATED] Creation of dynamic property App\Controllers\Products::$TaxesclassModel is deprecated in APPPATH\Controllers\Products.php on line 47.
 1 SYSTEMPATH\CodeIgniter.php(906): App\Controllers\Products->__construct()
 2 SYSTEMPATH\CodeIgniter.php(490): CodeIgniter\CodeIgniter->createController()
 3 SYSTEMPATH\CodeIgniter.php(368): CodeIgniter\CodeIgniter->handleRequest(null, Object(Config\Cache), false)
 4 FCPATH\index.php(67): CodeIgniter\CodeIgniter->run()
WARNING - 2026-05-20 12:05:53 --> [DEPRECATED] Creation of dynamic property App\Controllers\Products::$cms is deprecated in APPPATH\Controllers\Products.php on line 48.
 1 SYSTEMPATH\CodeIgniter.php(906): App\Controllers\Products->__construct()
 2 SYSTEMPATH\CodeIgniter.php(490): CodeIgniter\CodeIgniter->createController()
 3 SYSTEMPATH\CodeIgniter.php(368): CodeIgniter\CodeIgniter->handleRequest(null, Object(Config\Cache), false)
 4 FCPATH\index.php(67): CodeIgniter\CodeIgniter->run()
INFO - 2026-05-20 12:06:15 --> Session: Class initialized using 'CodeIgniter\Session\Handlers\FileHandler' driver.
WARNING - 2026-05-20 12:06:15 --> [DEPRECATED] Creation of dynamic property App\Controllers\Products::$session is deprecated in APPPATH\Controllers\Products.php on line 30.
 1 SYSTEMPATH\CodeIgniter.php(906): App\Controllers\Products->__construct()
 2 SYSTEMPATH\CodeIgniter.php(490): CodeIgniter\CodeIgniter->createController()
 3 SYSTEMPATH\CodeIgniter.php(368): CodeIgniter\CodeIgniter->handleRequest(null, Object(Config\Cache), false)
 4 FCPATH\index.php(67): CodeIgniter\CodeIgniter->run()
WARNING - 2026-05-20 12:06:15 --> Session: Sessions is enabled, and one exists. Please don't $session->start();
WARNING - 2026-05-20 12:06:15 --> [DEPRECATED] Creation of dynamic property App\Controllers\Products::$catagory is deprecated in APPPATH\Controllers\Products.php on line 33.
 1 SYSTEMPATH\CodeIgniter.php(906): App\Controllers\Products->__construct()
 2 SYSTEMPATH\CodeIgniter.php(490): CodeIgniter\CodeIgniter->createController()
 3 SYSTEMPATH\CodeIgniter.php(368): CodeIgniter\CodeIgniter->handleRequest(null, Object(Config\Cache), false)
 4 FCPATH\index.php(67): CodeIgniter\CodeIgniter->run()
WARNING - 2026-05-20 12:06:15 --> [DEPRECATED] Creation of dynamic property App\Controllers\Products::$variation is deprecated in APPPATH\Controllers\Products.php on line 34.
 1 SYSTEMPATH\CodeIgniter.php(906): App\Controllers\Products->__construct()
 2 SYSTEMPATH\CodeIgniter.php(490): CodeIgniter\CodeIgniter->createController()
 3 SYSTEMPATH\CodeIgniter.php(368): CodeIgniter\CodeIgniter->handleRequest(null, Object(Config\Cache), false)
 4 FCPATH\index.php(67): CodeIgniter\CodeIgniter->run()
WARNING - 2026-05-20 12:06:15 --> [DEPRECATED] Creation of dynamic property App\Controllers\Products::$variationtype is deprecated in APPPATH\Controllers\Products.php on line 35.
 1 SYSTEMPATH\CodeIgniter.php(906): App\Controllers\Products->__construct()
 2 SYSTEMPATH\CodeIgniter.php(490): CodeIgniter\CodeIgniter->createController()
 3 SYSTEMPATH\CodeIgniter.php(368): CodeIgniter\CodeIgniter->handleRequest(null, Object(Config\Cache), false)
 4 FCPATH\index.php(67): CodeIgniter\CodeIgniter->run()
WARNING - 2026-05-20 12:06:15 --> [DEPRECATED] Creation of dynamic property App\Controllers\Products::$subcategory is deprecated in APPPATH\Controllers\Products.php on line 36.
 1 SYSTEMPATH\CodeIgniter.php(906): App\Controllers\Products->__construct()
 2 SYSTEMPATH\CodeIgniter.php(490): CodeIgniter\CodeIgniter->createController()
 3 SYSTEMPATH\CodeIgniter.php(368): CodeIgniter\CodeIgniter->handleRequest(null, Object(Config\Cache), false)
 4 FCPATH\index.php(67): CodeIgniter\CodeIgniter->run()
WARNING - 2026-05-20 12:06:15 --> [DEPRECATED] Creation of dynamic property App\Controllers\Products::$product is deprecated in APPPATH\Controllers\Products.php on line 37.
 1 SYSTEMPATH\CodeIgniter.php(906): App\Controllers\Products->__construct()
 2 SYSTEMPATH\CodeIgniter.php(490): CodeIgniter\CodeIgniter->createController()
 3 SYSTEMPATH\CodeIgniter.php(368): CodeIgniter\CodeIgniter->handleRequest(null, Object(Config\Cache), false)
 4 FCPATH\index.php(67): CodeIgniter\CodeIgniter->run()
WARNING - 2026-05-20 12:06:15 --> [DEPRECATED] Creation of dynamic property App\Controllers\Products::$tags is deprecated in APPPATH\Controllers\Products.php on line 38.
 1 SYSTEMPATH\CodeIgniter.php(906): App\Controllers\Products->__construct()
 2 SYSTEMPATH\CodeIgniter.php(490): CodeIgniter\CodeIgniter->createController()
 3 SYSTEMPATH\CodeIgniter.php(368): CodeIgniter\CodeIgniter->handleRequest(null, Object(Config\Cache), false)
 4 FCPATH\index.php(67): CodeIgniter\CodeIgniter->run()
WARNING - 2026-05-20 12:06:15 --> [DEPRECATED] Creation of dynamic property App\Controllers\Products::$shippingmethod is deprecated in APPPATH\Controllers\Products.php on line 39.
 1 SYSTEMPATH\CodeIgniter.php(906): App\Controllers\Products->__construct()
 2 SYSTEMPATH\CodeIgniter.php(490): CodeIgniter\CodeIgniter->createController()
 3 SYSTEMPATH\CodeIgniter.php(368): CodeIgniter\CodeIgniter->handleRequest(null, Object(Config\Cache), false)
 4 FCPATH\index.php(67): CodeIgniter\CodeIgniter->run()
WARNING - 2026-05-20 12:06:15 --> [DEPRECATED] Creation of dynamic property App\Controllers\Products::$optionvalue is deprecated in APPPATH\Controllers\Products.php on line 40.
 1 SYSTEMPATH\CodeIgniter.php(906): App\Controllers\Products->__construct()
 2 SYSTEMPATH\CodeIgniter.php(490): CodeIgniter\CodeIgniter->createController()
 3 SYSTEMPATH\CodeIgniter.php(368): CodeIgniter\CodeIgniter->handleRequest(null, Object(Config\Cache), false)
 4 FCPATH\index.php(67): CodeIgniter\CodeIgniter->run()
WARNING - 2026-05-20 12:06:15 --> [DEPRECATED] Creation of dynamic property App\Controllers\Products::$brand is deprecated in APPPATH\Controllers\Products.php on line 41.
 1 SYSTEMPATH\CodeIgniter.php(906): App\Controllers\Products->__construct()
 2 SYSTEMPATH\CodeIgniter.php(490): CodeIgniter\CodeIgniter->createController()
 3 SYSTEMPATH\CodeIgniter.php(368): CodeIgniter\CodeIgniter->handleRequest(null, Object(Config\Cache), false)
 4 FCPATH\index.php(67): CodeIgniter\CodeIgniter->run()
WARNING - 2026-05-20 12:06:15 --> [DEPRECATED] Creation of dynamic property App\Controllers\Products::$Allsettings is deprecated in APPPATH\Controllers\Products.php on line 42.
 1 SYSTEMPATH\CodeIgniter.php(906): App\Controllers\Products->__construct()
 2 SYSTEMPATH\CodeIgniter.php(490): CodeIgniter\CodeIgniter->createController()
 3 SYSTEMPATH\CodeIgniter.php(368): CodeIgniter\CodeIgniter->handleRequest(null, Object(Config\Cache), false)
 4 FCPATH\index.php(67): CodeIgniter\CodeIgniter->run()
WARNING - 2026-05-20 12:06:15 --> [DEPRECATED] Creation of dynamic property App\Controllers\Products::$Orderitemmodel is deprecated in APPPATH\Controllers\Products.php on line 43.
 1 SYSTEMPATH\CodeIgniter.php(906): App\Controllers\Products->__construct()
 2 SYSTEMPATH\CodeIgniter.php(490): CodeIgniter\CodeIgniter->createController()
 3 SYSTEMPATH\CodeIgniter.php(368): CodeIgniter\CodeIgniter->handleRequest(null, Object(Config\Cache), false)
 4 FCPATH\index.php(67): CodeIgniter\CodeIgniter->run()
WARNING - 2026-05-20 12:06:15 --> [DEPRECATED] Creation of dynamic property App\Controllers\Products::$Ordermodel is deprecated in APPPATH\Controllers\Products.php on line 44.
 1 SYSTEMPATH\CodeIgniter.php(906): App\Controllers\Products->__construct()
 2 SYSTEMPATH\CodeIgniter.php(490): CodeIgniter\CodeIgniter->createController()
 3 SYSTEMPATH\CodeIgniter.php(368): CodeIgniter\CodeIgniter->handleRequest(null, Object(Config\Cache), false)
 4 FCPATH\index.php(67): CodeIgniter\CodeIgniter->run()
WARNING - 2026-05-20 12:06:15 --> [DEPRECATED] Creation of dynamic property App\Controllers\Products::$CartModel is deprecated in APPPATH\Controllers\Products.php on line 45.
 1 SYSTEMPATH\CodeIgniter.php(906): App\Controllers\Products->__construct()
 2 SYSTEMPATH\CodeIgniter.php(490): CodeIgniter\CodeIgniter->createController()
 3 SYSTEMPATH\CodeIgniter.php(368): CodeIgniter\CodeIgniter->handleRequest(null, Object(Config\Cache), false)
 4 FCPATH\index.php(67): CodeIgniter\CodeIgniter->run()
WARNING - 2026-05-20 12:06:15 --> [DEPRECATED] Creation of dynamic property App\Controllers\Products::$Reviewmodel is deprecated in APPPATH\Controllers\Products.php on line 46.
 1 SYSTEMPATH\CodeIgniter.php(906): App\Controllers\Products->__construct()
 2 SYSTEMPATH\CodeIgniter.php(490): CodeIgniter\CodeIgniter->createController()
 3 SYSTEMPATH\CodeIgniter.php(368): CodeIgniter\CodeIgniter->handleRequest(null, Object(Config\Cache), false)
 4 FCPATH\index.php(67): CodeIgniter\CodeIgniter->run()
WARNING - 2026-05-20 12:06:15 --> [DEPRECATED] Creation of dynamic property App\Controllers\Products::$TaxesclassModel is deprecated in APPPATH\Controllers\Products.php on line 47.
 1 SYSTEMPATH\CodeIgniter.php(906): App\Controllers\Products->__construct()
 2 SYSTEMPATH\CodeIgniter.php(490): CodeIgniter\CodeIgniter->createController()
 3 SYSTEMPATH\CodeIgniter.php(368): CodeIgniter\CodeIgniter->handleRequest(null, Object(Config\Cache), false)
 4 FCPATH\index.php(67): CodeIgniter\CodeIgniter->run()
WARNING - 2026-05-20 12:06:15 --> [DEPRECATED] Creation of dynamic property App\Controllers\Products::$cms is deprecated in APPPATH\Controllers\Products.php on line 48.
 1 SYSTEMPATH\CodeIgniter.php(906): App\Controllers\Products->__construct()
 2 SYSTEMPATH\CodeIgniter.php(490): CodeIgniter\CodeIgniter->createController()
 3 SYSTEMPATH\CodeIgniter.php(368): CodeIgniter\CodeIgniter->handleRequest(null, Object(Config\Cache), false)
 4 FCPATH\index.php(67): CodeIgniter\CodeIgniter->run()
INFO - 2026-05-20 12:06:36 --> Session: Class initialized using 'CodeIgniter\Session\Handlers\FileHandler' driver.
WARNING - 2026-05-20 12:06:36 --> [DEPRECATED] Creation of dynamic property App\Controllers\Products::$session is deprecated in APPPATH\Controllers\Products.php on line 30.
 1 SYSTEMPATH\CodeIgniter.php(906): App\Controllers\Products->__construct()
 2 SYSTEMPATH\CodeIgniter.php(490): CodeIgniter\CodeIgniter->createController()
 3 SYSTEMPATH\CodeIgniter.php(368): CodeIgniter\CodeIgniter->handleRequest(null, Object(Config\Cache), false)
 4 FCPATH\index.php(67): CodeIgniter\CodeIgniter->run()
WARNING - 2026-05-20 12:06:36 --> Session: Sessions is enabled, and one exists. Please don't $session->start();
WARNING - 2026-05-20 12:06:36 --> [DEPRECATED] Creation of dynamic property App\Controllers\Products::$catagory is deprecated in APPPATH\Controllers\Products.php on line 33.
 1 SYSTEMPATH\CodeIgniter.php(906): App\Controllers\Products->__construct()
 2 SYSTEMPATH\CodeIgniter.php(490): CodeIgniter\CodeIgniter->createController()
 3 SYSTEMPATH\CodeIgniter.php(368): CodeIgniter\CodeIgniter->handleRequest(null, Object(Config\Cache), false)
 4 FCPATH\index.php(67): CodeIgniter\CodeIgniter->run()
WARNING - 2026-05-20 12:06:36 --> [DEPRECATED] Creation of dynamic property App\Controllers\Products::$variation is deprecated in APPPATH\Controllers\Products.php on line 34.
 1 SYSTEMPATH\CodeIgniter.php(906): App\Controllers\Products->__construct()
 2 SYSTEMPATH\CodeIgniter.php(490): CodeIgniter\CodeIgniter->createController()
 3 SYSTEMPATH\CodeIgniter.php(368): CodeIgniter\CodeIgniter->handleRequest(null, Object(Config\Cache), false)
 4 FCPATH\index.php(67): CodeIgniter\CodeIgniter->run()
WARNING - 2026-05-20 12:06:36 --> [DEPRECATED] Creation of dynamic property App\Controllers\Products::$variationtype is deprecated in APPPATH\Controllers\Products.php on line 35.
 1 SYSTEMPATH\CodeIgniter.php(906): App\Controllers\Products->__construct()
 2 SYSTEMPATH\CodeIgniter.php(490): CodeIgniter\CodeIgniter->createController()
 3 SYSTEMPATH\CodeIgniter.php(368): CodeIgniter\CodeIgniter->handleRequest(null, Object(Config\Cache), false)
 4 FCPATH\index.php(67): CodeIgniter\CodeIgniter->run()
WARNING - 2026-05-20 12:06:36 --> [DEPRECATED] Creation of dynamic property App\Controllers\Products::$subcategory is deprecated in APPPATH\Controllers\Products.php on line 36.
 1 SYSTEMPATH\CodeIgniter.php(906): App\Controllers\Products->__construct()
 2 SYSTEMPATH\CodeIgniter.php(490): CodeIgniter\CodeIgniter->createController()
 3 SYSTEMPATH\CodeIgniter.php(368): CodeIgniter\CodeIgniter->handleRequest(null, Object(Config\Cache), false)
 4 FCPATH\index.php(67): CodeIgniter\CodeIgniter->run()
WARNING - 2026-05-20 12:06:36 --> [DEPRECATED] Creation of dynamic property App\Controllers\Products::$product is deprecated in APPPATH\Controllers\Products.php on line 37.
 1 SYSTEMPATH\CodeIgniter.php(906): App\Controllers\Products->__construct()
 2 SYSTEMPATH\CodeIgniter.php(490): CodeIgniter\CodeIgniter->createController()
 3 SYSTEMPATH\CodeIgniter.php(368): CodeIgniter\CodeIgniter->handleRequest(null, Object(Config\Cache), false)
 4 FCPATH\index.php(67): CodeIgniter\CodeIgniter->run()
WARNING - 2026-05-20 12:06:36 --> [DEPRECATED] Creation of dynamic property App\Controllers\Products::$tags is deprecated in APPPATH\Controllers\Products.php on line 38.
 1 SYSTEMPATH\CodeIgniter.php(906): App\Controllers\Products->__construct()
 2 SYSTEMPATH\CodeIgniter.php(490): CodeIgniter\CodeIgniter->createController()
 3 SYSTEMPATH\CodeIgniter.php(368): CodeIgniter\CodeIgniter->handleRequest(null, Object(Config\Cache), false)
 4 FCPATH\index.php(67): CodeIgniter\CodeIgniter->run()
WARNING - 2026-05-20 12:06:36 --> [DEPRECATED] Creation of dynamic property App\Controllers\Products::$shippingmethod is deprecated in APPPATH\Controllers\Products.php on line 39.
 1 SYSTEMPATH\CodeIgniter.php(906): App\Controllers\Products->__construct()
 2 SYSTEMPATH\CodeIgniter.php(490): CodeIgniter\CodeIgniter->createController()
 3 SYSTEMPATH\CodeIgniter.php(368): CodeIgniter\CodeIgniter->handleRequest(null, Object(Config\Cache), false)
 4 FCPATH\index.php(67): CodeIgniter\CodeIgniter->run()
WARNING - 2026-05-20 12:06:36 --> [DEPRECATED] Creation of dynamic property App\Controllers\Products::$optionvalue is deprecated in APPPATH\Controllers\Products.php on line 40.
 1 SYSTEMPATH\CodeIgniter.php(906): App\Controllers\Products->__construct()
 2 SYSTEMPATH\CodeIgniter.php(490): CodeIgniter\CodeIgniter->createController()
 3 SYSTEMPATH\CodeIgniter.php(368): CodeIgniter\CodeIgniter->handleRequest(null, Object(Config\Cache), false)
 4 FCPATH\index.php(67): CodeIgniter\CodeIgniter->run()
WARNING - 2026-05-20 12:06:36 --> [DEPRECATED] Creation of dynamic property App\Controllers\Products::$brand is deprecated in APPPATH\Controllers\Products.php on line 41.
 1 SYSTEMPATH\CodeIgniter.php(906): App\Controllers\Products->__construct()
 2 SYSTEMPATH\CodeIgniter.php(490): CodeIgniter\CodeIgniter->createController()
 3 SYSTEMPATH\CodeIgniter.php(368): CodeIgniter\CodeIgniter->handleRequest(null, Object(Config\Cache), false)
 4 FCPATH\index.php(67): CodeIgniter\CodeIgniter->run()
WARNING - 2026-05-20 12:06:36 --> [DEPRECATED] Creation of dynamic property App\Controllers\Products::$Allsettings is deprecated in APPPATH\Controllers\Products.php on line 42.
 1 SYSTEMPATH\CodeIgniter.php(906): App\Controllers\Products->__construct()
 2 SYSTEMPATH\CodeIgniter.php(490): CodeIgniter\CodeIgniter->createController()
 3 SYSTEMPATH\CodeIgniter.php(368): CodeIgniter\CodeIgniter->handleRequest(null, Object(Config\Cache), false)
 4 FCPATH\index.php(67): CodeIgniter\CodeIgniter->run()
WARNING - 2026-05-20 12:06:36 --> [DEPRECATED] Creation of dynamic property App\Controllers\Products::$Orderitemmodel is deprecated in APPPATH\Controllers\Products.php on line 43.
 1 SYSTEMPATH\CodeIgniter.php(906): App\Controllers\Products->__construct()
 2 SYSTEMPATH\CodeIgniter.php(490): CodeIgniter\CodeIgniter->createController()
 3 SYSTEMPATH\CodeIgniter.php(368): CodeIgniter\CodeIgniter->handleRequest(null, Object(Config\Cache), false)
 4 FCPATH\index.php(67): CodeIgniter\CodeIgniter->run()
WARNING - 2026-05-20 12:06:36 --> [DEPRECATED] Creation of dynamic property App\Controllers\Products::$Ordermodel is deprecated in APPPATH\Controllers\Products.php on line 44.
 1 SYSTEMPATH\CodeIgniter.php(906): App\Controllers\Products->__construct()
 2 SYSTEMPATH\CodeIgniter.php(490): CodeIgniter\CodeIgniter->createController()
 3 SYSTEMPATH\CodeIgniter.php(368): CodeIgniter\CodeIgniter->handleRequest(null, Object(Config\Cache), false)
 4 FCPATH\index.php(67): CodeIgniter\CodeIgniter->run()
WARNING - 2026-05-20 12:06:36 --> [DEPRECATED] Creation of dynamic property App\Controllers\Products::$CartModel is deprecated in APPPATH\Controllers\Products.php on line 45.
 1 SYSTEMPATH\CodeIgniter.php(906): App\Controllers\Products->__construct()
 2 SYSTEMPATH\CodeIgniter.php(490): CodeIgniter\CodeIgniter->createController()
 3 SYSTEMPATH\CodeIgniter.php(368): CodeIgniter\CodeIgniter->handleRequest(null, Object(Config\Cache), false)
 4 FCPATH\index.php(67): CodeIgniter\CodeIgniter->run()
WARNING - 2026-05-20 12:06:36 --> [DEPRECATED] Creation of dynamic property App\Controllers\Products::$Reviewmodel is deprecated in APPPATH\Controllers\Products.php on line 46.
 1 SYSTEMPATH\CodeIgniter.php(906): App\Controllers\Products->__construct()
 2 SYSTEMPATH\CodeIgniter.php(490): CodeIgniter\CodeIgniter->createController()
 3 SYSTEMPATH\CodeIgniter.php(368): CodeIgniter\CodeIgniter->handleRequest(null, Object(Config\Cache), false)
 4 FCPATH\index.php(67): CodeIgniter\CodeIgniter->run()
WARNING - 2026-05-20 12:06:36 --> [DEPRECATED] Creation of dynamic property App\Controllers\Products::$TaxesclassModel is deprecated in APPPATH\Controllers\Products.php on line 47.
 1 SYSTEMPATH\CodeIgniter.php(906): App\Controllers\Products->__construct()
 2 SYSTEMPATH\CodeIgniter.php(490): CodeIgniter\CodeIgniter->createController()
 3 SYSTEMPATH\CodeIgniter.php(368): CodeIgniter\CodeIgniter->handleRequest(null, Object(Config\Cache), false)
 4 FCPATH\index.php(67): CodeIgniter\CodeIgniter->run()
WARNING - 2026-05-20 12:06:36 --> [DEPRECATED] Creation of dynamic property App\Controllers\Products::$cms is deprecated in APPPATH\Controllers\Products.php on line 48.
 1 SYSTEMPATH\CodeIgniter.php(906): App\Controllers\Products->__construct()
 2 SYSTEMPATH\CodeIgniter.php(490): CodeIgniter\CodeIgniter->createController()
 3 SYSTEMPATH\CodeIgniter.php(368): CodeIgniter\CodeIgniter->handleRequest(null, Object(Config\Cache), false)
 4 FCPATH\index.php(67): CodeIgniter\CodeIgniter->run()
INFO - 2026-05-20 12:14:16 --> Session: Class initialized using 'CodeIgniter\Session\Handlers\FileHandler' driver.
INFO - 2026-05-20 12:14:17 --> Session: Class initialized using 'CodeIgniter\Session\Handlers\FileHandler' driver.
WARNING - 2026-05-20 12:14:17 --> [DEPRECATED] Creation of dynamic property App\Controllers\Home::$user_model is deprecated in APPPATH\Controllers\Home.php on line 35.
 1 SYSTEMPATH\CodeIgniter.php(906): App\Controllers\Home->__construct()
 2 SYSTEMPATH\CodeIgniter.php(490): CodeIgniter\CodeIgniter->createController()
 3 SYSTEMPATH\CodeIgniter.php(368): CodeIgniter\CodeIgniter->handleRequest(null, Object(Config\Cache), false)
 4 FCPATH\index.php(67): CodeIgniter\CodeIgniter->run()
WARNING - 2026-05-20 12:14:17 --> [DEPRECATED] Creation of dynamic property App\Controllers\Home::$BlogModel is deprecated in APPPATH\Controllers\Home.php on line 43.
 1 SYSTEMPATH\CodeIgniter.php(906): App\Controllers\Home->__construct()
 2 SYSTEMPATH\CodeIgniter.php(490): CodeIgniter\CodeIgniter->createController()
 3 SYSTEMPATH\CodeIgniter.php(368): CodeIgniter\CodeIgniter->handleRequest(null, Object(Config\Cache), false)
 4 FCPATH\index.php(67): CodeIgniter\CodeIgniter->run()
WARNING - 2026-05-20 12:14:17 --> [DEPRECATED] Creation of dynamic property App\Controllers\Home::$EnquiryModel is deprecated in APPPATH\Controllers\Home.php on line 44.
 1 SYSTEMPATH\CodeIgniter.php(906): App\Controllers\Home->__construct()
 2 SYSTEMPATH\CodeIgniter.php(490): CodeIgniter\CodeIgniter->createController()
 3 SYSTEMPATH\CodeIgniter.php(368): CodeIgniter\CodeIgniter->handleRequest(null, Object(Config\Cache), false)
 4 FCPATH\index.php(67): CodeIgniter\CodeIgniter->run()
WARNING - 2026-05-20 12:14:17 --> [DEPRECATED] Creation of dynamic property App\Controllers\Home::$Allsettingsmodel is deprecated in APPPATH\Controllers\Home.php on line 45.
 1 SYSTEMPATH\CodeIgniter.php(906): App\Controllers\Home->__construct()
 2 SYSTEMPATH\CodeIgniter.php(490): CodeIgniter\CodeIgniter->createController()
 3 SYSTEMPATH\CodeIgniter.php(368): CodeIgniter\CodeIgniter->handleRequest(null, Object(Config\Cache), false)
 4 FCPATH\index.php(67): CodeIgniter\CodeIgniter->run()
WARNING - 2026-05-20 12:14:20 --> [DEPRECATED] Creation of dynamic property App\Controllers\Home::$user_model is deprecated in APPPATH\Controllers\Home.php on line 35.
 1 SYSTEMPATH\CodeIgniter.php(906): App\Controllers\Home->__construct()
 2 SYSTEMPATH\CodeIgniter.php(490): CodeIgniter\CodeIgniter->createController()
 3 SYSTEMPATH\CodeIgniter.php(368): CodeIgniter\CodeIgniter->handleRequest(null, Object(Config\Cache), false)
 4 FCPATH\index.php(67): CodeIgniter\CodeIgniter->run()
WARNING - 2026-05-20 12:14:20 --> [DEPRECATED] Creation of dynamic property App\Controllers\Home::$BlogModel is deprecated in APPPATH\Controllers\Home.php on line 43.
 1 SYSTEMPATH\CodeIgniter.php(906): App\Controllers\Home->__construct()
 2 SYSTEMPATH\CodeIgniter.php(490): CodeIgniter\CodeIgniter->createController()
 3 SYSTEMPATH\CodeIgniter.php(368): CodeIgniter\CodeIgniter->handleRequest(null, Object(Config\Cache), false)
 4 FCPATH\index.php(67): CodeIgniter\CodeIgniter->run()
WARNING - 2026-05-20 12:14:20 --> [DEPRECATED] Creation of dynamic property App\Controllers\Home::$EnquiryModel is deprecated in APPPATH\Controllers\Home.php on line 44.
 1 SYSTEMPATH\CodeIgniter.php(906): App\Controllers\Home->__construct()
 2 SYSTEMPATH\CodeIgniter.php(490): CodeIgniter\CodeIgniter->createController()
 3 SYSTEMPATH\CodeIgniter.php(368): CodeIgniter\CodeIgniter->handleRequest(null, Object(Config\Cache), false)
 4 FCPATH\index.php(67): CodeIgniter\CodeIgniter->run()
WARNING - 2026-05-20 12:14:20 --> [DEPRECATED] Creation of dynamic property App\Controllers\Home::$Allsettingsmodel is deprecated in APPPATH\Controllers\Home.php on line 45.
 1 SYSTEMPATH\CodeIgniter.php(906): App\Controllers\Home->__construct()
 2 SYSTEMPATH\CodeIgniter.php(490): CodeIgniter\CodeIgniter->createController()
 3 SYSTEMPATH\CodeIgniter.php(368): CodeIgniter\CodeIgniter->handleRequest(null, Object(Config\Cache), false)
 4 FCPATH\index.php(67): CodeIgniter\CodeIgniter->run()
INFO - 2026-05-20 12:14:20 --> Session: Class initialized using 'CodeIgniter\Session\Handlers\FileHandler' driver.
INFO - 2026-05-20 12:14:22 --> Session: Class initialized using 'CodeIgniter\Session\Handlers\FileHandler' driver.
WARNING - 2026-05-20 12:14:22 --> [DEPRECATED] Creation of dynamic property App\Controllers\Home::$user_model is deprecated in APPPATH\Controllers\Home.php on line 35.
 1 SYSTEMPATH\CodeIgniter.php(906): App\Controllers\Home->__construct()
 2 SYSTEMPATH\CodeIgniter.php(490): CodeIgniter\CodeIgniter->createController()
 3 SYSTEMPATH\CodeIgniter.php(368): CodeIgniter\CodeIgniter->handleRequest(null, Object(Config\Cache), false)
 4 FCPATH\index.php(67): CodeIgniter\CodeIgniter->run()
WARNING - 2026-05-20 12:14:22 --> [DEPRECATED] Creation of dynamic property App\Controllers\Home::$BlogModel is deprecated in APPPATH\Controllers\Home.php on line 43.
 1 SYSTEMPATH\CodeIgniter.php(906): App\Controllers\Home->__construct()
 2 SYSTEMPATH\CodeIgniter.php(490): CodeIgniter\CodeIgniter->createController()
 3 SYSTEMPATH\CodeIgniter.php(368): CodeIgniter\CodeIgniter->handleRequest(null, Object(Config\Cache), false)
 4 FCPATH\index.php(67): CodeIgniter\CodeIgniter->run()
WARNING - 2026-05-20 12:14:22 --> [DEPRECATED] Creation of dynamic property App\Controllers\Home::$EnquiryModel is deprecated in APPPATH\Controllers\Home.php on line 44.
 1 SYSTEMPATH\CodeIgniter.php(906): App\Controllers\Home->__construct()
 2 SYSTEMPATH\CodeIgniter.php(490): CodeIgniter\CodeIgniter->createController()
 3 SYSTEMPATH\CodeIgniter.php(368): CodeIgniter\CodeIgniter->handleRequest(null, Object(Config\Cache), false)
 4 FCPATH\index.php(67): CodeIgniter\CodeIgniter->run()
WARNING - 2026-05-20 12:14:22 --> [DEPRECATED] Creation of dynamic property App\Controllers\Home::$Allsettingsmodel is deprecated in APPPATH\Controllers\Home.php on line 45.
 1 SYSTEMPATH\CodeIgniter.php(906): App\Controllers\Home->__construct()
 2 SYSTEMPATH\CodeIgniter.php(490): CodeIgniter\CodeIgniter->createController()
 3 SYSTEMPATH\CodeIgniter.php(368): CodeIgniter\CodeIgniter->handleRequest(null, Object(Config\Cache), false)
 4 FCPATH\index.php(67): CodeIgniter\CodeIgniter->run()
INFO - 2026-05-20 12:14:56 --> Session: Class initialized using 'CodeIgniter\Session\Handlers\FileHandler' driver.
WARNING - 2026-05-20 12:14:56 --> [DEPRECATED] Creation of dynamic property App\Controllers\Customers::$session is deprecated in APPPATH\Controllers\Customers.php on line 19.
 1 SYSTEMPATH\CodeIgniter.php(906): App\Controllers\Customers->__construct()
 2 SYSTEMPATH\CodeIgniter.php(490): CodeIgniter\CodeIgniter->createController()
 3 SYSTEMPATH\CodeIgniter.php(368): CodeIgniter\CodeIgniter->handleRequest(null, Object(Config\Cache), false)
 4 FCPATH\index.php(67): CodeIgniter\CodeIgniter->run()
WARNING - 2026-05-20 12:14:56 --> Session: Sessions is enabled, and one exists. Please don't $session->start();
WARNING - 2026-05-20 12:14:56 --> [DEPRECATED] Creation of dynamic property App\Controllers\Customers::$country is deprecated in APPPATH\Controllers\Customers.php on line 23.
 1 SYSTEMPATH\CodeIgniter.php(906): App\Controllers\Customers->__construct()
 2 SYSTEMPATH\CodeIgniter.php(490): CodeIgniter\CodeIgniter->createController()
 3 SYSTEMPATH\CodeIgniter.php(368): CodeIgniter\CodeIgniter->handleRequest(null, Object(Config\Cache), false)
 4 FCPATH\index.php(67): CodeIgniter\CodeIgniter->run()
WARNING - 2026-05-20 12:14:56 --> [DEPRECATED] Creation of dynamic property App\Controllers\Customers::$state is deprecated in APPPATH\Controllers\Customers.php on line 24.
 1 SYSTEMPATH\CodeIgniter.php(906): App\Controllers\Customers->__construct()
 2 SYSTEMPATH\CodeIgniter.php(490): CodeIgniter\CodeIgniter->createController()
 3 SYSTEMPATH\CodeIgniter.php(368): CodeIgniter\CodeIgniter->handleRequest(null, Object(Config\Cache), false)
 4 FCPATH\index.php(67): CodeIgniter\CodeIgniter->run()
WARNING - 2026-05-20 12:14:56 --> [DEPRECATED] Creation of dynamic property App\Controllers\Customers::$city is deprecated in APPPATH\Controllers\Customers.php on line 25.
 1 SYSTEMPATH\CodeIgniter.php(906): App\Controllers\Customers->__construct()
 2 SYSTEMPATH\CodeIgniter.php(490): CodeIgniter\CodeIgniter->createController()
 3 SYSTEMPATH\CodeIgniter.php(368): CodeIgniter\CodeIgniter->handleRequest(null, Object(Config\Cache), false)
 4 FCPATH\index.php(67): CodeIgniter\CodeIgniter->run()
WARNING - 2026-05-20 12:14:56 --> [DEPRECATED] Creation of dynamic property App\Controllers\Customers::$users is deprecated in APPPATH\Controllers\Customers.php on line 26.
 1 SYSTEMPATH\CodeIgniter.php(906): App\Controllers\Customers->__construct()
 2 SYSTEMPATH\CodeIgniter.php(490): CodeIgniter\CodeIgniter->createController()
 3 SYSTEMPATH\CodeIgniter.php(368): CodeIgniter\CodeIgniter->handleRequest(null, Object(Config\Cache), false)
 4 FCPATH\index.php(67): CodeIgniter\CodeIgniter->run()
WARNING - 2026-05-20 12:14:56 --> [DEPRECATED] Creation of dynamic property App\Controllers\Customers::$variation is deprecated in APPPATH\Controllers\Customers.php on line 27.
 1 SYSTEMPATH\CodeIgniter.php(906): App\Controllers\Customers->__construct()
 2 SYSTEMPATH\CodeIgniter.php(490): CodeIgniter\CodeIgniter->createController()
 3 SYSTEMPATH\CodeIgniter.php(368): CodeIgniter\CodeIgniter->handleRequest(null, Object(Config\Cache), false)
 4 FCPATH\index.php(67): CodeIgniter\CodeIgniter->run()
WARNING - 2026-05-20 12:14:56 --> [DEPRECATED] Creation of dynamic property App\Controllers\Customers::$variationtype is deprecated in APPPATH\Controllers\Customers.php on line 28.
 1 SYSTEMPATH\CodeIgniter.php(906): App\Controllers\Customers->__construct()
 2 SYSTEMPATH\CodeIgniter.php(490): CodeIgniter\CodeIgniter->createController()
 3 SYSTEMPATH\CodeIgniter.php(368): CodeIgniter\CodeIgniter->handleRequest(null, Object(Config\Cache), false)
 4 FCPATH\index.php(67): CodeIgniter\CodeIgniter->run()
WARNING - 2026-05-20 12:14:56 --> [DEPRECATED] Creation of dynamic property App\Controllers\Customers::$brand is deprecated in APPPATH\Controllers\Customers.php on line 29.
 1 SYSTEMPATH\CodeIgniter.php(906): App\Controllers\Customers->__construct()
 2 SYSTEMPATH\CodeIgniter.php(490): CodeIgniter\CodeIgniter->createController()
 3 SYSTEMPATH\CodeIgniter.php(368): CodeIgniter\CodeIgniter->handleRequest(null, Object(Config\Cache), false)
 4 FCPATH\index.php(67): CodeIgniter\CodeIgniter->run()
WARNING - 2026-05-20 12:14:57 --> [DEPRECATED] Creation of dynamic property App\Controllers\Customers::$User_shipping_addressmodel is deprecated in APPPATH\Controllers\Customers.php on line 30.
 1 SYSTEMPATH\CodeIgniter.php(906): App\Controllers\Customers->__construct()
 2 SYSTEMPATH\CodeIgniter.php(490): CodeIgniter\CodeIgniter->createController()
 3 SYSTEMPATH\CodeIgniter.php(368): CodeIgniter\CodeIgniter->handleRequest(null, Object(Config\Cache), false)
 4 FCPATH\index.php(67): CodeIgniter\CodeIgniter->run()
INFO - 2026-05-20 12:16:51 --> Session: Class initialized using 'CodeIgniter\Session\Handlers\FileHandler' driver.
WARNING - 2026-05-20 12:16:51 --> [DEPRECATED] Creation of dynamic property App\Controllers\Payment::$session is deprecated in APPPATH\Controllers\Payment.php on line 34.
 1 SYSTEMPATH\CodeIgniter.php(906): App\Controllers\Payment->__construct()
 2 SYSTEMPATH\CodeIgniter.php(490): CodeIgniter\CodeIgniter->createController()
 3 SYSTEMPATH\CodeIgniter.php(368): CodeIgniter\CodeIgniter->handleRequest(null, Object(Config\Cache), false)
 4 FCPATH\index.php(67): CodeIgniter\CodeIgniter->run()
WARNING - 2026-05-20 12:16:51 --> Session: Sessions is enabled, and one exists. Please don't $session->start();
WARNING - 2026-05-20 12:16:51 --> [DEPRECATED] Creation of dynamic property App\Controllers\Payment::$catagory is deprecated in APPPATH\Controllers\Payment.php on line 37.
 1 SYSTEMPATH\CodeIgniter.php(906): App\Controllers\Payment->__construct()
 2 SYSTEMPATH\CodeIgniter.php(490): CodeIgniter\CodeIgniter->createController()
 3 SYSTEMPATH\CodeIgniter.php(368): CodeIgniter\CodeIgniter->handleRequest(null, Object(Config\Cache), false)
 4 FCPATH\index.php(67): CodeIgniter\CodeIgniter->run()
WARNING - 2026-05-20 12:16:51 --> [DEPRECATED] Creation of dynamic property App\Controllers\Payment::$variation is deprecated in APPPATH\Controllers\Payment.php on line 38.
 1 SYSTEMPATH\CodeIgniter.php(906): App\Controllers\Payment->__construct()
 2 SYSTEMPATH\CodeIgniter.php(490): CodeIgniter\CodeIgniter->createController()
 3 SYSTEMPATH\CodeIgniter.php(368): CodeIgniter\CodeIgniter->handleRequest(null, Object(Config\Cache), false)
 4 FCPATH\index.php(67): CodeIgniter\CodeIgniter->run()
WARNING - 2026-05-20 12:16:51 --> [DEPRECATED] Creation of dynamic property App\Controllers\Payment::$variationtype is deprecated in APPPATH\Controllers\Payment.php on line 39.
 1 SYSTEMPATH\CodeIgniter.php(906): App\Controllers\Payment->__construct()
 2 SYSTEMPATH\CodeIgniter.php(490): CodeIgniter\CodeIgniter->createController()
 3 SYSTEMPATH\CodeIgniter.php(368): CodeIgniter\CodeIgniter->handleRequest(null, Object(Config\Cache), false)
 4 FCPATH\index.php(67): CodeIgniter\CodeIgniter->run()
WARNING - 2026-05-20 12:16:51 --> [DEPRECATED] Creation of dynamic property App\Controllers\Payment::$subcategory is deprecated in APPPATH\Controllers\Payment.php on line 40.
 1 SYSTEMPATH\CodeIgniter.php(906): App\Controllers\Payment->__construct()
 2 SYSTEMPATH\CodeIgniter.php(490): CodeIgniter\CodeIgniter->createController()
 3 SYSTEMPATH\CodeIgniter.php(368): CodeIgniter\CodeIgniter->handleRequest(null, Object(Config\Cache), false)
 4 FCPATH\index.php(67): CodeIgniter\CodeIgniter->run()
WARNING - 2026-05-20 12:16:51 --> [DEPRECATED] Creation of dynamic property App\Controllers\Payment::$product is deprecated in APPPATH\Controllers\Payment.php on line 41.
 1 SYSTEMPATH\CodeIgniter.php(906): App\Controllers\Payment->__construct()
 2 SYSTEMPATH\CodeIgniter.php(490): CodeIgniter\CodeIgniter->createController()
 3 SYSTEMPATH\CodeIgniter.php(368): CodeIgniter\CodeIgniter->handleRequest(null, Object(Config\Cache), false)
 4 FCPATH\index.php(67): CodeIgniter\CodeIgniter->run()
WARNING - 2026-05-20 12:16:51 --> [DEPRECATED] Creation of dynamic property App\Controllers\Payment::$tags is deprecated in APPPATH\Controllers\Payment.php on line 42.
 1 SYSTEMPATH\CodeIgniter.php(906): App\Controllers\Payment->__construct()
 2 SYSTEMPATH\CodeIgniter.php(490): CodeIgniter\CodeIgniter->createController()
 3 SYSTEMPATH\CodeIgniter.php(368): CodeIgniter\CodeIgniter->handleRequest(null, Object(Config\Cache), false)
 4 FCPATH\index.php(67): CodeIgniter\CodeIgniter->run()
WARNING - 2026-05-20 12:16:51 --> [DEPRECATED] Creation of dynamic property App\Controllers\Payment::$shippingmethod is deprecated in APPPATH\Controllers\Payment.php on line 43.
 1 SYSTEMPATH\CodeIgniter.php(906): App\Controllers\Payment->__construct()
 2 SYSTEMPATH\CodeIgniter.php(490): CodeIgniter\CodeIgniter->createController()
 3 SYSTEMPATH\CodeIgniter.php(368): CodeIgniter\CodeIgniter->handleRequest(null, Object(Config\Cache), false)
 4 FCPATH\index.php(67): CodeIgniter\CodeIgniter->run()
WARNING - 2026-05-20 12:16:51 --> [DEPRECATED] Creation of dynamic property App\Controllers\Payment::$optionvalue is deprecated in APPPATH\Controllers\Payment.php on line 44.
 1 SYSTEMPATH\CodeIgniter.php(906): App\Controllers\Payment->__construct()
 2 SYSTEMPATH\CodeIgniter.php(490): CodeIgniter\CodeIgniter->createController()
 3 SYSTEMPATH\CodeIgniter.php(368): CodeIgniter\CodeIgniter->handleRequest(null, Object(Config\Cache), false)
 4 FCPATH\index.php(67): CodeIgniter\CodeIgniter->run()
WARNING - 2026-05-20 12:16:51 --> [DEPRECATED] Creation of dynamic property App\Controllers\Payment::$brand is deprecated in APPPATH\Controllers\Payment.php on line 45.
 1 SYSTEMPATH\CodeIgniter.php(906): App\Controllers\Payment->__construct()
 2 SYSTEMPATH\CodeIgniter.php(490): CodeIgniter\CodeIgniter->createController()
 3 SYSTEMPATH\CodeIgniter.php(368): CodeIgniter\CodeIgniter->handleRequest(null, Object(Config\Cache), false)
 4 FCPATH\index.php(67): CodeIgniter\CodeIgniter->run()
WARNING - 2026-05-20 12:16:51 --> [DEPRECATED] Creation of dynamic property App\Controllers\Payment::$Paymentmodel is deprecated in APPPATH\Controllers\Payment.php on line 46.
 1 SYSTEMPATH\CodeIgniter.php(906): App\Controllers\Payment->__construct()
 2 SYSTEMPATH\CodeIgniter.php(490): CodeIgniter\CodeIgniter->createController()
 3 SYSTEMPATH\CodeIgniter.php(368): CodeIgniter\CodeIgniter->handleRequest(null, Object(Config\Cache), false)
 4 FCPATH\index.php(67): CodeIgniter\CodeIgniter->run()
WARNING - 2026-05-20 12:16:51 --> [DEPRECATED] Creation of dynamic property App\Controllers\Payment::$Banners is deprecated in APPPATH\Controllers\Payment.php on line 47.
 1 SYSTEMPATH\CodeIgniter.php(906): App\Controllers\Payment->__construct()
 2 SYSTEMPATH\CodeIgniter.php(490): CodeIgniter\CodeIgniter->createController()
 3 SYSTEMPATH\CodeIgniter.php(368): CodeIgniter\CodeIgniter->handleRequest(null, Object(Config\Cache), false)
 4 FCPATH\index.php(67): CodeIgniter\CodeIgniter->run()
WARNING - 2026-05-20 12:16:51 --> [DEPRECATED] Creation of dynamic property App\Controllers\Payment::$country is deprecated in APPPATH\Controllers\Payment.php on line 48.
 1 SYSTEMPATH\CodeIgniter.php(906): App\Controllers\Payment->__construct()
 2 SYSTEMPATH\CodeIgniter.php(490): CodeIgniter\CodeIgniter->createController()
 3 SYSTEMPATH\CodeIgniter.php(368): CodeIgniter\CodeIgniter->handleRequest(null, Object(Config\Cache), false)
 4 FCPATH\index.php(67): CodeIgniter\CodeIgniter->run()
WARNING - 2026-05-20 12:16:51 --> [DEPRECATED] Creation of dynamic property App\Controllers\Payment::$state is deprecated in APPPATH\Controllers\Payment.php on line 49.
 1 SYSTEMPATH\CodeIgniter.php(906): App\Controllers\Payment->__construct()
 2 SYSTEMPATH\CodeIgniter.php(490): CodeIgniter\CodeIgniter->createController()
 3 SYSTEMPATH\CodeIgniter.php(368): CodeIgniter\CodeIgniter->handleRequest(null, Object(Config\Cache), false)
 4 FCPATH\index.php(67): CodeIgniter\CodeIgniter->run()
WARNING - 2026-05-20 12:16:51 --> [DEPRECATED] Creation of dynamic property App\Controllers\Payment::$city is deprecated in APPPATH\Controllers\Payment.php on line 50.
 1 SYSTEMPATH\CodeIgniter.php(906): App\Controllers\Payment->__construct()
 2 SYSTEMPATH\CodeIgniter.php(490): CodeIgniter\CodeIgniter->createController()
 3 SYSTEMPATH\CodeIgniter.php(368): CodeIgniter\CodeIgniter->handleRequest(null, Object(Config\Cache), false)
 4 FCPATH\index.php(67): CodeIgniter\CodeIgniter->run()
WARNING - 2026-05-20 12:16:51 --> [DEPRECATED] Creation of dynamic property App\Controllers\Payment::$taxes is deprecated in APPPATH\Controllers\Payment.php on line 51.
 1 SYSTEMPATH\CodeIgniter.php(906): App\Controllers\Payment->__construct()
 2 SYSTEMPATH\CodeIgniter.php(490): CodeIgniter\CodeIgniter->createController()
 3 SYSTEMPATH\CodeIgniter.php(368): CodeIgniter\CodeIgniter->handleRequest(null, Object(Config\Cache), false)
 4 FCPATH\index.php(67): CodeIgniter\CodeIgniter->run()
WARNING - 2026-05-20 12:16:51 --> [DEPRECATED] Creation of dynamic property App\Controllers\Payment::$Allsettings is deprecated in APPPATH\Controllers\Payment.php on line 52.
 1 SYSTEMPATH\CodeIgniter.php(906): App\Controllers\Payment->__construct()
 2 SYSTEMPATH\CodeIgniter.php(490): CodeIgniter\CodeIgniter->createController()
 3 SYSTEMPATH\CodeIgniter.php(368): CodeIgniter\CodeIgniter->handleRequest(null, Object(Config\Cache), false)
 4 FCPATH\index.php(67): CodeIgniter\CodeIgniter->run()
WARNING - 2026-05-20 12:16:51 --> [DEPRECATED] Creation of dynamic property App\Controllers\Payment::$cms is deprecated in APPPATH\Controllers\Payment.php on line 53.
 1 SYSTEMPATH\CodeIgniter.php(906): App\Controllers\Payment->__construct()
 2 SYSTEMPATH\CodeIgniter.php(490): CodeIgniter\CodeIgniter->createController()
 3 SYSTEMPATH\CodeIgniter.php(368): CodeIgniter\CodeIgniter->handleRequest(null, Object(Config\Cache), false)
 4 FCPATH\index.php(67): CodeIgniter\CodeIgniter->run()
WARNING - 2026-05-20 12:16:51 --> [DEPRECATED] Creation of dynamic property App\Controllers\Payment::$Cmsfaqs is deprecated in APPPATH\Controllers\Payment.php on line 54.
 1 SYSTEMPATH\CodeIgniter.php(906): App\Controllers\Payment->__construct()
 2 SYSTEMPATH\CodeIgniter.php(490): CodeIgniter\CodeIgniter->createController()
 3 SYSTEMPATH\CodeIgniter.php(368): CodeIgniter\CodeIgniter->handleRequest(null, Object(Config\Cache), false)
 4 FCPATH\index.php(67): CodeIgniter\CodeIgniter->run()
WARNING - 2026-05-20 12:16:51 --> [DEPRECATED] Creation of dynamic property App\Controllers\Payment::$user_model is deprecated in APPPATH\Controllers\Payment.php on line 56.
 1 SYSTEMPATH\CodeIgniter.php(906): App\Controllers\Payment->__construct()
 2 SYSTEMPATH\CodeIgniter.php(490): CodeIgniter\CodeIgniter->createController()
 3 SYSTEMPATH\CodeIgniter.php(368): CodeIgniter\CodeIgniter->handleRequest(null, Object(Config\Cache), false)
 4 FCPATH\index.php(67): CodeIgniter\CodeIgniter->run()
WARNING - 2026-05-20 12:16:51 --> [DEPRECATED] Creation of dynamic property App\Controllers\Payment::$Order is deprecated in APPPATH\Controllers\Payment.php on line 57.
 1 SYSTEMPATH\CodeIgniter.php(906): App\Controllers\Payment->__construct()
 2 SYSTEMPATH\CodeIgniter.php(490): CodeIgniter\CodeIgniter->createController()
 3 SYSTEMPATH\CodeIgniter.php(368): CodeIgniter\CodeIgniter->handleRequest(null, Object(Config\Cache), false)
 4 FCPATH\index.php(67): CodeIgniter\CodeIgniter->run()
WARNING - 2026-05-20 12:16:51 --> [DEPRECATED] Creation of dynamic property App\Controllers\Payment::$Paymentgatewaymodel is deprecated in APPPATH\Controllers\Payment.php on line 58.
 1 SYSTEMPATH\CodeIgniter.php(906): App\Controllers\Payment->__construct()
 2 SYSTEMPATH\CodeIgniter.php(490): CodeIgniter\CodeIgniter->createController()
 3 SYSTEMPATH\CodeIgniter.php(368): CodeIgniter\CodeIgniter->handleRequest(null, Object(Config\Cache), false)
 4 FCPATH\index.php(67): CodeIgniter\CodeIgniter->run()
WARNING - 2026-05-20 12:16:51 --> [DEPRECATED] Creation of dynamic property App\Controllers\Payment::$TaxesclassModel is deprecated in APPPATH\Controllers\Payment.php on line 59.
 1 SYSTEMPATH\CodeIgniter.php(906): App\Controllers\Payment->__construct()
 2 SYSTEMPATH\CodeIgniter.php(490): CodeIgniter\CodeIgniter->createController()
 3 SYSTEMPATH\CodeIgniter.php(368): CodeIgniter\CodeIgniter->handleRequest(null, Object(Config\Cache), false)
 4 FCPATH\index.php(67): CodeIgniter\CodeIgniter->run()
