INFO - 2025-06-30 10:51:16 --> Session: Class initialized using 'CodeIgniter\Session\Handlers\FileHandler' driver.
INFO - 2025-06-30 10:51:58 --> Session: Class initialized using 'CodeIgniter\Session\Handlers\FileHandler' driver.
INFO - 2025-06-30 10:53:56 --> Session: Class initialized using 'CodeIgniter\Session\Handlers\FileHandler' driver.
INFO - 2025-06-30 10:53:56 --> Session: Class initialized using 'CodeIgniter\Session\Handlers\FileHandler' driver.
WARNING - 2025-06-30 10:53:56 --> [DEPRECATED] Creation of dynamic property App\Controllers\Home::$user_model is deprecated in APPPATH/Controllers/Home.php on line 35.
 1 SYSTEMPATH/CodeIgniter.php(906): App\Controllers\Home->__construct()
 2 SYSTEMPATH/CodeIgniter.php(490): CodeIgniter\CodeIgniter->createController()
 3 SYSTEMPATH/CodeIgniter.php(368): CodeIgniter\CodeIgniter->handleRequest(null, Object(Config\Cache), false)
 4 FCPATH/index.php(67): CodeIgniter\CodeIgniter->run()
WARNING - 2025-06-30 10:53:56 --> [DEPRECATED] Creation of dynamic property App\Controllers\Home::$BlogModel is deprecated in APPPATH/Controllers/Home.php on line 43.
 1 SYSTEMPATH/CodeIgniter.php(906): App\Controllers\Home->__construct()
 2 SYSTEMPATH/CodeIgniter.php(490): CodeIgniter\CodeIgniter->createController()
 3 SYSTEMPATH/CodeIgniter.php(368): CodeIgniter\CodeIgniter->handleRequest(null, Object(Config\Cache), false)
 4 FCPATH/index.php(67): CodeIgniter\CodeIgniter->run()
WARNING - 2025-06-30 10:53:56 --> [DEPRECATED] Creation of dynamic property App\Controllers\Home::$EnquiryModel is deprecated in APPPATH/Controllers/Home.php on line 44.
 1 SYSTEMPATH/CodeIgniter.php(906): App\Controllers\Home->__construct()
 2 SYSTEMPATH/CodeIgniter.php(490): CodeIgniter\CodeIgniter->createController()
 3 SYSTEMPATH/CodeIgniter.php(368): CodeIgniter\CodeIgniter->handleRequest(null, Object(Config\Cache), false)
 4 FCPATH/index.php(67): CodeIgniter\CodeIgniter->run()
WARNING - 2025-06-30 10:53:56 --> [DEPRECATED] Creation of dynamic property App\Controllers\Home::$Allsettingsmodel is deprecated in APPPATH/Controllers/Home.php on line 45.
 1 SYSTEMPATH/CodeIgniter.php(906): App\Controllers\Home->__construct()
 2 SYSTEMPATH/CodeIgniter.php(490): CodeIgniter\CodeIgniter->createController()
 3 SYSTEMPATH/CodeIgniter.php(368): CodeIgniter\CodeIgniter->handleRequest(null, Object(Config\Cache), false)
 4 FCPATH/index.php(67): CodeIgniter\CodeIgniter->run()
WARNING - 2025-06-30 10:54:19 --> [DEPRECATED] Creation of dynamic property App\Controllers\Home::$user_model is deprecated in APPPATH/Controllers/Home.php on line 35.
 1 SYSTEMPATH/CodeIgniter.php(906): App\Controllers\Home->__construct()
 2 SYSTEMPATH/CodeIgniter.php(490): CodeIgniter\CodeIgniter->createController()
 3 SYSTEMPATH/CodeIgniter.php(368): CodeIgniter\CodeIgniter->handleRequest(null, Object(Config\Cache), false)
 4 FCPATH/index.php(67): CodeIgniter\CodeIgniter->run()
WARNING - 2025-06-30 10:54:19 --> [DEPRECATED] Creation of dynamic property App\Controllers\Home::$BlogModel is deprecated in APPPATH/Controllers/Home.php on line 43.
 1 SYSTEMPATH/CodeIgniter.php(906): App\Controllers\Home->__construct()
 2 SYSTEMPATH/CodeIgniter.php(490): CodeIgniter\CodeIgniter->createController()
 3 SYSTEMPATH/CodeIgniter.php(368): CodeIgniter\CodeIgniter->handleRequest(null, Object(Config\Cache), false)
 4 FCPATH/index.php(67): CodeIgniter\CodeIgniter->run()
WARNING - 2025-06-30 10:54:19 --> [DEPRECATED] Creation of dynamic property App\Controllers\Home::$EnquiryModel is deprecated in APPPATH/Controllers/Home.php on line 44.
 1 SYSTEMPATH/CodeIgniter.php(906): App\Controllers\Home->__construct()
 2 SYSTEMPATH/CodeIgniter.php(490): CodeIgniter\CodeIgniter->createController()
 3 SYSTEMPATH/CodeIgniter.php(368): CodeIgniter\CodeIgniter->handleRequest(null, Object(Config\Cache), false)
 4 FCPATH/index.php(67): CodeIgniter\CodeIgniter->run()
WARNING - 2025-06-30 10:54:19 --> [DEPRECATED] Creation of dynamic property App\Controllers\Home::$Allsettingsmodel is deprecated in APPPATH/Controllers/Home.php on line 45.
 1 SYSTEMPATH/CodeIgniter.php(906): App\Controllers\Home->__construct()
 2 SYSTEMPATH/CodeIgniter.php(490): CodeIgniter\CodeIgniter->createController()
 3 SYSTEMPATH/CodeIgniter.php(368): CodeIgniter\CodeIgniter->handleRequest(null, Object(Config\Cache), false)
 4 FCPATH/index.php(67): CodeIgniter\CodeIgniter->run()
INFO - 2025-06-30 10:54:19 --> Session: Class initialized using 'CodeIgniter\Session\Handlers\FileHandler' driver.
INFO - 2025-06-30 10:54:21 --> Session: Class initialized using 'CodeIgniter\Session\Handlers\FileHandler' driver.
WARNING - 2025-06-30 10:54:21 --> [DEPRECATED] Creation of dynamic property App\Controllers\Home::$user_model is deprecated in APPPATH/Controllers/Home.php on line 35.
 1 SYSTEMPATH/CodeIgniter.php(906): App\Controllers\Home->__construct()
 2 SYSTEMPATH/CodeIgniter.php(490): CodeIgniter\CodeIgniter->createController()
 3 SYSTEMPATH/CodeIgniter.php(368): CodeIgniter\CodeIgniter->handleRequest(null, Object(Config\Cache), false)
 4 FCPATH/index.php(67): CodeIgniter\CodeIgniter->run()
WARNING - 2025-06-30 10:54:21 --> [DEPRECATED] Creation of dynamic property App\Controllers\Home::$BlogModel is deprecated in APPPATH/Controllers/Home.php on line 43.
 1 SYSTEMPATH/CodeIgniter.php(906): App\Controllers\Home->__construct()
 2 SYSTEMPATH/CodeIgniter.php(490): CodeIgniter\CodeIgniter->createController()
 3 SYSTEMPATH/CodeIgniter.php(368): CodeIgniter\CodeIgniter->handleRequest(null, Object(Config\Cache), false)
 4 FCPATH/index.php(67): CodeIgniter\CodeIgniter->run()
WARNING - 2025-06-30 10:54:21 --> [DEPRECATED] Creation of dynamic property App\Controllers\Home::$EnquiryModel is deprecated in APPPATH/Controllers/Home.php on line 44.
 1 SYSTEMPATH/CodeIgniter.php(906): App\Controllers\Home->__construct()
 2 SYSTEMPATH/CodeIgniter.php(490): CodeIgniter\CodeIgniter->createController()
 3 SYSTEMPATH/CodeIgniter.php(368): CodeIgniter\CodeIgniter->handleRequest(null, Object(Config\Cache), false)
 4 FCPATH/index.php(67): CodeIgniter\CodeIgniter->run()
WARNING - 2025-06-30 10:54:21 --> [DEPRECATED] Creation of dynamic property App\Controllers\Home::$Allsettingsmodel is deprecated in APPPATH/Controllers/Home.php on line 45.
 1 SYSTEMPATH/CodeIgniter.php(906): App\Controllers\Home->__construct()
 2 SYSTEMPATH/CodeIgniter.php(490): CodeIgniter\CodeIgniter->createController()
 3 SYSTEMPATH/CodeIgniter.php(368): CodeIgniter\CodeIgniter->handleRequest(null, Object(Config\Cache), false)
 4 FCPATH/index.php(67): CodeIgniter\CodeIgniter->run()
INFO - 2025-06-30 10:54:32 --> Session: Class initialized using 'CodeIgniter\Session\Handlers\FileHandler' driver.
WARNING - 2025-06-30 10:54:32 --> [DEPRECATED] Creation of dynamic property App\Controllers\Home::$user_model is deprecated in APPPATH/Controllers/Home.php on line 35.
 1 SYSTEMPATH/CodeIgniter.php(906): App\Controllers\Home->__construct()
 2 SYSTEMPATH/CodeIgniter.php(490): CodeIgniter\CodeIgniter->createController()
 3 SYSTEMPATH/CodeIgniter.php(368): CodeIgniter\CodeIgniter->handleRequest(null, Object(Config\Cache), false)
 4 FCPATH/index.php(67): CodeIgniter\CodeIgniter->run()
WARNING - 2025-06-30 10:54:32 --> [DEPRECATED] Creation of dynamic property App\Controllers\Home::$BlogModel is deprecated in APPPATH/Controllers/Home.php on line 43.
 1 SYSTEMPATH/CodeIgniter.php(906): App\Controllers\Home->__construct()
 2 SYSTEMPATH/CodeIgniter.php(490): CodeIgniter\CodeIgniter->createController()
 3 SYSTEMPATH/CodeIgniter.php(368): CodeIgniter\CodeIgniter->handleRequest(null, Object(Config\Cache), false)
 4 FCPATH/index.php(67): CodeIgniter\CodeIgniter->run()
WARNING - 2025-06-30 10:54:32 --> [DEPRECATED] Creation of dynamic property App\Controllers\Home::$EnquiryModel is deprecated in APPPATH/Controllers/Home.php on line 44.
 1 SYSTEMPATH/CodeIgniter.php(906): App\Controllers\Home->__construct()
 2 SYSTEMPATH/CodeIgniter.php(490): CodeIgniter\CodeIgniter->createController()
 3 SYSTEMPATH/CodeIgniter.php(368): CodeIgniter\CodeIgniter->handleRequest(null, Object(Config\Cache), false)
 4 FCPATH/index.php(67): CodeIgniter\CodeIgniter->run()
WARNING - 2025-06-30 10:54:32 --> [DEPRECATED] Creation of dynamic property App\Controllers\Home::$Allsettingsmodel is deprecated in APPPATH/Controllers/Home.php on line 45.
 1 SYSTEMPATH/CodeIgniter.php(906): App\Controllers\Home->__construct()
 2 SYSTEMPATH/CodeIgniter.php(490): CodeIgniter\CodeIgniter->createController()
 3 SYSTEMPATH/CodeIgniter.php(368): CodeIgniter\CodeIgniter->handleRequest(null, Object(Config\Cache), false)
 4 FCPATH/index.php(67): CodeIgniter\CodeIgniter->run()
INFO - 2025-06-30 10:54:37 --> Session: Class initialized using 'CodeIgniter\Session\Handlers\FileHandler' driver.
WARNING - 2025-06-30 10:54:37 --> [DEPRECATED] Creation of dynamic property App\Controllers\Products::$session is deprecated in APPPATH/Controllers/Products.php on line 30.
 1 SYSTEMPATH/CodeIgniter.php(906): App\Controllers\Products->__construct()
 2 SYSTEMPATH/CodeIgniter.php(490): CodeIgniter\CodeIgniter->createController()
 3 SYSTEMPATH/CodeIgniter.php(368): CodeIgniter\CodeIgniter->handleRequest(null, Object(Config\Cache), false)
 4 FCPATH/index.php(67): CodeIgniter\CodeIgniter->run()
WARNING - 2025-06-30 10:54:37 --> Session: Sessions is enabled, and one exists. Please don't $session->start();
WARNING - 2025-06-30 10:54:37 --> [DEPRECATED] Creation of dynamic property App\Controllers\Products::$catagory is deprecated in APPPATH/Controllers/Products.php on line 33.
 1 SYSTEMPATH/CodeIgniter.php(906): App\Controllers\Products->__construct()
 2 SYSTEMPATH/CodeIgniter.php(490): CodeIgniter\CodeIgniter->createController()
 3 SYSTEMPATH/CodeIgniter.php(368): CodeIgniter\CodeIgniter->handleRequest(null, Object(Config\Cache), false)
 4 FCPATH/index.php(67): CodeIgniter\CodeIgniter->run()
WARNING - 2025-06-30 10:54:37 --> [DEPRECATED] Creation of dynamic property App\Controllers\Products::$variation is deprecated in APPPATH/Controllers/Products.php on line 34.
 1 SYSTEMPATH/CodeIgniter.php(906): App\Controllers\Products->__construct()
 2 SYSTEMPATH/CodeIgniter.php(490): CodeIgniter\CodeIgniter->createController()
 3 SYSTEMPATH/CodeIgniter.php(368): CodeIgniter\CodeIgniter->handleRequest(null, Object(Config\Cache), false)
 4 FCPATH/index.php(67): CodeIgniter\CodeIgniter->run()
WARNING - 2025-06-30 10:54:37 --> [DEPRECATED] Creation of dynamic property App\Controllers\Products::$variationtype is deprecated in APPPATH/Controllers/Products.php on line 35.
 1 SYSTEMPATH/CodeIgniter.php(906): App\Controllers\Products->__construct()
 2 SYSTEMPATH/CodeIgniter.php(490): CodeIgniter\CodeIgniter->createController()
 3 SYSTEMPATH/CodeIgniter.php(368): CodeIgniter\CodeIgniter->handleRequest(null, Object(Config\Cache), false)
 4 FCPATH/index.php(67): CodeIgniter\CodeIgniter->run()
WARNING - 2025-06-30 10:54:37 --> [DEPRECATED] Creation of dynamic property App\Controllers\Products::$subcategory is deprecated in APPPATH/Controllers/Products.php on line 36.
 1 SYSTEMPATH/CodeIgniter.php(906): App\Controllers\Products->__construct()
 2 SYSTEMPATH/CodeIgniter.php(490): CodeIgniter\CodeIgniter->createController()
 3 SYSTEMPATH/CodeIgniter.php(368): CodeIgniter\CodeIgniter->handleRequest(null, Object(Config\Cache), false)
 4 FCPATH/index.php(67): CodeIgniter\CodeIgniter->run()
WARNING - 2025-06-30 10:54:37 --> [DEPRECATED] Creation of dynamic property App\Controllers\Products::$product is deprecated in APPPATH/Controllers/Products.php on line 37.
 1 SYSTEMPATH/CodeIgniter.php(906): App\Controllers\Products->__construct()
 2 SYSTEMPATH/CodeIgniter.php(490): CodeIgniter\CodeIgniter->createController()
 3 SYSTEMPATH/CodeIgniter.php(368): CodeIgniter\CodeIgniter->handleRequest(null, Object(Config\Cache), false)
 4 FCPATH/index.php(67): CodeIgniter\CodeIgniter->run()
WARNING - 2025-06-30 10:54:37 --> [DEPRECATED] Creation of dynamic property App\Controllers\Products::$tags is deprecated in APPPATH/Controllers/Products.php on line 38.
 1 SYSTEMPATH/CodeIgniter.php(906): App\Controllers\Products->__construct()
 2 SYSTEMPATH/CodeIgniter.php(490): CodeIgniter\CodeIgniter->createController()
 3 SYSTEMPATH/CodeIgniter.php(368): CodeIgniter\CodeIgniter->handleRequest(null, Object(Config\Cache), false)
 4 FCPATH/index.php(67): CodeIgniter\CodeIgniter->run()
WARNING - 2025-06-30 10:54:37 --> [DEPRECATED] Creation of dynamic property App\Controllers\Products::$shippingmethod is deprecated in APPPATH/Controllers/Products.php on line 39.
 1 SYSTEMPATH/CodeIgniter.php(906): App\Controllers\Products->__construct()
 2 SYSTEMPATH/CodeIgniter.php(490): CodeIgniter\CodeIgniter->createController()
 3 SYSTEMPATH/CodeIgniter.php(368): CodeIgniter\CodeIgniter->handleRequest(null, Object(Config\Cache), false)
 4 FCPATH/index.php(67): CodeIgniter\CodeIgniter->run()
WARNING - 2025-06-30 10:54:37 --> [DEPRECATED] Creation of dynamic property App\Controllers\Products::$optionvalue is deprecated in APPPATH/Controllers/Products.php on line 40.
 1 SYSTEMPATH/CodeIgniter.php(906): App\Controllers\Products->__construct()
 2 SYSTEMPATH/CodeIgniter.php(490): CodeIgniter\CodeIgniter->createController()
 3 SYSTEMPATH/CodeIgniter.php(368): CodeIgniter\CodeIgniter->handleRequest(null, Object(Config\Cache), false)
 4 FCPATH/index.php(67): CodeIgniter\CodeIgniter->run()
WARNING - 2025-06-30 10:54:37 --> [DEPRECATED] Creation of dynamic property App\Controllers\Products::$brand is deprecated in APPPATH/Controllers/Products.php on line 41.
 1 SYSTEMPATH/CodeIgniter.php(906): App\Controllers\Products->__construct()
 2 SYSTEMPATH/CodeIgniter.php(490): CodeIgniter\CodeIgniter->createController()
 3 SYSTEMPATH/CodeIgniter.php(368): CodeIgniter\CodeIgniter->handleRequest(null, Object(Config\Cache), false)
 4 FCPATH/index.php(67): CodeIgniter\CodeIgniter->run()
WARNING - 2025-06-30 10:54:37 --> [DEPRECATED] Creation of dynamic property App\Controllers\Products::$Allsettings is deprecated in APPPATH/Controllers/Products.php on line 42.
 1 SYSTEMPATH/CodeIgniter.php(906): App\Controllers\Products->__construct()
 2 SYSTEMPATH/CodeIgniter.php(490): CodeIgniter\CodeIgniter->createController()
 3 SYSTEMPATH/CodeIgniter.php(368): CodeIgniter\CodeIgniter->handleRequest(null, Object(Config\Cache), false)
 4 FCPATH/index.php(67): CodeIgniter\CodeIgniter->run()
WARNING - 2025-06-30 10:54:37 --> [DEPRECATED] Creation of dynamic property App\Controllers\Products::$Orderitemmodel is deprecated in APPPATH/Controllers/Products.php on line 43.
 1 SYSTEMPATH/CodeIgniter.php(906): App\Controllers\Products->__construct()
 2 SYSTEMPATH/CodeIgniter.php(490): CodeIgniter\CodeIgniter->createController()
 3 SYSTEMPATH/CodeIgniter.php(368): CodeIgniter\CodeIgniter->handleRequest(null, Object(Config\Cache), false)
 4 FCPATH/index.php(67): CodeIgniter\CodeIgniter->run()
WARNING - 2025-06-30 10:54:37 --> [DEPRECATED] Creation of dynamic property App\Controllers\Products::$Ordermodel is deprecated in APPPATH/Controllers/Products.php on line 44.
 1 SYSTEMPATH/CodeIgniter.php(906): App\Controllers\Products->__construct()
 2 SYSTEMPATH/CodeIgniter.php(490): CodeIgniter\CodeIgniter->createController()
 3 SYSTEMPATH/CodeIgniter.php(368): CodeIgniter\CodeIgniter->handleRequest(null, Object(Config\Cache), false)
 4 FCPATH/index.php(67): CodeIgniter\CodeIgniter->run()
WARNING - 2025-06-30 10:54:37 --> [DEPRECATED] Creation of dynamic property App\Controllers\Products::$CartModel is deprecated in APPPATH/Controllers/Products.php on line 45.
 1 SYSTEMPATH/CodeIgniter.php(906): App\Controllers\Products->__construct()
 2 SYSTEMPATH/CodeIgniter.php(490): CodeIgniter\CodeIgniter->createController()
 3 SYSTEMPATH/CodeIgniter.php(368): CodeIgniter\CodeIgniter->handleRequest(null, Object(Config\Cache), false)
 4 FCPATH/index.php(67): CodeIgniter\CodeIgniter->run()
WARNING - 2025-06-30 10:54:37 --> [DEPRECATED] Creation of dynamic property App\Controllers\Products::$Reviewmodel is deprecated in APPPATH/Controllers/Products.php on line 46.
 1 SYSTEMPATH/CodeIgniter.php(906): App\Controllers\Products->__construct()
 2 SYSTEMPATH/CodeIgniter.php(490): CodeIgniter\CodeIgniter->createController()
 3 SYSTEMPATH/CodeIgniter.php(368): CodeIgniter\CodeIgniter->handleRequest(null, Object(Config\Cache), false)
 4 FCPATH/index.php(67): CodeIgniter\CodeIgniter->run()
WARNING - 2025-06-30 10:54:37 --> [DEPRECATED] Creation of dynamic property App\Controllers\Products::$TaxesclassModel is deprecated in APPPATH/Controllers/Products.php on line 47.
 1 SYSTEMPATH/CodeIgniter.php(906): App\Controllers\Products->__construct()
 2 SYSTEMPATH/CodeIgniter.php(490): CodeIgniter\CodeIgniter->createController()
 3 SYSTEMPATH/CodeIgniter.php(368): CodeIgniter\CodeIgniter->handleRequest(null, Object(Config\Cache), false)
 4 FCPATH/index.php(67): CodeIgniter\CodeIgniter->run()
WARNING - 2025-06-30 10:54:37 --> [DEPRECATED] Creation of dynamic property App\Controllers\Products::$cms is deprecated in APPPATH/Controllers/Products.php on line 48.
 1 SYSTEMPATH/CodeIgniter.php(906): App\Controllers\Products->__construct()
 2 SYSTEMPATH/CodeIgniter.php(490): CodeIgniter\CodeIgniter->createController()
 3 SYSTEMPATH/CodeIgniter.php(368): CodeIgniter\CodeIgniter->handleRequest(null, Object(Config\Cache), false)
 4 FCPATH/index.php(67): CodeIgniter\CodeIgniter->run()
INFO - 2025-06-30 10:54:38 --> Session: Class initialized using 'CodeIgniter\Session\Handlers\FileHandler' driver.
WARNING - 2025-06-30 10:54:38 --> [DEPRECATED] Creation of dynamic property App\Controllers\Products::$session is deprecated in APPPATH/Controllers/Products.php on line 30.
 1 SYSTEMPATH/CodeIgniter.php(906): App\Controllers\Products->__construct()
 2 SYSTEMPATH/CodeIgniter.php(490): CodeIgniter\CodeIgniter->createController()
 3 SYSTEMPATH/CodeIgniter.php(368): CodeIgniter\CodeIgniter->handleRequest(null, Object(Config\Cache), false)
 4 FCPATH/index.php(67): CodeIgniter\CodeIgniter->run()
WARNING - 2025-06-30 10:54:38 --> Session: Sessions is enabled, and one exists. Please don't $session->start();
WARNING - 2025-06-30 10:54:38 --> [DEPRECATED] Creation of dynamic property App\Controllers\Products::$catagory is deprecated in APPPATH/Controllers/Products.php on line 33.
 1 SYSTEMPATH/CodeIgniter.php(906): App\Controllers\Products->__construct()
 2 SYSTEMPATH/CodeIgniter.php(490): CodeIgniter\CodeIgniter->createController()
 3 SYSTEMPATH/CodeIgniter.php(368): CodeIgniter\CodeIgniter->handleRequest(null, Object(Config\Cache), false)
 4 FCPATH/index.php(67): CodeIgniter\CodeIgniter->run()
WARNING - 2025-06-30 10:54:38 --> [DEPRECATED] Creation of dynamic property App\Controllers\Products::$variation is deprecated in APPPATH/Controllers/Products.php on line 34.
 1 SYSTEMPATH/CodeIgniter.php(906): App\Controllers\Products->__construct()
 2 SYSTEMPATH/CodeIgniter.php(490): CodeIgniter\CodeIgniter->createController()
 3 SYSTEMPATH/CodeIgniter.php(368): CodeIgniter\CodeIgniter->handleRequest(null, Object(Config\Cache), false)
 4 FCPATH/index.php(67): CodeIgniter\CodeIgniter->run()
WARNING - 2025-06-30 10:54:38 --> [DEPRECATED] Creation of dynamic property App\Controllers\Products::$variationtype is deprecated in APPPATH/Controllers/Products.php on line 35.
 1 SYSTEMPATH/CodeIgniter.php(906): App\Controllers\Products->__construct()
 2 SYSTEMPATH/CodeIgniter.php(490): CodeIgniter\CodeIgniter->createController()
 3 SYSTEMPATH/CodeIgniter.php(368): CodeIgniter\CodeIgniter->handleRequest(null, Object(Config\Cache), false)
 4 FCPATH/index.php(67): CodeIgniter\CodeIgniter->run()
WARNING - 2025-06-30 10:54:38 --> [DEPRECATED] Creation of dynamic property App\Controllers\Products::$subcategory is deprecated in APPPATH/Controllers/Products.php on line 36.
 1 SYSTEMPATH/CodeIgniter.php(906): App\Controllers\Products->__construct()
 2 SYSTEMPATH/CodeIgniter.php(490): CodeIgniter\CodeIgniter->createController()
 3 SYSTEMPATH/CodeIgniter.php(368): CodeIgniter\CodeIgniter->handleRequest(null, Object(Config\Cache), false)
 4 FCPATH/index.php(67): CodeIgniter\CodeIgniter->run()
WARNING - 2025-06-30 10:54:38 --> [DEPRECATED] Creation of dynamic property App\Controllers\Products::$product is deprecated in APPPATH/Controllers/Products.php on line 37.
 1 SYSTEMPATH/CodeIgniter.php(906): App\Controllers\Products->__construct()
 2 SYSTEMPATH/CodeIgniter.php(490): CodeIgniter\CodeIgniter->createController()
 3 SYSTEMPATH/CodeIgniter.php(368): CodeIgniter\CodeIgniter->handleRequest(null, Object(Config\Cache), false)
 4 FCPATH/index.php(67): CodeIgniter\CodeIgniter->run()
WARNING - 2025-06-30 10:54:38 --> [DEPRECATED] Creation of dynamic property App\Controllers\Products::$tags is deprecated in APPPATH/Controllers/Products.php on line 38.
 1 SYSTEMPATH/CodeIgniter.php(906): App\Controllers\Products->__construct()
 2 SYSTEMPATH/CodeIgniter.php(490): CodeIgniter\CodeIgniter->createController()
 3 SYSTEMPATH/CodeIgniter.php(368): CodeIgniter\CodeIgniter->handleRequest(null, Object(Config\Cache), false)
 4 FCPATH/index.php(67): CodeIgniter\CodeIgniter->run()
WARNING - 2025-06-30 10:54:38 --> [DEPRECATED] Creation of dynamic property App\Controllers\Products::$shippingmethod is deprecated in APPPATH/Controllers/Products.php on line 39.
 1 SYSTEMPATH/CodeIgniter.php(906): App\Controllers\Products->__construct()
 2 SYSTEMPATH/CodeIgniter.php(490): CodeIgniter\CodeIgniter->createController()
 3 SYSTEMPATH/CodeIgniter.php(368): CodeIgniter\CodeIgniter->handleRequest(null, Object(Config\Cache), false)
 4 FCPATH/index.php(67): CodeIgniter\CodeIgniter->run()
WARNING - 2025-06-30 10:54:38 --> [DEPRECATED] Creation of dynamic property App\Controllers\Products::$optionvalue is deprecated in APPPATH/Controllers/Products.php on line 40.
 1 SYSTEMPATH/CodeIgniter.php(906): App\Controllers\Products->__construct()
 2 SYSTEMPATH/CodeIgniter.php(490): CodeIgniter\CodeIgniter->createController()
 3 SYSTEMPATH/CodeIgniter.php(368): CodeIgniter\CodeIgniter->handleRequest(null, Object(Config\Cache), false)
 4 FCPATH/index.php(67): CodeIgniter\CodeIgniter->run()
WARNING - 2025-06-30 10:54:38 --> [DEPRECATED] Creation of dynamic property App\Controllers\Products::$brand is deprecated in APPPATH/Controllers/Products.php on line 41.
 1 SYSTEMPATH/CodeIgniter.php(906): App\Controllers\Products->__construct()
 2 SYSTEMPATH/CodeIgniter.php(490): CodeIgniter\CodeIgniter->createController()
 3 SYSTEMPATH/CodeIgniter.php(368): CodeIgniter\CodeIgniter->handleRequest(null, Object(Config\Cache), false)
 4 FCPATH/index.php(67): CodeIgniter\CodeIgniter->run()
WARNING - 2025-06-30 10:54:38 --> [DEPRECATED] Creation of dynamic property App\Controllers\Products::$Allsettings is deprecated in APPPATH/Controllers/Products.php on line 42.
 1 SYSTEMPATH/CodeIgniter.php(906): App\Controllers\Products->__construct()
 2 SYSTEMPATH/CodeIgniter.php(490): CodeIgniter\CodeIgniter->createController()
 3 SYSTEMPATH/CodeIgniter.php(368): CodeIgniter\CodeIgniter->handleRequest(null, Object(Config\Cache), false)
 4 FCPATH/index.php(67): CodeIgniter\CodeIgniter->run()
WARNING - 2025-06-30 10:54:38 --> [DEPRECATED] Creation of dynamic property App\Controllers\Products::$Orderitemmodel is deprecated in APPPATH/Controllers/Products.php on line 43.
 1 SYSTEMPATH/CodeIgniter.php(906): App\Controllers\Products->__construct()
 2 SYSTEMPATH/CodeIgniter.php(490): CodeIgniter\CodeIgniter->createController()
 3 SYSTEMPATH/CodeIgniter.php(368): CodeIgniter\CodeIgniter->handleRequest(null, Object(Config\Cache), false)
 4 FCPATH/index.php(67): CodeIgniter\CodeIgniter->run()
WARNING - 2025-06-30 10:54:38 --> [DEPRECATED] Creation of dynamic property App\Controllers\Products::$Ordermodel is deprecated in APPPATH/Controllers/Products.php on line 44.
 1 SYSTEMPATH/CodeIgniter.php(906): App\Controllers\Products->__construct()
 2 SYSTEMPATH/CodeIgniter.php(490): CodeIgniter\CodeIgniter->createController()
 3 SYSTEMPATH/CodeIgniter.php(368): CodeIgniter\CodeIgniter->handleRequest(null, Object(Config\Cache), false)
 4 FCPATH/index.php(67): CodeIgniter\CodeIgniter->run()
WARNING - 2025-06-30 10:54:38 --> [DEPRECATED] Creation of dynamic property App\Controllers\Products::$CartModel is deprecated in APPPATH/Controllers/Products.php on line 45.
 1 SYSTEMPATH/CodeIgniter.php(906): App\Controllers\Products->__construct()
 2 SYSTEMPATH/CodeIgniter.php(490): CodeIgniter\CodeIgniter->createController()
 3 SYSTEMPATH/CodeIgniter.php(368): CodeIgniter\CodeIgniter->handleRequest(null, Object(Config\Cache), false)
 4 FCPATH/index.php(67): CodeIgniter\CodeIgniter->run()
WARNING - 2025-06-30 10:54:38 --> [DEPRECATED] Creation of dynamic property App\Controllers\Products::$Reviewmodel is deprecated in APPPATH/Controllers/Products.php on line 46.
 1 SYSTEMPATH/CodeIgniter.php(906): App\Controllers\Products->__construct()
 2 SYSTEMPATH/CodeIgniter.php(490): CodeIgniter\CodeIgniter->createController()
 3 SYSTEMPATH/CodeIgniter.php(368): CodeIgniter\CodeIgniter->handleRequest(null, Object(Config\Cache), false)
 4 FCPATH/index.php(67): CodeIgniter\CodeIgniter->run()
WARNING - 2025-06-30 10:54:38 --> [DEPRECATED] Creation of dynamic property App\Controllers\Products::$TaxesclassModel is deprecated in APPPATH/Controllers/Products.php on line 47.
 1 SYSTEMPATH/CodeIgniter.php(906): App\Controllers\Products->__construct()
 2 SYSTEMPATH/CodeIgniter.php(490): CodeIgniter\CodeIgniter->createController()
 3 SYSTEMPATH/CodeIgniter.php(368): CodeIgniter\CodeIgniter->handleRequest(null, Object(Config\Cache), false)
 4 FCPATH/index.php(67): CodeIgniter\CodeIgniter->run()
WARNING - 2025-06-30 10:54:38 --> [DEPRECATED] Creation of dynamic property App\Controllers\Products::$cms is deprecated in APPPATH/Controllers/Products.php on line 48.
 1 SYSTEMPATH/CodeIgniter.php(906): App\Controllers\Products->__construct()
 2 SYSTEMPATH/CodeIgniter.php(490): CodeIgniter\CodeIgniter->createController()
 3 SYSTEMPATH/CodeIgniter.php(368): CodeIgniter\CodeIgniter->handleRequest(null, Object(Config\Cache), false)
 4 FCPATH/index.php(67): CodeIgniter\CodeIgniter->run()
INFO - 2025-06-30 10:58:31 --> Session: Class initialized using 'CodeIgniter\Session\Handlers\FileHandler' driver.
INFO - 2025-06-30 10:58:31 --> Session: Class initialized using 'CodeIgniter\Session\Handlers\FileHandler' driver.
WARNING - 2025-06-30 10:58:31 --> [DEPRECATED] Creation of dynamic property App\Controllers\Home::$user_model is deprecated in APPPATH/Controllers/Home.php on line 35.
 1 SYSTEMPATH/CodeIgniter.php(906): App\Controllers\Home->__construct()
 2 SYSTEMPATH/CodeIgniter.php(490): CodeIgniter\CodeIgniter->createController()
 3 SYSTEMPATH/CodeIgniter.php(368): CodeIgniter\CodeIgniter->handleRequest(null, Object(Config\Cache), false)
 4 FCPATH/index.php(67): CodeIgniter\CodeIgniter->run()
WARNING - 2025-06-30 10:58:31 --> [DEPRECATED] Creation of dynamic property App\Controllers\Home::$BlogModel is deprecated in APPPATH/Controllers/Home.php on line 43.
 1 SYSTEMPATH/CodeIgniter.php(906): App\Controllers\Home->__construct()
 2 SYSTEMPATH/CodeIgniter.php(490): CodeIgniter\CodeIgniter->createController()
 3 SYSTEMPATH/CodeIgniter.php(368): CodeIgniter\CodeIgniter->handleRequest(null, Object(Config\Cache), false)
 4 FCPATH/index.php(67): CodeIgniter\CodeIgniter->run()
WARNING - 2025-06-30 10:58:31 --> [DEPRECATED] Creation of dynamic property App\Controllers\Home::$EnquiryModel is deprecated in APPPATH/Controllers/Home.php on line 44.
 1 SYSTEMPATH/CodeIgniter.php(906): App\Controllers\Home->__construct()
 2 SYSTEMPATH/CodeIgniter.php(490): CodeIgniter\CodeIgniter->createController()
 3 SYSTEMPATH/CodeIgniter.php(368): CodeIgniter\CodeIgniter->handleRequest(null, Object(Config\Cache), false)
 4 FCPATH/index.php(67): CodeIgniter\CodeIgniter->run()
WARNING - 2025-06-30 10:58:31 --> [DEPRECATED] Creation of dynamic property App\Controllers\Home::$Allsettingsmodel is deprecated in APPPATH/Controllers/Home.php on line 45.
 1 SYSTEMPATH/CodeIgniter.php(906): App\Controllers\Home->__construct()
 2 SYSTEMPATH/CodeIgniter.php(490): CodeIgniter\CodeIgniter->createController()
 3 SYSTEMPATH/CodeIgniter.php(368): CodeIgniter\CodeIgniter->handleRequest(null, Object(Config\Cache), false)
 4 FCPATH/index.php(67): CodeIgniter\CodeIgniter->run()
WARNING - 2025-06-30 10:58:52 --> [DEPRECATED] Creation of dynamic property App\Controllers\Home::$user_model is deprecated in APPPATH/Controllers/Home.php on line 35.
 1 SYSTEMPATH/CodeIgniter.php(906): App\Controllers\Home->__construct()
 2 SYSTEMPATH/CodeIgniter.php(490): CodeIgniter\CodeIgniter->createController()
 3 SYSTEMPATH/CodeIgniter.php(368): CodeIgniter\CodeIgniter->handleRequest(null, Object(Config\Cache), false)
 4 FCPATH/index.php(67): CodeIgniter\CodeIgniter->run()
WARNING - 2025-06-30 10:58:52 --> [DEPRECATED] Creation of dynamic property App\Controllers\Home::$BlogModel is deprecated in APPPATH/Controllers/Home.php on line 43.
 1 SYSTEMPATH/CodeIgniter.php(906): App\Controllers\Home->__construct()
 2 SYSTEMPATH/CodeIgniter.php(490): CodeIgniter\CodeIgniter->createController()
 3 SYSTEMPATH/CodeIgniter.php(368): CodeIgniter\CodeIgniter->handleRequest(null, Object(Config\Cache), false)
 4 FCPATH/index.php(67): CodeIgniter\CodeIgniter->run()
WARNING - 2025-06-30 10:58:52 --> [DEPRECATED] Creation of dynamic property App\Controllers\Home::$EnquiryModel is deprecated in APPPATH/Controllers/Home.php on line 44.
 1 SYSTEMPATH/CodeIgniter.php(906): App\Controllers\Home->__construct()
 2 SYSTEMPATH/CodeIgniter.php(490): CodeIgniter\CodeIgniter->createController()
 3 SYSTEMPATH/CodeIgniter.php(368): CodeIgniter\CodeIgniter->handleRequest(null, Object(Config\Cache), false)
 4 FCPATH/index.php(67): CodeIgniter\CodeIgniter->run()
WARNING - 2025-06-30 10:58:52 --> [DEPRECATED] Creation of dynamic property App\Controllers\Home::$Allsettingsmodel is deprecated in APPPATH/Controllers/Home.php on line 45.
 1 SYSTEMPATH/CodeIgniter.php(906): App\Controllers\Home->__construct()
 2 SYSTEMPATH/CodeIgniter.php(490): CodeIgniter\CodeIgniter->createController()
 3 SYSTEMPATH/CodeIgniter.php(368): CodeIgniter\CodeIgniter->handleRequest(null, Object(Config\Cache), false)
 4 FCPATH/index.php(67): CodeIgniter\CodeIgniter->run()
INFO - 2025-06-30 10:58:52 --> Session: Class initialized using 'CodeIgniter\Session\Handlers\FileHandler' driver.
INFO - 2025-06-30 10:58:54 --> Session: Class initialized using 'CodeIgniter\Session\Handlers\FileHandler' driver.
WARNING - 2025-06-30 10:58:54 --> [DEPRECATED] Creation of dynamic property App\Controllers\Home::$user_model is deprecated in APPPATH/Controllers/Home.php on line 35.
 1 SYSTEMPATH/CodeIgniter.php(906): App\Controllers\Home->__construct()
 2 SYSTEMPATH/CodeIgniter.php(490): CodeIgniter\CodeIgniter->createController()
 3 SYSTEMPATH/CodeIgniter.php(368): CodeIgniter\CodeIgniter->handleRequest(null, Object(Config\Cache), false)
 4 FCPATH/index.php(67): CodeIgniter\CodeIgniter->run()
WARNING - 2025-06-30 10:58:54 --> [DEPRECATED] Creation of dynamic property App\Controllers\Home::$BlogModel is deprecated in APPPATH/Controllers/Home.php on line 43.
 1 SYSTEMPATH/CodeIgniter.php(906): App\Controllers\Home->__construct()
 2 SYSTEMPATH/CodeIgniter.php(490): CodeIgniter\CodeIgniter->createController()
 3 SYSTEMPATH/CodeIgniter.php(368): CodeIgniter\CodeIgniter->handleRequest(null, Object(Config\Cache), false)
 4 FCPATH/index.php(67): CodeIgniter\CodeIgniter->run()
WARNING - 2025-06-30 10:58:54 --> [DEPRECATED] Creation of dynamic property App\Controllers\Home::$EnquiryModel is deprecated in APPPATH/Controllers/Home.php on line 44.
 1 SYSTEMPATH/CodeIgniter.php(906): App\Controllers\Home->__construct()
 2 SYSTEMPATH/CodeIgniter.php(490): CodeIgniter\CodeIgniter->createController()
 3 SYSTEMPATH/CodeIgniter.php(368): CodeIgniter\CodeIgniter->handleRequest(null, Object(Config\Cache), false)
 4 FCPATH/index.php(67): CodeIgniter\CodeIgniter->run()
WARNING - 2025-06-30 10:58:54 --> [DEPRECATED] Creation of dynamic property App\Controllers\Home::$Allsettingsmodel is deprecated in APPPATH/Controllers/Home.php on line 45.
 1 SYSTEMPATH/CodeIgniter.php(906): App\Controllers\Home->__construct()
 2 SYSTEMPATH/CodeIgniter.php(490): CodeIgniter\CodeIgniter->createController()
 3 SYSTEMPATH/CodeIgniter.php(368): CodeIgniter\CodeIgniter->handleRequest(null, Object(Config\Cache), false)
 4 FCPATH/index.php(67): CodeIgniter\CodeIgniter->run()
INFO - 2025-06-30 11:00:28 --> Session: Class initialized using 'CodeIgniter\Session\Handlers\FileHandler' driver.
WARNING - 2025-06-30 11:00:28 --> [DEPRECATED] Creation of dynamic property App\Controllers\Products::$session is deprecated in APPPATH/Controllers/Products.php on line 30.
 1 SYSTEMPATH/CodeIgniter.php(906): App\Controllers\Products->__construct()
 2 SYSTEMPATH/CodeIgniter.php(490): CodeIgniter\CodeIgniter->createController()
 3 SYSTEMPATH/CodeIgniter.php(368): CodeIgniter\CodeIgniter->handleRequest(null, Object(Config\Cache), false)
 4 FCPATH/index.php(67): CodeIgniter\CodeIgniter->run()
WARNING - 2025-06-30 11:00:28 --> Session: Sessions is enabled, and one exists. Please don't $session->start();
WARNING - 2025-06-30 11:00:28 --> [DEPRECATED] Creation of dynamic property App\Controllers\Products::$catagory is deprecated in APPPATH/Controllers/Products.php on line 33.
 1 SYSTEMPATH/CodeIgniter.php(906): App\Controllers\Products->__construct()
 2 SYSTEMPATH/CodeIgniter.php(490): CodeIgniter\CodeIgniter->createController()
 3 SYSTEMPATH/CodeIgniter.php(368): CodeIgniter\CodeIgniter->handleRequest(null, Object(Config\Cache), false)
 4 FCPATH/index.php(67): CodeIgniter\CodeIgniter->run()
WARNING - 2025-06-30 11:00:28 --> [DEPRECATED] Creation of dynamic property App\Controllers\Products::$variation is deprecated in APPPATH/Controllers/Products.php on line 34.
 1 SYSTEMPATH/CodeIgniter.php(906): App\Controllers\Products->__construct()
 2 SYSTEMPATH/CodeIgniter.php(490): CodeIgniter\CodeIgniter->createController()
 3 SYSTEMPATH/CodeIgniter.php(368): CodeIgniter\CodeIgniter->handleRequest(null, Object(Config\Cache), false)
 4 FCPATH/index.php(67): CodeIgniter\CodeIgniter->run()
WARNING - 2025-06-30 11:00:28 --> [DEPRECATED] Creation of dynamic property App\Controllers\Products::$variationtype is deprecated in APPPATH/Controllers/Products.php on line 35.
 1 SYSTEMPATH/CodeIgniter.php(906): App\Controllers\Products->__construct()
 2 SYSTEMPATH/CodeIgniter.php(490): CodeIgniter\CodeIgniter->createController()
 3 SYSTEMPATH/CodeIgniter.php(368): CodeIgniter\CodeIgniter->handleRequest(null, Object(Config\Cache), false)
 4 FCPATH/index.php(67): CodeIgniter\CodeIgniter->run()
WARNING - 2025-06-30 11:00:28 --> [DEPRECATED] Creation of dynamic property App\Controllers\Products::$subcategory is deprecated in APPPATH/Controllers/Products.php on line 36.
 1 SYSTEMPATH/CodeIgniter.php(906): App\Controllers\Products->__construct()
 2 SYSTEMPATH/CodeIgniter.php(490): CodeIgniter\CodeIgniter->createController()
 3 SYSTEMPATH/CodeIgniter.php(368): CodeIgniter\CodeIgniter->handleRequest(null, Object(Config\Cache), false)
 4 FCPATH/index.php(67): CodeIgniter\CodeIgniter->run()
WARNING - 2025-06-30 11:00:28 --> [DEPRECATED] Creation of dynamic property App\Controllers\Products::$product is deprecated in APPPATH/Controllers/Products.php on line 37.
 1 SYSTEMPATH/CodeIgniter.php(906): App\Controllers\Products->__construct()
 2 SYSTEMPATH/CodeIgniter.php(490): CodeIgniter\CodeIgniter->createController()
 3 SYSTEMPATH/CodeIgniter.php(368): CodeIgniter\CodeIgniter->handleRequest(null, Object(Config\Cache), false)
 4 FCPATH/index.php(67): CodeIgniter\CodeIgniter->run()
WARNING - 2025-06-30 11:00:28 --> [DEPRECATED] Creation of dynamic property App\Controllers\Products::$tags is deprecated in APPPATH/Controllers/Products.php on line 38.
 1 SYSTEMPATH/CodeIgniter.php(906): App\Controllers\Products->__construct()
 2 SYSTEMPATH/CodeIgniter.php(490): CodeIgniter\CodeIgniter->createController()
 3 SYSTEMPATH/CodeIgniter.php(368): CodeIgniter\CodeIgniter->handleRequest(null, Object(Config\Cache), false)
 4 FCPATH/index.php(67): CodeIgniter\CodeIgniter->run()
WARNING - 2025-06-30 11:00:28 --> [DEPRECATED] Creation of dynamic property App\Controllers\Products::$shippingmethod is deprecated in APPPATH/Controllers/Products.php on line 39.
 1 SYSTEMPATH/CodeIgniter.php(906): App\Controllers\Products->__construct()
 2 SYSTEMPATH/CodeIgniter.php(490): CodeIgniter\CodeIgniter->createController()
 3 SYSTEMPATH/CodeIgniter.php(368): CodeIgniter\CodeIgniter->handleRequest(null, Object(Config\Cache), false)
 4 FCPATH/index.php(67): CodeIgniter\CodeIgniter->run()
WARNING - 2025-06-30 11:00:28 --> [DEPRECATED] Creation of dynamic property App\Controllers\Products::$optionvalue is deprecated in APPPATH/Controllers/Products.php on line 40.
 1 SYSTEMPATH/CodeIgniter.php(906): App\Controllers\Products->__construct()
 2 SYSTEMPATH/CodeIgniter.php(490): CodeIgniter\CodeIgniter->createController()
 3 SYSTEMPATH/CodeIgniter.php(368): CodeIgniter\CodeIgniter->handleRequest(null, Object(Config\Cache), false)
 4 FCPATH/index.php(67): CodeIgniter\CodeIgniter->run()
WARNING - 2025-06-30 11:00:28 --> [DEPRECATED] Creation of dynamic property App\Controllers\Products::$brand is deprecated in APPPATH/Controllers/Products.php on line 41.
 1 SYSTEMPATH/CodeIgniter.php(906): App\Controllers\Products->__construct()
 2 SYSTEMPATH/CodeIgniter.php(490): CodeIgniter\CodeIgniter->createController()
 3 SYSTEMPATH/CodeIgniter.php(368): CodeIgniter\CodeIgniter->handleRequest(null, Object(Config\Cache), false)
 4 FCPATH/index.php(67): CodeIgniter\CodeIgniter->run()
WARNING - 2025-06-30 11:00:28 --> [DEPRECATED] Creation of dynamic property App\Controllers\Products::$Allsettings is deprecated in APPPATH/Controllers/Products.php on line 42.
 1 SYSTEMPATH/CodeIgniter.php(906): App\Controllers\Products->__construct()
 2 SYSTEMPATH/CodeIgniter.php(490): CodeIgniter\CodeIgniter->createController()
 3 SYSTEMPATH/CodeIgniter.php(368): CodeIgniter\CodeIgniter->handleRequest(null, Object(Config\Cache), false)
 4 FCPATH/index.php(67): CodeIgniter\CodeIgniter->run()
WARNING - 2025-06-30 11:00:28 --> [DEPRECATED] Creation of dynamic property App\Controllers\Products::$Orderitemmodel is deprecated in APPPATH/Controllers/Products.php on line 43.
 1 SYSTEMPATH/CodeIgniter.php(906): App\Controllers\Products->__construct()
 2 SYSTEMPATH/CodeIgniter.php(490): CodeIgniter\CodeIgniter->createController()
 3 SYSTEMPATH/CodeIgniter.php(368): CodeIgniter\CodeIgniter->handleRequest(null, Object(Config\Cache), false)
 4 FCPATH/index.php(67): CodeIgniter\CodeIgniter->run()
WARNING - 2025-06-30 11:00:28 --> [DEPRECATED] Creation of dynamic property App\Controllers\Products::$Ordermodel is deprecated in APPPATH/Controllers/Products.php on line 44.
 1 SYSTEMPATH/CodeIgniter.php(906): App\Controllers\Products->__construct()
 2 SYSTEMPATH/CodeIgniter.php(490): CodeIgniter\CodeIgniter->createController()
 3 SYSTEMPATH/CodeIgniter.php(368): CodeIgniter\CodeIgniter->handleRequest(null, Object(Config\Cache), false)
 4 FCPATH/index.php(67): CodeIgniter\CodeIgniter->run()
WARNING - 2025-06-30 11:00:28 --> [DEPRECATED] Creation of dynamic property App\Controllers\Products::$CartModel is deprecated in APPPATH/Controllers/Products.php on line 45.
 1 SYSTEMPATH/CodeIgniter.php(906): App\Controllers\Products->__construct()
 2 SYSTEMPATH/CodeIgniter.php(490): CodeIgniter\CodeIgniter->createController()
 3 SYSTEMPATH/CodeIgniter.php(368): CodeIgniter\CodeIgniter->handleRequest(null, Object(Config\Cache), false)
 4 FCPATH/index.php(67): CodeIgniter\CodeIgniter->run()
WARNING - 2025-06-30 11:00:28 --> [DEPRECATED] Creation of dynamic property App\Controllers\Products::$Reviewmodel is deprecated in APPPATH/Controllers/Products.php on line 46.
 1 SYSTEMPATH/CodeIgniter.php(906): App\Controllers\Products->__construct()
 2 SYSTEMPATH/CodeIgniter.php(490): CodeIgniter\CodeIgniter->createController()
 3 SYSTEMPATH/CodeIgniter.php(368): CodeIgniter\CodeIgniter->handleRequest(null, Object(Config\Cache), false)
 4 FCPATH/index.php(67): CodeIgniter\CodeIgniter->run()
WARNING - 2025-06-30 11:00:28 --> [DEPRECATED] Creation of dynamic property App\Controllers\Products::$TaxesclassModel is deprecated in APPPATH/Controllers/Products.php on line 47.
 1 SYSTEMPATH/CodeIgniter.php(906): App\Controllers\Products->__construct()
 2 SYSTEMPATH/CodeIgniter.php(490): CodeIgniter\CodeIgniter->createController()
 3 SYSTEMPATH/CodeIgniter.php(368): CodeIgniter\CodeIgniter->handleRequest(null, Object(Config\Cache), false)
 4 FCPATH/index.php(67): CodeIgniter\CodeIgniter->run()
WARNING - 2025-06-30 11:00:28 --> [DEPRECATED] Creation of dynamic property App\Controllers\Products::$cms is deprecated in APPPATH/Controllers/Products.php on line 48.
 1 SYSTEMPATH/CodeIgniter.php(906): App\Controllers\Products->__construct()
 2 SYSTEMPATH/CodeIgniter.php(490): CodeIgniter\CodeIgniter->createController()
 3 SYSTEMPATH/CodeIgniter.php(368): CodeIgniter\CodeIgniter->handleRequest(null, Object(Config\Cache), false)
 4 FCPATH/index.php(67): CodeIgniter\CodeIgniter->run()
INFO - 2025-06-30 11:00:29 --> Session: Class initialized using 'CodeIgniter\Session\Handlers\FileHandler' driver.
WARNING - 2025-06-30 11:00:29 --> [DEPRECATED] Creation of dynamic property App\Controllers\Products::$session is deprecated in APPPATH/Controllers/Products.php on line 30.
 1 SYSTEMPATH/CodeIgniter.php(906): App\Controllers\Products->__construct()
 2 SYSTEMPATH/CodeIgniter.php(490): CodeIgniter\CodeIgniter->createController()
 3 SYSTEMPATH/CodeIgniter.php(368): CodeIgniter\CodeIgniter->handleRequest(null, Object(Config\Cache), false)
 4 FCPATH/index.php(67): CodeIgniter\CodeIgniter->run()
WARNING - 2025-06-30 11:00:29 --> Session: Sessions is enabled, and one exists. Please don't $session->start();
WARNING - 2025-06-30 11:00:29 --> [DEPRECATED] Creation of dynamic property App\Controllers\Products::$catagory is deprecated in APPPATH/Controllers/Products.php on line 33.
 1 SYSTEMPATH/CodeIgniter.php(906): App\Controllers\Products->__construct()
 2 SYSTEMPATH/CodeIgniter.php(490): CodeIgniter\CodeIgniter->createController()
 3 SYSTEMPATH/CodeIgniter.php(368): CodeIgniter\CodeIgniter->handleRequest(null, Object(Config\Cache), false)
 4 FCPATH/index.php(67): CodeIgniter\CodeIgniter->run()
WARNING - 2025-06-30 11:00:29 --> [DEPRECATED] Creation of dynamic property App\Controllers\Products::$variation is deprecated in APPPATH/Controllers/Products.php on line 34.
 1 SYSTEMPATH/CodeIgniter.php(906): App\Controllers\Products->__construct()
 2 SYSTEMPATH/CodeIgniter.php(490): CodeIgniter\CodeIgniter->createController()
 3 SYSTEMPATH/CodeIgniter.php(368): CodeIgniter\CodeIgniter->handleRequest(null, Object(Config\Cache), false)
 4 FCPATH/index.php(67): CodeIgniter\CodeIgniter->run()
WARNING - 2025-06-30 11:00:29 --> [DEPRECATED] Creation of dynamic property App\Controllers\Products::$variationtype is deprecated in APPPATH/Controllers/Products.php on line 35.
 1 SYSTEMPATH/CodeIgniter.php(906): App\Controllers\Products->__construct()
 2 SYSTEMPATH/CodeIgniter.php(490): CodeIgniter\CodeIgniter->createController()
 3 SYSTEMPATH/CodeIgniter.php(368): CodeIgniter\CodeIgniter->handleRequest(null, Object(Config\Cache), false)
 4 FCPATH/index.php(67): CodeIgniter\CodeIgniter->run()
WARNING - 2025-06-30 11:00:29 --> [DEPRECATED] Creation of dynamic property App\Controllers\Products::$subcategory is deprecated in APPPATH/Controllers/Products.php on line 36.
 1 SYSTEMPATH/CodeIgniter.php(906): App\Controllers\Products->__construct()
 2 SYSTEMPATH/CodeIgniter.php(490): CodeIgniter\CodeIgniter->createController()
 3 SYSTEMPATH/CodeIgniter.php(368): CodeIgniter\CodeIgniter->handleRequest(null, Object(Config\Cache), false)
 4 FCPATH/index.php(67): CodeIgniter\CodeIgniter->run()
WARNING - 2025-06-30 11:00:29 --> [DEPRECATED] Creation of dynamic property App\Controllers\Products::$product is deprecated in APPPATH/Controllers/Products.php on line 37.
 1 SYSTEMPATH/CodeIgniter.php(906): App\Controllers\Products->__construct()
 2 SYSTEMPATH/CodeIgniter.php(490): CodeIgniter\CodeIgniter->createController()
 3 SYSTEMPATH/CodeIgniter.php(368): CodeIgniter\CodeIgniter->handleRequest(null, Object(Config\Cache), false)
 4 FCPATH/index.php(67): CodeIgniter\CodeIgniter->run()
WARNING - 2025-06-30 11:00:29 --> [DEPRECATED] Creation of dynamic property App\Controllers\Products::$tags is deprecated in APPPATH/Controllers/Products.php on line 38.
 1 SYSTEMPATH/CodeIgniter.php(906): App\Controllers\Products->__construct()
 2 SYSTEMPATH/CodeIgniter.php(490): CodeIgniter\CodeIgniter->createController()
 3 SYSTEMPATH/CodeIgniter.php(368): CodeIgniter\CodeIgniter->handleRequest(null, Object(Config\Cache), false)
 4 FCPATH/index.php(67): CodeIgniter\CodeIgniter->run()
WARNING - 2025-06-30 11:00:29 --> [DEPRECATED] Creation of dynamic property App\Controllers\Products::$shippingmethod is deprecated in APPPATH/Controllers/Products.php on line 39.
 1 SYSTEMPATH/CodeIgniter.php(906): App\Controllers\Products->__construct()
 2 SYSTEMPATH/CodeIgniter.php(490): CodeIgniter\CodeIgniter->createController()
 3 SYSTEMPATH/CodeIgniter.php(368): CodeIgniter\CodeIgniter->handleRequest(null, Object(Config\Cache), false)
 4 FCPATH/index.php(67): CodeIgniter\CodeIgniter->run()
WARNING - 2025-06-30 11:00:29 --> [DEPRECATED] Creation of dynamic property App\Controllers\Products::$optionvalue is deprecated in APPPATH/Controllers/Products.php on line 40.
 1 SYSTEMPATH/CodeIgniter.php(906): App\Controllers\Products->__construct()
 2 SYSTEMPATH/CodeIgniter.php(490): CodeIgniter\CodeIgniter->createController()
 3 SYSTEMPATH/CodeIgniter.php(368): CodeIgniter\CodeIgniter->handleRequest(null, Object(Config\Cache), false)
 4 FCPATH/index.php(67): CodeIgniter\CodeIgniter->run()
WARNING - 2025-06-30 11:00:29 --> [DEPRECATED] Creation of dynamic property App\Controllers\Products::$brand is deprecated in APPPATH/Controllers/Products.php on line 41.
 1 SYSTEMPATH/CodeIgniter.php(906): App\Controllers\Products->__construct()
 2 SYSTEMPATH/CodeIgniter.php(490): CodeIgniter\CodeIgniter->createController()
 3 SYSTEMPATH/CodeIgniter.php(368): CodeIgniter\CodeIgniter->handleRequest(null, Object(Config\Cache), false)
 4 FCPATH/index.php(67): CodeIgniter\CodeIgniter->run()
WARNING - 2025-06-30 11:00:29 --> [DEPRECATED] Creation of dynamic property App\Controllers\Products::$Allsettings is deprecated in APPPATH/Controllers/Products.php on line 42.
 1 SYSTEMPATH/CodeIgniter.php(906): App\Controllers\Products->__construct()
 2 SYSTEMPATH/CodeIgniter.php(490): CodeIgniter\CodeIgniter->createController()
 3 SYSTEMPATH/CodeIgniter.php(368): CodeIgniter\CodeIgniter->handleRequest(null, Object(Config\Cache), false)
 4 FCPATH/index.php(67): CodeIgniter\CodeIgniter->run()
WARNING - 2025-06-30 11:00:29 --> [DEPRECATED] Creation of dynamic property App\Controllers\Products::$Orderitemmodel is deprecated in APPPATH/Controllers/Products.php on line 43.
 1 SYSTEMPATH/CodeIgniter.php(906): App\Controllers\Products->__construct()
 2 SYSTEMPATH/CodeIgniter.php(490): CodeIgniter\CodeIgniter->createController()
 3 SYSTEMPATH/CodeIgniter.php(368): CodeIgniter\CodeIgniter->handleRequest(null, Object(Config\Cache), false)
 4 FCPATH/index.php(67): CodeIgniter\CodeIgniter->run()
WARNING - 2025-06-30 11:00:29 --> [DEPRECATED] Creation of dynamic property App\Controllers\Products::$Ordermodel is deprecated in APPPATH/Controllers/Products.php on line 44.
 1 SYSTEMPATH/CodeIgniter.php(906): App\Controllers\Products->__construct()
 2 SYSTEMPATH/CodeIgniter.php(490): CodeIgniter\CodeIgniter->createController()
 3 SYSTEMPATH/CodeIgniter.php(368): CodeIgniter\CodeIgniter->handleRequest(null, Object(Config\Cache), false)
 4 FCPATH/index.php(67): CodeIgniter\CodeIgniter->run()
WARNING - 2025-06-30 11:00:29 --> [DEPRECATED] Creation of dynamic property App\Controllers\Products::$CartModel is deprecated in APPPATH/Controllers/Products.php on line 45.
 1 SYSTEMPATH/CodeIgniter.php(906): App\Controllers\Products->__construct()
 2 SYSTEMPATH/CodeIgniter.php(490): CodeIgniter\CodeIgniter->createController()
 3 SYSTEMPATH/CodeIgniter.php(368): CodeIgniter\CodeIgniter->handleRequest(null, Object(Config\Cache), false)
 4 FCPATH/index.php(67): CodeIgniter\CodeIgniter->run()
WARNING - 2025-06-30 11:00:29 --> [DEPRECATED] Creation of dynamic property App\Controllers\Products::$Reviewmodel is deprecated in APPPATH/Controllers/Products.php on line 46.
 1 SYSTEMPATH/CodeIgniter.php(906): App\Controllers\Products->__construct()
 2 SYSTEMPATH/CodeIgniter.php(490): CodeIgniter\CodeIgniter->createController()
 3 SYSTEMPATH/CodeIgniter.php(368): CodeIgniter\CodeIgniter->handleRequest(null, Object(Config\Cache), false)
 4 FCPATH/index.php(67): CodeIgniter\CodeIgniter->run()
WARNING - 2025-06-30 11:00:29 --> [DEPRECATED] Creation of dynamic property App\Controllers\Products::$TaxesclassModel is deprecated in APPPATH/Controllers/Products.php on line 47.
 1 SYSTEMPATH/CodeIgniter.php(906): App\Controllers\Products->__construct()
 2 SYSTEMPATH/CodeIgniter.php(490): CodeIgniter\CodeIgniter->createController()
 3 SYSTEMPATH/CodeIgniter.php(368): CodeIgniter\CodeIgniter->handleRequest(null, Object(Config\Cache), false)
 4 FCPATH/index.php(67): CodeIgniter\CodeIgniter->run()
WARNING - 2025-06-30 11:00:29 --> [DEPRECATED] Creation of dynamic property App\Controllers\Products::$cms is deprecated in APPPATH/Controllers/Products.php on line 48.
 1 SYSTEMPATH/CodeIgniter.php(906): App\Controllers\Products->__construct()
 2 SYSTEMPATH/CodeIgniter.php(490): CodeIgniter\CodeIgniter->createController()
 3 SYSTEMPATH/CodeIgniter.php(368): CodeIgniter\CodeIgniter->handleRequest(null, Object(Config\Cache), false)
 4 FCPATH/index.php(67): CodeIgniter\CodeIgniter->run()
INFO - 2025-06-30 11:00:32 --> Session: Class initialized using 'CodeIgniter\Session\Handlers\FileHandler' driver.
WARNING - 2025-06-30 11:00:32 --> [DEPRECATED] Creation of dynamic property App\Controllers\Products::$session is deprecated in APPPATH/Controllers/Products.php on line 30.
 1 SYSTEMPATH/CodeIgniter.php(906): App\Controllers\Products->__construct()
 2 SYSTEMPATH/CodeIgniter.php(490): CodeIgniter\CodeIgniter->createController()
 3 SYSTEMPATH/CodeIgniter.php(368): CodeIgniter\CodeIgniter->handleRequest(null, Object(Config\Cache), false)
 4 FCPATH/index.php(67): CodeIgniter\CodeIgniter->run()
WARNING - 2025-06-30 11:00:32 --> Session: Sessions is enabled, and one exists. Please don't $session->start();
WARNING - 2025-06-30 11:00:32 --> [DEPRECATED] Creation of dynamic property App\Controllers\Products::$catagory is deprecated in APPPATH/Controllers/Products.php on line 33.
 1 SYSTEMPATH/CodeIgniter.php(906): App\Controllers\Products->__construct()
 2 SYSTEMPATH/CodeIgniter.php(490): CodeIgniter\CodeIgniter->createController()
 3 SYSTEMPATH/CodeIgniter.php(368): CodeIgniter\CodeIgniter->handleRequest(null, Object(Config\Cache), false)
 4 FCPATH/index.php(67): CodeIgniter\CodeIgniter->run()
WARNING - 2025-06-30 11:00:32 --> [DEPRECATED] Creation of dynamic property App\Controllers\Products::$variation is deprecated in APPPATH/Controllers/Products.php on line 34.
 1 SYSTEMPATH/CodeIgniter.php(906): App\Controllers\Products->__construct()
 2 SYSTEMPATH/CodeIgniter.php(490): CodeIgniter\CodeIgniter->createController()
 3 SYSTEMPATH/CodeIgniter.php(368): CodeIgniter\CodeIgniter->handleRequest(null, Object(Config\Cache), false)
 4 FCPATH/index.php(67): CodeIgniter\CodeIgniter->run()
WARNING - 2025-06-30 11:00:32 --> [DEPRECATED] Creation of dynamic property App\Controllers\Products::$variationtype is deprecated in APPPATH/Controllers/Products.php on line 35.
 1 SYSTEMPATH/CodeIgniter.php(906): App\Controllers\Products->__construct()
 2 SYSTEMPATH/CodeIgniter.php(490): CodeIgniter\CodeIgniter->createController()
 3 SYSTEMPATH/CodeIgniter.php(368): CodeIgniter\CodeIgniter->handleRequest(null, Object(Config\Cache), false)
 4 FCPATH/index.php(67): CodeIgniter\CodeIgniter->run()
WARNING - 2025-06-30 11:00:32 --> [DEPRECATED] Creation of dynamic property App\Controllers\Products::$subcategory is deprecated in APPPATH/Controllers/Products.php on line 36.
 1 SYSTEMPATH/CodeIgniter.php(906): App\Controllers\Products->__construct()
 2 SYSTEMPATH/CodeIgniter.php(490): CodeIgniter\CodeIgniter->createController()
 3 SYSTEMPATH/CodeIgniter.php(368): CodeIgniter\CodeIgniter->handleRequest(null, Object(Config\Cache), false)
 4 FCPATH/index.php(67): CodeIgniter\CodeIgniter->run()
WARNING - 2025-06-30 11:00:32 --> [DEPRECATED] Creation of dynamic property App\Controllers\Products::$product is deprecated in APPPATH/Controllers/Products.php on line 37.
 1 SYSTEMPATH/CodeIgniter.php(906): App\Controllers\Products->__construct()
 2 SYSTEMPATH/CodeIgniter.php(490): CodeIgniter\CodeIgniter->createController()
 3 SYSTEMPATH/CodeIgniter.php(368): CodeIgniter\CodeIgniter->handleRequest(null, Object(Config\Cache), false)
 4 FCPATH/index.php(67): CodeIgniter\CodeIgniter->run()
WARNING - 2025-06-30 11:00:32 --> [DEPRECATED] Creation of dynamic property App\Controllers\Products::$tags is deprecated in APPPATH/Controllers/Products.php on line 38.
 1 SYSTEMPATH/CodeIgniter.php(906): App\Controllers\Products->__construct()
 2 SYSTEMPATH/CodeIgniter.php(490): CodeIgniter\CodeIgniter->createController()
 3 SYSTEMPATH/CodeIgniter.php(368): CodeIgniter\CodeIgniter->handleRequest(null, Object(Config\Cache), false)
 4 FCPATH/index.php(67): CodeIgniter\CodeIgniter->run()
WARNING - 2025-06-30 11:00:32 --> [DEPRECATED] Creation of dynamic property App\Controllers\Products::$shippingmethod is deprecated in APPPATH/Controllers/Products.php on line 39.
 1 SYSTEMPATH/CodeIgniter.php(906): App\Controllers\Products->__construct()
 2 SYSTEMPATH/CodeIgniter.php(490): CodeIgniter\CodeIgniter->createController()
 3 SYSTEMPATH/CodeIgniter.php(368): CodeIgniter\CodeIgniter->handleRequest(null, Object(Config\Cache), false)
 4 FCPATH/index.php(67): CodeIgniter\CodeIgniter->run()
WARNING - 2025-06-30 11:00:32 --> [DEPRECATED] Creation of dynamic property App\Controllers\Products::$optionvalue is deprecated in APPPATH/Controllers/Products.php on line 40.
 1 SYSTEMPATH/CodeIgniter.php(906): App\Controllers\Products->__construct()
 2 SYSTEMPATH/CodeIgniter.php(490): CodeIgniter\CodeIgniter->createController()
 3 SYSTEMPATH/CodeIgniter.php(368): CodeIgniter\CodeIgniter->handleRequest(null, Object(Config\Cache), false)
 4 FCPATH/index.php(67): CodeIgniter\CodeIgniter->run()
WARNING - 2025-06-30 11:00:32 --> [DEPRECATED] Creation of dynamic property App\Controllers\Products::$brand is deprecated in APPPATH/Controllers/Products.php on line 41.
 1 SYSTEMPATH/CodeIgniter.php(906): App\Controllers\Products->__construct()
 2 SYSTEMPATH/CodeIgniter.php(490): CodeIgniter\CodeIgniter->createController()
 3 SYSTEMPATH/CodeIgniter.php(368): CodeIgniter\CodeIgniter->handleRequest(null, Object(Config\Cache), false)
 4 FCPATH/index.php(67): CodeIgniter\CodeIgniter->run()
WARNING - 2025-06-30 11:00:32 --> [DEPRECATED] Creation of dynamic property App\Controllers\Products::$Allsettings is deprecated in APPPATH/Controllers/Products.php on line 42.
 1 SYSTEMPATH/CodeIgniter.php(906): App\Controllers\Products->__construct()
 2 SYSTEMPATH/CodeIgniter.php(490): CodeIgniter\CodeIgniter->createController()
 3 SYSTEMPATH/CodeIgniter.php(368): CodeIgniter\CodeIgniter->handleRequest(null, Object(Config\Cache), false)
 4 FCPATH/index.php(67): CodeIgniter\CodeIgniter->run()
WARNING - 2025-06-30 11:00:32 --> [DEPRECATED] Creation of dynamic property App\Controllers\Products::$Orderitemmodel is deprecated in APPPATH/Controllers/Products.php on line 43.
 1 SYSTEMPATH/CodeIgniter.php(906): App\Controllers\Products->__construct()
 2 SYSTEMPATH/CodeIgniter.php(490): CodeIgniter\CodeIgniter->createController()
 3 SYSTEMPATH/CodeIgniter.php(368): CodeIgniter\CodeIgniter->handleRequest(null, Object(Config\Cache), false)
 4 FCPATH/index.php(67): CodeIgniter\CodeIgniter->run()
WARNING - 2025-06-30 11:00:32 --> [DEPRECATED] Creation of dynamic property App\Controllers\Products::$Ordermodel is deprecated in APPPATH/Controllers/Products.php on line 44.
 1 SYSTEMPATH/CodeIgniter.php(906): App\Controllers\Products->__construct()
 2 SYSTEMPATH/CodeIgniter.php(490): CodeIgniter\CodeIgniter->createController()
 3 SYSTEMPATH/CodeIgniter.php(368): CodeIgniter\CodeIgniter->handleRequest(null, Object(Config\Cache), false)
 4 FCPATH/index.php(67): CodeIgniter\CodeIgniter->run()
WARNING - 2025-06-30 11:00:32 --> [DEPRECATED] Creation of dynamic property App\Controllers\Products::$CartModel is deprecated in APPPATH/Controllers/Products.php on line 45.
 1 SYSTEMPATH/CodeIgniter.php(906): App\Controllers\Products->__construct()
 2 SYSTEMPATH/CodeIgniter.php(490): CodeIgniter\CodeIgniter->createController()
 3 SYSTEMPATH/CodeIgniter.php(368): CodeIgniter\CodeIgniter->handleRequest(null, Object(Config\Cache), false)
 4 FCPATH/index.php(67): CodeIgniter\CodeIgniter->run()
WARNING - 2025-06-30 11:00:32 --> [DEPRECATED] Creation of dynamic property App\Controllers\Products::$Reviewmodel is deprecated in APPPATH/Controllers/Products.php on line 46.
 1 SYSTEMPATH/CodeIgniter.php(906): App\Controllers\Products->__construct()
 2 SYSTEMPATH/CodeIgniter.php(490): CodeIgniter\CodeIgniter->createController()
 3 SYSTEMPATH/CodeIgniter.php(368): CodeIgniter\CodeIgniter->handleRequest(null, Object(Config\Cache), false)
 4 FCPATH/index.php(67): CodeIgniter\CodeIgniter->run()
WARNING - 2025-06-30 11:00:32 --> [DEPRECATED] Creation of dynamic property App\Controllers\Products::$TaxesclassModel is deprecated in APPPATH/Controllers/Products.php on line 47.
 1 SYSTEMPATH/CodeIgniter.php(906): App\Controllers\Products->__construct()
 2 SYSTEMPATH/CodeIgniter.php(490): CodeIgniter\CodeIgniter->createController()
 3 SYSTEMPATH/CodeIgniter.php(368): CodeIgniter\CodeIgniter->handleRequest(null, Object(Config\Cache), false)
 4 FCPATH/index.php(67): CodeIgniter\CodeIgniter->run()
WARNING - 2025-06-30 11:00:32 --> [DEPRECATED] Creation of dynamic property App\Controllers\Products::$cms is deprecated in APPPATH/Controllers/Products.php on line 48.
 1 SYSTEMPATH/CodeIgniter.php(906): App\Controllers\Products->__construct()
 2 SYSTEMPATH/CodeIgniter.php(490): CodeIgniter\CodeIgniter->createController()
 3 SYSTEMPATH/CodeIgniter.php(368): CodeIgniter\CodeIgniter->handleRequest(null, Object(Config\Cache), false)
 4 FCPATH/index.php(67): CodeIgniter\CodeIgniter->run()
INFO - 2025-06-30 11:00:34 --> Session: Class initialized using 'CodeIgniter\Session\Handlers\FileHandler' driver.
WARNING - 2025-06-30 11:00:34 --> [DEPRECATED] Creation of dynamic property App\Controllers\Products::$session is deprecated in APPPATH/Controllers/Products.php on line 30.
 1 SYSTEMPATH/CodeIgniter.php(906): App\Controllers\Products->__construct()
 2 SYSTEMPATH/CodeIgniter.php(490): CodeIgniter\CodeIgniter->createController()
 3 SYSTEMPATH/CodeIgniter.php(368): CodeIgniter\CodeIgniter->handleRequest(null, Object(Config\Cache), false)
 4 FCPATH/index.php(67): CodeIgniter\CodeIgniter->run()
WARNING - 2025-06-30 11:00:34 --> Session: Sessions is enabled, and one exists. Please don't $session->start();
WARNING - 2025-06-30 11:00:34 --> [DEPRECATED] Creation of dynamic property App\Controllers\Products::$catagory is deprecated in APPPATH/Controllers/Products.php on line 33.
 1 SYSTEMPATH/CodeIgniter.php(906): App\Controllers\Products->__construct()
 2 SYSTEMPATH/CodeIgniter.php(490): CodeIgniter\CodeIgniter->createController()
 3 SYSTEMPATH/CodeIgniter.php(368): CodeIgniter\CodeIgniter->handleRequest(null, Object(Config\Cache), false)
 4 FCPATH/index.php(67): CodeIgniter\CodeIgniter->run()
WARNING - 2025-06-30 11:00:34 --> [DEPRECATED] Creation of dynamic property App\Controllers\Products::$variation is deprecated in APPPATH/Controllers/Products.php on line 34.
 1 SYSTEMPATH/CodeIgniter.php(906): App\Controllers\Products->__construct()
 2 SYSTEMPATH/CodeIgniter.php(490): CodeIgniter\CodeIgniter->createController()
 3 SYSTEMPATH/CodeIgniter.php(368): CodeIgniter\CodeIgniter->handleRequest(null, Object(Config\Cache), false)
 4 FCPATH/index.php(67): CodeIgniter\CodeIgniter->run()
WARNING - 2025-06-30 11:00:34 --> [DEPRECATED] Creation of dynamic property App\Controllers\Products::$variationtype is deprecated in APPPATH/Controllers/Products.php on line 35.
 1 SYSTEMPATH/CodeIgniter.php(906): App\Controllers\Products->__construct()
 2 SYSTEMPATH/CodeIgniter.php(490): CodeIgniter\CodeIgniter->createController()
 3 SYSTEMPATH/CodeIgniter.php(368): CodeIgniter\CodeIgniter->handleRequest(null, Object(Config\Cache), false)
 4 FCPATH/index.php(67): CodeIgniter\CodeIgniter->run()
WARNING - 2025-06-30 11:00:34 --> [DEPRECATED] Creation of dynamic property App\Controllers\Products::$subcategory is deprecated in APPPATH/Controllers/Products.php on line 36.
 1 SYSTEMPATH/CodeIgniter.php(906): App\Controllers\Products->__construct()
 2 SYSTEMPATH/CodeIgniter.php(490): CodeIgniter\CodeIgniter->createController()
 3 SYSTEMPATH/CodeIgniter.php(368): CodeIgniter\CodeIgniter->handleRequest(null, Object(Config\Cache), false)
 4 FCPATH/index.php(67): CodeIgniter\CodeIgniter->run()
WARNING - 2025-06-30 11:00:34 --> [DEPRECATED] Creation of dynamic property App\Controllers\Products::$product is deprecated in APPPATH/Controllers/Products.php on line 37.
 1 SYSTEMPATH/CodeIgniter.php(906): App\Controllers\Products->__construct()
 2 SYSTEMPATH/CodeIgniter.php(490): CodeIgniter\CodeIgniter->createController()
 3 SYSTEMPATH/CodeIgniter.php(368): CodeIgniter\CodeIgniter->handleRequest(null, Object(Config\Cache), false)
 4 FCPATH/index.php(67): CodeIgniter\CodeIgniter->run()
WARNING - 2025-06-30 11:00:34 --> [DEPRECATED] Creation of dynamic property App\Controllers\Products::$tags is deprecated in APPPATH/Controllers/Products.php on line 38.
 1 SYSTEMPATH/CodeIgniter.php(906): App\Controllers\Products->__construct()
 2 SYSTEMPATH/CodeIgniter.php(490): CodeIgniter\CodeIgniter->createController()
 3 SYSTEMPATH/CodeIgniter.php(368): CodeIgniter\CodeIgniter->handleRequest(null, Object(Config\Cache), false)
 4 FCPATH/index.php(67): CodeIgniter\CodeIgniter->run()
WARNING - 2025-06-30 11:00:34 --> [DEPRECATED] Creation of dynamic property App\Controllers\Products::$shippingmethod is deprecated in APPPATH/Controllers/Products.php on line 39.
 1 SYSTEMPATH/CodeIgniter.php(906): App\Controllers\Products->__construct()
 2 SYSTEMPATH/CodeIgniter.php(490): CodeIgniter\CodeIgniter->createController()
 3 SYSTEMPATH/CodeIgniter.php(368): CodeIgniter\CodeIgniter->handleRequest(null, Object(Config\Cache), false)
 4 FCPATH/index.php(67): CodeIgniter\CodeIgniter->run()
WARNING - 2025-06-30 11:00:34 --> [DEPRECATED] Creation of dynamic property App\Controllers\Products::$optionvalue is deprecated in APPPATH/Controllers/Products.php on line 40.
 1 SYSTEMPATH/CodeIgniter.php(906): App\Controllers\Products->__construct()
 2 SYSTEMPATH/CodeIgniter.php(490): CodeIgniter\CodeIgniter->createController()
 3 SYSTEMPATH/CodeIgniter.php(368): CodeIgniter\CodeIgniter->handleRequest(null, Object(Config\Cache), false)
 4 FCPATH/index.php(67): CodeIgniter\CodeIgniter->run()
WARNING - 2025-06-30 11:00:34 --> [DEPRECATED] Creation of dynamic property App\Controllers\Products::$brand is deprecated in APPPATH/Controllers/Products.php on line 41.
 1 SYSTEMPATH/CodeIgniter.php(906): App\Controllers\Products->__construct()
 2 SYSTEMPATH/CodeIgniter.php(490): CodeIgniter\CodeIgniter->createController()
 3 SYSTEMPATH/CodeIgniter.php(368): CodeIgniter\CodeIgniter->handleRequest(null, Object(Config\Cache), false)
 4 FCPATH/index.php(67): CodeIgniter\CodeIgniter->run()
WARNING - 2025-06-30 11:00:34 --> [DEPRECATED] Creation of dynamic property App\Controllers\Products::$Allsettings is deprecated in APPPATH/Controllers/Products.php on line 42.
 1 SYSTEMPATH/CodeIgniter.php(906): App\Controllers\Products->__construct()
 2 SYSTEMPATH/CodeIgniter.php(490): CodeIgniter\CodeIgniter->createController()
 3 SYSTEMPATH/CodeIgniter.php(368): CodeIgniter\CodeIgniter->handleRequest(null, Object(Config\Cache), false)
 4 FCPATH/index.php(67): CodeIgniter\CodeIgniter->run()
WARNING - 2025-06-30 11:00:34 --> [DEPRECATED] Creation of dynamic property App\Controllers\Products::$Orderitemmodel is deprecated in APPPATH/Controllers/Products.php on line 43.
 1 SYSTEMPATH/CodeIgniter.php(906): App\Controllers\Products->__construct()
 2 SYSTEMPATH/CodeIgniter.php(490): CodeIgniter\CodeIgniter->createController()
 3 SYSTEMPATH/CodeIgniter.php(368): CodeIgniter\CodeIgniter->handleRequest(null, Object(Config\Cache), false)
 4 FCPATH/index.php(67): CodeIgniter\CodeIgniter->run()
WARNING - 2025-06-30 11:00:34 --> [DEPRECATED] Creation of dynamic property App\Controllers\Products::$Ordermodel is deprecated in APPPATH/Controllers/Products.php on line 44.
 1 SYSTEMPATH/CodeIgniter.php(906): App\Controllers\Products->__construct()
 2 SYSTEMPATH/CodeIgniter.php(490): CodeIgniter\CodeIgniter->createController()
 3 SYSTEMPATH/CodeIgniter.php(368): CodeIgniter\CodeIgniter->handleRequest(null, Object(Config\Cache), false)
 4 FCPATH/index.php(67): CodeIgniter\CodeIgniter->run()
WARNING - 2025-06-30 11:00:34 --> [DEPRECATED] Creation of dynamic property App\Controllers\Products::$CartModel is deprecated in APPPATH/Controllers/Products.php on line 45.
 1 SYSTEMPATH/CodeIgniter.php(906): App\Controllers\Products->__construct()
 2 SYSTEMPATH/CodeIgniter.php(490): CodeIgniter\CodeIgniter->createController()
 3 SYSTEMPATH/CodeIgniter.php(368): CodeIgniter\CodeIgniter->handleRequest(null, Object(Config\Cache), false)
 4 FCPATH/index.php(67): CodeIgniter\CodeIgniter->run()
WARNING - 2025-06-30 11:00:34 --> [DEPRECATED] Creation of dynamic property App\Controllers\Products::$Reviewmodel is deprecated in APPPATH/Controllers/Products.php on line 46.
 1 SYSTEMPATH/CodeIgniter.php(906): App\Controllers\Products->__construct()
 2 SYSTEMPATH/CodeIgniter.php(490): CodeIgniter\CodeIgniter->createController()
 3 SYSTEMPATH/CodeIgniter.php(368): CodeIgniter\CodeIgniter->handleRequest(null, Object(Config\Cache), false)
 4 FCPATH/index.php(67): CodeIgniter\CodeIgniter->run()
WARNING - 2025-06-30 11:00:34 --> [DEPRECATED] Creation of dynamic property App\Controllers\Products::$TaxesclassModel is deprecated in APPPATH/Controllers/Products.php on line 47.
 1 SYSTEMPATH/CodeIgniter.php(906): App\Controllers\Products->__construct()
 2 SYSTEMPATH/CodeIgniter.php(490): CodeIgniter\CodeIgniter->createController()
 3 SYSTEMPATH/CodeIgniter.php(368): CodeIgniter\CodeIgniter->handleRequest(null, Object(Config\Cache), false)
 4 FCPATH/index.php(67): CodeIgniter\CodeIgniter->run()
WARNING - 2025-06-30 11:00:34 --> [DEPRECATED] Creation of dynamic property App\Controllers\Products::$cms is deprecated in APPPATH/Controllers/Products.php on line 48.
 1 SYSTEMPATH/CodeIgniter.php(906): App\Controllers\Products->__construct()
 2 SYSTEMPATH/CodeIgniter.php(490): CodeIgniter\CodeIgniter->createController()
 3 SYSTEMPATH/CodeIgniter.php(368): CodeIgniter\CodeIgniter->handleRequest(null, Object(Config\Cache), false)
 4 FCPATH/index.php(67): CodeIgniter\CodeIgniter->run()
INFO - 2025-06-30 11:00:38 --> Session: Class initialized using 'CodeIgniter\Session\Handlers\FileHandler' driver.
WARNING - 2025-06-30 11:00:38 --> [DEPRECATED] Creation of dynamic property App\Controllers\Products::$session is deprecated in APPPATH/Controllers/Products.php on line 30.
 1 SYSTEMPATH/CodeIgniter.php(906): App\Controllers\Products->__construct()
 2 SYSTEMPATH/CodeIgniter.php(490): CodeIgniter\CodeIgniter->createController()
 3 SYSTEMPATH/CodeIgniter.php(368): CodeIgniter\CodeIgniter->handleRequest(null, Object(Config\Cache), false)
 4 FCPATH/index.php(67): CodeIgniter\CodeIgniter->run()
WARNING - 2025-06-30 11:00:38 --> Session: Sessions is enabled, and one exists. Please don't $session->start();
WARNING - 2025-06-30 11:00:38 --> [DEPRECATED] Creation of dynamic property App\Controllers\Products::$catagory is deprecated in APPPATH/Controllers/Products.php on line 33.
 1 SYSTEMPATH/CodeIgniter.php(906): App\Controllers\Products->__construct()
 2 SYSTEMPATH/CodeIgniter.php(490): CodeIgniter\CodeIgniter->createController()
 3 SYSTEMPATH/CodeIgniter.php(368): CodeIgniter\CodeIgniter->handleRequest(null, Object(Config\Cache), false)
 4 FCPATH/index.php(67): CodeIgniter\CodeIgniter->run()
WARNING - 2025-06-30 11:00:38 --> [DEPRECATED] Creation of dynamic property App\Controllers\Products::$variation is deprecated in APPPATH/Controllers/Products.php on line 34.
 1 SYSTEMPATH/CodeIgniter.php(906): App\Controllers\Products->__construct()
 2 SYSTEMPATH/CodeIgniter.php(490): CodeIgniter\CodeIgniter->createController()
 3 SYSTEMPATH/CodeIgniter.php(368): CodeIgniter\CodeIgniter->handleRequest(null, Object(Config\Cache), false)
 4 FCPATH/index.php(67): CodeIgniter\CodeIgniter->run()
WARNING - 2025-06-30 11:00:38 --> [DEPRECATED] Creation of dynamic property App\Controllers\Products::$variationtype is deprecated in APPPATH/Controllers/Products.php on line 35.
 1 SYSTEMPATH/CodeIgniter.php(906): App\Controllers\Products->__construct()
 2 SYSTEMPATH/CodeIgniter.php(490): CodeIgniter\CodeIgniter->createController()
 3 SYSTEMPATH/CodeIgniter.php(368): CodeIgniter\CodeIgniter->handleRequest(null, Object(Config\Cache), false)
 4 FCPATH/index.php(67): CodeIgniter\CodeIgniter->run()
WARNING - 2025-06-30 11:00:38 --> [DEPRECATED] Creation of dynamic property App\Controllers\Products::$subcategory is deprecated in APPPATH/Controllers/Products.php on line 36.
 1 SYSTEMPATH/CodeIgniter.php(906): App\Controllers\Products->__construct()
 2 SYSTEMPATH/CodeIgniter.php(490): CodeIgniter\CodeIgniter->createController()
 3 SYSTEMPATH/CodeIgniter.php(368): CodeIgniter\CodeIgniter->handleRequest(null, Object(Config\Cache), false)
 4 FCPATH/index.php(67): CodeIgniter\CodeIgniter->run()
WARNING - 2025-06-30 11:00:38 --> [DEPRECATED] Creation of dynamic property App\Controllers\Products::$product is deprecated in APPPATH/Controllers/Products.php on line 37.
 1 SYSTEMPATH/CodeIgniter.php(906): App\Controllers\Products->__construct()
 2 SYSTEMPATH/CodeIgniter.php(490): CodeIgniter\CodeIgniter->createController()
 3 SYSTEMPATH/CodeIgniter.php(368): CodeIgniter\CodeIgniter->handleRequest(null, Object(Config\Cache), false)
 4 FCPATH/index.php(67): CodeIgniter\CodeIgniter->run()
WARNING - 2025-06-30 11:00:38 --> [DEPRECATED] Creation of dynamic property App\Controllers\Products::$tags is deprecated in APPPATH/Controllers/Products.php on line 38.
 1 SYSTEMPATH/CodeIgniter.php(906): App\Controllers\Products->__construct()
 2 SYSTEMPATH/CodeIgniter.php(490): CodeIgniter\CodeIgniter->createController()
 3 SYSTEMPATH/CodeIgniter.php(368): CodeIgniter\CodeIgniter->handleRequest(null, Object(Config\Cache), false)
 4 FCPATH/index.php(67): CodeIgniter\CodeIgniter->run()
WARNING - 2025-06-30 11:00:38 --> [DEPRECATED] Creation of dynamic property App\Controllers\Products::$shippingmethod is deprecated in APPPATH/Controllers/Products.php on line 39.
 1 SYSTEMPATH/CodeIgniter.php(906): App\Controllers\Products->__construct()
 2 SYSTEMPATH/CodeIgniter.php(490): CodeIgniter\CodeIgniter->createController()
 3 SYSTEMPATH/CodeIgniter.php(368): CodeIgniter\CodeIgniter->handleRequest(null, Object(Config\Cache), false)
 4 FCPATH/index.php(67): CodeIgniter\CodeIgniter->run()
WARNING - 2025-06-30 11:00:38 --> [DEPRECATED] Creation of dynamic property App\Controllers\Products::$optionvalue is deprecated in APPPATH/Controllers/Products.php on line 40.
 1 SYSTEMPATH/CodeIgniter.php(906): App\Controllers\Products->__construct()
 2 SYSTEMPATH/CodeIgniter.php(490): CodeIgniter\CodeIgniter->createController()
 3 SYSTEMPATH/CodeIgniter.php(368): CodeIgniter\CodeIgniter->handleRequest(null, Object(Config\Cache), false)
 4 FCPATH/index.php(67): CodeIgniter\CodeIgniter->run()
WARNING - 2025-06-30 11:00:38 --> [DEPRECATED] Creation of dynamic property App\Controllers\Products::$brand is deprecated in APPPATH/Controllers/Products.php on line 41.
 1 SYSTEMPATH/CodeIgniter.php(906): App\Controllers\Products->__construct()
 2 SYSTEMPATH/CodeIgniter.php(490): CodeIgniter\CodeIgniter->createController()
 3 SYSTEMPATH/CodeIgniter.php(368): CodeIgniter\CodeIgniter->handleRequest(null, Object(Config\Cache), false)
 4 FCPATH/index.php(67): CodeIgniter\CodeIgniter->run()
WARNING - 2025-06-30 11:00:38 --> [DEPRECATED] Creation of dynamic property App\Controllers\Products::$Allsettings is deprecated in APPPATH/Controllers/Products.php on line 42.
 1 SYSTEMPATH/CodeIgniter.php(906): App\Controllers\Products->__construct()
 2 SYSTEMPATH/CodeIgniter.php(490): CodeIgniter\CodeIgniter->createController()
 3 SYSTEMPATH/CodeIgniter.php(368): CodeIgniter\CodeIgniter->handleRequest(null, Object(Config\Cache), false)
 4 FCPATH/index.php(67): CodeIgniter\CodeIgniter->run()
WARNING - 2025-06-30 11:00:38 --> [DEPRECATED] Creation of dynamic property App\Controllers\Products::$Orderitemmodel is deprecated in APPPATH/Controllers/Products.php on line 43.
 1 SYSTEMPATH/CodeIgniter.php(906): App\Controllers\Products->__construct()
 2 SYSTEMPATH/CodeIgniter.php(490): CodeIgniter\CodeIgniter->createController()
 3 SYSTEMPATH/CodeIgniter.php(368): CodeIgniter\CodeIgniter->handleRequest(null, Object(Config\Cache), false)
 4 FCPATH/index.php(67): CodeIgniter\CodeIgniter->run()
WARNING - 2025-06-30 11:00:38 --> [DEPRECATED] Creation of dynamic property App\Controllers\Products::$Ordermodel is deprecated in APPPATH/Controllers/Products.php on line 44.
 1 SYSTEMPATH/CodeIgniter.php(906): App\Controllers\Products->__construct()
 2 SYSTEMPATH/CodeIgniter.php(490): CodeIgniter\CodeIgniter->createController()
 3 SYSTEMPATH/CodeIgniter.php(368): CodeIgniter\CodeIgniter->handleRequest(null, Object(Config\Cache), false)
 4 FCPATH/index.php(67): CodeIgniter\CodeIgniter->run()
WARNING - 2025-06-30 11:00:38 --> [DEPRECATED] Creation of dynamic property App\Controllers\Products::$CartModel is deprecated in APPPATH/Controllers/Products.php on line 45.
 1 SYSTEMPATH/CodeIgniter.php(906): App\Controllers\Products->__construct()
 2 SYSTEMPATH/CodeIgniter.php(490): CodeIgniter\CodeIgniter->createController()
 3 SYSTEMPATH/CodeIgniter.php(368): CodeIgniter\CodeIgniter->handleRequest(null, Object(Config\Cache), false)
 4 FCPATH/index.php(67): CodeIgniter\CodeIgniter->run()
WARNING - 2025-06-30 11:00:38 --> [DEPRECATED] Creation of dynamic property App\Controllers\Products::$Reviewmodel is deprecated in APPPATH/Controllers/Products.php on line 46.
 1 SYSTEMPATH/CodeIgniter.php(906): App\Controllers\Products->__construct()
 2 SYSTEMPATH/CodeIgniter.php(490): CodeIgniter\CodeIgniter->createController()
 3 SYSTEMPATH/CodeIgniter.php(368): CodeIgniter\CodeIgniter->handleRequest(null, Object(Config\Cache), false)
 4 FCPATH/index.php(67): CodeIgniter\CodeIgniter->run()
WARNING - 2025-06-30 11:00:38 --> [DEPRECATED] Creation of dynamic property App\Controllers\Products::$TaxesclassModel is deprecated in APPPATH/Controllers/Products.php on line 47.
 1 SYSTEMPATH/CodeIgniter.php(906): App\Controllers\Products->__construct()
 2 SYSTEMPATH/CodeIgniter.php(490): CodeIgniter\CodeIgniter->createController()
 3 SYSTEMPATH/CodeIgniter.php(368): CodeIgniter\CodeIgniter->handleRequest(null, Object(Config\Cache), false)
 4 FCPATH/index.php(67): CodeIgniter\CodeIgniter->run()
WARNING - 2025-06-30 11:00:38 --> [DEPRECATED] Creation of dynamic property App\Controllers\Products::$cms is deprecated in APPPATH/Controllers/Products.php on line 48.
 1 SYSTEMPATH/CodeIgniter.php(906): App\Controllers\Products->__construct()
 2 SYSTEMPATH/CodeIgniter.php(490): CodeIgniter\CodeIgniter->createController()
 3 SYSTEMPATH/CodeIgniter.php(368): CodeIgniter\CodeIgniter->handleRequest(null, Object(Config\Cache), false)
 4 FCPATH/index.php(67): CodeIgniter\CodeIgniter->run()
INFO - 2025-06-30 11:00:41 --> Session: Class initialized using 'CodeIgniter\Session\Handlers\FileHandler' driver.
WARNING - 2025-06-30 11:00:41 --> [DEPRECATED] Creation of dynamic property App\Controllers\Home::$user_model is deprecated in APPPATH/Controllers/Home.php on line 35.
 1 SYSTEMPATH/CodeIgniter.php(906): App\Controllers\Home->__construct()
 2 SYSTEMPATH/CodeIgniter.php(490): CodeIgniter\CodeIgniter->createController()
 3 SYSTEMPATH/CodeIgniter.php(368): CodeIgniter\CodeIgniter->handleRequest(null, Object(Config\Cache), false)
 4 FCPATH/index.php(67): CodeIgniter\CodeIgniter->run()
WARNING - 2025-06-30 11:00:41 --> [DEPRECATED] Creation of dynamic property App\Controllers\Home::$BlogModel is deprecated in APPPATH/Controllers/Home.php on line 43.
 1 SYSTEMPATH/CodeIgniter.php(906): App\Controllers\Home->__construct()
 2 SYSTEMPATH/CodeIgniter.php(490): CodeIgniter\CodeIgniter->createController()
 3 SYSTEMPATH/CodeIgniter.php(368): CodeIgniter\CodeIgniter->handleRequest(null, Object(Config\Cache), false)
 4 FCPATH/index.php(67): CodeIgniter\CodeIgniter->run()
WARNING - 2025-06-30 11:00:41 --> [DEPRECATED] Creation of dynamic property App\Controllers\Home::$EnquiryModel is deprecated in APPPATH/Controllers/Home.php on line 44.
 1 SYSTEMPATH/CodeIgniter.php(906): App\Controllers\Home->__construct()
 2 SYSTEMPATH/CodeIgniter.php(490): CodeIgniter\CodeIgniter->createController()
 3 SYSTEMPATH/CodeIgniter.php(368): CodeIgniter\CodeIgniter->handleRequest(null, Object(Config\Cache), false)
 4 FCPATH/index.php(67): CodeIgniter\CodeIgniter->run()
WARNING - 2025-06-30 11:00:41 --> [DEPRECATED] Creation of dynamic property App\Controllers\Home::$Allsettingsmodel is deprecated in APPPATH/Controllers/Home.php on line 45.
 1 SYSTEMPATH/CodeIgniter.php(906): App\Controllers\Home->__construct()
 2 SYSTEMPATH/CodeIgniter.php(490): CodeIgniter\CodeIgniter->createController()
 3 SYSTEMPATH/CodeIgniter.php(368): CodeIgniter\CodeIgniter->handleRequest(null, Object(Config\Cache), false)
 4 FCPATH/index.php(67): CodeIgniter\CodeIgniter->run()
INFO - 2025-06-30 11:01:02 --> Session: Class initialized using 'CodeIgniter\Session\Handlers\FileHandler' driver.
WARNING - 2025-06-30 11:01:02 --> [DEPRECATED] Creation of dynamic property App\Controllers\Home::$user_model is deprecated in APPPATH/Controllers/Home.php on line 35.
 1 SYSTEMPATH/CodeIgniter.php(906): App\Controllers\Home->__construct()
 2 SYSTEMPATH/CodeIgniter.php(490): CodeIgniter\CodeIgniter->createController()
 3 SYSTEMPATH/CodeIgniter.php(368): CodeIgniter\CodeIgniter->handleRequest(null, Object(Config\Cache), false)
 4 FCPATH/index.php(67): CodeIgniter\CodeIgniter->run()
WARNING - 2025-06-30 11:01:02 --> [DEPRECATED] Creation of dynamic property App\Controllers\Home::$BlogModel is deprecated in APPPATH/Controllers/Home.php on line 43.
 1 SYSTEMPATH/CodeIgniter.php(906): App\Controllers\Home->__construct()
 2 SYSTEMPATH/CodeIgniter.php(490): CodeIgniter\CodeIgniter->createController()
 3 SYSTEMPATH/CodeIgniter.php(368): CodeIgniter\CodeIgniter->handleRequest(null, Object(Config\Cache), false)
 4 FCPATH/index.php(67): CodeIgniter\CodeIgniter->run()
WARNING - 2025-06-30 11:01:02 --> [DEPRECATED] Creation of dynamic property App\Controllers\Home::$EnquiryModel is deprecated in APPPATH/Controllers/Home.php on line 44.
 1 SYSTEMPATH/CodeIgniter.php(906): App\Controllers\Home->__construct()
 2 SYSTEMPATH/CodeIgniter.php(490): CodeIgniter\CodeIgniter->createController()
 3 SYSTEMPATH/CodeIgniter.php(368): CodeIgniter\CodeIgniter->handleRequest(null, Object(Config\Cache), false)
 4 FCPATH/index.php(67): CodeIgniter\CodeIgniter->run()
WARNING - 2025-06-30 11:01:02 --> [DEPRECATED] Creation of dynamic property App\Controllers\Home::$Allsettingsmodel is deprecated in APPPATH/Controllers/Home.php on line 45.
 1 SYSTEMPATH/CodeIgniter.php(906): App\Controllers\Home->__construct()
 2 SYSTEMPATH/CodeIgniter.php(490): CodeIgniter\CodeIgniter->createController()
 3 SYSTEMPATH/CodeIgniter.php(368): CodeIgniter\CodeIgniter->handleRequest(null, Object(Config\Cache), false)
 4 FCPATH/index.php(67): CodeIgniter\CodeIgniter->run()
INFO - 2025-06-30 11:03:44 --> Session: Class initialized using 'CodeIgniter\Session\Handlers\FileHandler' driver.
WARNING - 2025-06-30 11:03:44 --> [DEPRECATED] Creation of dynamic property App\Controllers\Home::$user_model is deprecated in APPPATH/Controllers/Home.php on line 35.
 1 SYSTEMPATH/CodeIgniter.php(906): App\Controllers\Home->__construct()
 2 SYSTEMPATH/CodeIgniter.php(490): CodeIgniter\CodeIgniter->createController()
 3 SYSTEMPATH/CodeIgniter.php(368): CodeIgniter\CodeIgniter->handleRequest(null, Object(Config\Cache), false)
 4 FCPATH/index.php(67): CodeIgniter\CodeIgniter->run()
WARNING - 2025-06-30 11:03:44 --> [DEPRECATED] Creation of dynamic property App\Controllers\Home::$BlogModel is deprecated in APPPATH/Controllers/Home.php on line 43.
 1 SYSTEMPATH/CodeIgniter.php(906): App\Controllers\Home->__construct()
 2 SYSTEMPATH/CodeIgniter.php(490): CodeIgniter\CodeIgniter->createController()
 3 SYSTEMPATH/CodeIgniter.php(368): CodeIgniter\CodeIgniter->handleRequest(null, Object(Config\Cache), false)
 4 FCPATH/index.php(67): CodeIgniter\CodeIgniter->run()
WARNING - 2025-06-30 11:03:44 --> [DEPRECATED] Creation of dynamic property App\Controllers\Home::$EnquiryModel is deprecated in APPPATH/Controllers/Home.php on line 44.
 1 SYSTEMPATH/CodeIgniter.php(906): App\Controllers\Home->__construct()
 2 SYSTEMPATH/CodeIgniter.php(490): CodeIgniter\CodeIgniter->createController()
 3 SYSTEMPATH/CodeIgniter.php(368): CodeIgniter\CodeIgniter->handleRequest(null, Object(Config\Cache), false)
 4 FCPATH/index.php(67): CodeIgniter\CodeIgniter->run()
WARNING - 2025-06-30 11:03:44 --> [DEPRECATED] Creation of dynamic property App\Controllers\Home::$Allsettingsmodel is deprecated in APPPATH/Controllers/Home.php on line 45.
 1 SYSTEMPATH/CodeIgniter.php(906): App\Controllers\Home->__construct()
 2 SYSTEMPATH/CodeIgniter.php(490): CodeIgniter\CodeIgniter->createController()
 3 SYSTEMPATH/CodeIgniter.php(368): CodeIgniter\CodeIgniter->handleRequest(null, Object(Config\Cache), false)
 4 FCPATH/index.php(67): CodeIgniter\CodeIgniter->run()
INFO - 2025-06-30 11:03:46 --> Session: Class initialized using 'CodeIgniter\Session\Handlers\FileHandler' driver.
WARNING - 2025-06-30 11:03:46 --> [DEPRECATED] Creation of dynamic property App\Controllers\Customers::$session is deprecated in APPPATH/Controllers/Customers.php on line 19.
 1 SYSTEMPATH/CodeIgniter.php(906): App\Controllers\Customers->__construct()
 2 SYSTEMPATH/CodeIgniter.php(490): CodeIgniter\CodeIgniter->createController()
 3 SYSTEMPATH/CodeIgniter.php(368): CodeIgniter\CodeIgniter->handleRequest(null, Object(Config\Cache), false)
 4 FCPATH/index.php(67): CodeIgniter\CodeIgniter->run()
WARNING - 2025-06-30 11:03:46 --> Session: Sessions is enabled, and one exists. Please don't $session->start();
WARNING - 2025-06-30 11:03:46 --> [DEPRECATED] Creation of dynamic property App\Controllers\Customers::$country is deprecated in APPPATH/Controllers/Customers.php on line 23.
 1 SYSTEMPATH/CodeIgniter.php(906): App\Controllers\Customers->__construct()
 2 SYSTEMPATH/CodeIgniter.php(490): CodeIgniter\CodeIgniter->createController()
 3 SYSTEMPATH/CodeIgniter.php(368): CodeIgniter\CodeIgniter->handleRequest(null, Object(Config\Cache), false)
 4 FCPATH/index.php(67): CodeIgniter\CodeIgniter->run()
WARNING - 2025-06-30 11:03:46 --> [DEPRECATED] Creation of dynamic property App\Controllers\Customers::$state is deprecated in APPPATH/Controllers/Customers.php on line 24.
 1 SYSTEMPATH/CodeIgniter.php(906): App\Controllers\Customers->__construct()
 2 SYSTEMPATH/CodeIgniter.php(490): CodeIgniter\CodeIgniter->createController()
 3 SYSTEMPATH/CodeIgniter.php(368): CodeIgniter\CodeIgniter->handleRequest(null, Object(Config\Cache), false)
 4 FCPATH/index.php(67): CodeIgniter\CodeIgniter->run()
WARNING - 2025-06-30 11:03:46 --> [DEPRECATED] Creation of dynamic property App\Controllers\Customers::$city is deprecated in APPPATH/Controllers/Customers.php on line 25.
 1 SYSTEMPATH/CodeIgniter.php(906): App\Controllers\Customers->__construct()
 2 SYSTEMPATH/CodeIgniter.php(490): CodeIgniter\CodeIgniter->createController()
 3 SYSTEMPATH/CodeIgniter.php(368): CodeIgniter\CodeIgniter->handleRequest(null, Object(Config\Cache), false)
 4 FCPATH/index.php(67): CodeIgniter\CodeIgniter->run()
WARNING - 2025-06-30 11:03:46 --> [DEPRECATED] Creation of dynamic property App\Controllers\Customers::$users is deprecated in APPPATH/Controllers/Customers.php on line 26.
 1 SYSTEMPATH/CodeIgniter.php(906): App\Controllers\Customers->__construct()
 2 SYSTEMPATH/CodeIgniter.php(490): CodeIgniter\CodeIgniter->createController()
 3 SYSTEMPATH/CodeIgniter.php(368): CodeIgniter\CodeIgniter->handleRequest(null, Object(Config\Cache), false)
 4 FCPATH/index.php(67): CodeIgniter\CodeIgniter->run()
WARNING - 2025-06-30 11:03:46 --> [DEPRECATED] Creation of dynamic property App\Controllers\Customers::$variation is deprecated in APPPATH/Controllers/Customers.php on line 27.
 1 SYSTEMPATH/CodeIgniter.php(906): App\Controllers\Customers->__construct()
 2 SYSTEMPATH/CodeIgniter.php(490): CodeIgniter\CodeIgniter->createController()
 3 SYSTEMPATH/CodeIgniter.php(368): CodeIgniter\CodeIgniter->handleRequest(null, Object(Config\Cache), false)
 4 FCPATH/index.php(67): CodeIgniter\CodeIgniter->run()
WARNING - 2025-06-30 11:03:46 --> [DEPRECATED] Creation of dynamic property App\Controllers\Customers::$variationtype is deprecated in APPPATH/Controllers/Customers.php on line 28.
 1 SYSTEMPATH/CodeIgniter.php(906): App\Controllers\Customers->__construct()
 2 SYSTEMPATH/CodeIgniter.php(490): CodeIgniter\CodeIgniter->createController()
 3 SYSTEMPATH/CodeIgniter.php(368): CodeIgniter\CodeIgniter->handleRequest(null, Object(Config\Cache), false)
 4 FCPATH/index.php(67): CodeIgniter\CodeIgniter->run()
WARNING - 2025-06-30 11:03:46 --> [DEPRECATED] Creation of dynamic property App\Controllers\Customers::$brand is deprecated in APPPATH/Controllers/Customers.php on line 29.
 1 SYSTEMPATH/CodeIgniter.php(906): App\Controllers\Customers->__construct()
 2 SYSTEMPATH/CodeIgniter.php(490): CodeIgniter\CodeIgniter->createController()
 3 SYSTEMPATH/CodeIgniter.php(368): CodeIgniter\CodeIgniter->handleRequest(null, Object(Config\Cache), false)
 4 FCPATH/index.php(67): CodeIgniter\CodeIgniter->run()
WARNING - 2025-06-30 11:03:46 --> [DEPRECATED] Creation of dynamic property App\Controllers\Customers::$User_shipping_addressmodel is deprecated in APPPATH/Controllers/Customers.php on line 30.
 1 SYSTEMPATH/CodeIgniter.php(906): App\Controllers\Customers->__construct()
 2 SYSTEMPATH/CodeIgniter.php(490): CodeIgniter\CodeIgniter->createController()
 3 SYSTEMPATH/CodeIgniter.php(368): CodeIgniter\CodeIgniter->handleRequest(null, Object(Config\Cache), false)
 4 FCPATH/index.php(67): CodeIgniter\CodeIgniter->run()
INFO - 2025-06-30 11:03:53 --> Session: Class initialized using 'CodeIgniter\Session\Handlers\FileHandler' driver.
WARNING - 2025-06-30 11:03:53 --> [DEPRECATED] Creation of dynamic property App\Controllers\Products::$session is deprecated in APPPATH/Controllers/Products.php on line 30.
 1 SYSTEMPATH/CodeIgniter.php(906): App\Controllers\Products->__construct()
 2 SYSTEMPATH/CodeIgniter.php(490): CodeIgniter\CodeIgniter->createController()
 3 SYSTEMPATH/CodeIgniter.php(368): CodeIgniter\CodeIgniter->handleRequest(null, Object(Config\Cache), false)
 4 FCPATH/index.php(67): CodeIgniter\CodeIgniter->run()
WARNING - 2025-06-30 11:03:53 --> Session: Sessions is enabled, and one exists. Please don't $session->start();
WARNING - 2025-06-30 11:03:53 --> [DEPRECATED] Creation of dynamic property App\Controllers\Products::$catagory is deprecated in APPPATH/Controllers/Products.php on line 33.
 1 SYSTEMPATH/CodeIgniter.php(906): App\Controllers\Products->__construct()
 2 SYSTEMPATH/CodeIgniter.php(490): CodeIgniter\CodeIgniter->createController()
 3 SYSTEMPATH/CodeIgniter.php(368): CodeIgniter\CodeIgniter->handleRequest(null, Object(Config\Cache), false)
 4 FCPATH/index.php(67): CodeIgniter\CodeIgniter->run()
WARNING - 2025-06-30 11:03:53 --> [DEPRECATED] Creation of dynamic property App\Controllers\Products::$variation is deprecated in APPPATH/Controllers/Products.php on line 34.
 1 SYSTEMPATH/CodeIgniter.php(906): App\Controllers\Products->__construct()
 2 SYSTEMPATH/CodeIgniter.php(490): CodeIgniter\CodeIgniter->createController()
 3 SYSTEMPATH/CodeIgniter.php(368): CodeIgniter\CodeIgniter->handleRequest(null, Object(Config\Cache), false)
 4 FCPATH/index.php(67): CodeIgniter\CodeIgniter->run()
WARNING - 2025-06-30 11:03:53 --> [DEPRECATED] Creation of dynamic property App\Controllers\Products::$variationtype is deprecated in APPPATH/Controllers/Products.php on line 35.
 1 SYSTEMPATH/CodeIgniter.php(906): App\Controllers\Products->__construct()
 2 SYSTEMPATH/CodeIgniter.php(490): CodeIgniter\CodeIgniter->createController()
 3 SYSTEMPATH/CodeIgniter.php(368): CodeIgniter\CodeIgniter->handleRequest(null, Object(Config\Cache), false)
 4 FCPATH/index.php(67): CodeIgniter\CodeIgniter->run()
WARNING - 2025-06-30 11:03:53 --> [DEPRECATED] Creation of dynamic property App\Controllers\Products::$subcategory is deprecated in APPPATH/Controllers/Products.php on line 36.
 1 SYSTEMPATH/CodeIgniter.php(906): App\Controllers\Products->__construct()
 2 SYSTEMPATH/CodeIgniter.php(490): CodeIgniter\CodeIgniter->createController()
 3 SYSTEMPATH/CodeIgniter.php(368): CodeIgniter\CodeIgniter->handleRequest(null, Object(Config\Cache), false)
 4 FCPATH/index.php(67): CodeIgniter\CodeIgniter->run()
WARNING - 2025-06-30 11:03:53 --> [DEPRECATED] Creation of dynamic property App\Controllers\Products::$product is deprecated in APPPATH/Controllers/Products.php on line 37.
 1 SYSTEMPATH/CodeIgniter.php(906): App\Controllers\Products->__construct()
 2 SYSTEMPATH/CodeIgniter.php(490): CodeIgniter\CodeIgniter->createController()
 3 SYSTEMPATH/CodeIgniter.php(368): CodeIgniter\CodeIgniter->handleRequest(null, Object(Config\Cache), false)
 4 FCPATH/index.php(67): CodeIgniter\CodeIgniter->run()
WARNING - 2025-06-30 11:03:53 --> [DEPRECATED] Creation of dynamic property App\Controllers\Products::$tags is deprecated in APPPATH/Controllers/Products.php on line 38.
 1 SYSTEMPATH/CodeIgniter.php(906): App\Controllers\Products->__construct()
 2 SYSTEMPATH/CodeIgniter.php(490): CodeIgniter\CodeIgniter->createController()
 3 SYSTEMPATH/CodeIgniter.php(368): CodeIgniter\CodeIgniter->handleRequest(null, Object(Config\Cache), false)
 4 FCPATH/index.php(67): CodeIgniter\CodeIgniter->run()
WARNING - 2025-06-30 11:03:53 --> [DEPRECATED] Creation of dynamic property App\Controllers\Products::$shippingmethod is deprecated in APPPATH/Controllers/Products.php on line 39.
 1 SYSTEMPATH/CodeIgniter.php(906): App\Controllers\Products->__construct()
 2 SYSTEMPATH/CodeIgniter.php(490): CodeIgniter\CodeIgniter->createController()
 3 SYSTEMPATH/CodeIgniter.php(368): CodeIgniter\CodeIgniter->handleRequest(null, Object(Config\Cache), false)
 4 FCPATH/index.php(67): CodeIgniter\CodeIgniter->run()
WARNING - 2025-06-30 11:03:53 --> [DEPRECATED] Creation of dynamic property App\Controllers\Products::$optionvalue is deprecated in APPPATH/Controllers/Products.php on line 40.
 1 SYSTEMPATH/CodeIgniter.php(906): App\Controllers\Products->__construct()
 2 SYSTEMPATH/CodeIgniter.php(490): CodeIgniter\CodeIgniter->createController()
 3 SYSTEMPATH/CodeIgniter.php(368): CodeIgniter\CodeIgniter->handleRequest(null, Object(Config\Cache), false)
 4 FCPATH/index.php(67): CodeIgniter\CodeIgniter->run()
WARNING - 2025-06-30 11:03:53 --> [DEPRECATED] Creation of dynamic property App\Controllers\Products::$brand is deprecated in APPPATH/Controllers/Products.php on line 41.
 1 SYSTEMPATH/CodeIgniter.php(906): App\Controllers\Products->__construct()
 2 SYSTEMPATH/CodeIgniter.php(490): CodeIgniter\CodeIgniter->createController()
 3 SYSTEMPATH/CodeIgniter.php(368): CodeIgniter\CodeIgniter->handleRequest(null, Object(Config\Cache), false)
 4 FCPATH/index.php(67): CodeIgniter\CodeIgniter->run()
WARNING - 2025-06-30 11:03:53 --> [DEPRECATED] Creation of dynamic property App\Controllers\Products::$Allsettings is deprecated in APPPATH/Controllers/Products.php on line 42.
 1 SYSTEMPATH/CodeIgniter.php(906): App\Controllers\Products->__construct()
 2 SYSTEMPATH/CodeIgniter.php(490): CodeIgniter\CodeIgniter->createController()
 3 SYSTEMPATH/CodeIgniter.php(368): CodeIgniter\CodeIgniter->handleRequest(null, Object(Config\Cache), false)
 4 FCPATH/index.php(67): CodeIgniter\CodeIgniter->run()
WARNING - 2025-06-30 11:03:53 --> [DEPRECATED] Creation of dynamic property App\Controllers\Products::$Orderitemmodel is deprecated in APPPATH/Controllers/Products.php on line 43.
 1 SYSTEMPATH/CodeIgniter.php(906): App\Controllers\Products->__construct()
 2 SYSTEMPATH/CodeIgniter.php(490): CodeIgniter\CodeIgniter->createController()
 3 SYSTEMPATH/CodeIgniter.php(368): CodeIgniter\CodeIgniter->handleRequest(null, Object(Config\Cache), false)
 4 FCPATH/index.php(67): CodeIgniter\CodeIgniter->run()
WARNING - 2025-06-30 11:03:53 --> [DEPRECATED] Creation of dynamic property App\Controllers\Products::$Ordermodel is deprecated in APPPATH/Controllers/Products.php on line 44.
 1 SYSTEMPATH/CodeIgniter.php(906): App\Controllers\Products->__construct()
 2 SYSTEMPATH/CodeIgniter.php(490): CodeIgniter\CodeIgniter->createController()
 3 SYSTEMPATH/CodeIgniter.php(368): CodeIgniter\CodeIgniter->handleRequest(null, Object(Config\Cache), false)
 4 FCPATH/index.php(67): CodeIgniter\CodeIgniter->run()
WARNING - 2025-06-30 11:03:53 --> [DEPRECATED] Creation of dynamic property App\Controllers\Products::$CartModel is deprecated in APPPATH/Controllers/Products.php on line 45.
 1 SYSTEMPATH/CodeIgniter.php(906): App\Controllers\Products->__construct()
 2 SYSTEMPATH/CodeIgniter.php(490): CodeIgniter\CodeIgniter->createController()
 3 SYSTEMPATH/CodeIgniter.php(368): CodeIgniter\CodeIgniter->handleRequest(null, Object(Config\Cache), false)
 4 FCPATH/index.php(67): CodeIgniter\CodeIgniter->run()
WARNING - 2025-06-30 11:03:53 --> [DEPRECATED] Creation of dynamic property App\Controllers\Products::$Reviewmodel is deprecated in APPPATH/Controllers/Products.php on line 46.
 1 SYSTEMPATH/CodeIgniter.php(906): App\Controllers\Products->__construct()
 2 SYSTEMPATH/CodeIgniter.php(490): CodeIgniter\CodeIgniter->createController()
 3 SYSTEMPATH/CodeIgniter.php(368): CodeIgniter\CodeIgniter->handleRequest(null, Object(Config\Cache), false)
 4 FCPATH/index.php(67): CodeIgniter\CodeIgniter->run()
WARNING - 2025-06-30 11:03:53 --> [DEPRECATED] Creation of dynamic property App\Controllers\Products::$TaxesclassModel is deprecated in APPPATH/Controllers/Products.php on line 47.
 1 SYSTEMPATH/CodeIgniter.php(906): App\Controllers\Products->__construct()
 2 SYSTEMPATH/CodeIgniter.php(490): CodeIgniter\CodeIgniter->createController()
 3 SYSTEMPATH/CodeIgniter.php(368): CodeIgniter\CodeIgniter->handleRequest(null, Object(Config\Cache), false)
 4 FCPATH/index.php(67): CodeIgniter\CodeIgniter->run()
WARNING - 2025-06-30 11:03:53 --> [DEPRECATED] Creation of dynamic property App\Controllers\Products::$cms is deprecated in APPPATH/Controllers/Products.php on line 48.
 1 SYSTEMPATH/CodeIgniter.php(906): App\Controllers\Products->__construct()
 2 SYSTEMPATH/CodeIgniter.php(490): CodeIgniter\CodeIgniter->createController()
 3 SYSTEMPATH/CodeIgniter.php(368): CodeIgniter\CodeIgniter->handleRequest(null, Object(Config\Cache), false)
 4 FCPATH/index.php(67): CodeIgniter\CodeIgniter->run()
INFO - 2025-06-30 11:04:00 --> Session: Class initialized using 'CodeIgniter\Session\Handlers\FileHandler' driver.
WARNING - 2025-06-30 11:04:00 --> [DEPRECATED] Creation of dynamic property App\Controllers\Products::$session is deprecated in APPPATH/Controllers/Products.php on line 30.
 1 SYSTEMPATH/CodeIgniter.php(906): App\Controllers\Products->__construct()
 2 SYSTEMPATH/CodeIgniter.php(490): CodeIgniter\CodeIgniter->createController()
 3 SYSTEMPATH/CodeIgniter.php(368): CodeIgniter\CodeIgniter->handleRequest(null, Object(Config\Cache), false)
 4 FCPATH/index.php(67): CodeIgniter\CodeIgniter->run()
WARNING - 2025-06-30 11:04:00 --> Session: Sessions is enabled, and one exists. Please don't $session->start();
WARNING - 2025-06-30 11:04:00 --> [DEPRECATED] Creation of dynamic property App\Controllers\Products::$catagory is deprecated in APPPATH/Controllers/Products.php on line 33.
 1 SYSTEMPATH/CodeIgniter.php(906): App\Controllers\Products->__construct()
 2 SYSTEMPATH/CodeIgniter.php(490): CodeIgniter\CodeIgniter->createController()
 3 SYSTEMPATH/CodeIgniter.php(368): CodeIgniter\CodeIgniter->handleRequest(null, Object(Config\Cache), false)
 4 FCPATH/index.php(67): CodeIgniter\CodeIgniter->run()
WARNING - 2025-06-30 11:04:00 --> [DEPRECATED] Creation of dynamic property App\Controllers\Products::$variation is deprecated in APPPATH/Controllers/Products.php on line 34.
 1 SYSTEMPATH/CodeIgniter.php(906): App\Controllers\Products->__construct()
 2 SYSTEMPATH/CodeIgniter.php(490): CodeIgniter\CodeIgniter->createController()
 3 SYSTEMPATH/CodeIgniter.php(368): CodeIgniter\CodeIgniter->handleRequest(null, Object(Config\Cache), false)
 4 FCPATH/index.php(67): CodeIgniter\CodeIgniter->run()
WARNING - 2025-06-30 11:04:00 --> [DEPRECATED] Creation of dynamic property App\Controllers\Products::$variationtype is deprecated in APPPATH/Controllers/Products.php on line 35.
 1 SYSTEMPATH/CodeIgniter.php(906): App\Controllers\Products->__construct()
 2 SYSTEMPATH/CodeIgniter.php(490): CodeIgniter\CodeIgniter->createController()
 3 SYSTEMPATH/CodeIgniter.php(368): CodeIgniter\CodeIgniter->handleRequest(null, Object(Config\Cache), false)
 4 FCPATH/index.php(67): CodeIgniter\CodeIgniter->run()
WARNING - 2025-06-30 11:04:00 --> [DEPRECATED] Creation of dynamic property App\Controllers\Products::$subcategory is deprecated in APPPATH/Controllers/Products.php on line 36.
 1 SYSTEMPATH/CodeIgniter.php(906): App\Controllers\Products->__construct()
 2 SYSTEMPATH/CodeIgniter.php(490): CodeIgniter\CodeIgniter->createController()
 3 SYSTEMPATH/CodeIgniter.php(368): CodeIgniter\CodeIgniter->handleRequest(null, Object(Config\Cache), false)
 4 FCPATH/index.php(67): CodeIgniter\CodeIgniter->run()
WARNING - 2025-06-30 11:04:00 --> [DEPRECATED] Creation of dynamic property App\Controllers\Products::$product is deprecated in APPPATH/Controllers/Products.php on line 37.
 1 SYSTEMPATH/CodeIgniter.php(906): App\Controllers\Products->__construct()
 2 SYSTEMPATH/CodeIgniter.php(490): CodeIgniter\CodeIgniter->createController()
 3 SYSTEMPATH/CodeIgniter.php(368): CodeIgniter\CodeIgniter->handleRequest(null, Object(Config\Cache), false)
 4 FCPATH/index.php(67): CodeIgniter\CodeIgniter->run()
WARNING - 2025-06-30 11:04:00 --> [DEPRECATED] Creation of dynamic property App\Controllers\Products::$tags is deprecated in APPPATH/Controllers/Products.php on line 38.
 1 SYSTEMPATH/CodeIgniter.php(906): App\Controllers\Products->__construct()
 2 SYSTEMPATH/CodeIgniter.php(490): CodeIgniter\CodeIgniter->createController()
 3 SYSTEMPATH/CodeIgniter.php(368): CodeIgniter\CodeIgniter->handleRequest(null, Object(Config\Cache), false)
 4 FCPATH/index.php(67): CodeIgniter\CodeIgniter->run()
WARNING - 2025-06-30 11:04:00 --> [DEPRECATED] Creation of dynamic property App\Controllers\Products::$shippingmethod is deprecated in APPPATH/Controllers/Products.php on line 39.
 1 SYSTEMPATH/CodeIgniter.php(906): App\Controllers\Products->__construct()
 2 SYSTEMPATH/CodeIgniter.php(490): CodeIgniter\CodeIgniter->createController()
 3 SYSTEMPATH/CodeIgniter.php(368): CodeIgniter\CodeIgniter->handleRequest(null, Object(Config\Cache), false)
 4 FCPATH/index.php(67): CodeIgniter\CodeIgniter->run()
WARNING - 2025-06-30 11:04:00 --> [DEPRECATED] Creation of dynamic property App\Controllers\Products::$optionvalue is deprecated in APPPATH/Controllers/Products.php on line 40.
 1 SYSTEMPATH/CodeIgniter.php(906): App\Controllers\Products->__construct()
 2 SYSTEMPATH/CodeIgniter.php(490): CodeIgniter\CodeIgniter->createController()
 3 SYSTEMPATH/CodeIgniter.php(368): CodeIgniter\CodeIgniter->handleRequest(null, Object(Config\Cache), false)
 4 FCPATH/index.php(67): CodeIgniter\CodeIgniter->run()
WARNING - 2025-06-30 11:04:00 --> [DEPRECATED] Creation of dynamic property App\Controllers\Products::$brand is deprecated in APPPATH/Controllers/Products.php on line 41.
 1 SYSTEMPATH/CodeIgniter.php(906): App\Controllers\Products->__construct()
 2 SYSTEMPATH/CodeIgniter.php(490): CodeIgniter\CodeIgniter->createController()
 3 SYSTEMPATH/CodeIgniter.php(368): CodeIgniter\CodeIgniter->handleRequest(null, Object(Config\Cache), false)
 4 FCPATH/index.php(67): CodeIgniter\CodeIgniter->run()
WARNING - 2025-06-30 11:04:00 --> [DEPRECATED] Creation of dynamic property App\Controllers\Products::$Allsettings is deprecated in APPPATH/Controllers/Products.php on line 42.
 1 SYSTEMPATH/CodeIgniter.php(906): App\Controllers\Products->__construct()
 2 SYSTEMPATH/CodeIgniter.php(490): CodeIgniter\CodeIgniter->createController()
 3 SYSTEMPATH/CodeIgniter.php(368): CodeIgniter\CodeIgniter->handleRequest(null, Object(Config\Cache), false)
 4 FCPATH/index.php(67): CodeIgniter\CodeIgniter->run()
WARNING - 2025-06-30 11:04:00 --> [DEPRECATED] Creation of dynamic property App\Controllers\Products::$Orderitemmodel is deprecated in APPPATH/Controllers/Products.php on line 43.
 1 SYSTEMPATH/CodeIgniter.php(906): App\Controllers\Products->__construct()
 2 SYSTEMPATH/CodeIgniter.php(490): CodeIgniter\CodeIgniter->createController()
 3 SYSTEMPATH/CodeIgniter.php(368): CodeIgniter\CodeIgniter->handleRequest(null, Object(Config\Cache), false)
 4 FCPATH/index.php(67): CodeIgniter\CodeIgniter->run()
WARNING - 2025-06-30 11:04:00 --> [DEPRECATED] Creation of dynamic property App\Controllers\Products::$Ordermodel is deprecated in APPPATH/Controllers/Products.php on line 44.
 1 SYSTEMPATH/CodeIgniter.php(906): App\Controllers\Products->__construct()
 2 SYSTEMPATH/CodeIgniter.php(490): CodeIgniter\CodeIgniter->createController()
 3 SYSTEMPATH/CodeIgniter.php(368): CodeIgniter\CodeIgniter->handleRequest(null, Object(Config\Cache), false)
 4 FCPATH/index.php(67): CodeIgniter\CodeIgniter->run()
WARNING - 2025-06-30 11:04:00 --> [DEPRECATED] Creation of dynamic property App\Controllers\Products::$CartModel is deprecated in APPPATH/Controllers/Products.php on line 45.
 1 SYSTEMPATH/CodeIgniter.php(906): App\Controllers\Products->__construct()
 2 SYSTEMPATH/CodeIgniter.php(490): CodeIgniter\CodeIgniter->createController()
 3 SYSTEMPATH/CodeIgniter.php(368): CodeIgniter\CodeIgniter->handleRequest(null, Object(Config\Cache), false)
 4 FCPATH/index.php(67): CodeIgniter\CodeIgniter->run()
WARNING - 2025-06-30 11:04:00 --> [DEPRECATED] Creation of dynamic property App\Controllers\Products::$Reviewmodel is deprecated in APPPATH/Controllers/Products.php on line 46.
 1 SYSTEMPATH/CodeIgniter.php(906): App\Controllers\Products->__construct()
 2 SYSTEMPATH/CodeIgniter.php(490): CodeIgniter\CodeIgniter->createController()
 3 SYSTEMPATH/CodeIgniter.php(368): CodeIgniter\CodeIgniter->handleRequest(null, Object(Config\Cache), false)
 4 FCPATH/index.php(67): CodeIgniter\CodeIgniter->run()
WARNING - 2025-06-30 11:04:00 --> [DEPRECATED] Creation of dynamic property App\Controllers\Products::$TaxesclassModel is deprecated in APPPATH/Controllers/Products.php on line 47.
 1 SYSTEMPATH/CodeIgniter.php(906): App\Controllers\Products->__construct()
 2 SYSTEMPATH/CodeIgniter.php(490): CodeIgniter\CodeIgniter->createController()
 3 SYSTEMPATH/CodeIgniter.php(368): CodeIgniter\CodeIgniter->handleRequest(null, Object(Config\Cache), false)
 4 FCPATH/index.php(67): CodeIgniter\CodeIgniter->run()
WARNING - 2025-06-30 11:04:00 --> [DEPRECATED] Creation of dynamic property App\Controllers\Products::$cms is deprecated in APPPATH/Controllers/Products.php on line 48.
 1 SYSTEMPATH/CodeIgniter.php(906): App\Controllers\Products->__construct()
 2 SYSTEMPATH/CodeIgniter.php(490): CodeIgniter\CodeIgniter->createController()
 3 SYSTEMPATH/CodeIgniter.php(368): CodeIgniter\CodeIgniter->handleRequest(null, Object(Config\Cache), false)
 4 FCPATH/index.php(67): CodeIgniter\CodeIgniter->run()
INFO - 2025-06-30 11:04:04 --> Session: Class initialized using 'CodeIgniter\Session\Handlers\FileHandler' driver.
WARNING - 2025-06-30 11:04:04 --> [DEPRECATED] Creation of dynamic property App\Controllers\Products::$session is deprecated in APPPATH/Controllers/Products.php on line 30.
 1 SYSTEMPATH/CodeIgniter.php(906): App\Controllers\Products->__construct()
 2 SYSTEMPATH/CodeIgniter.php(490): CodeIgniter\CodeIgniter->createController()
 3 SYSTEMPATH/CodeIgniter.php(368): CodeIgniter\CodeIgniter->handleRequest(null, Object(Config\Cache), false)
 4 FCPATH/index.php(67): CodeIgniter\CodeIgniter->run()
WARNING - 2025-06-30 11:04:04 --> Session: Sessions is enabled, and one exists. Please don't $session->start();
WARNING - 2025-06-30 11:04:04 --> [DEPRECATED] Creation of dynamic property App\Controllers\Products::$catagory is deprecated in APPPATH/Controllers/Products.php on line 33.
 1 SYSTEMPATH/CodeIgniter.php(906): App\Controllers\Products->__construct()
 2 SYSTEMPATH/CodeIgniter.php(490): CodeIgniter\CodeIgniter->createController()
 3 SYSTEMPATH/CodeIgniter.php(368): CodeIgniter\CodeIgniter->handleRequest(null, Object(Config\Cache), false)
 4 FCPATH/index.php(67): CodeIgniter\CodeIgniter->run()
WARNING - 2025-06-30 11:04:04 --> [DEPRECATED] Creation of dynamic property App\Controllers\Products::$variation is deprecated in APPPATH/Controllers/Products.php on line 34.
 1 SYSTEMPATH/CodeIgniter.php(906): App\Controllers\Products->__construct()
 2 SYSTEMPATH/CodeIgniter.php(490): CodeIgniter\CodeIgniter->createController()
 3 SYSTEMPATH/CodeIgniter.php(368): CodeIgniter\CodeIgniter->handleRequest(null, Object(Config\Cache), false)
 4 FCPATH/index.php(67): CodeIgniter\CodeIgniter->run()
WARNING - 2025-06-30 11:04:04 --> [DEPRECATED] Creation of dynamic property App\Controllers\Products::$variationtype is deprecated in APPPATH/Controllers/Products.php on line 35.
 1 SYSTEMPATH/CodeIgniter.php(906): App\Controllers\Products->__construct()
 2 SYSTEMPATH/CodeIgniter.php(490): CodeIgniter\CodeIgniter->createController()
 3 SYSTEMPATH/CodeIgniter.php(368): CodeIgniter\CodeIgniter->handleRequest(null, Object(Config\Cache), false)
 4 FCPATH/index.php(67): CodeIgniter\CodeIgniter->run()
WARNING - 2025-06-30 11:04:04 --> [DEPRECATED] Creation of dynamic property App\Controllers\Products::$subcategory is deprecated in APPPATH/Controllers/Products.php on line 36.
 1 SYSTEMPATH/CodeIgniter.php(906): App\Controllers\Products->__construct()
 2 SYSTEMPATH/CodeIgniter.php(490): CodeIgniter\CodeIgniter->createController()
 3 SYSTEMPATH/CodeIgniter.php(368): CodeIgniter\CodeIgniter->handleRequest(null, Object(Config\Cache), false)
 4 FCPATH/index.php(67): CodeIgniter\CodeIgniter->run()
WARNING - 2025-06-30 11:04:04 --> [DEPRECATED] Creation of dynamic property App\Controllers\Products::$product is deprecated in APPPATH/Controllers/Products.php on line 37.
 1 SYSTEMPATH/CodeIgniter.php(906): App\Controllers\Products->__construct()
 2 SYSTEMPATH/CodeIgniter.php(490): CodeIgniter\CodeIgniter->createController()
 3 SYSTEMPATH/CodeIgniter.php(368): CodeIgniter\CodeIgniter->handleRequest(null, Object(Config\Cache), false)
 4 FCPATH/index.php(67): CodeIgniter\CodeIgniter->run()
WARNING - 2025-06-30 11:04:04 --> [DEPRECATED] Creation of dynamic property App\Controllers\Products::$tags is deprecated in APPPATH/Controllers/Products.php on line 38.
 1 SYSTEMPATH/CodeIgniter.php(906): App\Controllers\Products->__construct()
 2 SYSTEMPATH/CodeIgniter.php(490): CodeIgniter\CodeIgniter->createController()
 3 SYSTEMPATH/CodeIgniter.php(368): CodeIgniter\CodeIgniter->handleRequest(null, Object(Config\Cache), false)
 4 FCPATH/index.php(67): CodeIgniter\CodeIgniter->run()
WARNING - 2025-06-30 11:04:04 --> [DEPRECATED] Creation of dynamic property App\Controllers\Products::$shippingmethod is deprecated in APPPATH/Controllers/Products.php on line 39.
 1 SYSTEMPATH/CodeIgniter.php(906): App\Controllers\Products->__construct()
 2 SYSTEMPATH/CodeIgniter.php(490): CodeIgniter\CodeIgniter->createController()
 3 SYSTEMPATH/CodeIgniter.php(368): CodeIgniter\CodeIgniter->handleRequest(null, Object(Config\Cache), false)
 4 FCPATH/index.php(67): CodeIgniter\CodeIgniter->run()
WARNING - 2025-06-30 11:04:04 --> [DEPRECATED] Creation of dynamic property App\Controllers\Products::$optionvalue is deprecated in APPPATH/Controllers/Products.php on line 40.
 1 SYSTEMPATH/CodeIgniter.php(906): App\Controllers\Products->__construct()
 2 SYSTEMPATH/CodeIgniter.php(490): CodeIgniter\CodeIgniter->createController()
 3 SYSTEMPATH/CodeIgniter.php(368): CodeIgniter\CodeIgniter->handleRequest(null, Object(Config\Cache), false)
 4 FCPATH/index.php(67): CodeIgniter\CodeIgniter->run()
WARNING - 2025-06-30 11:04:04 --> [DEPRECATED] Creation of dynamic property App\Controllers\Products::$brand is deprecated in APPPATH/Controllers/Products.php on line 41.
 1 SYSTEMPATH/CodeIgniter.php(906): App\Controllers\Products->__construct()
 2 SYSTEMPATH/CodeIgniter.php(490): CodeIgniter\CodeIgniter->createController()
 3 SYSTEMPATH/CodeIgniter.php(368): CodeIgniter\CodeIgniter->handleRequest(null, Object(Config\Cache), false)
 4 FCPATH/index.php(67): CodeIgniter\CodeIgniter->run()
WARNING - 2025-06-30 11:04:04 --> [DEPRECATED] Creation of dynamic property App\Controllers\Products::$Allsettings is deprecated in APPPATH/Controllers/Products.php on line 42.
 1 SYSTEMPATH/CodeIgniter.php(906): App\Controllers\Products->__construct()
 2 SYSTEMPATH/CodeIgniter.php(490): CodeIgniter\CodeIgniter->createController()
 3 SYSTEMPATH/CodeIgniter.php(368): CodeIgniter\CodeIgniter->handleRequest(null, Object(Config\Cache), false)
 4 FCPATH/index.php(67): CodeIgniter\CodeIgniter->run()
WARNING - 2025-06-30 11:04:04 --> [DEPRECATED] Creation of dynamic property App\Controllers\Products::$Orderitemmodel is deprecated in APPPATH/Controllers/Products.php on line 43.
 1 SYSTEMPATH/CodeIgniter.php(906): App\Controllers\Products->__construct()
 2 SYSTEMPATH/CodeIgniter.php(490): CodeIgniter\CodeIgniter->createController()
 3 SYSTEMPATH/CodeIgniter.php(368): CodeIgniter\CodeIgniter->handleRequest(null, Object(Config\Cache), false)
 4 FCPATH/index.php(67): CodeIgniter\CodeIgniter->run()
WARNING - 2025-06-30 11:04:04 --> [DEPRECATED] Creation of dynamic property App\Controllers\Products::$Ordermodel is deprecated in APPPATH/Controllers/Products.php on line 44.
 1 SYSTEMPATH/CodeIgniter.php(906): App\Controllers\Products->__construct()
 2 SYSTEMPATH/CodeIgniter.php(490): CodeIgniter\CodeIgniter->createController()
 3 SYSTEMPATH/CodeIgniter.php(368): CodeIgniter\CodeIgniter->handleRequest(null, Object(Config\Cache), false)
 4 FCPATH/index.php(67): CodeIgniter\CodeIgniter->run()
WARNING - 2025-06-30 11:04:04 --> [DEPRECATED] Creation of dynamic property App\Controllers\Products::$CartModel is deprecated in APPPATH/Controllers/Products.php on line 45.
 1 SYSTEMPATH/CodeIgniter.php(906): App\Controllers\Products->__construct()
 2 SYSTEMPATH/CodeIgniter.php(490): CodeIgniter\CodeIgniter->createController()
 3 SYSTEMPATH/CodeIgniter.php(368): CodeIgniter\CodeIgniter->handleRequest(null, Object(Config\Cache), false)
 4 FCPATH/index.php(67): CodeIgniter\CodeIgniter->run()
WARNING - 2025-06-30 11:04:04 --> [DEPRECATED] Creation of dynamic property App\Controllers\Products::$Reviewmodel is deprecated in APPPATH/Controllers/Products.php on line 46.
 1 SYSTEMPATH/CodeIgniter.php(906): App\Controllers\Products->__construct()
 2 SYSTEMPATH/CodeIgniter.php(490): CodeIgniter\CodeIgniter->createController()
 3 SYSTEMPATH/CodeIgniter.php(368): CodeIgniter\CodeIgniter->handleRequest(null, Object(Config\Cache), false)
 4 FCPATH/index.php(67): CodeIgniter\CodeIgniter->run()
WARNING - 2025-06-30 11:04:04 --> [DEPRECATED] Creation of dynamic property App\Controllers\Products::$TaxesclassModel is deprecated in APPPATH/Controllers/Products.php on line 47.
 1 SYSTEMPATH/CodeIgniter.php(906): App\Controllers\Products->__construct()
 2 SYSTEMPATH/CodeIgniter.php(490): CodeIgniter\CodeIgniter->createController()
 3 SYSTEMPATH/CodeIgniter.php(368): CodeIgniter\CodeIgniter->handleRequest(null, Object(Config\Cache), false)
 4 FCPATH/index.php(67): CodeIgniter\CodeIgniter->run()
WARNING - 2025-06-30 11:04:04 --> [DEPRECATED] Creation of dynamic property App\Controllers\Products::$cms is deprecated in APPPATH/Controllers/Products.php on line 48.
 1 SYSTEMPATH/CodeIgniter.php(906): App\Controllers\Products->__construct()
 2 SYSTEMPATH/CodeIgniter.php(490): CodeIgniter\CodeIgniter->createController()
 3 SYSTEMPATH/CodeIgniter.php(368): CodeIgniter\CodeIgniter->handleRequest(null, Object(Config\Cache), false)
 4 FCPATH/index.php(67): CodeIgniter\CodeIgniter->run()
INFO - 2025-06-30 11:04:07 --> Session: Class initialized using 'CodeIgniter\Session\Handlers\FileHandler' driver.
WARNING - 2025-06-30 11:04:07 --> [DEPRECATED] Creation of dynamic property App\Controllers\Products::$session is deprecated in APPPATH/Controllers/Products.php on line 30.
 1 SYSTEMPATH/CodeIgniter.php(906): App\Controllers\Products->__construct()
 2 SYSTEMPATH/CodeIgniter.php(490): CodeIgniter\CodeIgniter->createController()
 3 SYSTEMPATH/CodeIgniter.php(368): CodeIgniter\CodeIgniter->handleRequest(null, Object(Config\Cache), false)
 4 FCPATH/index.php(67): CodeIgniter\CodeIgniter->run()
WARNING - 2025-06-30 11:04:07 --> Session: Sessions is enabled, and one exists. Please don't $session->start();
WARNING - 2025-06-30 11:04:07 --> [DEPRECATED] Creation of dynamic property App\Controllers\Products::$catagory is deprecated in APPPATH/Controllers/Products.php on line 33.
 1 SYSTEMPATH/CodeIgniter.php(906): App\Controllers\Products->__construct()
 2 SYSTEMPATH/CodeIgniter.php(490): CodeIgniter\CodeIgniter->createController()
 3 SYSTEMPATH/CodeIgniter.php(368): CodeIgniter\CodeIgniter->handleRequest(null, Object(Config\Cache), false)
 4 FCPATH/index.php(67): CodeIgniter\CodeIgniter->run()
WARNING - 2025-06-30 11:04:07 --> [DEPRECATED] Creation of dynamic property App\Controllers\Products::$variation is deprecated in APPPATH/Controllers/Products.php on line 34.
 1 SYSTEMPATH/CodeIgniter.php(906): App\Controllers\Products->__construct()
 2 SYSTEMPATH/CodeIgniter.php(490): CodeIgniter\CodeIgniter->createController()
 3 SYSTEMPATH/CodeIgniter.php(368): CodeIgniter\CodeIgniter->handleRequest(null, Object(Config\Cache), false)
 4 FCPATH/index.php(67): CodeIgniter\CodeIgniter->run()
WARNING - 2025-06-30 11:04:07 --> [DEPRECATED] Creation of dynamic property App\Controllers\Products::$variationtype is deprecated in APPPATH/Controllers/Products.php on line 35.
 1 SYSTEMPATH/CodeIgniter.php(906): App\Controllers\Products->__construct()
 2 SYSTEMPATH/CodeIgniter.php(490): CodeIgniter\CodeIgniter->createController()
 3 SYSTEMPATH/CodeIgniter.php(368): CodeIgniter\CodeIgniter->handleRequest(null, Object(Config\Cache), false)
 4 FCPATH/index.php(67): CodeIgniter\CodeIgniter->run()
WARNING - 2025-06-30 11:04:07 --> [DEPRECATED] Creation of dynamic property App\Controllers\Products::$subcategory is deprecated in APPPATH/Controllers/Products.php on line 36.
 1 SYSTEMPATH/CodeIgniter.php(906): App\Controllers\Products->__construct()
 2 SYSTEMPATH/CodeIgniter.php(490): CodeIgniter\CodeIgniter->createController()
 3 SYSTEMPATH/CodeIgniter.php(368): CodeIgniter\CodeIgniter->handleRequest(null, Object(Config\Cache), false)
 4 FCPATH/index.php(67): CodeIgniter\CodeIgniter->run()
WARNING - 2025-06-30 11:04:07 --> [DEPRECATED] Creation of dynamic property App\Controllers\Products::$product is deprecated in APPPATH/Controllers/Products.php on line 37.
 1 SYSTEMPATH/CodeIgniter.php(906): App\Controllers\Products->__construct()
 2 SYSTEMPATH/CodeIgniter.php(490): CodeIgniter\CodeIgniter->createController()
 3 SYSTEMPATH/CodeIgniter.php(368): CodeIgniter\CodeIgniter->handleRequest(null, Object(Config\Cache), false)
 4 FCPATH/index.php(67): CodeIgniter\CodeIgniter->run()
WARNING - 2025-06-30 11:04:07 --> [DEPRECATED] Creation of dynamic property App\Controllers\Products::$tags is deprecated in APPPATH/Controllers/Products.php on line 38.
 1 SYSTEMPATH/CodeIgniter.php(906): App\Controllers\Products->__construct()
 2 SYSTEMPATH/CodeIgniter.php(490): CodeIgniter\CodeIgniter->createController()
 3 SYSTEMPATH/CodeIgniter.php(368): CodeIgniter\CodeIgniter->handleRequest(null, Object(Config\Cache), false)
 4 FCPATH/index.php(67): CodeIgniter\CodeIgniter->run()
WARNING - 2025-06-30 11:04:07 --> [DEPRECATED] Creation of dynamic property App\Controllers\Products::$shippingmethod is deprecated in APPPATH/Controllers/Products.php on line 39.
 1 SYSTEMPATH/CodeIgniter.php(906): App\Controllers\Products->__construct()
 2 SYSTEMPATH/CodeIgniter.php(490): CodeIgniter\CodeIgniter->createController()
 3 SYSTEMPATH/CodeIgniter.php(368): CodeIgniter\CodeIgniter->handleRequest(null, Object(Config\Cache), false)
 4 FCPATH/index.php(67): CodeIgniter\CodeIgniter->run()
WARNING - 2025-06-30 11:04:07 --> [DEPRECATED] Creation of dynamic property App\Controllers\Products::$optionvalue is deprecated in APPPATH/Controllers/Products.php on line 40.
 1 SYSTEMPATH/CodeIgniter.php(906): App\Controllers\Products->__construct()
 2 SYSTEMPATH/CodeIgniter.php(490): CodeIgniter\CodeIgniter->createController()
 3 SYSTEMPATH/CodeIgniter.php(368): CodeIgniter\CodeIgniter->handleRequest(null, Object(Config\Cache), false)
 4 FCPATH/index.php(67): CodeIgniter\CodeIgniter->run()
WARNING - 2025-06-30 11:04:07 --> [DEPRECATED] Creation of dynamic property App\Controllers\Products::$brand is deprecated in APPPATH/Controllers/Products.php on line 41.
 1 SYSTEMPATH/CodeIgniter.php(906): App\Controllers\Products->__construct()
 2 SYSTEMPATH/CodeIgniter.php(490): CodeIgniter\CodeIgniter->createController()
 3 SYSTEMPATH/CodeIgniter.php(368): CodeIgniter\CodeIgniter->handleRequest(null, Object(Config\Cache), false)
 4 FCPATH/index.php(67): CodeIgniter\CodeIgniter->run()
WARNING - 2025-06-30 11:04:07 --> [DEPRECATED] Creation of dynamic property App\Controllers\Products::$Allsettings is deprecated in APPPATH/Controllers/Products.php on line 42.
 1 SYSTEMPATH/CodeIgniter.php(906): App\Controllers\Products->__construct()
 2 SYSTEMPATH/CodeIgniter.php(490): CodeIgniter\CodeIgniter->createController()
 3 SYSTEMPATH/CodeIgniter.php(368): CodeIgniter\CodeIgniter->handleRequest(null, Object(Config\Cache), false)
 4 FCPATH/index.php(67): CodeIgniter\CodeIgniter->run()
WARNING - 2025-06-30 11:04:07 --> [DEPRECATED] Creation of dynamic property App\Controllers\Products::$Orderitemmodel is deprecated in APPPATH/Controllers/Products.php on line 43.
 1 SYSTEMPATH/CodeIgniter.php(906): App\Controllers\Products->__construct()
 2 SYSTEMPATH/CodeIgniter.php(490): CodeIgniter\CodeIgniter->createController()
 3 SYSTEMPATH/CodeIgniter.php(368): CodeIgniter\CodeIgniter->handleRequest(null, Object(Config\Cache), false)
 4 FCPATH/index.php(67): CodeIgniter\CodeIgniter->run()
WARNING - 2025-06-30 11:04:07 --> [DEPRECATED] Creation of dynamic property App\Controllers\Products::$Ordermodel is deprecated in APPPATH/Controllers/Products.php on line 44.
 1 SYSTEMPATH/CodeIgniter.php(906): App\Controllers\Products->__construct()
 2 SYSTEMPATH/CodeIgniter.php(490): CodeIgniter\CodeIgniter->createController()
 3 SYSTEMPATH/CodeIgniter.php(368): CodeIgniter\CodeIgniter->handleRequest(null, Object(Config\Cache), false)
 4 FCPATH/index.php(67): CodeIgniter\CodeIgniter->run()
WARNING - 2025-06-30 11:04:07 --> [DEPRECATED] Creation of dynamic property App\Controllers\Products::$CartModel is deprecated in APPPATH/Controllers/Products.php on line 45.
 1 SYSTEMPATH/CodeIgniter.php(906): App\Controllers\Products->__construct()
 2 SYSTEMPATH/CodeIgniter.php(490): CodeIgniter\CodeIgniter->createController()
 3 SYSTEMPATH/CodeIgniter.php(368): CodeIgniter\CodeIgniter->handleRequest(null, Object(Config\Cache), false)
 4 FCPATH/index.php(67): CodeIgniter\CodeIgniter->run()
WARNING - 2025-06-30 11:04:07 --> [DEPRECATED] Creation of dynamic property App\Controllers\Products::$Reviewmodel is deprecated in APPPATH/Controllers/Products.php on line 46.
 1 SYSTEMPATH/CodeIgniter.php(906): App\Controllers\Products->__construct()
 2 SYSTEMPATH/CodeIgniter.php(490): CodeIgniter\CodeIgniter->createController()
 3 SYSTEMPATH/CodeIgniter.php(368): CodeIgniter\CodeIgniter->handleRequest(null, Object(Config\Cache), false)
 4 FCPATH/index.php(67): CodeIgniter\CodeIgniter->run()
WARNING - 2025-06-30 11:04:07 --> [DEPRECATED] Creation of dynamic property App\Controllers\Products::$TaxesclassModel is deprecated in APPPATH/Controllers/Products.php on line 47.
 1 SYSTEMPATH/CodeIgniter.php(906): App\Controllers\Products->__construct()
 2 SYSTEMPATH/CodeIgniter.php(490): CodeIgniter\CodeIgniter->createController()
 3 SYSTEMPATH/CodeIgniter.php(368): CodeIgniter\CodeIgniter->handleRequest(null, Object(Config\Cache), false)
 4 FCPATH/index.php(67): CodeIgniter\CodeIgniter->run()
WARNING - 2025-06-30 11:04:07 --> [DEPRECATED] Creation of dynamic property App\Controllers\Products::$cms is deprecated in APPPATH/Controllers/Products.php on line 48.
 1 SYSTEMPATH/CodeIgniter.php(906): App\Controllers\Products->__construct()
 2 SYSTEMPATH/CodeIgniter.php(490): CodeIgniter\CodeIgniter->createController()
 3 SYSTEMPATH/CodeIgniter.php(368): CodeIgniter\CodeIgniter->handleRequest(null, Object(Config\Cache), false)
 4 FCPATH/index.php(67): CodeIgniter\CodeIgniter->run()
INFO - 2025-06-30 11:04:10 --> Session: Class initialized using 'CodeIgniter\Session\Handlers\FileHandler' driver.
WARNING - 2025-06-30 11:04:10 --> [DEPRECATED] Creation of dynamic property App\Controllers\Customers::$session is deprecated in APPPATH/Controllers/Customers.php on line 19.
 1 SYSTEMPATH/CodeIgniter.php(906): App\Controllers\Customers->__construct()
 2 SYSTEMPATH/CodeIgniter.php(490): CodeIgniter\CodeIgniter->createController()
 3 SYSTEMPATH/CodeIgniter.php(368): CodeIgniter\CodeIgniter->handleRequest(null, Object(Config\Cache), false)
 4 FCPATH/index.php(67): CodeIgniter\CodeIgniter->run()
WARNING - 2025-06-30 11:04:10 --> Session: Sessions is enabled, and one exists. Please don't $session->start();
WARNING - 2025-06-30 11:04:10 --> [DEPRECATED] Creation of dynamic property App\Controllers\Customers::$country is deprecated in APPPATH/Controllers/Customers.php on line 23.
 1 SYSTEMPATH/CodeIgniter.php(906): App\Controllers\Customers->__construct()
 2 SYSTEMPATH/CodeIgniter.php(490): CodeIgniter\CodeIgniter->createController()
 3 SYSTEMPATH/CodeIgniter.php(368): CodeIgniter\CodeIgniter->handleRequest(null, Object(Config\Cache), false)
 4 FCPATH/index.php(67): CodeIgniter\CodeIgniter->run()
WARNING - 2025-06-30 11:04:10 --> [DEPRECATED] Creation of dynamic property App\Controllers\Customers::$state is deprecated in APPPATH/Controllers/Customers.php on line 24.
 1 SYSTEMPATH/CodeIgniter.php(906): App\Controllers\Customers->__construct()
 2 SYSTEMPATH/CodeIgniter.php(490): CodeIgniter\CodeIgniter->createController()
 3 SYSTEMPATH/CodeIgniter.php(368): CodeIgniter\CodeIgniter->handleRequest(null, Object(Config\Cache), false)
 4 FCPATH/index.php(67): CodeIgniter\CodeIgniter->run()
WARNING - 2025-06-30 11:04:10 --> [DEPRECATED] Creation of dynamic property App\Controllers\Customers::$city is deprecated in APPPATH/Controllers/Customers.php on line 25.
 1 SYSTEMPATH/CodeIgniter.php(906): App\Controllers\Customers->__construct()
 2 SYSTEMPATH/CodeIgniter.php(490): CodeIgniter\CodeIgniter->createController()
 3 SYSTEMPATH/CodeIgniter.php(368): CodeIgniter\CodeIgniter->handleRequest(null, Object(Config\Cache), false)
 4 FCPATH/index.php(67): CodeIgniter\CodeIgniter->run()
WARNING - 2025-06-30 11:04:10 --> [DEPRECATED] Creation of dynamic property App\Controllers\Customers::$users is deprecated in APPPATH/Controllers/Customers.php on line 26.
 1 SYSTEMPATH/CodeIgniter.php(906): App\Controllers\Customers->__construct()
 2 SYSTEMPATH/CodeIgniter.php(490): CodeIgniter\CodeIgniter->createController()
 3 SYSTEMPATH/CodeIgniter.php(368): CodeIgniter\CodeIgniter->handleRequest(null, Object(Config\Cache), false)
 4 FCPATH/index.php(67): CodeIgniter\CodeIgniter->run()
WARNING - 2025-06-30 11:04:10 --> [DEPRECATED] Creation of dynamic property App\Controllers\Customers::$variation is deprecated in APPPATH/Controllers/Customers.php on line 27.
 1 SYSTEMPATH/CodeIgniter.php(906): App\Controllers\Customers->__construct()
 2 SYSTEMPATH/CodeIgniter.php(490): CodeIgniter\CodeIgniter->createController()
 3 SYSTEMPATH/CodeIgniter.php(368): CodeIgniter\CodeIgniter->handleRequest(null, Object(Config\Cache), false)
 4 FCPATH/index.php(67): CodeIgniter\CodeIgniter->run()
WARNING - 2025-06-30 11:04:10 --> [DEPRECATED] Creation of dynamic property App\Controllers\Customers::$variationtype is deprecated in APPPATH/Controllers/Customers.php on line 28.
 1 SYSTEMPATH/CodeIgniter.php(906): App\Controllers\Customers->__construct()
 2 SYSTEMPATH/CodeIgniter.php(490): CodeIgniter\CodeIgniter->createController()
 3 SYSTEMPATH/CodeIgniter.php(368): CodeIgniter\CodeIgniter->handleRequest(null, Object(Config\Cache), false)
 4 FCPATH/index.php(67): CodeIgniter\CodeIgniter->run()
WARNING - 2025-06-30 11:04:10 --> [DEPRECATED] Creation of dynamic property App\Controllers\Customers::$brand is deprecated in APPPATH/Controllers/Customers.php on line 29.
 1 SYSTEMPATH/CodeIgniter.php(906): App\Controllers\Customers->__construct()
 2 SYSTEMPATH/CodeIgniter.php(490): CodeIgniter\CodeIgniter->createController()
 3 SYSTEMPATH/CodeIgniter.php(368): CodeIgniter\CodeIgniter->handleRequest(null, Object(Config\Cache), false)
 4 FCPATH/index.php(67): CodeIgniter\CodeIgniter->run()
WARNING - 2025-06-30 11:04:10 --> [DEPRECATED] Creation of dynamic property App\Controllers\Customers::$User_shipping_addressmodel is deprecated in APPPATH/Controllers/Customers.php on line 30.
 1 SYSTEMPATH/CodeIgniter.php(906): App\Controllers\Customers->__construct()
 2 SYSTEMPATH/CodeIgniter.php(490): CodeIgniter\CodeIgniter->createController()
 3 SYSTEMPATH/CodeIgniter.php(368): CodeIgniter\CodeIgniter->handleRequest(null, Object(Config\Cache), false)
 4 FCPATH/index.php(67): CodeIgniter\CodeIgniter->run()
INFO - 2025-06-30 11:04:13 --> Session: Class initialized using 'CodeIgniter\Session\Handlers\FileHandler' driver.
WARNING - 2025-06-30 11:04:13 --> [DEPRECATED] Creation of dynamic property App\Controllers\Orders::$session is deprecated in APPPATH/Controllers/Orders.php on line 34.
 1 SYSTEMPATH/CodeIgniter.php(906): App\Controllers\Orders->__construct()
 2 SYSTEMPATH/CodeIgniter.php(490): CodeIgniter\CodeIgniter->createController()
 3 SYSTEMPATH/CodeIgniter.php(368): CodeIgniter\CodeIgniter->handleRequest(null, Object(Config\Cache), false)
 4 FCPATH/index.php(67): CodeIgniter\CodeIgniter->run()
WARNING - 2025-06-30 11:04:13 --> Session: Sessions is enabled, and one exists. Please don't $session->start();
WARNING - 2025-06-30 11:04:13 --> [DEPRECATED] Creation of dynamic property App\Controllers\Orders::$coupons is deprecated in APPPATH/Controllers/Orders.php on line 38.
 1 SYSTEMPATH/CodeIgniter.php(906): App\Controllers\Orders->__construct()
 2 SYSTEMPATH/CodeIgniter.php(490): CodeIgniter\CodeIgniter->createController()
 3 SYSTEMPATH/CodeIgniter.php(368): CodeIgniter\CodeIgniter->handleRequest(null, Object(Config\Cache), false)
 4 FCPATH/index.php(67): CodeIgniter\CodeIgniter->run()
WARNING - 2025-06-30 11:04:13 --> [DEPRECATED] Creation of dynamic property App\Controllers\Orders::$faqs is deprecated in APPPATH/Controllers/Orders.php on line 39.
 1 SYSTEMPATH/CodeIgniter.php(906): App\Controllers\Orders->__construct()
 2 SYSTEMPATH/CodeIgniter.php(490): CodeIgniter\CodeIgniter->createController()
 3 SYSTEMPATH/CodeIgniter.php(368): CodeIgniter\CodeIgniter->handleRequest(null, Object(Config\Cache), false)
 4 FCPATH/index.php(67): CodeIgniter\CodeIgniter->run()
WARNING - 2025-06-30 11:04:13 --> [DEPRECATED] Creation of dynamic property App\Controllers\Orders::$seo is deprecated in APPPATH/Controllers/Orders.php on line 40.
 1 SYSTEMPATH/CodeIgniter.php(906): App\Controllers\Orders->__construct()
 2 SYSTEMPATH/CodeIgniter.php(490): CodeIgniter\CodeIgniter->createController()
 3 SYSTEMPATH/CodeIgniter.php(368): CodeIgniter\CodeIgniter->handleRequest(null, Object(Config\Cache), false)
 4 FCPATH/index.php(67): CodeIgniter\CodeIgniter->run()
WARNING - 2025-06-30 11:04:13 --> [DEPRECATED] Creation of dynamic property App\Controllers\Orders::$Ordermodel is deprecated in APPPATH/Controllers/Orders.php on line 41.
 1 SYSTEMPATH/CodeIgniter.php(906): App\Controllers\Orders->__construct()
 2 SYSTEMPATH/CodeIgniter.php(490): CodeIgniter\CodeIgniter->createController()
 3 SYSTEMPATH/CodeIgniter.php(368): CodeIgniter\CodeIgniter->handleRequest(null, Object(Config\Cache), false)
 4 FCPATH/index.php(67): CodeIgniter\CodeIgniter->run()
WARNING - 2025-06-30 11:04:13 --> [DEPRECATED] Creation of dynamic property App\Controllers\Orders::$testimonial is deprecated in APPPATH/Controllers/Orders.php on line 42.
 1 SYSTEMPATH/CodeIgniter.php(906): App\Controllers\Orders->__construct()
 2 SYSTEMPATH/CodeIgniter.php(490): CodeIgniter\CodeIgniter->createController()
 3 SYSTEMPATH/CodeIgniter.php(368): CodeIgniter\CodeIgniter->handleRequest(null, Object(Config\Cache), false)
 4 FCPATH/index.php(67): CodeIgniter\CodeIgniter->run()
WARNING - 2025-06-30 11:04:13 --> [DEPRECATED] Creation of dynamic property App\Controllers\Orders::$enquiry is deprecated in APPPATH/Controllers/Orders.php on line 43.
 1 SYSTEMPATH/CodeIgniter.php(906): App\Controllers\Orders->__construct()
 2 SYSTEMPATH/CodeIgniter.php(490): CodeIgniter\CodeIgniter->createController()
 3 SYSTEMPATH/CodeIgniter.php(368): CodeIgniter\CodeIgniter->handleRequest(null, Object(Config\Cache), false)
 4 FCPATH/index.php(67): CodeIgniter\CodeIgniter->run()
WARNING - 2025-06-30 11:04:13 --> [DEPRECATED] Creation of dynamic property App\Controllers\Orders::$product is deprecated in APPPATH/Controllers/Orders.php on line 44.
 1 SYSTEMPATH/CodeIgniter.php(906): App\Controllers\Orders->__construct()
 2 SYSTEMPATH/CodeIgniter.php(490): CodeIgniter\CodeIgniter->createController()
 3 SYSTEMPATH/CodeIgniter.php(368): CodeIgniter\CodeIgniter->handleRequest(null, Object(Config\Cache), false)
 4 FCPATH/index.php(67): CodeIgniter\CodeIgniter->run()
WARNING - 2025-06-30 11:04:13 --> [DEPRECATED] Creation of dynamic property App\Controllers\Orders::$orderitem is deprecated in APPPATH/Controllers/Orders.php on line 45.
 1 SYSTEMPATH/CodeIgniter.php(906): App\Controllers\Orders->__construct()
 2 SYSTEMPATH/CodeIgniter.php(490): CodeIgniter\CodeIgniter->createController()
 3 SYSTEMPATH/CodeIgniter.php(368): CodeIgniter\CodeIgniter->handleRequest(null, Object(Config\Cache), false)
 4 FCPATH/index.php(67): CodeIgniter\CodeIgniter->run()
WARNING - 2025-06-30 11:04:13 --> [DEPRECATED] Creation of dynamic property App\Controllers\Orders::$Ordercomment is deprecated in APPPATH/Controllers/Orders.php on line 46.
 1 SYSTEMPATH/CodeIgniter.php(906): App\Controllers\Orders->__construct()
 2 SYSTEMPATH/CodeIgniter.php(490): CodeIgniter\CodeIgniter->createController()
 3 SYSTEMPATH/CodeIgniter.php(368): CodeIgniter\CodeIgniter->handleRequest(null, Object(Config\Cache), false)
 4 FCPATH/index.php(67): CodeIgniter\CodeIgniter->run()
WARNING - 2025-06-30 11:04:13 --> [DEPRECATED] Creation of dynamic property App\Controllers\Orders::$catagory is deprecated in APPPATH/Controllers/Orders.php on line 47.
 1 SYSTEMPATH/CodeIgniter.php(906): App\Controllers\Orders->__construct()
 2 SYSTEMPATH/CodeIgniter.php(490): CodeIgniter\CodeIgniter->createController()
 3 SYSTEMPATH/CodeIgniter.php(368): CodeIgniter\CodeIgniter->handleRequest(null, Object(Config\Cache), false)
 4 FCPATH/index.php(67): CodeIgniter\CodeIgniter->run()
WARNING - 2025-06-30 11:04:13 --> [DEPRECATED] Creation of dynamic property App\Controllers\Orders::$User is deprecated in APPPATH/Controllers/Orders.php on line 48.
 1 SYSTEMPATH/CodeIgniter.php(906): App\Controllers\Orders->__construct()
 2 SYSTEMPATH/CodeIgniter.php(490): CodeIgniter\CodeIgniter->createController()
 3 SYSTEMPATH/CodeIgniter.php(368): CodeIgniter\CodeIgniter->handleRequest(null, Object(Config\Cache), false)
 4 FCPATH/index.php(67): CodeIgniter\CodeIgniter->run()
WARNING - 2025-06-30 11:04:13 --> [DEPRECATED] Creation of dynamic property App\Controllers\Orders::$shippingmethod is deprecated in APPPATH/Controllers/Orders.php on line 49.
 1 SYSTEMPATH/CodeIgniter.php(906): App\Controllers\Orders->__construct()
 2 SYSTEMPATH/CodeIgniter.php(490): CodeIgniter\CodeIgniter->createController()
 3 SYSTEMPATH/CodeIgniter.php(368): CodeIgniter\CodeIgniter->handleRequest(null, Object(Config\Cache), false)
 4 FCPATH/index.php(67): CodeIgniter\CodeIgniter->run()
WARNING - 2025-06-30 11:04:13 --> [DEPRECATED] Creation of dynamic property App\Controllers\Orders::$shippingrate is deprecated in APPPATH/Controllers/Orders.php on line 50.
 1 SYSTEMPATH/CodeIgniter.php(906): App\Controllers\Orders->__construct()
 2 SYSTEMPATH/CodeIgniter.php(490): CodeIgniter\CodeIgniter->createController()
 3 SYSTEMPATH/CodeIgniter.php(368): CodeIgniter\CodeIgniter->handleRequest(null, Object(Config\Cache), false)
 4 FCPATH/index.php(67): CodeIgniter\CodeIgniter->run()
WARNING - 2025-06-30 11:04:13 --> [DEPRECATED] Creation of dynamic property App\Controllers\Orders::$shippingzone is deprecated in APPPATH/Controllers/Orders.php on line 51.
 1 SYSTEMPATH/CodeIgniter.php(906): App\Controllers\Orders->__construct()
 2 SYSTEMPATH/CodeIgniter.php(490): CodeIgniter\CodeIgniter->createController()
 3 SYSTEMPATH/CodeIgniter.php(368): CodeIgniter\CodeIgniter->handleRequest(null, Object(Config\Cache), false)
 4 FCPATH/index.php(67): CodeIgniter\CodeIgniter->run()
WARNING - 2025-06-30 11:04:13 --> [DEPRECATED] Creation of dynamic property App\Controllers\Orders::$country is deprecated in APPPATH/Controllers/Orders.php on line 52.
 1 SYSTEMPATH/CodeIgniter.php(906): App\Controllers\Orders->__construct()
 2 SYSTEMPATH/CodeIgniter.php(490): CodeIgniter\CodeIgniter->createController()
 3 SYSTEMPATH/CodeIgniter.php(368): CodeIgniter\CodeIgniter->handleRequest(null, Object(Config\Cache), false)
 4 FCPATH/index.php(67): CodeIgniter\CodeIgniter->run()
WARNING - 2025-06-30 11:04:13 --> [DEPRECATED] Creation of dynamic property App\Controllers\Orders::$ChatModel is deprecated in APPPATH/Controllers/Orders.php on line 53.
 1 SYSTEMPATH/CodeIgniter.php(906): App\Controllers\Orders->__construct()
 2 SYSTEMPATH/CodeIgniter.php(490): CodeIgniter\CodeIgniter->createController()
 3 SYSTEMPATH/CodeIgniter.php(368): CodeIgniter\CodeIgniter->handleRequest(null, Object(Config\Cache), false)
 4 FCPATH/index.php(67): CodeIgniter\CodeIgniter->run()
WARNING - 2025-06-30 11:04:13 --> [DEPRECATED] Creation of dynamic property App\Controllers\Orders::$Allsettings is deprecated in APPPATH/Controllers/Orders.php on line 54.
 1 SYSTEMPATH/CodeIgniter.php(906): App\Controllers\Orders->__construct()
 2 SYSTEMPATH/CodeIgniter.php(490): CodeIgniter\CodeIgniter->createController()
 3 SYSTEMPATH/CodeIgniter.php(368): CodeIgniter\CodeIgniter->handleRequest(null, Object(Config\Cache), false)
 4 FCPATH/index.php(67): CodeIgniter\CodeIgniter->run()
WARNING - 2025-06-30 11:04:13 --> [DEPRECATED] Creation of dynamic property App\Controllers\Orders::$ShippingDataModel is deprecated in APPPATH/Controllers/Orders.php on line 55.
 1 SYSTEMPATH/CodeIgniter.php(906): App\Controllers\Orders->__construct()
 2 SYSTEMPATH/CodeIgniter.php(490): CodeIgniter\CodeIgniter->createController()
 3 SYSTEMPATH/CodeIgniter.php(368): CodeIgniter\CodeIgniter->handleRequest(null, Object(Config\Cache), false)
 4 FCPATH/index.php(67): CodeIgniter\CodeIgniter->run()
WARNING - 2025-06-30 11:04:13 --> [DEPRECATED] Creation of dynamic property App\Controllers\Orders::$cityModel is deprecated in APPPATH/Controllers/Orders.php on line 56.
 1 SYSTEMPATH/CodeIgniter.php(906): App\Controllers\Orders->__construct()
 2 SYSTEMPATH/CodeIgniter.php(490): CodeIgniter\CodeIgniter->createController()
 3 SYSTEMPATH/CodeIgniter.php(368): CodeIgniter\CodeIgniter->handleRequest(null, Object(Config\Cache), false)
 4 FCPATH/index.php(67): CodeIgniter\CodeIgniter->run()
WARNING - 2025-06-30 11:04:13 --> [DEPRECATED] Creation of dynamic property App\Controllers\Orders::$stateModel is deprecated in APPPATH/Controllers/Orders.php on line 57.
 1 SYSTEMPATH/CodeIgniter.php(906): App\Controllers\Orders->__construct()
 2 SYSTEMPATH/CodeIgniter.php(490): CodeIgniter\CodeIgniter->createController()
 3 SYSTEMPATH/CodeIgniter.php(368): CodeIgniter\CodeIgniter->handleRequest(null, Object(Config\Cache), false)
 4 FCPATH/index.php(67): CodeIgniter\CodeIgniter->run()
WARNING - 2025-06-30 11:04:13 --> [DEPRECATED] Creation of dynamic property App\Controllers\Orders::$taxModel is deprecated in APPPATH/Controllers/Orders.php on line 58.
 1 SYSTEMPATH/CodeIgniter.php(906): App\Controllers\Orders->__construct()
 2 SYSTEMPATH/CodeIgniter.php(490): CodeIgniter\CodeIgniter->createController()
 3 SYSTEMPATH/CodeIgniter.php(368): CodeIgniter\CodeIgniter->handleRequest(null, Object(Config\Cache), false)
 4 FCPATH/index.php(67): CodeIgniter\CodeIgniter->run()
INFO - 2025-06-30 11:04:17 --> Session: Class initialized using 'CodeIgniter\Session\Handlers\FileHandler' driver.
WARNING - 2025-06-30 11:04:17 --> [DEPRECATED] Creation of dynamic property App\Controllers\Orders::$session is deprecated in APPPATH/Controllers/Orders.php on line 34.
 1 SYSTEMPATH/CodeIgniter.php(906): App\Controllers\Orders->__construct()
 2 SYSTEMPATH/CodeIgniter.php(490): CodeIgniter\CodeIgniter->createController()
 3 SYSTEMPATH/CodeIgniter.php(368): CodeIgniter\CodeIgniter->handleRequest(null, Object(Config\Cache), false)
 4 FCPATH/index.php(67): CodeIgniter\CodeIgniter->run()
WARNING - 2025-06-30 11:04:17 --> Session: Sessions is enabled, and one exists. Please don't $session->start();
WARNING - 2025-06-30 11:04:17 --> [DEPRECATED] Creation of dynamic property App\Controllers\Orders::$coupons is deprecated in APPPATH/Controllers/Orders.php on line 38.
 1 SYSTEMPATH/CodeIgniter.php(906): App\Controllers\Orders->__construct()
 2 SYSTEMPATH/CodeIgniter.php(490): CodeIgniter\CodeIgniter->createController()
 3 SYSTEMPATH/CodeIgniter.php(368): CodeIgniter\CodeIgniter->handleRequest(null, Object(Config\Cache), false)
 4 FCPATH/index.php(67): CodeIgniter\CodeIgniter->run()
WARNING - 2025-06-30 11:04:17 --> [DEPRECATED] Creation of dynamic property App\Controllers\Orders::$faqs is deprecated in APPPATH/Controllers/Orders.php on line 39.
 1 SYSTEMPATH/CodeIgniter.php(906): App\Controllers\Orders->__construct()
 2 SYSTEMPATH/CodeIgniter.php(490): CodeIgniter\CodeIgniter->createController()
 3 SYSTEMPATH/CodeIgniter.php(368): CodeIgniter\CodeIgniter->handleRequest(null, Object(Config\Cache), false)
 4 FCPATH/index.php(67): CodeIgniter\CodeIgniter->run()
WARNING - 2025-06-30 11:04:17 --> [DEPRECATED] Creation of dynamic property App\Controllers\Orders::$seo is deprecated in APPPATH/Controllers/Orders.php on line 40.
 1 SYSTEMPATH/CodeIgniter.php(906): App\Controllers\Orders->__construct()
 2 SYSTEMPATH/CodeIgniter.php(490): CodeIgniter\CodeIgniter->createController()
 3 SYSTEMPATH/CodeIgniter.php(368): CodeIgniter\CodeIgniter->handleRequest(null, Object(Config\Cache), false)
 4 FCPATH/index.php(67): CodeIgniter\CodeIgniter->run()
WARNING - 2025-06-30 11:04:17 --> [DEPRECATED] Creation of dynamic property App\Controllers\Orders::$Ordermodel is deprecated in APPPATH/Controllers/Orders.php on line 41.
 1 SYSTEMPATH/CodeIgniter.php(906): App\Controllers\Orders->__construct()
 2 SYSTEMPATH/CodeIgniter.php(490): CodeIgniter\CodeIgniter->createController()
 3 SYSTEMPATH/CodeIgniter.php(368): CodeIgniter\CodeIgniter->handleRequest(null, Object(Config\Cache), false)
 4 FCPATH/index.php(67): CodeIgniter\CodeIgniter->run()
WARNING - 2025-06-30 11:04:17 --> [DEPRECATED] Creation of dynamic property App\Controllers\Orders::$testimonial is deprecated in APPPATH/Controllers/Orders.php on line 42.
 1 SYSTEMPATH/CodeIgniter.php(906): App\Controllers\Orders->__construct()
 2 SYSTEMPATH/CodeIgniter.php(490): CodeIgniter\CodeIgniter->createController()
 3 SYSTEMPATH/CodeIgniter.php(368): CodeIgniter\CodeIgniter->handleRequest(null, Object(Config\Cache), false)
 4 FCPATH/index.php(67): CodeIgniter\CodeIgniter->run()
WARNING - 2025-06-30 11:04:17 --> [DEPRECATED] Creation of dynamic property App\Controllers\Orders::$enquiry is deprecated in APPPATH/Controllers/Orders.php on line 43.
 1 SYSTEMPATH/CodeIgniter.php(906): App\Controllers\Orders->__construct()
 2 SYSTEMPATH/CodeIgniter.php(490): CodeIgniter\CodeIgniter->createController()
 3 SYSTEMPATH/CodeIgniter.php(368): CodeIgniter\CodeIgniter->handleRequest(null, Object(Config\Cache), false)
 4 FCPATH/index.php(67): CodeIgniter\CodeIgniter->run()
WARNING - 2025-06-30 11:04:17 --> [DEPRECATED] Creation of dynamic property App\Controllers\Orders::$product is deprecated in APPPATH/Controllers/Orders.php on line 44.
 1 SYSTEMPATH/CodeIgniter.php(906): App\Controllers\Orders->__construct()
 2 SYSTEMPATH/CodeIgniter.php(490): CodeIgniter\CodeIgniter->createController()
 3 SYSTEMPATH/CodeIgniter.php(368): CodeIgniter\CodeIgniter->handleRequest(null, Object(Config\Cache), false)
 4 FCPATH/index.php(67): CodeIgniter\CodeIgniter->run()
WARNING - 2025-06-30 11:04:17 --> [DEPRECATED] Creation of dynamic property App\Controllers\Orders::$orderitem is deprecated in APPPATH/Controllers/Orders.php on line 45.
 1 SYSTEMPATH/CodeIgniter.php(906): App\Controllers\Orders->__construct()
 2 SYSTEMPATH/CodeIgniter.php(490): CodeIgniter\CodeIgniter->createController()
 3 SYSTEMPATH/CodeIgniter.php(368): CodeIgniter\CodeIgniter->handleRequest(null, Object(Config\Cache), false)
 4 FCPATH/index.php(67): CodeIgniter\CodeIgniter->run()
WARNING - 2025-06-30 11:04:17 --> [DEPRECATED] Creation of dynamic property App\Controllers\Orders::$Ordercomment is deprecated in APPPATH/Controllers/Orders.php on line 46.
 1 SYSTEMPATH/CodeIgniter.php(906): App\Controllers\Orders->__construct()
 2 SYSTEMPATH/CodeIgniter.php(490): CodeIgniter\CodeIgniter->createController()
 3 SYSTEMPATH/CodeIgniter.php(368): CodeIgniter\CodeIgniter->handleRequest(null, Object(Config\Cache), false)
 4 FCPATH/index.php(67): CodeIgniter\CodeIgniter->run()
WARNING - 2025-06-30 11:04:17 --> [DEPRECATED] Creation of dynamic property App\Controllers\Orders::$catagory is deprecated in APPPATH/Controllers/Orders.php on line 47.
 1 SYSTEMPATH/CodeIgniter.php(906): App\Controllers\Orders->__construct()
 2 SYSTEMPATH/CodeIgniter.php(490): CodeIgniter\CodeIgniter->createController()
 3 SYSTEMPATH/CodeIgniter.php(368): CodeIgniter\CodeIgniter->handleRequest(null, Object(Config\Cache), false)
 4 FCPATH/index.php(67): CodeIgniter\CodeIgniter->run()
WARNING - 2025-06-30 11:04:17 --> [DEPRECATED] Creation of dynamic property App\Controllers\Orders::$User is deprecated in APPPATH/Controllers/Orders.php on line 48.
 1 SYSTEMPATH/CodeIgniter.php(906): App\Controllers\Orders->__construct()
 2 SYSTEMPATH/CodeIgniter.php(490): CodeIgniter\CodeIgniter->createController()
 3 SYSTEMPATH/CodeIgniter.php(368): CodeIgniter\CodeIgniter->handleRequest(null, Object(Config\Cache), false)
 4 FCPATH/index.php(67): CodeIgniter\CodeIgniter->run()
WARNING - 2025-06-30 11:04:17 --> [DEPRECATED] Creation of dynamic property App\Controllers\Orders::$shippingmethod is deprecated in APPPATH/Controllers/Orders.php on line 49.
 1 SYSTEMPATH/CodeIgniter.php(906): App\Controllers\Orders->__construct()
 2 SYSTEMPATH/CodeIgniter.php(490): CodeIgniter\CodeIgniter->createController()
 3 SYSTEMPATH/CodeIgniter.php(368): CodeIgniter\CodeIgniter->handleRequest(null, Object(Config\Cache), false)
 4 FCPATH/index.php(67): CodeIgniter\CodeIgniter->run()
WARNING - 2025-06-30 11:04:17 --> [DEPRECATED] Creation of dynamic property App\Controllers\Orders::$shippingrate is deprecated in APPPATH/Controllers/Orders.php on line 50.
 1 SYSTEMPATH/CodeIgniter.php(906): App\Controllers\Orders->__construct()
 2 SYSTEMPATH/CodeIgniter.php(490): CodeIgniter\CodeIgniter->createController()
 3 SYSTEMPATH/CodeIgniter.php(368): CodeIgniter\CodeIgniter->handleRequest(null, Object(Config\Cache), false)
 4 FCPATH/index.php(67): CodeIgniter\CodeIgniter->run()
WARNING - 2025-06-30 11:04:17 --> [DEPRECATED] Creation of dynamic property App\Controllers\Orders::$shippingzone is deprecated in APPPATH/Controllers/Orders.php on line 51.
 1 SYSTEMPATH/CodeIgniter.php(906): App\Controllers\Orders->__construct()
 2 SYSTEMPATH/CodeIgniter.php(490): CodeIgniter\CodeIgniter->createController()
 3 SYSTEMPATH/CodeIgniter.php(368): CodeIgniter\CodeIgniter->handleRequest(null, Object(Config\Cache), false)
 4 FCPATH/index.php(67): CodeIgniter\CodeIgniter->run()
WARNING - 2025-06-30 11:04:17 --> [DEPRECATED] Creation of dynamic property App\Controllers\Orders::$country is deprecated in APPPATH/Controllers/Orders.php on line 52.
 1 SYSTEMPATH/CodeIgniter.php(906): App\Controllers\Orders->__construct()
 2 SYSTEMPATH/CodeIgniter.php(490): CodeIgniter\CodeIgniter->createController()
 3 SYSTEMPATH/CodeIgniter.php(368): CodeIgniter\CodeIgniter->handleRequest(null, Object(Config\Cache), false)
 4 FCPATH/index.php(67): CodeIgniter\CodeIgniter->run()
WARNING - 2025-06-30 11:04:17 --> [DEPRECATED] Creation of dynamic property App\Controllers\Orders::$ChatModel is deprecated in APPPATH/Controllers/Orders.php on line 53.
 1 SYSTEMPATH/CodeIgniter.php(906): App\Controllers\Orders->__construct()
 2 SYSTEMPATH/CodeIgniter.php(490): CodeIgniter\CodeIgniter->createController()
 3 SYSTEMPATH/CodeIgniter.php(368): CodeIgniter\CodeIgniter->handleRequest(null, Object(Config\Cache), false)
 4 FCPATH/index.php(67): CodeIgniter\CodeIgniter->run()
WARNING - 2025-06-30 11:04:17 --> [DEPRECATED] Creation of dynamic property App\Controllers\Orders::$Allsettings is deprecated in APPPATH/Controllers/Orders.php on line 54.
 1 SYSTEMPATH/CodeIgniter.php(906): App\Controllers\Orders->__construct()
 2 SYSTEMPATH/CodeIgniter.php(490): CodeIgniter\CodeIgniter->createController()
 3 SYSTEMPATH/CodeIgniter.php(368): CodeIgniter\CodeIgniter->handleRequest(null, Object(Config\Cache), false)
 4 FCPATH/index.php(67): CodeIgniter\CodeIgniter->run()
WARNING - 2025-06-30 11:04:17 --> [DEPRECATED] Creation of dynamic property App\Controllers\Orders::$ShippingDataModel is deprecated in APPPATH/Controllers/Orders.php on line 55.
 1 SYSTEMPATH/CodeIgniter.php(906): App\Controllers\Orders->__construct()
 2 SYSTEMPATH/CodeIgniter.php(490): CodeIgniter\CodeIgniter->createController()
 3 SYSTEMPATH/CodeIgniter.php(368): CodeIgniter\CodeIgniter->handleRequest(null, Object(Config\Cache), false)
 4 FCPATH/index.php(67): CodeIgniter\CodeIgniter->run()
WARNING - 2025-06-30 11:04:17 --> [DEPRECATED] Creation of dynamic property App\Controllers\Orders::$cityModel is deprecated in APPPATH/Controllers/Orders.php on line 56.
 1 SYSTEMPATH/CodeIgniter.php(906): App\Controllers\Orders->__construct()
 2 SYSTEMPATH/CodeIgniter.php(490): CodeIgniter\CodeIgniter->createController()
 3 SYSTEMPATH/CodeIgniter.php(368): CodeIgniter\CodeIgniter->handleRequest(null, Object(Config\Cache), false)
 4 FCPATH/index.php(67): CodeIgniter\CodeIgniter->run()
WARNING - 2025-06-30 11:04:17 --> [DEPRECATED] Creation of dynamic property App\Controllers\Orders::$stateModel is deprecated in APPPATH/Controllers/Orders.php on line 57.
 1 SYSTEMPATH/CodeIgniter.php(906): App\Controllers\Orders->__construct()
 2 SYSTEMPATH/CodeIgniter.php(490): CodeIgniter\CodeIgniter->createController()
 3 SYSTEMPATH/CodeIgniter.php(368): CodeIgniter\CodeIgniter->handleRequest(null, Object(Config\Cache), false)
 4 FCPATH/index.php(67): CodeIgniter\CodeIgniter->run()
WARNING - 2025-06-30 11:04:17 --> [DEPRECATED] Creation of dynamic property App\Controllers\Orders::$taxModel is deprecated in APPPATH/Controllers/Orders.php on line 58.
 1 SYSTEMPATH/CodeIgniter.php(906): App\Controllers\Orders->__construct()
 2 SYSTEMPATH/CodeIgniter.php(490): CodeIgniter\CodeIgniter->createController()
 3 SYSTEMPATH/CodeIgniter.php(368): CodeIgniter\CodeIgniter->handleRequest(null, Object(Config\Cache), false)
 4 FCPATH/index.php(67): CodeIgniter\CodeIgniter->run()
INFO - 2025-06-30 11:04:20 --> Session: Class initialized using 'CodeIgniter\Session\Handlers\FileHandler' driver.
WARNING - 2025-06-30 11:04:20 --> [DEPRECATED] Creation of dynamic property App\Controllers\Payment::$session is deprecated in APPPATH/Controllers/Payment.php on line 34.
 1 SYSTEMPATH/CodeIgniter.php(906): App\Controllers\Payment->__construct()
 2 SYSTEMPATH/CodeIgniter.php(490): CodeIgniter\CodeIgniter->createController()
 3 SYSTEMPATH/CodeIgniter.php(368): CodeIgniter\CodeIgniter->handleRequest(null, Object(Config\Cache), false)
 4 FCPATH/index.php(67): CodeIgniter\CodeIgniter->run()
WARNING - 2025-06-30 11:04:20 --> Session: Sessions is enabled, and one exists. Please don't $session->start();
WARNING - 2025-06-30 11:04:20 --> [DEPRECATED] Creation of dynamic property App\Controllers\Payment::$catagory is deprecated in APPPATH/Controllers/Payment.php on line 37.
 1 SYSTEMPATH/CodeIgniter.php(906): App\Controllers\Payment->__construct()
 2 SYSTEMPATH/CodeIgniter.php(490): CodeIgniter\CodeIgniter->createController()
 3 SYSTEMPATH/CodeIgniter.php(368): CodeIgniter\CodeIgniter->handleRequest(null, Object(Config\Cache), false)
 4 FCPATH/index.php(67): CodeIgniter\CodeIgniter->run()
WARNING - 2025-06-30 11:04:20 --> [DEPRECATED] Creation of dynamic property App\Controllers\Payment::$variation is deprecated in APPPATH/Controllers/Payment.php on line 38.
 1 SYSTEMPATH/CodeIgniter.php(906): App\Controllers\Payment->__construct()
 2 SYSTEMPATH/CodeIgniter.php(490): CodeIgniter\CodeIgniter->createController()
 3 SYSTEMPATH/CodeIgniter.php(368): CodeIgniter\CodeIgniter->handleRequest(null, Object(Config\Cache), false)
 4 FCPATH/index.php(67): CodeIgniter\CodeIgniter->run()
WARNING - 2025-06-30 11:04:20 --> [DEPRECATED] Creation of dynamic property App\Controllers\Payment::$variationtype is deprecated in APPPATH/Controllers/Payment.php on line 39.
 1 SYSTEMPATH/CodeIgniter.php(906): App\Controllers\Payment->__construct()
 2 SYSTEMPATH/CodeIgniter.php(490): CodeIgniter\CodeIgniter->createController()
 3 SYSTEMPATH/CodeIgniter.php(368): CodeIgniter\CodeIgniter->handleRequest(null, Object(Config\Cache), false)
 4 FCPATH/index.php(67): CodeIgniter\CodeIgniter->run()
WARNING - 2025-06-30 11:04:20 --> [DEPRECATED] Creation of dynamic property App\Controllers\Payment::$subcategory is deprecated in APPPATH/Controllers/Payment.php on line 40.
 1 SYSTEMPATH/CodeIgniter.php(906): App\Controllers\Payment->__construct()
 2 SYSTEMPATH/CodeIgniter.php(490): CodeIgniter\CodeIgniter->createController()
 3 SYSTEMPATH/CodeIgniter.php(368): CodeIgniter\CodeIgniter->handleRequest(null, Object(Config\Cache), false)
 4 FCPATH/index.php(67): CodeIgniter\CodeIgniter->run()
WARNING - 2025-06-30 11:04:20 --> [DEPRECATED] Creation of dynamic property App\Controllers\Payment::$product is deprecated in APPPATH/Controllers/Payment.php on line 41.
 1 SYSTEMPATH/CodeIgniter.php(906): App\Controllers\Payment->__construct()
 2 SYSTEMPATH/CodeIgniter.php(490): CodeIgniter\CodeIgniter->createController()
 3 SYSTEMPATH/CodeIgniter.php(368): CodeIgniter\CodeIgniter->handleRequest(null, Object(Config\Cache), false)
 4 FCPATH/index.php(67): CodeIgniter\CodeIgniter->run()
WARNING - 2025-06-30 11:04:20 --> [DEPRECATED] Creation of dynamic property App\Controllers\Payment::$tags is deprecated in APPPATH/Controllers/Payment.php on line 42.
 1 SYSTEMPATH/CodeIgniter.php(906): App\Controllers\Payment->__construct()
 2 SYSTEMPATH/CodeIgniter.php(490): CodeIgniter\CodeIgniter->createController()
 3 SYSTEMPATH/CodeIgniter.php(368): CodeIgniter\CodeIgniter->handleRequest(null, Object(Config\Cache), false)
 4 FCPATH/index.php(67): CodeIgniter\CodeIgniter->run()
WARNING - 2025-06-30 11:04:20 --> [DEPRECATED] Creation of dynamic property App\Controllers\Payment::$shippingmethod is deprecated in APPPATH/Controllers/Payment.php on line 43.
 1 SYSTEMPATH/CodeIgniter.php(906): App\Controllers\Payment->__construct()
 2 SYSTEMPATH/CodeIgniter.php(490): CodeIgniter\CodeIgniter->createController()
 3 SYSTEMPATH/CodeIgniter.php(368): CodeIgniter\CodeIgniter->handleRequest(null, Object(Config\Cache), false)
 4 FCPATH/index.php(67): CodeIgniter\CodeIgniter->run()
WARNING - 2025-06-30 11:04:20 --> [DEPRECATED] Creation of dynamic property App\Controllers\Payment::$optionvalue is deprecated in APPPATH/Controllers/Payment.php on line 44.
 1 SYSTEMPATH/CodeIgniter.php(906): App\Controllers\Payment->__construct()
 2 SYSTEMPATH/CodeIgniter.php(490): CodeIgniter\CodeIgniter->createController()
 3 SYSTEMPATH/CodeIgniter.php(368): CodeIgniter\CodeIgniter->handleRequest(null, Object(Config\Cache), false)
 4 FCPATH/index.php(67): CodeIgniter\CodeIgniter->run()
WARNING - 2025-06-30 11:04:20 --> [DEPRECATED] Creation of dynamic property App\Controllers\Payment::$brand is deprecated in APPPATH/Controllers/Payment.php on line 45.
 1 SYSTEMPATH/CodeIgniter.php(906): App\Controllers\Payment->__construct()
 2 SYSTEMPATH/CodeIgniter.php(490): CodeIgniter\CodeIgniter->createController()
 3 SYSTEMPATH/CodeIgniter.php(368): CodeIgniter\CodeIgniter->handleRequest(null, Object(Config\Cache), false)
 4 FCPATH/index.php(67): CodeIgniter\CodeIgniter->run()
WARNING - 2025-06-30 11:04:20 --> [DEPRECATED] Creation of dynamic property App\Controllers\Payment::$Paymentmodel is deprecated in APPPATH/Controllers/Payment.php on line 46.
 1 SYSTEMPATH/CodeIgniter.php(906): App\Controllers\Payment->__construct()
 2 SYSTEMPATH/CodeIgniter.php(490): CodeIgniter\CodeIgniter->createController()
 3 SYSTEMPATH/CodeIgniter.php(368): CodeIgniter\CodeIgniter->handleRequest(null, Object(Config\Cache), false)
 4 FCPATH/index.php(67): CodeIgniter\CodeIgniter->run()
WARNING - 2025-06-30 11:04:20 --> [DEPRECATED] Creation of dynamic property App\Controllers\Payment::$Banners is deprecated in APPPATH/Controllers/Payment.php on line 47.
 1 SYSTEMPATH/CodeIgniter.php(906): App\Controllers\Payment->__construct()
 2 SYSTEMPATH/CodeIgniter.php(490): CodeIgniter\CodeIgniter->createController()
 3 SYSTEMPATH/CodeIgniter.php(368): CodeIgniter\CodeIgniter->handleRequest(null, Object(Config\Cache), false)
 4 FCPATH/index.php(67): CodeIgniter\CodeIgniter->run()
WARNING - 2025-06-30 11:04:20 --> [DEPRECATED] Creation of dynamic property App\Controllers\Payment::$country is deprecated in APPPATH/Controllers/Payment.php on line 48.
 1 SYSTEMPATH/CodeIgniter.php(906): App\Controllers\Payment->__construct()
 2 SYSTEMPATH/CodeIgniter.php(490): CodeIgniter\CodeIgniter->createController()
 3 SYSTEMPATH/CodeIgniter.php(368): CodeIgniter\CodeIgniter->handleRequest(null, Object(Config\Cache), false)
 4 FCPATH/index.php(67): CodeIgniter\CodeIgniter->run()
WARNING - 2025-06-30 11:04:20 --> [DEPRECATED] Creation of dynamic property App\Controllers\Payment::$state is deprecated in APPPATH/Controllers/Payment.php on line 49.
 1 SYSTEMPATH/CodeIgniter.php(906): App\Controllers\Payment->__construct()
 2 SYSTEMPATH/CodeIgniter.php(490): CodeIgniter\CodeIgniter->createController()
 3 SYSTEMPATH/CodeIgniter.php(368): CodeIgniter\CodeIgniter->handleRequest(null, Object(Config\Cache), false)
 4 FCPATH/index.php(67): CodeIgniter\CodeIgniter->run()
WARNING - 2025-06-30 11:04:20 --> [DEPRECATED] Creation of dynamic property App\Controllers\Payment::$city is deprecated in APPPATH/Controllers/Payment.php on line 50.
 1 SYSTEMPATH/CodeIgniter.php(906): App\Controllers\Payment->__construct()
 2 SYSTEMPATH/CodeIgniter.php(490): CodeIgniter\CodeIgniter->createController()
 3 SYSTEMPATH/CodeIgniter.php(368): CodeIgniter\CodeIgniter->handleRequest(null, Object(Config\Cache), false)
 4 FCPATH/index.php(67): CodeIgniter\CodeIgniter->run()
WARNING - 2025-06-30 11:04:20 --> [DEPRECATED] Creation of dynamic property App\Controllers\Payment::$taxes is deprecated in APPPATH/Controllers/Payment.php on line 51.
 1 SYSTEMPATH/CodeIgniter.php(906): App\Controllers\Payment->__construct()
 2 SYSTEMPATH/CodeIgniter.php(490): CodeIgniter\CodeIgniter->createController()
 3 SYSTEMPATH/CodeIgniter.php(368): CodeIgniter\CodeIgniter->handleRequest(null, Object(Config\Cache), false)
 4 FCPATH/index.php(67): CodeIgniter\CodeIgniter->run()
WARNING - 2025-06-30 11:04:20 --> [DEPRECATED] Creation of dynamic property App\Controllers\Payment::$Allsettings is deprecated in APPPATH/Controllers/Payment.php on line 52.
 1 SYSTEMPATH/CodeIgniter.php(906): App\Controllers\Payment->__construct()
 2 SYSTEMPATH/CodeIgniter.php(490): CodeIgniter\CodeIgniter->createController()
 3 SYSTEMPATH/CodeIgniter.php(368): CodeIgniter\CodeIgniter->handleRequest(null, Object(Config\Cache), false)
 4 FCPATH/index.php(67): CodeIgniter\CodeIgniter->run()
WARNING - 2025-06-30 11:04:20 --> [DEPRECATED] Creation of dynamic property App\Controllers\Payment::$cms is deprecated in APPPATH/Controllers/Payment.php on line 53.
 1 SYSTEMPATH/CodeIgniter.php(906): App\Controllers\Payment->__construct()
 2 SYSTEMPATH/CodeIgniter.php(490): CodeIgniter\CodeIgniter->createController()
 3 SYSTEMPATH/CodeIgniter.php(368): CodeIgniter\CodeIgniter->handleRequest(null, Object(Config\Cache), false)
 4 FCPATH/index.php(67): CodeIgniter\CodeIgniter->run()
WARNING - 2025-06-30 11:04:20 --> [DEPRECATED] Creation of dynamic property App\Controllers\Payment::$Cmsfaqs is deprecated in APPPATH/Controllers/Payment.php on line 54.
 1 SYSTEMPATH/CodeIgniter.php(906): App\Controllers\Payment->__construct()
 2 SYSTEMPATH/CodeIgniter.php(490): CodeIgniter\CodeIgniter->createController()
 3 SYSTEMPATH/CodeIgniter.php(368): CodeIgniter\CodeIgniter->handleRequest(null, Object(Config\Cache), false)
 4 FCPATH/index.php(67): CodeIgniter\CodeIgniter->run()
WARNING - 2025-06-30 11:04:20 --> [DEPRECATED] Creation of dynamic property App\Controllers\Payment::$user_model is deprecated in APPPATH/Controllers/Payment.php on line 56.
 1 SYSTEMPATH/CodeIgniter.php(906): App\Controllers\Payment->__construct()
 2 SYSTEMPATH/CodeIgniter.php(490): CodeIgniter\CodeIgniter->createController()
 3 SYSTEMPATH/CodeIgniter.php(368): CodeIgniter\CodeIgniter->handleRequest(null, Object(Config\Cache), false)
 4 FCPATH/index.php(67): CodeIgniter\CodeIgniter->run()
WARNING - 2025-06-30 11:04:20 --> [DEPRECATED] Creation of dynamic property App\Controllers\Payment::$Order is deprecated in APPPATH/Controllers/Payment.php on line 57.
 1 SYSTEMPATH/CodeIgniter.php(906): App\Controllers\Payment->__construct()
 2 SYSTEMPATH/CodeIgniter.php(490): CodeIgniter\CodeIgniter->createController()
 3 SYSTEMPATH/CodeIgniter.php(368): CodeIgniter\CodeIgniter->handleRequest(null, Object(Config\Cache), false)
 4 FCPATH/index.php(67): CodeIgniter\CodeIgniter->run()
WARNING - 2025-06-30 11:04:20 --> [DEPRECATED] Creation of dynamic property App\Controllers\Payment::$Paymentgatewaymodel is deprecated in APPPATH/Controllers/Payment.php on line 58.
 1 SYSTEMPATH/CodeIgniter.php(906): App\Controllers\Payment->__construct()
 2 SYSTEMPATH/CodeIgniter.php(490): CodeIgniter\CodeIgniter->createController()
 3 SYSTEMPATH/CodeIgniter.php(368): CodeIgniter\CodeIgniter->handleRequest(null, Object(Config\Cache), false)
 4 FCPATH/index.php(67): CodeIgniter\CodeIgniter->run()
WARNING - 2025-06-30 11:04:20 --> [DEPRECATED] Creation of dynamic property App\Controllers\Payment::$TaxesclassModel is deprecated in APPPATH/Controllers/Payment.php on line 59.
 1 SYSTEMPATH/CodeIgniter.php(906): App\Controllers\Payment->__construct()
 2 SYSTEMPATH/CodeIgniter.php(490): CodeIgniter\CodeIgniter->createController()
 3 SYSTEMPATH/CodeIgniter.php(368): CodeIgniter\CodeIgniter->handleRequest(null, Object(Config\Cache), false)
 4 FCPATH/index.php(67): CodeIgniter\CodeIgniter->run()
INFO - 2025-06-30 11:04:23 --> Session: Class initialized using 'CodeIgniter\Session\Handlers\FileHandler' driver.
WARNING - 2025-06-30 11:04:23 --> [DEPRECATED] Creation of dynamic property App\Controllers\Orders::$session is deprecated in APPPATH/Controllers/Orders.php on line 34.
 1 SYSTEMPATH/CodeIgniter.php(906): App\Controllers\Orders->__construct()
 2 SYSTEMPATH/CodeIgniter.php(490): CodeIgniter\CodeIgniter->createController()
 3 SYSTEMPATH/CodeIgniter.php(368): CodeIgniter\CodeIgniter->handleRequest(null, Object(Config\Cache), false)
 4 FCPATH/index.php(67): CodeIgniter\CodeIgniter->run()
WARNING - 2025-06-30 11:04:23 --> Session: Sessions is enabled, and one exists. Please don't $session->start();
WARNING - 2025-06-30 11:04:23 --> [DEPRECATED] Creation of dynamic property App\Controllers\Orders::$coupons is deprecated in APPPATH/Controllers/Orders.php on line 38.
 1 SYSTEMPATH/CodeIgniter.php(906): App\Controllers\Orders->__construct()
 2 SYSTEMPATH/CodeIgniter.php(490): CodeIgniter\CodeIgniter->createController()
 3 SYSTEMPATH/CodeIgniter.php(368): CodeIgniter\CodeIgniter->handleRequest(null, Object(Config\Cache), false)
 4 FCPATH/index.php(67): CodeIgniter\CodeIgniter->run()
WARNING - 2025-06-30 11:04:23 --> [DEPRECATED] Creation of dynamic property App\Controllers\Orders::$faqs is deprecated in APPPATH/Controllers/Orders.php on line 39.
 1 SYSTEMPATH/CodeIgniter.php(906): App\Controllers\Orders->__construct()
 2 SYSTEMPATH/CodeIgniter.php(490): CodeIgniter\CodeIgniter->createController()
 3 SYSTEMPATH/CodeIgniter.php(368): CodeIgniter\CodeIgniter->handleRequest(null, Object(Config\Cache), false)
 4 FCPATH/index.php(67): CodeIgniter\CodeIgniter->run()
WARNING - 2025-06-30 11:04:23 --> [DEPRECATED] Creation of dynamic property App\Controllers\Orders::$seo is deprecated in APPPATH/Controllers/Orders.php on line 40.
 1 SYSTEMPATH/CodeIgniter.php(906): App\Controllers\Orders->__construct()
 2 SYSTEMPATH/CodeIgniter.php(490): CodeIgniter\CodeIgniter->createController()
 3 SYSTEMPATH/CodeIgniter.php(368): CodeIgniter\CodeIgniter->handleRequest(null, Object(Config\Cache), false)
 4 FCPATH/index.php(67): CodeIgniter\CodeIgniter->run()
WARNING - 2025-06-30 11:04:23 --> [DEPRECATED] Creation of dynamic property App\Controllers\Orders::$Ordermodel is deprecated in APPPATH/Controllers/Orders.php on line 41.
 1 SYSTEMPATH/CodeIgniter.php(906): App\Controllers\Orders->__construct()
 2 SYSTEMPATH/CodeIgniter.php(490): CodeIgniter\CodeIgniter->createController()
 3 SYSTEMPATH/CodeIgniter.php(368): CodeIgniter\CodeIgniter->handleRequest(null, Object(Config\Cache), false)
 4 FCPATH/index.php(67): CodeIgniter\CodeIgniter->run()
WARNING - 2025-06-30 11:04:23 --> [DEPRECATED] Creation of dynamic property App\Controllers\Orders::$testimonial is deprecated in APPPATH/Controllers/Orders.php on line 42.
 1 SYSTEMPATH/CodeIgniter.php(906): App\Controllers\Orders->__construct()
 2 SYSTEMPATH/CodeIgniter.php(490): CodeIgniter\CodeIgniter->createController()
 3 SYSTEMPATH/CodeIgniter.php(368): CodeIgniter\CodeIgniter->handleRequest(null, Object(Config\Cache), false)
 4 FCPATH/index.php(67): CodeIgniter\CodeIgniter->run()
WARNING - 2025-06-30 11:04:23 --> [DEPRECATED] Creation of dynamic property App\Controllers\Orders::$enquiry is deprecated in APPPATH/Controllers/Orders.php on line 43.
 1 SYSTEMPATH/CodeIgniter.php(906): App\Controllers\Orders->__construct()
 2 SYSTEMPATH/CodeIgniter.php(490): CodeIgniter\CodeIgniter->createController()
 3 SYSTEMPATH/CodeIgniter.php(368): CodeIgniter\CodeIgniter->handleRequest(null, Object(Config\Cache), false)
 4 FCPATH/index.php(67): CodeIgniter\CodeIgniter->run()
WARNING - 2025-06-30 11:04:23 --> [DEPRECATED] Creation of dynamic property App\Controllers\Orders::$product is deprecated in APPPATH/Controllers/Orders.php on line 44.
 1 SYSTEMPATH/CodeIgniter.php(906): App\Controllers\Orders->__construct()
 2 SYSTEMPATH/CodeIgniter.php(490): CodeIgniter\CodeIgniter->createController()
 3 SYSTEMPATH/CodeIgniter.php(368): CodeIgniter\CodeIgniter->handleRequest(null, Object(Config\Cache), false)
 4 FCPATH/index.php(67): CodeIgniter\CodeIgniter->run()
WARNING - 2025-06-30 11:04:23 --> [DEPRECATED] Creation of dynamic property App\Controllers\Orders::$orderitem is deprecated in APPPATH/Controllers/Orders.php on line 45.
 1 SYSTEMPATH/CodeIgniter.php(906): App\Controllers\Orders->__construct()
 2 SYSTEMPATH/CodeIgniter.php(490): CodeIgniter\CodeIgniter->createController()
 3 SYSTEMPATH/CodeIgniter.php(368): CodeIgniter\CodeIgniter->handleRequest(null, Object(Config\Cache), false)
 4 FCPATH/index.php(67): CodeIgniter\CodeIgniter->run()
WARNING - 2025-06-30 11:04:23 --> [DEPRECATED] Creation of dynamic property App\Controllers\Orders::$Ordercomment is deprecated in APPPATH/Controllers/Orders.php on line 46.
 1 SYSTEMPATH/CodeIgniter.php(906): App\Controllers\Orders->__construct()
 2 SYSTEMPATH/CodeIgniter.php(490): CodeIgniter\CodeIgniter->createController()
 3 SYSTEMPATH/CodeIgniter.php(368): CodeIgniter\CodeIgniter->handleRequest(null, Object(Config\Cache), false)
 4 FCPATH/index.php(67): CodeIgniter\CodeIgniter->run()
WARNING - 2025-06-30 11:04:23 --> [DEPRECATED] Creation of dynamic property App\Controllers\Orders::$catagory is deprecated in APPPATH/Controllers/Orders.php on line 47.
 1 SYSTEMPATH/CodeIgniter.php(906): App\Controllers\Orders->__construct()
 2 SYSTEMPATH/CodeIgniter.php(490): CodeIgniter\CodeIgniter->createController()
 3 SYSTEMPATH/CodeIgniter.php(368): CodeIgniter\CodeIgniter->handleRequest(null, Object(Config\Cache), false)
 4 FCPATH/index.php(67): CodeIgniter\CodeIgniter->run()
WARNING - 2025-06-30 11:04:23 --> [DEPRECATED] Creation of dynamic property App\Controllers\Orders::$User is deprecated in APPPATH/Controllers/Orders.php on line 48.
 1 SYSTEMPATH/CodeIgniter.php(906): App\Controllers\Orders->__construct()
 2 SYSTEMPATH/CodeIgniter.php(490): CodeIgniter\CodeIgniter->createController()
 3 SYSTEMPATH/CodeIgniter.php(368): CodeIgniter\CodeIgniter->handleRequest(null, Object(Config\Cache), false)
 4 FCPATH/index.php(67): CodeIgniter\CodeIgniter->run()
WARNING - 2025-06-30 11:04:23 --> [DEPRECATED] Creation of dynamic property App\Controllers\Orders::$shippingmethod is deprecated in APPPATH/Controllers/Orders.php on line 49.
 1 SYSTEMPATH/CodeIgniter.php(906): App\Controllers\Orders->__construct()
 2 SYSTEMPATH/CodeIgniter.php(490): CodeIgniter\CodeIgniter->createController()
 3 SYSTEMPATH/CodeIgniter.php(368): CodeIgniter\CodeIgniter->handleRequest(null, Object(Config\Cache), false)
 4 FCPATH/index.php(67): CodeIgniter\CodeIgniter->run()
WARNING - 2025-06-30 11:04:23 --> [DEPRECATED] Creation of dynamic property App\Controllers\Orders::$shippingrate is deprecated in APPPATH/Controllers/Orders.php on line 50.
 1 SYSTEMPATH/CodeIgniter.php(906): App\Controllers\Orders->__construct()
 2 SYSTEMPATH/CodeIgniter.php(490): CodeIgniter\CodeIgniter->createController()
 3 SYSTEMPATH/CodeIgniter.php(368): CodeIgniter\CodeIgniter->handleRequest(null, Object(Config\Cache), false)
 4 FCPATH/index.php(67): CodeIgniter\CodeIgniter->run()
WARNING - 2025-06-30 11:04:23 --> [DEPRECATED] Creation of dynamic property App\Controllers\Orders::$shippingzone is deprecated in APPPATH/Controllers/Orders.php on line 51.
 1 SYSTEMPATH/CodeIgniter.php(906): App\Controllers\Orders->__construct()
 2 SYSTEMPATH/CodeIgniter.php(490): CodeIgniter\CodeIgniter->createController()
 3 SYSTEMPATH/CodeIgniter.php(368): CodeIgniter\CodeIgniter->handleRequest(null, Object(Config\Cache), false)
 4 FCPATH/index.php(67): CodeIgniter\CodeIgniter->run()
WARNING - 2025-06-30 11:04:23 --> [DEPRECATED] Creation of dynamic property App\Controllers\Orders::$country is deprecated in APPPATH/Controllers/Orders.php on line 52.
 1 SYSTEMPATH/CodeIgniter.php(906): App\Controllers\Orders->__construct()
 2 SYSTEMPATH/CodeIgniter.php(490): CodeIgniter\CodeIgniter->createController()
 3 SYSTEMPATH/CodeIgniter.php(368): CodeIgniter\CodeIgniter->handleRequest(null, Object(Config\Cache), false)
 4 FCPATH/index.php(67): CodeIgniter\CodeIgniter->run()
WARNING - 2025-06-30 11:04:23 --> [DEPRECATED] Creation of dynamic property App\Controllers\Orders::$ChatModel is deprecated in APPPATH/Controllers/Orders.php on line 53.
 1 SYSTEMPATH/CodeIgniter.php(906): App\Controllers\Orders->__construct()
 2 SYSTEMPATH/CodeIgniter.php(490): CodeIgniter\CodeIgniter->createController()
 3 SYSTEMPATH/CodeIgniter.php(368): CodeIgniter\CodeIgniter->handleRequest(null, Object(Config\Cache), false)
 4 FCPATH/index.php(67): CodeIgniter\CodeIgniter->run()
WARNING - 2025-06-30 11:04:23 --> [DEPRECATED] Creation of dynamic property App\Controllers\Orders::$Allsettings is deprecated in APPPATH/Controllers/Orders.php on line 54.
 1 SYSTEMPATH/CodeIgniter.php(906): App\Controllers\Orders->__construct()
 2 SYSTEMPATH/CodeIgniter.php(490): CodeIgniter\CodeIgniter->createController()
 3 SYSTEMPATH/CodeIgniter.php(368): CodeIgniter\CodeIgniter->handleRequest(null, Object(Config\Cache), false)
 4 FCPATH/index.php(67): CodeIgniter\CodeIgniter->run()
WARNING - 2025-06-30 11:04:23 --> [DEPRECATED] Creation of dynamic property App\Controllers\Orders::$ShippingDataModel is deprecated in APPPATH/Controllers/Orders.php on line 55.
 1 SYSTEMPATH/CodeIgniter.php(906): App\Controllers\Orders->__construct()
 2 SYSTEMPATH/CodeIgniter.php(490): CodeIgniter\CodeIgniter->createController()
 3 SYSTEMPATH/CodeIgniter.php(368): CodeIgniter\CodeIgniter->handleRequest(null, Object(Config\Cache), false)
 4 FCPATH/index.php(67): CodeIgniter\CodeIgniter->run()
WARNING - 2025-06-30 11:04:23 --> [DEPRECATED] Creation of dynamic property App\Controllers\Orders::$cityModel is deprecated in APPPATH/Controllers/Orders.php on line 56.
 1 SYSTEMPATH/CodeIgniter.php(906): App\Controllers\Orders->__construct()
 2 SYSTEMPATH/CodeIgniter.php(490): CodeIgniter\CodeIgniter->createController()
 3 SYSTEMPATH/CodeIgniter.php(368): CodeIgniter\CodeIgniter->handleRequest(null, Object(Config\Cache), false)
 4 FCPATH/index.php(67): CodeIgniter\CodeIgniter->run()
WARNING - 2025-06-30 11:04:23 --> [DEPRECATED] Creation of dynamic property App\Controllers\Orders::$stateModel is deprecated in APPPATH/Controllers/Orders.php on line 57.
 1 SYSTEMPATH/CodeIgniter.php(906): App\Controllers\Orders->__construct()
 2 SYSTEMPATH/CodeIgniter.php(490): CodeIgniter\CodeIgniter->createController()
 3 SYSTEMPATH/CodeIgniter.php(368): CodeIgniter\CodeIgniter->handleRequest(null, Object(Config\Cache), false)
 4 FCPATH/index.php(67): CodeIgniter\CodeIgniter->run()
WARNING - 2025-06-30 11:04:23 --> [DEPRECATED] Creation of dynamic property App\Controllers\Orders::$taxModel is deprecated in APPPATH/Controllers/Orders.php on line 58.
 1 SYSTEMPATH/CodeIgniter.php(906): App\Controllers\Orders->__construct()
 2 SYSTEMPATH/CodeIgniter.php(490): CodeIgniter\CodeIgniter->createController()
 3 SYSTEMPATH/CodeIgniter.php(368): CodeIgniter\CodeIgniter->handleRequest(null, Object(Config\Cache), false)
 4 FCPATH/index.php(67): CodeIgniter\CodeIgniter->run()
INFO - 2025-06-30 11:04:24 --> Session: Class initialized using 'CodeIgniter\Session\Handlers\FileHandler' driver.
WARNING - 2025-06-30 11:04:24 --> [DEPRECATED] Creation of dynamic property App\Controllers\Orders::$session is deprecated in APPPATH/Controllers/Orders.php on line 34.
 1 SYSTEMPATH/CodeIgniter.php(906): App\Controllers\Orders->__construct()
 2 SYSTEMPATH/CodeIgniter.php(490): CodeIgniter\CodeIgniter->createController()
 3 SYSTEMPATH/CodeIgniter.php(368): CodeIgniter\CodeIgniter->handleRequest(null, Object(Config\Cache), false)
 4 FCPATH/index.php(67): CodeIgniter\CodeIgniter->run()
WARNING - 2025-06-30 11:04:24 --> Session: Sessions is enabled, and one exists. Please don't $session->start();
WARNING - 2025-06-30 11:04:24 --> [DEPRECATED] Creation of dynamic property App\Controllers\Orders::$coupons is deprecated in APPPATH/Controllers/Orders.php on line 38.
 1 SYSTEMPATH/CodeIgniter.php(906): App\Controllers\Orders->__construct()
 2 SYSTEMPATH/CodeIgniter.php(490): CodeIgniter\CodeIgniter->createController()
 3 SYSTEMPATH/CodeIgniter.php(368): CodeIgniter\CodeIgniter->handleRequest(null, Object(Config\Cache), false)
 4 FCPATH/index.php(67): CodeIgniter\CodeIgniter->run()
WARNING - 2025-06-30 11:04:24 --> [DEPRECATED] Creation of dynamic property App\Controllers\Orders::$faqs is deprecated in APPPATH/Controllers/Orders.php on line 39.
 1 SYSTEMPATH/CodeIgniter.php(906): App\Controllers\Orders->__construct()
 2 SYSTEMPATH/CodeIgniter.php(490): CodeIgniter\CodeIgniter->createController()
 3 SYSTEMPATH/CodeIgniter.php(368): CodeIgniter\CodeIgniter->handleRequest(null, Object(Config\Cache), false)
 4 FCPATH/index.php(67): CodeIgniter\CodeIgniter->run()
WARNING - 2025-06-30 11:04:24 --> [DEPRECATED] Creation of dynamic property App\Controllers\Orders::$seo is deprecated in APPPATH/Controllers/Orders.php on line 40.
 1 SYSTEMPATH/CodeIgniter.php(906): App\Controllers\Orders->__construct()
 2 SYSTEMPATH/CodeIgniter.php(490): CodeIgniter\CodeIgniter->createController()
 3 SYSTEMPATH/CodeIgniter.php(368): CodeIgniter\CodeIgniter->handleRequest(null, Object(Config\Cache), false)
 4 FCPATH/index.php(67): CodeIgniter\CodeIgniter->run()
WARNING - 2025-06-30 11:04:24 --> [DEPRECATED] Creation of dynamic property App\Controllers\Orders::$Ordermodel is deprecated in APPPATH/Controllers/Orders.php on line 41.
 1 SYSTEMPATH/CodeIgniter.php(906): App\Controllers\Orders->__construct()
 2 SYSTEMPATH/CodeIgniter.php(490): CodeIgniter\CodeIgniter->createController()
 3 SYSTEMPATH/CodeIgniter.php(368): CodeIgniter\CodeIgniter->handleRequest(null, Object(Config\Cache), false)
 4 FCPATH/index.php(67): CodeIgniter\CodeIgniter->run()
WARNING - 2025-06-30 11:04:24 --> [DEPRECATED] Creation of dynamic property App\Controllers\Orders::$testimonial is deprecated in APPPATH/Controllers/Orders.php on line 42.
 1 SYSTEMPATH/CodeIgniter.php(906): App\Controllers\Orders->__construct()
 2 SYSTEMPATH/CodeIgniter.php(490): CodeIgniter\CodeIgniter->createController()
 3 SYSTEMPATH/CodeIgniter.php(368): CodeIgniter\CodeIgniter->handleRequest(null, Object(Config\Cache), false)
 4 FCPATH/index.php(67): CodeIgniter\CodeIgniter->run()
WARNING - 2025-06-30 11:04:24 --> [DEPRECATED] Creation of dynamic property App\Controllers\Orders::$enquiry is deprecated in APPPATH/Controllers/Orders.php on line 43.
 1 SYSTEMPATH/CodeIgniter.php(906): App\Controllers\Orders->__construct()
 2 SYSTEMPATH/CodeIgniter.php(490): CodeIgniter\CodeIgniter->createController()
 3 SYSTEMPATH/CodeIgniter.php(368): CodeIgniter\CodeIgniter->handleRequest(null, Object(Config\Cache), false)
 4 FCPATH/index.php(67): CodeIgniter\CodeIgniter->run()
WARNING - 2025-06-30 11:04:24 --> [DEPRECATED] Creation of dynamic property App\Controllers\Orders::$product is deprecated in APPPATH/Controllers/Orders.php on line 44.
 1 SYSTEMPATH/CodeIgniter.php(906): App\Controllers\Orders->__construct()
 2 SYSTEMPATH/CodeIgniter.php(490): CodeIgniter\CodeIgniter->createController()
 3 SYSTEMPATH/CodeIgniter.php(368): CodeIgniter\CodeIgniter->handleRequest(null, Object(Config\Cache), false)
 4 FCPATH/index.php(67): CodeIgniter\CodeIgniter->run()
WARNING - 2025-06-30 11:04:24 --> [DEPRECATED] Creation of dynamic property App\Controllers\Orders::$orderitem is deprecated in APPPATH/Controllers/Orders.php on line 45.
 1 SYSTEMPATH/CodeIgniter.php(906): App\Controllers\Orders->__construct()
 2 SYSTEMPATH/CodeIgniter.php(490): CodeIgniter\CodeIgniter->createController()
 3 SYSTEMPATH/CodeIgniter.php(368): CodeIgniter\CodeIgniter->handleRequest(null, Object(Config\Cache), false)
 4 FCPATH/index.php(67): CodeIgniter\CodeIgniter->run()
WARNING - 2025-06-30 11:04:24 --> [DEPRECATED] Creation of dynamic property App\Controllers\Orders::$Ordercomment is deprecated in APPPATH/Controllers/Orders.php on line 46.
 1 SYSTEMPATH/CodeIgniter.php(906): App\Controllers\Orders->__construct()
 2 SYSTEMPATH/CodeIgniter.php(490): CodeIgniter\CodeIgniter->createController()
 3 SYSTEMPATH/CodeIgniter.php(368): CodeIgniter\CodeIgniter->handleRequest(null, Object(Config\Cache), false)
 4 FCPATH/index.php(67): CodeIgniter\CodeIgniter->run()
WARNING - 2025-06-30 11:04:24 --> [DEPRECATED] Creation of dynamic property App\Controllers\Orders::$catagory is deprecated in APPPATH/Controllers/Orders.php on line 47.
 1 SYSTEMPATH/CodeIgniter.php(906): App\Controllers\Orders->__construct()
 2 SYSTEMPATH/CodeIgniter.php(490): CodeIgniter\CodeIgniter->createController()
 3 SYSTEMPATH/CodeIgniter.php(368): CodeIgniter\CodeIgniter->handleRequest(null, Object(Config\Cache), false)
 4 FCPATH/index.php(67): CodeIgniter\CodeIgniter->run()
WARNING - 2025-06-30 11:04:24 --> [DEPRECATED] Creation of dynamic property App\Controllers\Orders::$User is deprecated in APPPATH/Controllers/Orders.php on line 48.
 1 SYSTEMPATH/CodeIgniter.php(906): App\Controllers\Orders->__construct()
 2 SYSTEMPATH/CodeIgniter.php(490): CodeIgniter\CodeIgniter->createController()
 3 SYSTEMPATH/CodeIgniter.php(368): CodeIgniter\CodeIgniter->handleRequest(null, Object(Config\Cache), false)
 4 FCPATH/index.php(67): CodeIgniter\CodeIgniter->run()
WARNING - 2025-06-30 11:04:24 --> [DEPRECATED] Creation of dynamic property App\Controllers\Orders::$shippingmethod is deprecated in APPPATH/Controllers/Orders.php on line 49.
 1 SYSTEMPATH/CodeIgniter.php(906): App\Controllers\Orders->__construct()
 2 SYSTEMPATH/CodeIgniter.php(490): CodeIgniter\CodeIgniter->createController()
 3 SYSTEMPATH/CodeIgniter.php(368): CodeIgniter\CodeIgniter->handleRequest(null, Object(Config\Cache), false)
 4 FCPATH/index.php(67): CodeIgniter\CodeIgniter->run()
WARNING - 2025-06-30 11:04:24 --> [DEPRECATED] Creation of dynamic property App\Controllers\Orders::$shippingrate is deprecated in APPPATH/Controllers/Orders.php on line 50.
 1 SYSTEMPATH/CodeIgniter.php(906): App\Controllers\Orders->__construct()
 2 SYSTEMPATH/CodeIgniter.php(490): CodeIgniter\CodeIgniter->createController()
 3 SYSTEMPATH/CodeIgniter.php(368): CodeIgniter\CodeIgniter->handleRequest(null, Object(Config\Cache), false)
 4 FCPATH/index.php(67): CodeIgniter\CodeIgniter->run()
WARNING - 2025-06-30 11:04:24 --> [DEPRECATED] Creation of dynamic property App\Controllers\Orders::$shippingzone is deprecated in APPPATH/Controllers/Orders.php on line 51.
 1 SYSTEMPATH/CodeIgniter.php(906): App\Controllers\Orders->__construct()
 2 SYSTEMPATH/CodeIgniter.php(490): CodeIgniter\CodeIgniter->createController()
 3 SYSTEMPATH/CodeIgniter.php(368): CodeIgniter\CodeIgniter->handleRequest(null, Object(Config\Cache), false)
 4 FCPATH/index.php(67): CodeIgniter\CodeIgniter->run()
WARNING - 2025-06-30 11:04:24 --> [DEPRECATED] Creation of dynamic property App\Controllers\Orders::$country is deprecated in APPPATH/Controllers/Orders.php on line 52.
 1 SYSTEMPATH/CodeIgniter.php(906): App\Controllers\Orders->__construct()
 2 SYSTEMPATH/CodeIgniter.php(490): CodeIgniter\CodeIgniter->createController()
 3 SYSTEMPATH/CodeIgniter.php(368): CodeIgniter\CodeIgniter->handleRequest(null, Object(Config\Cache), false)
 4 FCPATH/index.php(67): CodeIgniter\CodeIgniter->run()
WARNING - 2025-06-30 11:04:24 --> [DEPRECATED] Creation of dynamic property App\Controllers\Orders::$ChatModel is deprecated in APPPATH/Controllers/Orders.php on line 53.
 1 SYSTEMPATH/CodeIgniter.php(906): App\Controllers\Orders->__construct()
 2 SYSTEMPATH/CodeIgniter.php(490): CodeIgniter\CodeIgniter->createController()
 3 SYSTEMPATH/CodeIgniter.php(368): CodeIgniter\CodeIgniter->handleRequest(null, Object(Config\Cache), false)
 4 FCPATH/index.php(67): CodeIgniter\CodeIgniter->run()
WARNING - 2025-06-30 11:04:24 --> [DEPRECATED] Creation of dynamic property App\Controllers\Orders::$Allsettings is deprecated in APPPATH/Controllers/Orders.php on line 54.
 1 SYSTEMPATH/CodeIgniter.php(906): App\Controllers\Orders->__construct()
 2 SYSTEMPATH/CodeIgniter.php(490): CodeIgniter\CodeIgniter->createController()
 3 SYSTEMPATH/CodeIgniter.php(368): CodeIgniter\CodeIgniter->handleRequest(null, Object(Config\Cache), false)
 4 FCPATH/index.php(67): CodeIgniter\CodeIgniter->run()
WARNING - 2025-06-30 11:04:24 --> [DEPRECATED] Creation of dynamic property App\Controllers\Orders::$ShippingDataModel is deprecated in APPPATH/Controllers/Orders.php on line 55.
 1 SYSTEMPATH/CodeIgniter.php(906): App\Controllers\Orders->__construct()
 2 SYSTEMPATH/CodeIgniter.php(490): CodeIgniter\CodeIgniter->createController()
 3 SYSTEMPATH/CodeIgniter.php(368): CodeIgniter\CodeIgniter->handleRequest(null, Object(Config\Cache), false)
 4 FCPATH/index.php(67): CodeIgniter\CodeIgniter->run()
WARNING - 2025-06-30 11:04:24 --> [DEPRECATED] Creation of dynamic property App\Controllers\Orders::$cityModel is deprecated in APPPATH/Controllers/Orders.php on line 56.
 1 SYSTEMPATH/CodeIgniter.php(906): App\Controllers\Orders->__construct()
 2 SYSTEMPATH/CodeIgniter.php(490): CodeIgniter\CodeIgniter->createController()
 3 SYSTEMPATH/CodeIgniter.php(368): CodeIgniter\CodeIgniter->handleRequest(null, Object(Config\Cache), false)
 4 FCPATH/index.php(67): CodeIgniter\CodeIgniter->run()
WARNING - 2025-06-30 11:04:24 --> [DEPRECATED] Creation of dynamic property App\Controllers\Orders::$stateModel is deprecated in APPPATH/Controllers/Orders.php on line 57.
 1 SYSTEMPATH/CodeIgniter.php(906): App\Controllers\Orders->__construct()
 2 SYSTEMPATH/CodeIgniter.php(490): CodeIgniter\CodeIgniter->createController()
 3 SYSTEMPATH/CodeIgniter.php(368): CodeIgniter\CodeIgniter->handleRequest(null, Object(Config\Cache), false)
 4 FCPATH/index.php(67): CodeIgniter\CodeIgniter->run()
WARNING - 2025-06-30 11:04:24 --> [DEPRECATED] Creation of dynamic property App\Controllers\Orders::$taxModel is deprecated in APPPATH/Controllers/Orders.php on line 58.
 1 SYSTEMPATH/CodeIgniter.php(906): App\Controllers\Orders->__construct()
 2 SYSTEMPATH/CodeIgniter.php(490): CodeIgniter\CodeIgniter->createController()
 3 SYSTEMPATH/CodeIgniter.php(368): CodeIgniter\CodeIgniter->handleRequest(null, Object(Config\Cache), false)
 4 FCPATH/index.php(67): CodeIgniter\CodeIgniter->run()
INFO - 2025-06-30 11:04:27 --> Session: Class initialized using 'CodeIgniter\Session\Handlers\FileHandler' driver.
WARNING - 2025-06-30 11:04:27 --> [DEPRECATED] Creation of dynamic property App\Controllers\Orders::$session is deprecated in APPPATH/Controllers/Orders.php on line 34.
 1 SYSTEMPATH/CodeIgniter.php(906): App\Controllers\Orders->__construct()
 2 SYSTEMPATH/CodeIgniter.php(490): CodeIgniter\CodeIgniter->createController()
 3 SYSTEMPATH/CodeIgniter.php(368): CodeIgniter\CodeIgniter->handleRequest(null, Object(Config\Cache), false)
 4 FCPATH/index.php(67): CodeIgniter\CodeIgniter->run()
WARNING - 2025-06-30 11:04:27 --> Session: Sessions is enabled, and one exists. Please don't $session->start();
WARNING - 2025-06-30 11:04:27 --> [DEPRECATED] Creation of dynamic property App\Controllers\Orders::$coupons is deprecated in APPPATH/Controllers/Orders.php on line 38.
 1 SYSTEMPATH/CodeIgniter.php(906): App\Controllers\Orders->__construct()
 2 SYSTEMPATH/CodeIgniter.php(490): CodeIgniter\CodeIgniter->createController()
 3 SYSTEMPATH/CodeIgniter.php(368): CodeIgniter\CodeIgniter->handleRequest(null, Object(Config\Cache), false)
 4 FCPATH/index.php(67): CodeIgniter\CodeIgniter->run()
WARNING - 2025-06-30 11:04:27 --> [DEPRECATED] Creation of dynamic property App\Controllers\Orders::$faqs is deprecated in APPPATH/Controllers/Orders.php on line 39.
 1 SYSTEMPATH/CodeIgniter.php(906): App\Controllers\Orders->__construct()
 2 SYSTEMPATH/CodeIgniter.php(490): CodeIgniter\CodeIgniter->createController()
 3 SYSTEMPATH/CodeIgniter.php(368): CodeIgniter\CodeIgniter->handleRequest(null, Object(Config\Cache), false)
 4 FCPATH/index.php(67): CodeIgniter\CodeIgniter->run()
WARNING - 2025-06-30 11:04:27 --> [DEPRECATED] Creation of dynamic property App\Controllers\Orders::$seo is deprecated in APPPATH/Controllers/Orders.php on line 40.
 1 SYSTEMPATH/CodeIgniter.php(906): App\Controllers\Orders->__construct()
 2 SYSTEMPATH/CodeIgniter.php(490): CodeIgniter\CodeIgniter->createController()
 3 SYSTEMPATH/CodeIgniter.php(368): CodeIgniter\CodeIgniter->handleRequest(null, Object(Config\Cache), false)
 4 FCPATH/index.php(67): CodeIgniter\CodeIgniter->run()
WARNING - 2025-06-30 11:04:27 --> [DEPRECATED] Creation of dynamic property App\Controllers\Orders::$Ordermodel is deprecated in APPPATH/Controllers/Orders.php on line 41.
 1 SYSTEMPATH/CodeIgniter.php(906): App\Controllers\Orders->__construct()
 2 SYSTEMPATH/CodeIgniter.php(490): CodeIgniter\CodeIgniter->createController()
 3 SYSTEMPATH/CodeIgniter.php(368): CodeIgniter\CodeIgniter->handleRequest(null, Object(Config\Cache), false)
 4 FCPATH/index.php(67): CodeIgniter\CodeIgniter->run()
WARNING - 2025-06-30 11:04:27 --> [DEPRECATED] Creation of dynamic property App\Controllers\Orders::$testimonial is deprecated in APPPATH/Controllers/Orders.php on line 42.
 1 SYSTEMPATH/CodeIgniter.php(906): App\Controllers\Orders->__construct()
 2 SYSTEMPATH/CodeIgniter.php(490): CodeIgniter\CodeIgniter->createController()
 3 SYSTEMPATH/CodeIgniter.php(368): CodeIgniter\CodeIgniter->handleRequest(null, Object(Config\Cache), false)
 4 FCPATH/index.php(67): CodeIgniter\CodeIgniter->run()
WARNING - 2025-06-30 11:04:27 --> [DEPRECATED] Creation of dynamic property App\Controllers\Orders::$enquiry is deprecated in APPPATH/Controllers/Orders.php on line 43.
 1 SYSTEMPATH/CodeIgniter.php(906): App\Controllers\Orders->__construct()
 2 SYSTEMPATH/CodeIgniter.php(490): CodeIgniter\CodeIgniter->createController()
 3 SYSTEMPATH/CodeIgniter.php(368): CodeIgniter\CodeIgniter->handleRequest(null, Object(Config\Cache), false)
 4 FCPATH/index.php(67): CodeIgniter\CodeIgniter->run()
WARNING - 2025-06-30 11:04:27 --> [DEPRECATED] Creation of dynamic property App\Controllers\Orders::$product is deprecated in APPPATH/Controllers/Orders.php on line 44.
 1 SYSTEMPATH/CodeIgniter.php(906): App\Controllers\Orders->__construct()
 2 SYSTEMPATH/CodeIgniter.php(490): CodeIgniter\CodeIgniter->createController()
 3 SYSTEMPATH/CodeIgniter.php(368): CodeIgniter\CodeIgniter->handleRequest(null, Object(Config\Cache), false)
 4 FCPATH/index.php(67): CodeIgniter\CodeIgniter->run()
WARNING - 2025-06-30 11:04:27 --> [DEPRECATED] Creation of dynamic property App\Controllers\Orders::$orderitem is deprecated in APPPATH/Controllers/Orders.php on line 45.
 1 SYSTEMPATH/CodeIgniter.php(906): App\Controllers\Orders->__construct()
 2 SYSTEMPATH/CodeIgniter.php(490): CodeIgniter\CodeIgniter->createController()
 3 SYSTEMPATH/CodeIgniter.php(368): CodeIgniter\CodeIgniter->handleRequest(null, Object(Config\Cache), false)
 4 FCPATH/index.php(67): CodeIgniter\CodeIgniter->run()
WARNING - 2025-06-30 11:04:27 --> [DEPRECATED] Creation of dynamic property App\Controllers\Orders::$Ordercomment is deprecated in APPPATH/Controllers/Orders.php on line 46.
 1 SYSTEMPATH/CodeIgniter.php(906): App\Controllers\Orders->__construct()
 2 SYSTEMPATH/CodeIgniter.php(490): CodeIgniter\CodeIgniter->createController()
 3 SYSTEMPATH/CodeIgniter.php(368): CodeIgniter\CodeIgniter->handleRequest(null, Object(Config\Cache), false)
 4 FCPATH/index.php(67): CodeIgniter\CodeIgniter->run()
WARNING - 2025-06-30 11:04:27 --> [DEPRECATED] Creation of dynamic property App\Controllers\Orders::$catagory is deprecated in APPPATH/Controllers/Orders.php on line 47.
 1 SYSTEMPATH/CodeIgniter.php(906): App\Controllers\Orders->__construct()
 2 SYSTEMPATH/CodeIgniter.php(490): CodeIgniter\CodeIgniter->createController()
 3 SYSTEMPATH/CodeIgniter.php(368): CodeIgniter\CodeIgniter->handleRequest(null, Object(Config\Cache), false)
 4 FCPATH/index.php(67): CodeIgniter\CodeIgniter->run()
WARNING - 2025-06-30 11:04:27 --> [DEPRECATED] Creation of dynamic property App\Controllers\Orders::$User is deprecated in APPPATH/Controllers/Orders.php on line 48.
 1 SYSTEMPATH/CodeIgniter.php(906): App\Controllers\Orders->__construct()
 2 SYSTEMPATH/CodeIgniter.php(490): CodeIgniter\CodeIgniter->createController()
 3 SYSTEMPATH/CodeIgniter.php(368): CodeIgniter\CodeIgniter->handleRequest(null, Object(Config\Cache), false)
 4 FCPATH/index.php(67): CodeIgniter\CodeIgniter->run()
WARNING - 2025-06-30 11:04:27 --> [DEPRECATED] Creation of dynamic property App\Controllers\Orders::$shippingmethod is deprecated in APPPATH/Controllers/Orders.php on line 49.
 1 SYSTEMPATH/CodeIgniter.php(906): App\Controllers\Orders->__construct()
 2 SYSTEMPATH/CodeIgniter.php(490): CodeIgniter\CodeIgniter->createController()
 3 SYSTEMPATH/CodeIgniter.php(368): CodeIgniter\CodeIgniter->handleRequest(null, Object(Config\Cache), false)
 4 FCPATH/index.php(67): CodeIgniter\CodeIgniter->run()
WARNING - 2025-06-30 11:04:27 --> [DEPRECATED] Creation of dynamic property App\Controllers\Orders::$shippingrate is deprecated in APPPATH/Controllers/Orders.php on line 50.
 1 SYSTEMPATH/CodeIgniter.php(906): App\Controllers\Orders->__construct()
 2 SYSTEMPATH/CodeIgniter.php(490): CodeIgniter\CodeIgniter->createController()
 3 SYSTEMPATH/CodeIgniter.php(368): CodeIgniter\CodeIgniter->handleRequest(null, Object(Config\Cache), false)
 4 FCPATH/index.php(67): CodeIgniter\CodeIgniter->run()
WARNING - 2025-06-30 11:04:27 --> [DEPRECATED] Creation of dynamic property App\Controllers\Orders::$shippingzone is deprecated in APPPATH/Controllers/Orders.php on line 51.
 1 SYSTEMPATH/CodeIgniter.php(906): App\Controllers\Orders->__construct()
 2 SYSTEMPATH/CodeIgniter.php(490): CodeIgniter\CodeIgniter->createController()
 3 SYSTEMPATH/CodeIgniter.php(368): CodeIgniter\CodeIgniter->handleRequest(null, Object(Config\Cache), false)
 4 FCPATH/index.php(67): CodeIgniter\CodeIgniter->run()
WARNING - 2025-06-30 11:04:27 --> [DEPRECATED] Creation of dynamic property App\Controllers\Orders::$country is deprecated in APPPATH/Controllers/Orders.php on line 52.
 1 SYSTEMPATH/CodeIgniter.php(906): App\Controllers\Orders->__construct()
 2 SYSTEMPATH/CodeIgniter.php(490): CodeIgniter\CodeIgniter->createController()
 3 SYSTEMPATH/CodeIgniter.php(368): CodeIgniter\CodeIgniter->handleRequest(null, Object(Config\Cache), false)
 4 FCPATH/index.php(67): CodeIgniter\CodeIgniter->run()
WARNING - 2025-06-30 11:04:27 --> [DEPRECATED] Creation of dynamic property App\Controllers\Orders::$ChatModel is deprecated in APPPATH/Controllers/Orders.php on line 53.
 1 SYSTEMPATH/CodeIgniter.php(906): App\Controllers\Orders->__construct()
 2 SYSTEMPATH/CodeIgniter.php(490): CodeIgniter\CodeIgniter->createController()
 3 SYSTEMPATH/CodeIgniter.php(368): CodeIgniter\CodeIgniter->handleRequest(null, Object(Config\Cache), false)
 4 FCPATH/index.php(67): CodeIgniter\CodeIgniter->run()
WARNING - 2025-06-30 11:04:27 --> [DEPRECATED] Creation of dynamic property App\Controllers\Orders::$Allsettings is deprecated in APPPATH/Controllers/Orders.php on line 54.
 1 SYSTEMPATH/CodeIgniter.php(906): App\Controllers\Orders->__construct()
 2 SYSTEMPATH/CodeIgniter.php(490): CodeIgniter\CodeIgniter->createController()
 3 SYSTEMPATH/CodeIgniter.php(368): CodeIgniter\CodeIgniter->handleRequest(null, Object(Config\Cache), false)
 4 FCPATH/index.php(67): CodeIgniter\CodeIgniter->run()
WARNING - 2025-06-30 11:04:27 --> [DEPRECATED] Creation of dynamic property App\Controllers\Orders::$ShippingDataModel is deprecated in APPPATH/Controllers/Orders.php on line 55.
 1 SYSTEMPATH/CodeIgniter.php(906): App\Controllers\Orders->__construct()
 2 SYSTEMPATH/CodeIgniter.php(490): CodeIgniter\CodeIgniter->createController()
 3 SYSTEMPATH/CodeIgniter.php(368): CodeIgniter\CodeIgniter->handleRequest(null, Object(Config\Cache), false)
 4 FCPATH/index.php(67): CodeIgniter\CodeIgniter->run()
WARNING - 2025-06-30 11:04:27 --> [DEPRECATED] Creation of dynamic property App\Controllers\Orders::$cityModel is deprecated in APPPATH/Controllers/Orders.php on line 56.
 1 SYSTEMPATH/CodeIgniter.php(906): App\Controllers\Orders->__construct()
 2 SYSTEMPATH/CodeIgniter.php(490): CodeIgniter\CodeIgniter->createController()
 3 SYSTEMPATH/CodeIgniter.php(368): CodeIgniter\CodeIgniter->handleRequest(null, Object(Config\Cache), false)
 4 FCPATH/index.php(67): CodeIgniter\CodeIgniter->run()
WARNING - 2025-06-30 11:04:27 --> [DEPRECATED] Creation of dynamic property App\Controllers\Orders::$stateModel is deprecated in APPPATH/Controllers/Orders.php on line 57.
 1 SYSTEMPATH/CodeIgniter.php(906): App\Controllers\Orders->__construct()
 2 SYSTEMPATH/CodeIgniter.php(490): CodeIgniter\CodeIgniter->createController()
 3 SYSTEMPATH/CodeIgniter.php(368): CodeIgniter\CodeIgniter->handleRequest(null, Object(Config\Cache), false)
 4 FCPATH/index.php(67): CodeIgniter\CodeIgniter->run()
WARNING - 2025-06-30 11:04:27 --> [DEPRECATED] Creation of dynamic property App\Controllers\Orders::$taxModel is deprecated in APPPATH/Controllers/Orders.php on line 58.
 1 SYSTEMPATH/CodeIgniter.php(906): App\Controllers\Orders->__construct()
 2 SYSTEMPATH/CodeIgniter.php(490): CodeIgniter\CodeIgniter->createController()
 3 SYSTEMPATH/CodeIgniter.php(368): CodeIgniter\CodeIgniter->handleRequest(null, Object(Config\Cache), false)
 4 FCPATH/index.php(67): CodeIgniter\CodeIgniter->run()
INFO - 2025-06-30 11:04:30 --> Session: Class initialized using 'CodeIgniter\Session\Handlers\FileHandler' driver.
WARNING - 2025-06-30 11:04:30 --> [DEPRECATED] Creation of dynamic property App\Controllers\Payment::$session is deprecated in APPPATH/Controllers/Payment.php on line 34.
 1 SYSTEMPATH/CodeIgniter.php(906): App\Controllers\Payment->__construct()
 2 SYSTEMPATH/CodeIgniter.php(490): CodeIgniter\CodeIgniter->createController()
 3 SYSTEMPATH/CodeIgniter.php(368): CodeIgniter\CodeIgniter->handleRequest(null, Object(Config\Cache), false)
 4 FCPATH/index.php(67): CodeIgniter\CodeIgniter->run()
WARNING - 2025-06-30 11:04:30 --> Session: Sessions is enabled, and one exists. Please don't $session->start();
WARNING - 2025-06-30 11:04:30 --> [DEPRECATED] Creation of dynamic property App\Controllers\Payment::$catagory is deprecated in APPPATH/Controllers/Payment.php on line 37.
 1 SYSTEMPATH/CodeIgniter.php(906): App\Controllers\Payment->__construct()
 2 SYSTEMPATH/CodeIgniter.php(490): CodeIgniter\CodeIgniter->createController()
 3 SYSTEMPATH/CodeIgniter.php(368): CodeIgniter\CodeIgniter->handleRequest(null, Object(Config\Cache), false)
 4 FCPATH/index.php(67): CodeIgniter\CodeIgniter->run()
WARNING - 2025-06-30 11:04:30 --> [DEPRECATED] Creation of dynamic property App\Controllers\Payment::$variation is deprecated in APPPATH/Controllers/Payment.php on line 38.
 1 SYSTEMPATH/CodeIgniter.php(906): App\Controllers\Payment->__construct()
 2 SYSTEMPATH/CodeIgniter.php(490): CodeIgniter\CodeIgniter->createController()
 3 SYSTEMPATH/CodeIgniter.php(368): CodeIgniter\CodeIgniter->handleRequest(null, Object(Config\Cache), false)
 4 FCPATH/index.php(67): CodeIgniter\CodeIgniter->run()
WARNING - 2025-06-30 11:04:30 --> [DEPRECATED] Creation of dynamic property App\Controllers\Payment::$variationtype is deprecated in APPPATH/Controllers/Payment.php on line 39.
 1 SYSTEMPATH/CodeIgniter.php(906): App\Controllers\Payment->__construct()
 2 SYSTEMPATH/CodeIgniter.php(490): CodeIgniter\CodeIgniter->createController()
 3 SYSTEMPATH/CodeIgniter.php(368): CodeIgniter\CodeIgniter->handleRequest(null, Object(Config\Cache), false)
 4 FCPATH/index.php(67): CodeIgniter\CodeIgniter->run()
WARNING - 2025-06-30 11:04:30 --> [DEPRECATED] Creation of dynamic property App\Controllers\Payment::$subcategory is deprecated in APPPATH/Controllers/Payment.php on line 40.
 1 SYSTEMPATH/CodeIgniter.php(906): App\Controllers\Payment->__construct()
 2 SYSTEMPATH/CodeIgniter.php(490): CodeIgniter\CodeIgniter->createController()
 3 SYSTEMPATH/CodeIgniter.php(368): CodeIgniter\CodeIgniter->handleRequest(null, Object(Config\Cache), false)
 4 FCPATH/index.php(67): CodeIgniter\CodeIgniter->run()
WARNING - 2025-06-30 11:04:30 --> [DEPRECATED] Creation of dynamic property App\Controllers\Payment::$product is deprecated in APPPATH/Controllers/Payment.php on line 41.
 1 SYSTEMPATH/CodeIgniter.php(906): App\Controllers\Payment->__construct()
 2 SYSTEMPATH/CodeIgniter.php(490): CodeIgniter\CodeIgniter->createController()
 3 SYSTEMPATH/CodeIgniter.php(368): CodeIgniter\CodeIgniter->handleRequest(null, Object(Config\Cache), false)
 4 FCPATH/index.php(67): CodeIgniter\CodeIgniter->run()
WARNING - 2025-06-30 11:04:30 --> [DEPRECATED] Creation of dynamic property App\Controllers\Payment::$tags is deprecated in APPPATH/Controllers/Payment.php on line 42.
 1 SYSTEMPATH/CodeIgniter.php(906): App\Controllers\Payment->__construct()
 2 SYSTEMPATH/CodeIgniter.php(490): CodeIgniter\CodeIgniter->createController()
 3 SYSTEMPATH/CodeIgniter.php(368): CodeIgniter\CodeIgniter->handleRequest(null, Object(Config\Cache), false)
 4 FCPATH/index.php(67): CodeIgniter\CodeIgniter->run()
WARNING - 2025-06-30 11:04:30 --> [DEPRECATED] Creation of dynamic property App\Controllers\Payment::$shippingmethod is deprecated in APPPATH/Controllers/Payment.php on line 43.
 1 SYSTEMPATH/CodeIgniter.php(906): App\Controllers\Payment->__construct()
 2 SYSTEMPATH/CodeIgniter.php(490): CodeIgniter\CodeIgniter->createController()
 3 SYSTEMPATH/CodeIgniter.php(368): CodeIgniter\CodeIgniter->handleRequest(null, Object(Config\Cache), false)
 4 FCPATH/index.php(67): CodeIgniter\CodeIgniter->run()
WARNING - 2025-06-30 11:04:30 --> [DEPRECATED] Creation of dynamic property App\Controllers\Payment::$optionvalue is deprecated in APPPATH/Controllers/Payment.php on line 44.
 1 SYSTEMPATH/CodeIgniter.php(906): App\Controllers\Payment->__construct()
 2 SYSTEMPATH/CodeIgniter.php(490): CodeIgniter\CodeIgniter->createController()
 3 SYSTEMPATH/CodeIgniter.php(368): CodeIgniter\CodeIgniter->handleRequest(null, Object(Config\Cache), false)
 4 FCPATH/index.php(67): CodeIgniter\CodeIgniter->run()
WARNING - 2025-06-30 11:04:30 --> [DEPRECATED] Creation of dynamic property App\Controllers\Payment::$brand is deprecated in APPPATH/Controllers/Payment.php on line 45.
 1 SYSTEMPATH/CodeIgniter.php(906): App\Controllers\Payment->__construct()
 2 SYSTEMPATH/CodeIgniter.php(490): CodeIgniter\CodeIgniter->createController()
 3 SYSTEMPATH/CodeIgniter.php(368): CodeIgniter\CodeIgniter->handleRequest(null, Object(Config\Cache), false)
 4 FCPATH/index.php(67): CodeIgniter\CodeIgniter->run()
WARNING - 2025-06-30 11:04:30 --> [DEPRECATED] Creation of dynamic property App\Controllers\Payment::$Paymentmodel is deprecated in APPPATH/Controllers/Payment.php on line 46.
 1 SYSTEMPATH/CodeIgniter.php(906): App\Controllers\Payment->__construct()
 2 SYSTEMPATH/CodeIgniter.php(490): CodeIgniter\CodeIgniter->createController()
 3 SYSTEMPATH/CodeIgniter.php(368): CodeIgniter\CodeIgniter->handleRequest(null, Object(Config\Cache), false)
 4 FCPATH/index.php(67): CodeIgniter\CodeIgniter->run()
WARNING - 2025-06-30 11:04:30 --> [DEPRECATED] Creation of dynamic property App\Controllers\Payment::$Banners is deprecated in APPPATH/Controllers/Payment.php on line 47.
 1 SYSTEMPATH/CodeIgniter.php(906): App\Controllers\Payment->__construct()
 2 SYSTEMPATH/CodeIgniter.php(490): CodeIgniter\CodeIgniter->createController()
 3 SYSTEMPATH/CodeIgniter.php(368): CodeIgniter\CodeIgniter->handleRequest(null, Object(Config\Cache), false)
 4 FCPATH/index.php(67): CodeIgniter\CodeIgniter->run()
WARNING - 2025-06-30 11:04:30 --> [DEPRECATED] Creation of dynamic property App\Controllers\Payment::$country is deprecated in APPPATH/Controllers/Payment.php on line 48.
 1 SYSTEMPATH/CodeIgniter.php(906): App\Controllers\Payment->__construct()
 2 SYSTEMPATH/CodeIgniter.php(490): CodeIgniter\CodeIgniter->createController()
 3 SYSTEMPATH/CodeIgniter.php(368): CodeIgniter\CodeIgniter->handleRequest(null, Object(Config\Cache), false)
 4 FCPATH/index.php(67): CodeIgniter\CodeIgniter->run()
WARNING - 2025-06-30 11:04:30 --> [DEPRECATED] Creation of dynamic property App\Controllers\Payment::$state is deprecated in APPPATH/Controllers/Payment.php on line 49.
 1 SYSTEMPATH/CodeIgniter.php(906): App\Controllers\Payment->__construct()
 2 SYSTEMPATH/CodeIgniter.php(490): CodeIgniter\CodeIgniter->createController()
 3 SYSTEMPATH/CodeIgniter.php(368): CodeIgniter\CodeIgniter->handleRequest(null, Object(Config\Cache), false)
 4 FCPATH/index.php(67): CodeIgniter\CodeIgniter->run()
WARNING - 2025-06-30 11:04:30 --> [DEPRECATED] Creation of dynamic property App\Controllers\Payment::$city is deprecated in APPPATH/Controllers/Payment.php on line 50.
 1 SYSTEMPATH/CodeIgniter.php(906): App\Controllers\Payment->__construct()
 2 SYSTEMPATH/CodeIgniter.php(490): CodeIgniter\CodeIgniter->createController()
 3 SYSTEMPATH/CodeIgniter.php(368): CodeIgniter\CodeIgniter->handleRequest(null, Object(Config\Cache), false)
 4 FCPATH/index.php(67): CodeIgniter\CodeIgniter->run()
WARNING - 2025-06-30 11:04:30 --> [DEPRECATED] Creation of dynamic property App\Controllers\Payment::$taxes is deprecated in APPPATH/Controllers/Payment.php on line 51.
 1 SYSTEMPATH/CodeIgniter.php(906): App\Controllers\Payment->__construct()
 2 SYSTEMPATH/CodeIgniter.php(490): CodeIgniter\CodeIgniter->createController()
 3 SYSTEMPATH/CodeIgniter.php(368): CodeIgniter\CodeIgniter->handleRequest(null, Object(Config\Cache), false)
 4 FCPATH/index.php(67): CodeIgniter\CodeIgniter->run()
WARNING - 2025-06-30 11:04:30 --> [DEPRECATED] Creation of dynamic property App\Controllers\Payment::$Allsettings is deprecated in APPPATH/Controllers/Payment.php on line 52.
 1 SYSTEMPATH/CodeIgniter.php(906): App\Controllers\Payment->__construct()
 2 SYSTEMPATH/CodeIgniter.php(490): CodeIgniter\CodeIgniter->createController()
 3 SYSTEMPATH/CodeIgniter.php(368): CodeIgniter\CodeIgniter->handleRequest(null, Object(Config\Cache), false)
 4 FCPATH/index.php(67): CodeIgniter\CodeIgniter->run()
WARNING - 2025-06-30 11:04:30 --> [DEPRECATED] Creation of dynamic property App\Controllers\Payment::$cms is deprecated in APPPATH/Controllers/Payment.php on line 53.
 1 SYSTEMPATH/CodeIgniter.php(906): App\Controllers\Payment->__construct()
 2 SYSTEMPATH/CodeIgniter.php(490): CodeIgniter\CodeIgniter->createController()
 3 SYSTEMPATH/CodeIgniter.php(368): CodeIgniter\CodeIgniter->handleRequest(null, Object(Config\Cache), false)
 4 FCPATH/index.php(67): CodeIgniter\CodeIgniter->run()
WARNING - 2025-06-30 11:04:30 --> [DEPRECATED] Creation of dynamic property App\Controllers\Payment::$Cmsfaqs is deprecated in APPPATH/Controllers/Payment.php on line 54.
 1 SYSTEMPATH/CodeIgniter.php(906): App\Controllers\Payment->__construct()
 2 SYSTEMPATH/CodeIgniter.php(490): CodeIgniter\CodeIgniter->createController()
 3 SYSTEMPATH/CodeIgniter.php(368): CodeIgniter\CodeIgniter->handleRequest(null, Object(Config\Cache), false)
 4 FCPATH/index.php(67): CodeIgniter\CodeIgniter->run()
WARNING - 2025-06-30 11:04:30 --> [DEPRECATED] Creation of dynamic property App\Controllers\Payment::$user_model is deprecated in APPPATH/Controllers/Payment.php on line 56.
 1 SYSTEMPATH/CodeIgniter.php(906): App\Controllers\Payment->__construct()
 2 SYSTEMPATH/CodeIgniter.php(490): CodeIgniter\CodeIgniter->createController()
 3 SYSTEMPATH/CodeIgniter.php(368): CodeIgniter\CodeIgniter->handleRequest(null, Object(Config\Cache), false)
 4 FCPATH/index.php(67): CodeIgniter\CodeIgniter->run()
WARNING - 2025-06-30 11:04:30 --> [DEPRECATED] Creation of dynamic property App\Controllers\Payment::$Order is deprecated in APPPATH/Controllers/Payment.php on line 57.
 1 SYSTEMPATH/CodeIgniter.php(906): App\Controllers\Payment->__construct()
 2 SYSTEMPATH/CodeIgniter.php(490): CodeIgniter\CodeIgniter->createController()
 3 SYSTEMPATH/CodeIgniter.php(368): CodeIgniter\CodeIgniter->handleRequest(null, Object(Config\Cache), false)
 4 FCPATH/index.php(67): CodeIgniter\CodeIgniter->run()
WARNING - 2025-06-30 11:04:30 --> [DEPRECATED] Creation of dynamic property App\Controllers\Payment::$Paymentgatewaymodel is deprecated in APPPATH/Controllers/Payment.php on line 58.
 1 SYSTEMPATH/CodeIgniter.php(906): App\Controllers\Payment->__construct()
 2 SYSTEMPATH/CodeIgniter.php(490): CodeIgniter\CodeIgniter->createController()
 3 SYSTEMPATH/CodeIgniter.php(368): CodeIgniter\CodeIgniter->handleRequest(null, Object(Config\Cache), false)
 4 FCPATH/index.php(67): CodeIgniter\CodeIgniter->run()
WARNING - 2025-06-30 11:04:30 --> [DEPRECATED] Creation of dynamic property App\Controllers\Payment::$TaxesclassModel is deprecated in APPPATH/Controllers/Payment.php on line 59.
 1 SYSTEMPATH/CodeIgniter.php(906): App\Controllers\Payment->__construct()
 2 SYSTEMPATH/CodeIgniter.php(490): CodeIgniter\CodeIgniter->createController()
 3 SYSTEMPATH/CodeIgniter.php(368): CodeIgniter\CodeIgniter->handleRequest(null, Object(Config\Cache), false)
 4 FCPATH/index.php(67): CodeIgniter\CodeIgniter->run()
INFO - 2025-06-30 11:04:32 --> Session: Class initialized using 'CodeIgniter\Session\Handlers\FileHandler' driver.
WARNING - 2025-06-30 11:04:32 --> [DEPRECATED] Creation of dynamic property App\Controllers\Payment::$session is deprecated in APPPATH/Controllers/Payment.php on line 34.
 1 SYSTEMPATH/CodeIgniter.php(906): App\Controllers\Payment->__construct()
 2 SYSTEMPATH/CodeIgniter.php(490): CodeIgniter\CodeIgniter->createController()
 3 SYSTEMPATH/CodeIgniter.php(368): CodeIgniter\CodeIgniter->handleRequest(null, Object(Config\Cache), false)
 4 FCPATH/index.php(67): CodeIgniter\CodeIgniter->run()
WARNING - 2025-06-30 11:04:32 --> Session: Sessions is enabled, and one exists. Please don't $session->start();
WARNING - 2025-06-30 11:04:32 --> [DEPRECATED] Creation of dynamic property App\Controllers\Payment::$catagory is deprecated in APPPATH/Controllers/Payment.php on line 37.
 1 SYSTEMPATH/CodeIgniter.php(906): App\Controllers\Payment->__construct()
 2 SYSTEMPATH/CodeIgniter.php(490): CodeIgniter\CodeIgniter->createController()
 3 SYSTEMPATH/CodeIgniter.php(368): CodeIgniter\CodeIgniter->handleRequest(null, Object(Config\Cache), false)
 4 FCPATH/index.php(67): CodeIgniter\CodeIgniter->run()
WARNING - 2025-06-30 11:04:32 --> [DEPRECATED] Creation of dynamic property App\Controllers\Payment::$variation is deprecated in APPPATH/Controllers/Payment.php on line 38.
 1 SYSTEMPATH/CodeIgniter.php(906): App\Controllers\Payment->__construct()
 2 SYSTEMPATH/CodeIgniter.php(490): CodeIgniter\CodeIgniter->createController()
 3 SYSTEMPATH/CodeIgniter.php(368): CodeIgniter\CodeIgniter->handleRequest(null, Object(Config\Cache), false)
 4 FCPATH/index.php(67): CodeIgniter\CodeIgniter->run()
WARNING - 2025-06-30 11:04:32 --> [DEPRECATED] Creation of dynamic property App\Controllers\Payment::$variationtype is deprecated in APPPATH/Controllers/Payment.php on line 39.
 1 SYSTEMPATH/CodeIgniter.php(906): App\Controllers\Payment->__construct()
 2 SYSTEMPATH/CodeIgniter.php(490): CodeIgniter\CodeIgniter->createController()
 3 SYSTEMPATH/CodeIgniter.php(368): CodeIgniter\CodeIgniter->handleRequest(null, Object(Config\Cache), false)
 4 FCPATH/index.php(67): CodeIgniter\CodeIgniter->run()
WARNING - 2025-06-30 11:04:32 --> [DEPRECATED] Creation of dynamic property App\Controllers\Payment::$subcategory is deprecated in APPPATH/Controllers/Payment.php on line 40.
 1 SYSTEMPATH/CodeIgniter.php(906): App\Controllers\Payment->__construct()
 2 SYSTEMPATH/CodeIgniter.php(490): CodeIgniter\CodeIgniter->createController()
 3 SYSTEMPATH/CodeIgniter.php(368): CodeIgniter\CodeIgniter->handleRequest(null, Object(Config\Cache), false)
 4 FCPATH/index.php(67): CodeIgniter\CodeIgniter->run()
WARNING - 2025-06-30 11:04:32 --> [DEPRECATED] Creation of dynamic property App\Controllers\Payment::$product is deprecated in APPPATH/Controllers/Payment.php on line 41.
 1 SYSTEMPATH/CodeIgniter.php(906): App\Controllers\Payment->__construct()
 2 SYSTEMPATH/CodeIgniter.php(490): CodeIgniter\CodeIgniter->createController()
 3 SYSTEMPATH/CodeIgniter.php(368): CodeIgniter\CodeIgniter->handleRequest(null, Object(Config\Cache), false)
 4 FCPATH/index.php(67): CodeIgniter\CodeIgniter->run()
WARNING - 2025-06-30 11:04:32 --> [DEPRECATED] Creation of dynamic property App\Controllers\Payment::$tags is deprecated in APPPATH/Controllers/Payment.php on line 42.
 1 SYSTEMPATH/CodeIgniter.php(906): App\Controllers\Payment->__construct()
 2 SYSTEMPATH/CodeIgniter.php(490): CodeIgniter\CodeIgniter->createController()
 3 SYSTEMPATH/CodeIgniter.php(368): CodeIgniter\CodeIgniter->handleRequest(null, Object(Config\Cache), false)
 4 FCPATH/index.php(67): CodeIgniter\CodeIgniter->run()
WARNING - 2025-06-30 11:04:32 --> [DEPRECATED] Creation of dynamic property App\Controllers\Payment::$shippingmethod is deprecated in APPPATH/Controllers/Payment.php on line 43.
 1 SYSTEMPATH/CodeIgniter.php(906): App\Controllers\Payment->__construct()
 2 SYSTEMPATH/CodeIgniter.php(490): CodeIgniter\CodeIgniter->createController()
 3 SYSTEMPATH/CodeIgniter.php(368): CodeIgniter\CodeIgniter->handleRequest(null, Object(Config\Cache), false)
 4 FCPATH/index.php(67): CodeIgniter\CodeIgniter->run()
WARNING - 2025-06-30 11:04:32 --> [DEPRECATED] Creation of dynamic property App\Controllers\Payment::$optionvalue is deprecated in APPPATH/Controllers/Payment.php on line 44.
 1 SYSTEMPATH/CodeIgniter.php(906): App\Controllers\Payment->__construct()
 2 SYSTEMPATH/CodeIgniter.php(490): CodeIgniter\CodeIgniter->createController()
 3 SYSTEMPATH/CodeIgniter.php(368): CodeIgniter\CodeIgniter->handleRequest(null, Object(Config\Cache), false)
 4 FCPATH/index.php(67): CodeIgniter\CodeIgniter->run()
WARNING - 2025-06-30 11:04:32 --> [DEPRECATED] Creation of dynamic property App\Controllers\Payment::$brand is deprecated in APPPATH/Controllers/Payment.php on line 45.
 1 SYSTEMPATH/CodeIgniter.php(906): App\Controllers\Payment->__construct()
 2 SYSTEMPATH/CodeIgniter.php(490): CodeIgniter\CodeIgniter->createController()
 3 SYSTEMPATH/CodeIgniter.php(368): CodeIgniter\CodeIgniter->handleRequest(null, Object(Config\Cache), false)
 4 FCPATH/index.php(67): CodeIgniter\CodeIgniter->run()
WARNING - 2025-06-30 11:04:32 --> [DEPRECATED] Creation of dynamic property App\Controllers\Payment::$Paymentmodel is deprecated in APPPATH/Controllers/Payment.php on line 46.
 1 SYSTEMPATH/CodeIgniter.php(906): App\Controllers\Payment->__construct()
 2 SYSTEMPATH/CodeIgniter.php(490): CodeIgniter\CodeIgniter->createController()
 3 SYSTEMPATH/CodeIgniter.php(368): CodeIgniter\CodeIgniter->handleRequest(null, Object(Config\Cache), false)
 4 FCPATH/index.php(67): CodeIgniter\CodeIgniter->run()
WARNING - 2025-06-30 11:04:32 --> [DEPRECATED] Creation of dynamic property App\Controllers\Payment::$Banners is deprecated in APPPATH/Controllers/Payment.php on line 47.
 1 SYSTEMPATH/CodeIgniter.php(906): App\Controllers\Payment->__construct()
 2 SYSTEMPATH/CodeIgniter.php(490): CodeIgniter\CodeIgniter->createController()
 3 SYSTEMPATH/CodeIgniter.php(368): CodeIgniter\CodeIgniter->handleRequest(null, Object(Config\Cache), false)
 4 FCPATH/index.php(67): CodeIgniter\CodeIgniter->run()
WARNING - 2025-06-30 11:04:32 --> [DEPRECATED] Creation of dynamic property App\Controllers\Payment::$country is deprecated in APPPATH/Controllers/Payment.php on line 48.
 1 SYSTEMPATH/CodeIgniter.php(906): App\Controllers\Payment->__construct()
 2 SYSTEMPATH/CodeIgniter.php(490): CodeIgniter\CodeIgniter->createController()
 3 SYSTEMPATH/CodeIgniter.php(368): CodeIgniter\CodeIgniter->handleRequest(null, Object(Config\Cache), false)
 4 FCPATH/index.php(67): CodeIgniter\CodeIgniter->run()
WARNING - 2025-06-30 11:04:32 --> [DEPRECATED] Creation of dynamic property App\Controllers\Payment::$state is deprecated in APPPATH/Controllers/Payment.php on line 49.
 1 SYSTEMPATH/CodeIgniter.php(906): App\Controllers\Payment->__construct()
 2 SYSTEMPATH/CodeIgniter.php(490): CodeIgniter\CodeIgniter->createController()
 3 SYSTEMPATH/CodeIgniter.php(368): CodeIgniter\CodeIgniter->handleRequest(null, Object(Config\Cache), false)
 4 FCPATH/index.php(67): CodeIgniter\CodeIgniter->run()
WARNING - 2025-06-30 11:04:32 --> [DEPRECATED] Creation of dynamic property App\Controllers\Payment::$city is deprecated in APPPATH/Controllers/Payment.php on line 50.
 1 SYSTEMPATH/CodeIgniter.php(906): App\Controllers\Payment->__construct()
 2 SYSTEMPATH/CodeIgniter.php(490): CodeIgniter\CodeIgniter->createController()
 3 SYSTEMPATH/CodeIgniter.php(368): CodeIgniter\CodeIgniter->handleRequest(null, Object(Config\Cache), false)
 4 FCPATH/index.php(67): CodeIgniter\CodeIgniter->run()
WARNING - 2025-06-30 11:04:32 --> [DEPRECATED] Creation of dynamic property App\Controllers\Payment::$taxes is deprecated in APPPATH/Controllers/Payment.php on line 51.
 1 SYSTEMPATH/CodeIgniter.php(906): App\Controllers\Payment->__construct()
 2 SYSTEMPATH/CodeIgniter.php(490): CodeIgniter\CodeIgniter->createController()
 3 SYSTEMPATH/CodeIgniter.php(368): CodeIgniter\CodeIgniter->handleRequest(null, Object(Config\Cache), false)
 4 FCPATH/index.php(67): CodeIgniter\CodeIgniter->run()
WARNING - 2025-06-30 11:04:32 --> [DEPRECATED] Creation of dynamic property App\Controllers\Payment::$Allsettings is deprecated in APPPATH/Controllers/Payment.php on line 52.
 1 SYSTEMPATH/CodeIgniter.php(906): App\Controllers\Payment->__construct()
 2 SYSTEMPATH/CodeIgniter.php(490): CodeIgniter\CodeIgniter->createController()
 3 SYSTEMPATH/CodeIgniter.php(368): CodeIgniter\CodeIgniter->handleRequest(null, Object(Config\Cache), false)
 4 FCPATH/index.php(67): CodeIgniter\CodeIgniter->run()
WARNING - 2025-06-30 11:04:32 --> [DEPRECATED] Creation of dynamic property App\Controllers\Payment::$cms is deprecated in APPPATH/Controllers/Payment.php on line 53.
 1 SYSTEMPATH/CodeIgniter.php(906): App\Controllers\Payment->__construct()
 2 SYSTEMPATH/CodeIgniter.php(490): CodeIgniter\CodeIgniter->createController()
 3 SYSTEMPATH/CodeIgniter.php(368): CodeIgniter\CodeIgniter->handleRequest(null, Object(Config\Cache), false)
 4 FCPATH/index.php(67): CodeIgniter\CodeIgniter->run()
WARNING - 2025-06-30 11:04:32 --> [DEPRECATED] Creation of dynamic property App\Controllers\Payment::$Cmsfaqs is deprecated in APPPATH/Controllers/Payment.php on line 54.
 1 SYSTEMPATH/CodeIgniter.php(906): App\Controllers\Payment->__construct()
 2 SYSTEMPATH/CodeIgniter.php(490): CodeIgniter\CodeIgniter->createController()
 3 SYSTEMPATH/CodeIgniter.php(368): CodeIgniter\CodeIgniter->handleRequest(null, Object(Config\Cache), false)
 4 FCPATH/index.php(67): CodeIgniter\CodeIgniter->run()
WARNING - 2025-06-30 11:04:32 --> [DEPRECATED] Creation of dynamic property App\Controllers\Payment::$user_model is deprecated in APPPATH/Controllers/Payment.php on line 56.
 1 SYSTEMPATH/CodeIgniter.php(906): App\Controllers\Payment->__construct()
 2 SYSTEMPATH/CodeIgniter.php(490): CodeIgniter\CodeIgniter->createController()
 3 SYSTEMPATH/CodeIgniter.php(368): CodeIgniter\CodeIgniter->handleRequest(null, Object(Config\Cache), false)
 4 FCPATH/index.php(67): CodeIgniter\CodeIgniter->run()
WARNING - 2025-06-30 11:04:32 --> [DEPRECATED] Creation of dynamic property App\Controllers\Payment::$Order is deprecated in APPPATH/Controllers/Payment.php on line 57.
 1 SYSTEMPATH/CodeIgniter.php(906): App\Controllers\Payment->__construct()
 2 SYSTEMPATH/CodeIgniter.php(490): CodeIgniter\CodeIgniter->createController()
 3 SYSTEMPATH/CodeIgniter.php(368): CodeIgniter\CodeIgniter->handleRequest(null, Object(Config\Cache), false)
 4 FCPATH/index.php(67): CodeIgniter\CodeIgniter->run()
WARNING - 2025-06-30 11:04:32 --> [DEPRECATED] Creation of dynamic property App\Controllers\Payment::$Paymentgatewaymodel is deprecated in APPPATH/Controllers/Payment.php on line 58.
 1 SYSTEMPATH/CodeIgniter.php(906): App\Controllers\Payment->__construct()
 2 SYSTEMPATH/CodeIgniter.php(490): CodeIgniter\CodeIgniter->createController()
 3 SYSTEMPATH/CodeIgniter.php(368): CodeIgniter\CodeIgniter->handleRequest(null, Object(Config\Cache), false)
 4 FCPATH/index.php(67): CodeIgniter\CodeIgniter->run()
WARNING - 2025-06-30 11:04:32 --> [DEPRECATED] Creation of dynamic property App\Controllers\Payment::$TaxesclassModel is deprecated in APPPATH/Controllers/Payment.php on line 59.
 1 SYSTEMPATH/CodeIgniter.php(906): App\Controllers\Payment->__construct()
 2 SYSTEMPATH/CodeIgniter.php(490): CodeIgniter\CodeIgniter->createController()
 3 SYSTEMPATH/CodeIgniter.php(368): CodeIgniter\CodeIgniter->handleRequest(null, Object(Config\Cache), false)
 4 FCPATH/index.php(67): CodeIgniter\CodeIgniter->run()
INFO - 2025-06-30 11:04:35 --> Session: Class initialized using 'CodeIgniter\Session\Handlers\FileHandler' driver.
WARNING - 2025-06-30 11:04:35 --> [DEPRECATED] Creation of dynamic property App\Controllers\Payment::$session is deprecated in APPPATH/Controllers/Payment.php on line 34.
 1 SYSTEMPATH/CodeIgniter.php(906): App\Controllers\Payment->__construct()
 2 SYSTEMPATH/CodeIgniter.php(490): CodeIgniter\CodeIgniter->createController()
 3 SYSTEMPATH/CodeIgniter.php(368): CodeIgniter\CodeIgniter->handleRequest(null, Object(Config\Cache), false)
 4 FCPATH/index.php(67): CodeIgniter\CodeIgniter->run()
WARNING - 2025-06-30 11:04:35 --> Session: Sessions is enabled, and one exists. Please don't $session->start();
WARNING - 2025-06-30 11:04:35 --> [DEPRECATED] Creation of dynamic property App\Controllers\Payment::$catagory is deprecated in APPPATH/Controllers/Payment.php on line 37.
 1 SYSTEMPATH/CodeIgniter.php(906): App\Controllers\Payment->__construct()
 2 SYSTEMPATH/CodeIgniter.php(490): CodeIgniter\CodeIgniter->createController()
 3 SYSTEMPATH/CodeIgniter.php(368): CodeIgniter\CodeIgniter->handleRequest(null, Object(Config\Cache), false)
 4 FCPATH/index.php(67): CodeIgniter\CodeIgniter->run()
WARNING - 2025-06-30 11:04:35 --> [DEPRECATED] Creation of dynamic property App\Controllers\Payment::$variation is deprecated in APPPATH/Controllers/Payment.php on line 38.
 1 SYSTEMPATH/CodeIgniter.php(906): App\Controllers\Payment->__construct()
 2 SYSTEMPATH/CodeIgniter.php(490): CodeIgniter\CodeIgniter->createController()
 3 SYSTEMPATH/CodeIgniter.php(368): CodeIgniter\CodeIgniter->handleRequest(null, Object(Config\Cache), false)
 4 FCPATH/index.php(67): CodeIgniter\CodeIgniter->run()
WARNING - 2025-06-30 11:04:35 --> [DEPRECATED] Creation of dynamic property App\Controllers\Payment::$variationtype is deprecated in APPPATH/Controllers/Payment.php on line 39.
 1 SYSTEMPATH/CodeIgniter.php(906): App\Controllers\Payment->__construct()
 2 SYSTEMPATH/CodeIgniter.php(490): CodeIgniter\CodeIgniter->createController()
 3 SYSTEMPATH/CodeIgniter.php(368): CodeIgniter\CodeIgniter->handleRequest(null, Object(Config\Cache), false)
 4 FCPATH/index.php(67): CodeIgniter\CodeIgniter->run()
WARNING - 2025-06-30 11:04:35 --> [DEPRECATED] Creation of dynamic property App\Controllers\Payment::$subcategory is deprecated in APPPATH/Controllers/Payment.php on line 40.
 1 SYSTEMPATH/CodeIgniter.php(906): App\Controllers\Payment->__construct()
 2 SYSTEMPATH/CodeIgniter.php(490): CodeIgniter\CodeIgniter->createController()
 3 SYSTEMPATH/CodeIgniter.php(368): CodeIgniter\CodeIgniter->handleRequest(null, Object(Config\Cache), false)
 4 FCPATH/index.php(67): CodeIgniter\CodeIgniter->run()
WARNING - 2025-06-30 11:04:35 --> [DEPRECATED] Creation of dynamic property App\Controllers\Payment::$product is deprecated in APPPATH/Controllers/Payment.php on line 41.
 1 SYSTEMPATH/CodeIgniter.php(906): App\Controllers\Payment->__construct()
 2 SYSTEMPATH/CodeIgniter.php(490): CodeIgniter\CodeIgniter->createController()
 3 SYSTEMPATH/CodeIgniter.php(368): CodeIgniter\CodeIgniter->handleRequest(null, Object(Config\Cache), false)
 4 FCPATH/index.php(67): CodeIgniter\CodeIgniter->run()
WARNING - 2025-06-30 11:04:35 --> [DEPRECATED] Creation of dynamic property App\Controllers\Payment::$tags is deprecated in APPPATH/Controllers/Payment.php on line 42.
 1 SYSTEMPATH/CodeIgniter.php(906): App\Controllers\Payment->__construct()
 2 SYSTEMPATH/CodeIgniter.php(490): CodeIgniter\CodeIgniter->createController()
 3 SYSTEMPATH/CodeIgniter.php(368): CodeIgniter\CodeIgniter->handleRequest(null, Object(Config\Cache), false)
 4 FCPATH/index.php(67): CodeIgniter\CodeIgniter->run()
WARNING - 2025-06-30 11:04:35 --> [DEPRECATED] Creation of dynamic property App\Controllers\Payment::$shippingmethod is deprecated in APPPATH/Controllers/Payment.php on line 43.
 1 SYSTEMPATH/CodeIgniter.php(906): App\Controllers\Payment->__construct()
 2 SYSTEMPATH/CodeIgniter.php(490): CodeIgniter\CodeIgniter->createController()
 3 SYSTEMPATH/CodeIgniter.php(368): CodeIgniter\CodeIgniter->handleRequest(null, Object(Config\Cache), false)
 4 FCPATH/index.php(67): CodeIgniter\CodeIgniter->run()
WARNING - 2025-06-30 11:04:35 --> [DEPRECATED] Creation of dynamic property App\Controllers\Payment::$optionvalue is deprecated in APPPATH/Controllers/Payment.php on line 44.
 1 SYSTEMPATH/CodeIgniter.php(906): App\Controllers\Payment->__construct()
 2 SYSTEMPATH/CodeIgniter.php(490): CodeIgniter\CodeIgniter->createController()
 3 SYSTEMPATH/CodeIgniter.php(368): CodeIgniter\CodeIgniter->handleRequest(null, Object(Config\Cache), false)
 4 FCPATH/index.php(67): CodeIgniter\CodeIgniter->run()
WARNING - 2025-06-30 11:04:35 --> [DEPRECATED] Creation of dynamic property App\Controllers\Payment::$brand is deprecated in APPPATH/Controllers/Payment.php on line 45.
 1 SYSTEMPATH/CodeIgniter.php(906): App\Controllers\Payment->__construct()
 2 SYSTEMPATH/CodeIgniter.php(490): CodeIgniter\CodeIgniter->createController()
 3 SYSTEMPATH/CodeIgniter.php(368): CodeIgniter\CodeIgniter->handleRequest(null, Object(Config\Cache), false)
 4 FCPATH/index.php(67): CodeIgniter\CodeIgniter->run()
WARNING - 2025-06-30 11:04:35 --> [DEPRECATED] Creation of dynamic property App\Controllers\Payment::$Paymentmodel is deprecated in APPPATH/Controllers/Payment.php on line 46.
 1 SYSTEMPATH/CodeIgniter.php(906): App\Controllers\Payment->__construct()
 2 SYSTEMPATH/CodeIgniter.php(490): CodeIgniter\CodeIgniter->createController()
 3 SYSTEMPATH/CodeIgniter.php(368): CodeIgniter\CodeIgniter->handleRequest(null, Object(Config\Cache), false)
 4 FCPATH/index.php(67): CodeIgniter\CodeIgniter->run()
WARNING - 2025-06-30 11:04:35 --> [DEPRECATED] Creation of dynamic property App\Controllers\Payment::$Banners is deprecated in APPPATH/Controllers/Payment.php on line 47.
 1 SYSTEMPATH/CodeIgniter.php(906): App\Controllers\Payment->__construct()
 2 SYSTEMPATH/CodeIgniter.php(490): CodeIgniter\CodeIgniter->createController()
 3 SYSTEMPATH/CodeIgniter.php(368): CodeIgniter\CodeIgniter->handleRequest(null, Object(Config\Cache), false)
 4 FCPATH/index.php(67): CodeIgniter\CodeIgniter->run()
WARNING - 2025-06-30 11:04:35 --> [DEPRECATED] Creation of dynamic property App\Controllers\Payment::$country is deprecated in APPPATH/Controllers/Payment.php on line 48.
 1 SYSTEMPATH/CodeIgniter.php(906): App\Controllers\Payment->__construct()
 2 SYSTEMPATH/CodeIgniter.php(490): CodeIgniter\CodeIgniter->createController()
 3 SYSTEMPATH/CodeIgniter.php(368): CodeIgniter\CodeIgniter->handleRequest(null, Object(Config\Cache), false)
 4 FCPATH/index.php(67): CodeIgniter\CodeIgniter->run()
WARNING - 2025-06-30 11:04:35 --> [DEPRECATED] Creation of dynamic property App\Controllers\Payment::$state is deprecated in APPPATH/Controllers/Payment.php on line 49.
 1 SYSTEMPATH/CodeIgniter.php(906): App\Controllers\Payment->__construct()
 2 SYSTEMPATH/CodeIgniter.php(490): CodeIgniter\CodeIgniter->createController()
 3 SYSTEMPATH/CodeIgniter.php(368): CodeIgniter\CodeIgniter->handleRequest(null, Object(Config\Cache), false)
 4 FCPATH/index.php(67): CodeIgniter\CodeIgniter->run()
WARNING - 2025-06-30 11:04:35 --> [DEPRECATED] Creation of dynamic property App\Controllers\Payment::$city is deprecated in APPPATH/Controllers/Payment.php on line 50.
 1 SYSTEMPATH/CodeIgniter.php(906): App\Controllers\Payment->__construct()
 2 SYSTEMPATH/CodeIgniter.php(490): CodeIgniter\CodeIgniter->createController()
 3 SYSTEMPATH/CodeIgniter.php(368): CodeIgniter\CodeIgniter->handleRequest(null, Object(Config\Cache), false)
 4 FCPATH/index.php(67): CodeIgniter\CodeIgniter->run()
WARNING - 2025-06-30 11:04:35 --> [DEPRECATED] Creation of dynamic property App\Controllers\Payment::$taxes is deprecated in APPPATH/Controllers/Payment.php on line 51.
 1 SYSTEMPATH/CodeIgniter.php(906): App\Controllers\Payment->__construct()
 2 SYSTEMPATH/CodeIgniter.php(490): CodeIgniter\CodeIgniter->createController()
 3 SYSTEMPATH/CodeIgniter.php(368): CodeIgniter\CodeIgniter->handleRequest(null, Object(Config\Cache), false)
 4 FCPATH/index.php(67): CodeIgniter\CodeIgniter->run()
WARNING - 2025-06-30 11:04:35 --> [DEPRECATED] Creation of dynamic property App\Controllers\Payment::$Allsettings is deprecated in APPPATH/Controllers/Payment.php on line 52.
 1 SYSTEMPATH/CodeIgniter.php(906): App\Controllers\Payment->__construct()
 2 SYSTEMPATH/CodeIgniter.php(490): CodeIgniter\CodeIgniter->createController()
 3 SYSTEMPATH/CodeIgniter.php(368): CodeIgniter\CodeIgniter->handleRequest(null, Object(Config\Cache), false)
 4 FCPATH/index.php(67): CodeIgniter\CodeIgniter->run()
WARNING - 2025-06-30 11:04:35 --> [DEPRECATED] Creation of dynamic property App\Controllers\Payment::$cms is deprecated in APPPATH/Controllers/Payment.php on line 53.
 1 SYSTEMPATH/CodeIgniter.php(906): App\Controllers\Payment->__construct()
 2 SYSTEMPATH/CodeIgniter.php(490): CodeIgniter\CodeIgniter->createController()
 3 SYSTEMPATH/CodeIgniter.php(368): CodeIgniter\CodeIgniter->handleRequest(null, Object(Config\Cache), false)
 4 FCPATH/index.php(67): CodeIgniter\CodeIgniter->run()
WARNING - 2025-06-30 11:04:35 --> [DEPRECATED] Creation of dynamic property App\Controllers\Payment::$Cmsfaqs is deprecated in APPPATH/Controllers/Payment.php on line 54.
 1 SYSTEMPATH/CodeIgniter.php(906): App\Controllers\Payment->__construct()
 2 SYSTEMPATH/CodeIgniter.php(490): CodeIgniter\CodeIgniter->createController()
 3 SYSTEMPATH/CodeIgniter.php(368): CodeIgniter\CodeIgniter->handleRequest(null, Object(Config\Cache), false)
 4 FCPATH/index.php(67): CodeIgniter\CodeIgniter->run()
WARNING - 2025-06-30 11:04:35 --> [DEPRECATED] Creation of dynamic property App\Controllers\Payment::$user_model is deprecated in APPPATH/Controllers/Payment.php on line 56.
 1 SYSTEMPATH/CodeIgniter.php(906): App\Controllers\Payment->__construct()
 2 SYSTEMPATH/CodeIgniter.php(490): CodeIgniter\CodeIgniter->createController()
 3 SYSTEMPATH/CodeIgniter.php(368): CodeIgniter\CodeIgniter->handleRequest(null, Object(Config\Cache), false)
 4 FCPATH/index.php(67): CodeIgniter\CodeIgniter->run()
WARNING - 2025-06-30 11:04:35 --> [DEPRECATED] Creation of dynamic property App\Controllers\Payment::$Order is deprecated in APPPATH/Controllers/Payment.php on line 57.
 1 SYSTEMPATH/CodeIgniter.php(906): App\Controllers\Payment->__construct()
 2 SYSTEMPATH/CodeIgniter.php(490): CodeIgniter\CodeIgniter->createController()
 3 SYSTEMPATH/CodeIgniter.php(368): CodeIgniter\CodeIgniter->handleRequest(null, Object(Config\Cache), false)
 4 FCPATH/index.php(67): CodeIgniter\CodeIgniter->run()
WARNING - 2025-06-30 11:04:35 --> [DEPRECATED] Creation of dynamic property App\Controllers\Payment::$Paymentgatewaymodel is deprecated in APPPATH/Controllers/Payment.php on line 58.
 1 SYSTEMPATH/CodeIgniter.php(906): App\Controllers\Payment->__construct()
 2 SYSTEMPATH/CodeIgniter.php(490): CodeIgniter\CodeIgniter->createController()
 3 SYSTEMPATH/CodeIgniter.php(368): CodeIgniter\CodeIgniter->handleRequest(null, Object(Config\Cache), false)
 4 FCPATH/index.php(67): CodeIgniter\CodeIgniter->run()
WARNING - 2025-06-30 11:04:35 --> [DEPRECATED] Creation of dynamic property App\Controllers\Payment::$TaxesclassModel is deprecated in APPPATH/Controllers/Payment.php on line 59.
 1 SYSTEMPATH/CodeIgniter.php(906): App\Controllers\Payment->__construct()
 2 SYSTEMPATH/CodeIgniter.php(490): CodeIgniter\CodeIgniter->createController()
 3 SYSTEMPATH/CodeIgniter.php(368): CodeIgniter\CodeIgniter->handleRequest(null, Object(Config\Cache), false)
 4 FCPATH/index.php(67): CodeIgniter\CodeIgniter->run()
INFO - 2025-06-30 11:04:39 --> Session: Class initialized using 'CodeIgniter\Session\Handlers\FileHandler' driver.
WARNING - 2025-06-30 11:04:39 --> [DEPRECATED] Creation of dynamic property App\Controllers\Orders::$session is deprecated in APPPATH/Controllers/Orders.php on line 34.
 1 SYSTEMPATH/CodeIgniter.php(906): App\Controllers\Orders->__construct()
 2 SYSTEMPATH/CodeIgniter.php(490): CodeIgniter\CodeIgniter->createController()
 3 SYSTEMPATH/CodeIgniter.php(368): CodeIgniter\CodeIgniter->handleRequest(null, Object(Config\Cache), false)
 4 FCPATH/index.php(67): CodeIgniter\CodeIgniter->run()
WARNING - 2025-06-30 11:04:39 --> Session: Sessions is enabled, and one exists. Please don't $session->start();
WARNING - 2025-06-30 11:04:39 --> [DEPRECATED] Creation of dynamic property App\Controllers\Orders::$coupons is deprecated in APPPATH/Controllers/Orders.php on line 38.
 1 SYSTEMPATH/CodeIgniter.php(906): App\Controllers\Orders->__construct()
 2 SYSTEMPATH/CodeIgniter.php(490): CodeIgniter\CodeIgniter->createController()
 3 SYSTEMPATH/CodeIgniter.php(368): CodeIgniter\CodeIgniter->handleRequest(null, Object(Config\Cache), false)
 4 FCPATH/index.php(67): CodeIgniter\CodeIgniter->run()
WARNING - 2025-06-30 11:04:39 --> [DEPRECATED] Creation of dynamic property App\Controllers\Orders::$faqs is deprecated in APPPATH/Controllers/Orders.php on line 39.
 1 SYSTEMPATH/CodeIgniter.php(906): App\Controllers\Orders->__construct()
 2 SYSTEMPATH/CodeIgniter.php(490): CodeIgniter\CodeIgniter->createController()
 3 SYSTEMPATH/CodeIgniter.php(368): CodeIgniter\CodeIgniter->handleRequest(null, Object(Config\Cache), false)
 4 FCPATH/index.php(67): CodeIgniter\CodeIgniter->run()
WARNING - 2025-06-30 11:04:39 --> [DEPRECATED] Creation of dynamic property App\Controllers\Orders::$seo is deprecated in APPPATH/Controllers/Orders.php on line 40.
 1 SYSTEMPATH/CodeIgniter.php(906): App\Controllers\Orders->__construct()
 2 SYSTEMPATH/CodeIgniter.php(490): CodeIgniter\CodeIgniter->createController()
 3 SYSTEMPATH/CodeIgniter.php(368): CodeIgniter\CodeIgniter->handleRequest(null, Object(Config\Cache), false)
 4 FCPATH/index.php(67): CodeIgniter\CodeIgniter->run()
WARNING - 2025-06-30 11:04:39 --> [DEPRECATED] Creation of dynamic property App\Controllers\Orders::$Ordermodel is deprecated in APPPATH/Controllers/Orders.php on line 41.
 1 SYSTEMPATH/CodeIgniter.php(906): App\Controllers\Orders->__construct()
 2 SYSTEMPATH/CodeIgniter.php(490): CodeIgniter\CodeIgniter->createController()
 3 SYSTEMPATH/CodeIgniter.php(368): CodeIgniter\CodeIgniter->handleRequest(null, Object(Config\Cache), false)
 4 FCPATH/index.php(67): CodeIgniter\CodeIgniter->run()
WARNING - 2025-06-30 11:04:39 --> [DEPRECATED] Creation of dynamic property App\Controllers\Orders::$testimonial is deprecated in APPPATH/Controllers/Orders.php on line 42.
 1 SYSTEMPATH/CodeIgniter.php(906): App\Controllers\Orders->__construct()
 2 SYSTEMPATH/CodeIgniter.php(490): CodeIgniter\CodeIgniter->createController()
 3 SYSTEMPATH/CodeIgniter.php(368): CodeIgniter\CodeIgniter->handleRequest(null, Object(Config\Cache), false)
 4 FCPATH/index.php(67): CodeIgniter\CodeIgniter->run()
WARNING - 2025-06-30 11:04:39 --> [DEPRECATED] Creation of dynamic property App\Controllers\Orders::$enquiry is deprecated in APPPATH/Controllers/Orders.php on line 43.
 1 SYSTEMPATH/CodeIgniter.php(906): App\Controllers\Orders->__construct()
 2 SYSTEMPATH/CodeIgniter.php(490): CodeIgniter\CodeIgniter->createController()
 3 SYSTEMPATH/CodeIgniter.php(368): CodeIgniter\CodeIgniter->handleRequest(null, Object(Config\Cache), false)
 4 FCPATH/index.php(67): CodeIgniter\CodeIgniter->run()
WARNING - 2025-06-30 11:04:39 --> [DEPRECATED] Creation of dynamic property App\Controllers\Orders::$product is deprecated in APPPATH/Controllers/Orders.php on line 44.
 1 SYSTEMPATH/CodeIgniter.php(906): App\Controllers\Orders->__construct()
 2 SYSTEMPATH/CodeIgniter.php(490): CodeIgniter\CodeIgniter->createController()
 3 SYSTEMPATH/CodeIgniter.php(368): CodeIgniter\CodeIgniter->handleRequest(null, Object(Config\Cache), false)
 4 FCPATH/index.php(67): CodeIgniter\CodeIgniter->run()
WARNING - 2025-06-30 11:04:39 --> [DEPRECATED] Creation of dynamic property App\Controllers\Orders::$orderitem is deprecated in APPPATH/Controllers/Orders.php on line 45.
 1 SYSTEMPATH/CodeIgniter.php(906): App\Controllers\Orders->__construct()
 2 SYSTEMPATH/CodeIgniter.php(490): CodeIgniter\CodeIgniter->createController()
 3 SYSTEMPATH/CodeIgniter.php(368): CodeIgniter\CodeIgniter->handleRequest(null, Object(Config\Cache), false)
 4 FCPATH/index.php(67): CodeIgniter\CodeIgniter->run()
WARNING - 2025-06-30 11:04:39 --> [DEPRECATED] Creation of dynamic property App\Controllers\Orders::$Ordercomment is deprecated in APPPATH/Controllers/Orders.php on line 46.
 1 SYSTEMPATH/CodeIgniter.php(906): App\Controllers\Orders->__construct()
 2 SYSTEMPATH/CodeIgniter.php(490): CodeIgniter\CodeIgniter->createController()
 3 SYSTEMPATH/CodeIgniter.php(368): CodeIgniter\CodeIgniter->handleRequest(null, Object(Config\Cache), false)
 4 FCPATH/index.php(67): CodeIgniter\CodeIgniter->run()
WARNING - 2025-06-30 11:04:39 --> [DEPRECATED] Creation of dynamic property App\Controllers\Orders::$catagory is deprecated in APPPATH/Controllers/Orders.php on line 47.
 1 SYSTEMPATH/CodeIgniter.php(906): App\Controllers\Orders->__construct()
 2 SYSTEMPATH/CodeIgniter.php(490): CodeIgniter\CodeIgniter->createController()
 3 SYSTEMPATH/CodeIgniter.php(368): CodeIgniter\CodeIgniter->handleRequest(null, Object(Config\Cache), false)
 4 FCPATH/index.php(67): CodeIgniter\CodeIgniter->run()
WARNING - 2025-06-30 11:04:39 --> [DEPRECATED] Creation of dynamic property App\Controllers\Orders::$User is deprecated in APPPATH/Controllers/Orders.php on line 48.
 1 SYSTEMPATH/CodeIgniter.php(906): App\Controllers\Orders->__construct()
 2 SYSTEMPATH/CodeIgniter.php(490): CodeIgniter\CodeIgniter->createController()
 3 SYSTEMPATH/CodeIgniter.php(368): CodeIgniter\CodeIgniter->handleRequest(null, Object(Config\Cache), false)
 4 FCPATH/index.php(67): CodeIgniter\CodeIgniter->run()
WARNING - 2025-06-30 11:04:39 --> [DEPRECATED] Creation of dynamic property App\Controllers\Orders::$shippingmethod is deprecated in APPPATH/Controllers/Orders.php on line 49.
 1 SYSTEMPATH/CodeIgniter.php(906): App\Controllers\Orders->__construct()
 2 SYSTEMPATH/CodeIgniter.php(490): CodeIgniter\CodeIgniter->createController()
 3 SYSTEMPATH/CodeIgniter.php(368): CodeIgniter\CodeIgniter->handleRequest(null, Object(Config\Cache), false)
 4 FCPATH/index.php(67): CodeIgniter\CodeIgniter->run()
WARNING - 2025-06-30 11:04:39 --> [DEPRECATED] Creation of dynamic property App\Controllers\Orders::$shippingrate is deprecated in APPPATH/Controllers/Orders.php on line 50.
 1 SYSTEMPATH/CodeIgniter.php(906): App\Controllers\Orders->__construct()
 2 SYSTEMPATH/CodeIgniter.php(490): CodeIgniter\CodeIgniter->createController()
 3 SYSTEMPATH/CodeIgniter.php(368): CodeIgniter\CodeIgniter->handleRequest(null, Object(Config\Cache), false)
 4 FCPATH/index.php(67): CodeIgniter\CodeIgniter->run()
WARNING - 2025-06-30 11:04:39 --> [DEPRECATED] Creation of dynamic property App\Controllers\Orders::$shippingzone is deprecated in APPPATH/Controllers/Orders.php on line 51.
 1 SYSTEMPATH/CodeIgniter.php(906): App\Controllers\Orders->__construct()
 2 SYSTEMPATH/CodeIgniter.php(490): CodeIgniter\CodeIgniter->createController()
 3 SYSTEMPATH/CodeIgniter.php(368): CodeIgniter\CodeIgniter->handleRequest(null, Object(Config\Cache), false)
 4 FCPATH/index.php(67): CodeIgniter\CodeIgniter->run()
WARNING - 2025-06-30 11:04:39 --> [DEPRECATED] Creation of dynamic property App\Controllers\Orders::$country is deprecated in APPPATH/Controllers/Orders.php on line 52.
 1 SYSTEMPATH/CodeIgniter.php(906): App\Controllers\Orders->__construct()
 2 SYSTEMPATH/CodeIgniter.php(490): CodeIgniter\CodeIgniter->createController()
 3 SYSTEMPATH/CodeIgniter.php(368): CodeIgniter\CodeIgniter->handleRequest(null, Object(Config\Cache), false)
 4 FCPATH/index.php(67): CodeIgniter\CodeIgniter->run()
WARNING - 2025-06-30 11:04:39 --> [DEPRECATED] Creation of dynamic property App\Controllers\Orders::$ChatModel is deprecated in APPPATH/Controllers/Orders.php on line 53.
 1 SYSTEMPATH/CodeIgniter.php(906): App\Controllers\Orders->__construct()
 2 SYSTEMPATH/CodeIgniter.php(490): CodeIgniter\CodeIgniter->createController()
 3 SYSTEMPATH/CodeIgniter.php(368): CodeIgniter\CodeIgniter->handleRequest(null, Object(Config\Cache), false)
 4 FCPATH/index.php(67): CodeIgniter\CodeIgniter->run()
WARNING - 2025-06-30 11:04:39 --> [DEPRECATED] Creation of dynamic property App\Controllers\Orders::$Allsettings is deprecated in APPPATH/Controllers/Orders.php on line 54.
 1 SYSTEMPATH/CodeIgniter.php(906): App\Controllers\Orders->__construct()
 2 SYSTEMPATH/CodeIgniter.php(490): CodeIgniter\CodeIgniter->createController()
 3 SYSTEMPATH/CodeIgniter.php(368): CodeIgniter\CodeIgniter->handleRequest(null, Object(Config\Cache), false)
 4 FCPATH/index.php(67): CodeIgniter\CodeIgniter->run()
WARNING - 2025-06-30 11:04:39 --> [DEPRECATED] Creation of dynamic property App\Controllers\Orders::$ShippingDataModel is deprecated in APPPATH/Controllers/Orders.php on line 55.
 1 SYSTEMPATH/CodeIgniter.php(906): App\Controllers\Orders->__construct()
 2 SYSTEMPATH/CodeIgniter.php(490): CodeIgniter\CodeIgniter->createController()
 3 SYSTEMPATH/CodeIgniter.php(368): CodeIgniter\CodeIgniter->handleRequest(null, Object(Config\Cache), false)
 4 FCPATH/index.php(67): CodeIgniter\CodeIgniter->run()
WARNING - 2025-06-30 11:04:39 --> [DEPRECATED] Creation of dynamic property App\Controllers\Orders::$cityModel is deprecated in APPPATH/Controllers/Orders.php on line 56.
 1 SYSTEMPATH/CodeIgniter.php(906): App\Controllers\Orders->__construct()
 2 SYSTEMPATH/CodeIgniter.php(490): CodeIgniter\CodeIgniter->createController()
 3 SYSTEMPATH/CodeIgniter.php(368): CodeIgniter\CodeIgniter->handleRequest(null, Object(Config\Cache), false)
 4 FCPATH/index.php(67): CodeIgniter\CodeIgniter->run()
WARNING - 2025-06-30 11:04:39 --> [DEPRECATED] Creation of dynamic property App\Controllers\Orders::$stateModel is deprecated in APPPATH/Controllers/Orders.php on line 57.
 1 SYSTEMPATH/CodeIgniter.php(906): App\Controllers\Orders->__construct()
 2 SYSTEMPATH/CodeIgniter.php(490): CodeIgniter\CodeIgniter->createController()
 3 SYSTEMPATH/CodeIgniter.php(368): CodeIgniter\CodeIgniter->handleRequest(null, Object(Config\Cache), false)
 4 FCPATH/index.php(67): CodeIgniter\CodeIgniter->run()
WARNING - 2025-06-30 11:04:39 --> [DEPRECATED] Creation of dynamic property App\Controllers\Orders::$taxModel is deprecated in APPPATH/Controllers/Orders.php on line 58.
 1 SYSTEMPATH/CodeIgniter.php(906): App\Controllers\Orders->__construct()
 2 SYSTEMPATH/CodeIgniter.php(490): CodeIgniter\CodeIgniter->createController()
 3 SYSTEMPATH/CodeIgniter.php(368): CodeIgniter\CodeIgniter->handleRequest(null, Object(Config\Cache), false)
 4 FCPATH/index.php(67): CodeIgniter\CodeIgniter->run()
WARNING - 2025-06-30 11:04:40 --> [DEPRECATED] json_decode(): Passing null to parameter #1 ($json) of type string is deprecated in APPPATH/Views/all_chat.php on line 187.
 1 APPPATH/Views/all_chat.php(187): json_decode(null, true)
 2 SYSTEMPATH/View/View.php(213): include('/home/u573967329/domains/ecom-demo.fableadtech.com/public_html/admin/app/Views/all_chat.php')
 3 SYSTEMPATH/View/View.php(216): CodeIgniter\View\View->CodeIgniter\View\{closure}()
 4 SYSTEMPATH/Common.php(1184): CodeIgniter\View\View->render('all_chat', [], true)
 5 APPPATH/Controllers/Orders.php(1720): view('all_chat', [...])
 6 SYSTEMPATH/CodeIgniter.php(934): App\Controllers\Orders->all_chat()
 7 SYSTEMPATH/CodeIgniter.php(499): CodeIgniter\CodeIgniter->runController(Object(App\Controllers\Orders))
 8 SYSTEMPATH/CodeIgniter.php(368): CodeIgniter\CodeIgniter->handleRequest(null, Object(Config\Cache), false)
 9 FCPATH/index.php(67): CodeIgniter\CodeIgniter->run()
WARNING - 2025-06-30 11:04:40 --> [DEPRECATED] htmlspecialchars(): Passing null to parameter #1 ($string) of type string is deprecated in APPPATH/Views/all_chat.php on line 196.
 1 APPPATH/Views/all_chat.php(196): htmlspecialchars(null)
 2 SYSTEMPATH/View/View.php(213): include('/home/u573967329/domains/ecom-demo.fableadtech.com/public_html/admin/app/Views/all_chat.php')
 3 SYSTEMPATH/View/View.php(216): CodeIgniter\View\View->CodeIgniter\View\{closure}()
 4 SYSTEMPATH/Common.php(1184): CodeIgniter\View\View->render('all_chat', [], true)
 5 APPPATH/Controllers/Orders.php(1720): view('all_chat', [...])
 6 SYSTEMPATH/CodeIgniter.php(934): App\Controllers\Orders->all_chat()
 7 SYSTEMPATH/CodeIgniter.php(499): CodeIgniter\CodeIgniter->runController(Object(App\Controllers\Orders))
 8 SYSTEMPATH/CodeIgniter.php(368): CodeIgniter\CodeIgniter->handleRequest(null, Object(Config\Cache), false)
 9 FCPATH/index.php(67): CodeIgniter\CodeIgniter->run()
WARNING - 2025-06-30 11:04:40 --> [DEPRECATED] json_decode(): Passing null to parameter #1 ($json) of type string is deprecated in APPPATH/Views/all_chat.php on line 187.
 1 APPPATH/Views/all_chat.php(187): json_decode(null, true)
 2 SYSTEMPATH/View/View.php(213): include('/home/u573967329/domains/ecom-demo.fableadtech.com/public_html/admin/app/Views/all_chat.php')
 3 SYSTEMPATH/View/View.php(216): CodeIgniter\View\View->CodeIgniter\View\{closure}()
 4 SYSTEMPATH/Common.php(1184): CodeIgniter\View\View->render('all_chat', [], true)
 5 APPPATH/Controllers/Orders.php(1720): view('all_chat', [...])
 6 SYSTEMPATH/CodeIgniter.php(934): App\Controllers\Orders->all_chat()
 7 SYSTEMPATH/CodeIgniter.php(499): CodeIgniter\CodeIgniter->runController(Object(App\Controllers\Orders))
 8 SYSTEMPATH/CodeIgniter.php(368): CodeIgniter\CodeIgniter->handleRequest(null, Object(Config\Cache), false)
 9 FCPATH/index.php(67): CodeIgniter\CodeIgniter->run()
WARNING - 2025-06-30 11:04:40 --> [DEPRECATED] htmlspecialchars(): Passing null to parameter #1 ($string) of type string is deprecated in APPPATH/Views/all_chat.php on line 196.
 1 APPPATH/Views/all_chat.php(196): htmlspecialchars(null)
 2 SYSTEMPATH/View/View.php(213): include('/home/u573967329/domains/ecom-demo.fableadtech.com/public_html/admin/app/Views/all_chat.php')
 3 SYSTEMPATH/View/View.php(216): CodeIgniter\View\View->CodeIgniter\View\{closure}()
 4 SYSTEMPATH/Common.php(1184): CodeIgniter\View\View->render('all_chat', [], true)
 5 APPPATH/Controllers/Orders.php(1720): view('all_chat', [...])
 6 SYSTEMPATH/CodeIgniter.php(934): App\Controllers\Orders->all_chat()
 7 SYSTEMPATH/CodeIgniter.php(499): CodeIgniter\CodeIgniter->runController(Object(App\Controllers\Orders))
 8 SYSTEMPATH/CodeIgniter.php(368): CodeIgniter\CodeIgniter->handleRequest(null, Object(Config\Cache), false)
 9 FCPATH/index.php(67): CodeIgniter\CodeIgniter->run()
WARNING - 2025-06-30 11:04:40 --> [DEPRECATED] json_decode(): Passing null to parameter #1 ($json) of type string is deprecated in APPPATH/Views/all_chat.php on line 187.
 1 APPPATH/Views/all_chat.php(187): json_decode(null, true)
 2 SYSTEMPATH/View/View.php(213): include('/home/u573967329/domains/ecom-demo.fableadtech.com/public_html/admin/app/Views/all_chat.php')
 3 SYSTEMPATH/View/View.php(216): CodeIgniter\View\View->CodeIgniter\View\{closure}()
 4 SYSTEMPATH/Common.php(1184): CodeIgniter\View\View->render('all_chat', [], true)
 5 APPPATH/Controllers/Orders.php(1720): view('all_chat', [...])
 6 SYSTEMPATH/CodeIgniter.php(934): App\Controllers\Orders->all_chat()
 7 SYSTEMPATH/CodeIgniter.php(499): CodeIgniter\CodeIgniter->runController(Object(App\Controllers\Orders))
 8 SYSTEMPATH/CodeIgniter.php(368): CodeIgniter\CodeIgniter->handleRequest(null, Object(Config\Cache), false)
 9 FCPATH/index.php(67): CodeIgniter\CodeIgniter->run()
WARNING - 2025-06-30 11:04:40 --> [DEPRECATED] htmlspecialchars(): Passing null to parameter #1 ($string) of type string is deprecated in APPPATH/Views/all_chat.php on line 196.
 1 APPPATH/Views/all_chat.php(196): htmlspecialchars(null)
 2 SYSTEMPATH/View/View.php(213): include('/home/u573967329/domains/ecom-demo.fableadtech.com/public_html/admin/app/Views/all_chat.php')
 3 SYSTEMPATH/View/View.php(216): CodeIgniter\View\View->CodeIgniter\View\{closure}()
 4 SYSTEMPATH/Common.php(1184): CodeIgniter\View\View->render('all_chat', [], true)
 5 APPPATH/Controllers/Orders.php(1720): view('all_chat', [...])
 6 SYSTEMPATH/CodeIgniter.php(934): App\Controllers\Orders->all_chat()
 7 SYSTEMPATH/CodeIgniter.php(499): CodeIgniter\CodeIgniter->runController(Object(App\Controllers\Orders))
 8 SYSTEMPATH/CodeIgniter.php(368): CodeIgniter\CodeIgniter->handleRequest(null, Object(Config\Cache), false)
 9 FCPATH/index.php(67): CodeIgniter\CodeIgniter->run()
WARNING - 2025-06-30 11:04:40 --> [DEPRECATED] json_decode(): Passing null to parameter #1 ($json) of type string is deprecated in APPPATH/Views/all_chat.php on line 187.
 1 APPPATH/Views/all_chat.php(187): json_decode(null, true)
 2 SYSTEMPATH/View/View.php(213): include('/home/u573967329/domains/ecom-demo.fableadtech.com/public_html/admin/app/Views/all_chat.php')
 3 SYSTEMPATH/View/View.php(216): CodeIgniter\View\View->CodeIgniter\View\{closure}()
 4 SYSTEMPATH/Common.php(1184): CodeIgniter\View\View->render('all_chat', [], true)
 5 APPPATH/Controllers/Orders.php(1720): view('all_chat', [...])
 6 SYSTEMPATH/CodeIgniter.php(934): App\Controllers\Orders->all_chat()
 7 SYSTEMPATH/CodeIgniter.php(499): CodeIgniter\CodeIgniter->runController(Object(App\Controllers\Orders))
 8 SYSTEMPATH/CodeIgniter.php(368): CodeIgniter\CodeIgniter->handleRequest(null, Object(Config\Cache), false)
 9 FCPATH/index.php(67): CodeIgniter\CodeIgniter->run()
WARNING - 2025-06-30 11:04:40 --> [DEPRECATED] htmlspecialchars(): Passing null to parameter #1 ($string) of type string is deprecated in APPPATH/Views/all_chat.php on line 196.
 1 APPPATH/Views/all_chat.php(196): htmlspecialchars(null)
 2 SYSTEMPATH/View/View.php(213): include('/home/u573967329/domains/ecom-demo.fableadtech.com/public_html/admin/app/Views/all_chat.php')
 3 SYSTEMPATH/View/View.php(216): CodeIgniter\View\View->CodeIgniter\View\{closure}()
 4 SYSTEMPATH/Common.php(1184): CodeIgniter\View\View->render('all_chat', [], true)
 5 APPPATH/Controllers/Orders.php(1720): view('all_chat', [...])
 6 SYSTEMPATH/CodeIgniter.php(934): App\Controllers\Orders->all_chat()
 7 SYSTEMPATH/CodeIgniter.php(499): CodeIgniter\CodeIgniter->runController(Object(App\Controllers\Orders))
 8 SYSTEMPATH/CodeIgniter.php(368): CodeIgniter\CodeIgniter->handleRequest(null, Object(Config\Cache), false)
 9 FCPATH/index.php(67): CodeIgniter\CodeIgniter->run()
WARNING - 2025-06-30 11:04:40 --> [DEPRECATED] json_decode(): Passing null to parameter #1 ($json) of type string is deprecated in APPPATH/Views/all_chat.php on line 187.
 1 APPPATH/Views/all_chat.php(187): json_decode(null, true)
 2 SYSTEMPATH/View/View.php(213): include('/home/u573967329/domains/ecom-demo.fableadtech.com/public_html/admin/app/Views/all_chat.php')
 3 SYSTEMPATH/View/View.php(216): CodeIgniter\View\View->CodeIgniter\View\{closure}()
 4 SYSTEMPATH/Common.php(1184): CodeIgniter\View\View->render('all_chat', [], true)
 5 APPPATH/Controllers/Orders.php(1720): view('all_chat', [...])
 6 SYSTEMPATH/CodeIgniter.php(934): App\Controllers\Orders->all_chat()
 7 SYSTEMPATH/CodeIgniter.php(499): CodeIgniter\CodeIgniter->runController(Object(App\Controllers\Orders))
 8 SYSTEMPATH/CodeIgniter.php(368): CodeIgniter\CodeIgniter->handleRequest(null, Object(Config\Cache), false)
 9 FCPATH/index.php(67): CodeIgniter\CodeIgniter->run()
WARNING - 2025-06-30 11:04:40 --> [DEPRECATED] htmlspecialchars(): Passing null to parameter #1 ($string) of type string is deprecated in APPPATH/Views/all_chat.php on line 196.
 1 APPPATH/Views/all_chat.php(196): htmlspecialchars(null)
 2 SYSTEMPATH/View/View.php(213): include('/home/u573967329/domains/ecom-demo.fableadtech.com/public_html/admin/app/Views/all_chat.php')
 3 SYSTEMPATH/View/View.php(216): CodeIgniter\View\View->CodeIgniter\View\{closure}()
 4 SYSTEMPATH/Common.php(1184): CodeIgniter\View\View->render('all_chat', [], true)
 5 APPPATH/Controllers/Orders.php(1720): view('all_chat', [...])
 6 SYSTEMPATH/CodeIgniter.php(934): App\Controllers\Orders->all_chat()
 7 SYSTEMPATH/CodeIgniter.php(499): CodeIgniter\CodeIgniter->runController(Object(App\Controllers\Orders))
 8 SYSTEMPATH/CodeIgniter.php(368): CodeIgniter\CodeIgniter->handleRequest(null, Object(Config\Cache), false)
 9 FCPATH/index.php(67): CodeIgniter\CodeIgniter->run()
INFO - 2025-06-30 11:04:45 --> Session: Class initialized using 'CodeIgniter\Session\Handlers\FileHandler' driver.
WARNING - 2025-06-30 11:04:45 --> [DEPRECATED] Creation of dynamic property App\Controllers\Orders::$session is deprecated in APPPATH/Controllers/Orders.php on line 34.
 1 SYSTEMPATH/CodeIgniter.php(906): App\Controllers\Orders->__construct()
 2 SYSTEMPATH/CodeIgniter.php(490): CodeIgniter\CodeIgniter->createController()
 3 SYSTEMPATH/CodeIgniter.php(368): CodeIgniter\CodeIgniter->handleRequest(null, Object(Config\Cache), false)
 4 FCPATH/index.php(67): CodeIgniter\CodeIgniter->run()
WARNING - 2025-06-30 11:04:45 --> Session: Sessions is enabled, and one exists. Please don't $session->start();
WARNING - 2025-06-30 11:04:45 --> [DEPRECATED] Creation of dynamic property App\Controllers\Orders::$coupons is deprecated in APPPATH/Controllers/Orders.php on line 38.
 1 SYSTEMPATH/CodeIgniter.php(906): App\Controllers\Orders->__construct()
 2 SYSTEMPATH/CodeIgniter.php(490): CodeIgniter\CodeIgniter->createController()
 3 SYSTEMPATH/CodeIgniter.php(368): CodeIgniter\CodeIgniter->handleRequest(null, Object(Config\Cache), false)
 4 FCPATH/index.php(67): CodeIgniter\CodeIgniter->run()
WARNING - 2025-06-30 11:04:45 --> [DEPRECATED] Creation of dynamic property App\Controllers\Orders::$faqs is deprecated in APPPATH/Controllers/Orders.php on line 39.
 1 SYSTEMPATH/CodeIgniter.php(906): App\Controllers\Orders->__construct()
 2 SYSTEMPATH/CodeIgniter.php(490): CodeIgniter\CodeIgniter->createController()
 3 SYSTEMPATH/CodeIgniter.php(368): CodeIgniter\CodeIgniter->handleRequest(null, Object(Config\Cache), false)
 4 FCPATH/index.php(67): CodeIgniter\CodeIgniter->run()
WARNING - 2025-06-30 11:04:45 --> [DEPRECATED] Creation of dynamic property App\Controllers\Orders::$seo is deprecated in APPPATH/Controllers/Orders.php on line 40.
 1 SYSTEMPATH/CodeIgniter.php(906): App\Controllers\Orders->__construct()
 2 SYSTEMPATH/CodeIgniter.php(490): CodeIgniter\CodeIgniter->createController()
 3 SYSTEMPATH/CodeIgniter.php(368): CodeIgniter\CodeIgniter->handleRequest(null, Object(Config\Cache), false)
 4 FCPATH/index.php(67): CodeIgniter\CodeIgniter->run()
WARNING - 2025-06-30 11:04:45 --> [DEPRECATED] Creation of dynamic property App\Controllers\Orders::$Ordermodel is deprecated in APPPATH/Controllers/Orders.php on line 41.
 1 SYSTEMPATH/CodeIgniter.php(906): App\Controllers\Orders->__construct()
 2 SYSTEMPATH/CodeIgniter.php(490): CodeIgniter\CodeIgniter->createController()
 3 SYSTEMPATH/CodeIgniter.php(368): CodeIgniter\CodeIgniter->handleRequest(null, Object(Config\Cache), false)
 4 FCPATH/index.php(67): CodeIgniter\CodeIgniter->run()
WARNING - 2025-06-30 11:04:45 --> [DEPRECATED] Creation of dynamic property App\Controllers\Orders::$testimonial is deprecated in APPPATH/Controllers/Orders.php on line 42.
 1 SYSTEMPATH/CodeIgniter.php(906): App\Controllers\Orders->__construct()
 2 SYSTEMPATH/CodeIgniter.php(490): CodeIgniter\CodeIgniter->createController()
 3 SYSTEMPATH/CodeIgniter.php(368): CodeIgniter\CodeIgniter->handleRequest(null, Object(Config\Cache), false)
 4 FCPATH/index.php(67): CodeIgniter\CodeIgniter->run()
WARNING - 2025-06-30 11:04:45 --> [DEPRECATED] Creation of dynamic property App\Controllers\Orders::$enquiry is deprecated in APPPATH/Controllers/Orders.php on line 43.
 1 SYSTEMPATH/CodeIgniter.php(906): App\Controllers\Orders->__construct()
 2 SYSTEMPATH/CodeIgniter.php(490): CodeIgniter\CodeIgniter->createController()
 3 SYSTEMPATH/CodeIgniter.php(368): CodeIgniter\CodeIgniter->handleRequest(null, Object(Config\Cache), false)
 4 FCPATH/index.php(67): CodeIgniter\CodeIgniter->run()
WARNING - 2025-06-30 11:04:45 --> [DEPRECATED] Creation of dynamic property App\Controllers\Orders::$product is deprecated in APPPATH/Controllers/Orders.php on line 44.
 1 SYSTEMPATH/CodeIgniter.php(906): App\Controllers\Orders->__construct()
 2 SYSTEMPATH/CodeIgniter.php(490): CodeIgniter\CodeIgniter->createController()
 3 SYSTEMPATH/CodeIgniter.php(368): CodeIgniter\CodeIgniter->handleRequest(null, Object(Config\Cache), false)
 4 FCPATH/index.php(67): CodeIgniter\CodeIgniter->run()
WARNING - 2025-06-30 11:04:45 --> [DEPRECATED] Creation of dynamic property App\Controllers\Orders::$orderitem is deprecated in APPPATH/Controllers/Orders.php on line 45.
 1 SYSTEMPATH/CodeIgniter.php(906): App\Controllers\Orders->__construct()
 2 SYSTEMPATH/CodeIgniter.php(490): CodeIgniter\CodeIgniter->createController()
 3 SYSTEMPATH/CodeIgniter.php(368): CodeIgniter\CodeIgniter->handleRequest(null, Object(Config\Cache), false)
 4 FCPATH/index.php(67): CodeIgniter\CodeIgniter->run()
WARNING - 2025-06-30 11:04:45 --> [DEPRECATED] Creation of dynamic property App\Controllers\Orders::$Ordercomment is deprecated in APPPATH/Controllers/Orders.php on line 46.
 1 SYSTEMPATH/CodeIgniter.php(906): App\Controllers\Orders->__construct()
 2 SYSTEMPATH/CodeIgniter.php(490): CodeIgniter\CodeIgniter->createController()
 3 SYSTEMPATH/CodeIgniter.php(368): CodeIgniter\CodeIgniter->handleRequest(null, Object(Config\Cache), false)
 4 FCPATH/index.php(67): CodeIgniter\CodeIgniter->run()
WARNING - 2025-06-30 11:04:45 --> [DEPRECATED] Creation of dynamic property App\Controllers\Orders::$catagory is deprecated in APPPATH/Controllers/Orders.php on line 47.
 1 SYSTEMPATH/CodeIgniter.php(906): App\Controllers\Orders->__construct()
 2 SYSTEMPATH/CodeIgniter.php(490): CodeIgniter\CodeIgniter->createController()
 3 SYSTEMPATH/CodeIgniter.php(368): CodeIgniter\CodeIgniter->handleRequest(null, Object(Config\Cache), false)
 4 FCPATH/index.php(67): CodeIgniter\CodeIgniter->run()
WARNING - 2025-06-30 11:04:45 --> [DEPRECATED] Creation of dynamic property App\Controllers\Orders::$User is deprecated in APPPATH/Controllers/Orders.php on line 48.
 1 SYSTEMPATH/CodeIgniter.php(906): App\Controllers\Orders->__construct()
 2 SYSTEMPATH/CodeIgniter.php(490): CodeIgniter\CodeIgniter->createController()
 3 SYSTEMPATH/CodeIgniter.php(368): CodeIgniter\CodeIgniter->handleRequest(null, Object(Config\Cache), false)
 4 FCPATH/index.php(67): CodeIgniter\CodeIgniter->run()
WARNING - 2025-06-30 11:04:45 --> [DEPRECATED] Creation of dynamic property App\Controllers\Orders::$shippingmethod is deprecated in APPPATH/Controllers/Orders.php on line 49.
 1 SYSTEMPATH/CodeIgniter.php(906): App\Controllers\Orders->__construct()
 2 SYSTEMPATH/CodeIgniter.php(490): CodeIgniter\CodeIgniter->createController()
 3 SYSTEMPATH/CodeIgniter.php(368): CodeIgniter\CodeIgniter->handleRequest(null, Object(Config\Cache), false)
 4 FCPATH/index.php(67): CodeIgniter\CodeIgniter->run()
WARNING - 2025-06-30 11:04:45 --> [DEPRECATED] Creation of dynamic property App\Controllers\Orders::$shippingrate is deprecated in APPPATH/Controllers/Orders.php on line 50.
 1 SYSTEMPATH/CodeIgniter.php(906): App\Controllers\Orders->__construct()
 2 SYSTEMPATH/CodeIgniter.php(490): CodeIgniter\CodeIgniter->createController()
 3 SYSTEMPATH/CodeIgniter.php(368): CodeIgniter\CodeIgniter->handleRequest(null, Object(Config\Cache), false)
 4 FCPATH/index.php(67): CodeIgniter\CodeIgniter->run()
WARNING - 2025-06-30 11:04:45 --> [DEPRECATED] Creation of dynamic property App\Controllers\Orders::$shippingzone is deprecated in APPPATH/Controllers/Orders.php on line 51.
 1 SYSTEMPATH/CodeIgniter.php(906): App\Controllers\Orders->__construct()
 2 SYSTEMPATH/CodeIgniter.php(490): CodeIgniter\CodeIgniter->createController()
 3 SYSTEMPATH/CodeIgniter.php(368): CodeIgniter\CodeIgniter->handleRequest(null, Object(Config\Cache), false)
 4 FCPATH/index.php(67): CodeIgniter\CodeIgniter->run()
WARNING - 2025-06-30 11:04:45 --> [DEPRECATED] Creation of dynamic property App\Controllers\Orders::$country is deprecated in APPPATH/Controllers/Orders.php on line 52.
 1 SYSTEMPATH/CodeIgniter.php(906): App\Controllers\Orders->__construct()
 2 SYSTEMPATH/CodeIgniter.php(490): CodeIgniter\CodeIgniter->createController()
 3 SYSTEMPATH/CodeIgniter.php(368): CodeIgniter\CodeIgniter->handleRequest(null, Object(Config\Cache), false)
 4 FCPATH/index.php(67): CodeIgniter\CodeIgniter->run()
WARNING - 2025-06-30 11:04:45 --> [DEPRECATED] Creation of dynamic property App\Controllers\Orders::$ChatModel is deprecated in APPPATH/Controllers/Orders.php on line 53.
 1 SYSTEMPATH/CodeIgniter.php(906): App\Controllers\Orders->__construct()
 2 SYSTEMPATH/CodeIgniter.php(490): CodeIgniter\CodeIgniter->createController()
 3 SYSTEMPATH/CodeIgniter.php(368): CodeIgniter\CodeIgniter->handleRequest(null, Object(Config\Cache), false)
 4 FCPATH/index.php(67): CodeIgniter\CodeIgniter->run()
WARNING - 2025-06-30 11:04:45 --> [DEPRECATED] Creation of dynamic property App\Controllers\Orders::$Allsettings is deprecated in APPPATH/Controllers/Orders.php on line 54.
 1 SYSTEMPATH/CodeIgniter.php(906): App\Controllers\Orders->__construct()
 2 SYSTEMPATH/CodeIgniter.php(490): CodeIgniter\CodeIgniter->createController()
 3 SYSTEMPATH/CodeIgniter.php(368): CodeIgniter\CodeIgniter->handleRequest(null, Object(Config\Cache), false)
 4 FCPATH/index.php(67): CodeIgniter\CodeIgniter->run()
WARNING - 2025-06-30 11:04:45 --> [DEPRECATED] Creation of dynamic property App\Controllers\Orders::$ShippingDataModel is deprecated in APPPATH/Controllers/Orders.php on line 55.
 1 SYSTEMPATH/CodeIgniter.php(906): App\Controllers\Orders->__construct()
 2 SYSTEMPATH/CodeIgniter.php(490): CodeIgniter\CodeIgniter->createController()
 3 SYSTEMPATH/CodeIgniter.php(368): CodeIgniter\CodeIgniter->handleRequest(null, Object(Config\Cache), false)
 4 FCPATH/index.php(67): CodeIgniter\CodeIgniter->run()
WARNING - 2025-06-30 11:04:45 --> [DEPRECATED] Creation of dynamic property App\Controllers\Orders::$cityModel is deprecated in APPPATH/Controllers/Orders.php on line 56.
 1 SYSTEMPATH/CodeIgniter.php(906): App\Controllers\Orders->__construct()
 2 SYSTEMPATH/CodeIgniter.php(490): CodeIgniter\CodeIgniter->createController()
 3 SYSTEMPATH/CodeIgniter.php(368): CodeIgniter\CodeIgniter->handleRequest(null, Object(Config\Cache), false)
 4 FCPATH/index.php(67): CodeIgniter\CodeIgniter->run()
WARNING - 2025-06-30 11:04:45 --> [DEPRECATED] Creation of dynamic property App\Controllers\Orders::$stateModel is deprecated in APPPATH/Controllers/Orders.php on line 57.
 1 SYSTEMPATH/CodeIgniter.php(906): App\Controllers\Orders->__construct()
 2 SYSTEMPATH/CodeIgniter.php(490): CodeIgniter\CodeIgniter->createController()
 3 SYSTEMPATH/CodeIgniter.php(368): CodeIgniter\CodeIgniter->handleRequest(null, Object(Config\Cache), false)
 4 FCPATH/index.php(67): CodeIgniter\CodeIgniter->run()
WARNING - 2025-06-30 11:04:45 --> [DEPRECATED] Creation of dynamic property App\Controllers\Orders::$taxModel is deprecated in APPPATH/Controllers/Orders.php on line 58.
 1 SYSTEMPATH/CodeIgniter.php(906): App\Controllers\Orders->__construct()
 2 SYSTEMPATH/CodeIgniter.php(490): CodeIgniter\CodeIgniter->createController()
 3 SYSTEMPATH/CodeIgniter.php(368): CodeIgniter\CodeIgniter->handleRequest(null, Object(Config\Cache), false)
 4 FCPATH/index.php(67): CodeIgniter\CodeIgniter->run()
INFO - 2025-06-30 11:04:45 --> Session: Class initialized using 'CodeIgniter\Session\Handlers\FileHandler' driver.
WARNING - 2025-06-30 11:04:45 --> [DEPRECATED] Creation of dynamic property App\Controllers\Orders::$session is deprecated in APPPATH/Controllers/Orders.php on line 34.
 1 SYSTEMPATH/CodeIgniter.php(906): App\Controllers\Orders->__construct()
 2 SYSTEMPATH/CodeIgniter.php(490): CodeIgniter\CodeIgniter->createController()
 3 SYSTEMPATH/CodeIgniter.php(368): CodeIgniter\CodeIgniter->handleRequest(null, Object(Config\Cache), false)
 4 FCPATH/index.php(67): CodeIgniter\CodeIgniter->run()
WARNING - 2025-06-30 11:04:45 --> Session: Sessions is enabled, and one exists. Please don't $session->start();
WARNING - 2025-06-30 11:04:45 --> [DEPRECATED] Creation of dynamic property App\Controllers\Orders::$coupons is deprecated in APPPATH/Controllers/Orders.php on line 38.
 1 SYSTEMPATH/CodeIgniter.php(906): App\Controllers\Orders->__construct()
 2 SYSTEMPATH/CodeIgniter.php(490): CodeIgniter\CodeIgniter->createController()
 3 SYSTEMPATH/CodeIgniter.php(368): CodeIgniter\CodeIgniter->handleRequest(null, Object(Config\Cache), false)
 4 FCPATH/index.php(67): CodeIgniter\CodeIgniter->run()
WARNING - 2025-06-30 11:04:45 --> [DEPRECATED] Creation of dynamic property App\Controllers\Orders::$faqs is deprecated in APPPATH/Controllers/Orders.php on line 39.
 1 SYSTEMPATH/CodeIgniter.php(906): App\Controllers\Orders->__construct()
 2 SYSTEMPATH/CodeIgniter.php(490): CodeIgniter\CodeIgniter->createController()
 3 SYSTEMPATH/CodeIgniter.php(368): CodeIgniter\CodeIgniter->handleRequest(null, Object(Config\Cache), false)
 4 FCPATH/index.php(67): CodeIgniter\CodeIgniter->run()
WARNING - 2025-06-30 11:04:45 --> [DEPRECATED] Creation of dynamic property App\Controllers\Orders::$seo is deprecated in APPPATH/Controllers/Orders.php on line 40.
 1 SYSTEMPATH/CodeIgniter.php(906): App\Controllers\Orders->__construct()
 2 SYSTEMPATH/CodeIgniter.php(490): CodeIgniter\CodeIgniter->createController()
 3 SYSTEMPATH/CodeIgniter.php(368): CodeIgniter\CodeIgniter->handleRequest(null, Object(Config\Cache), false)
 4 FCPATH/index.php(67): CodeIgniter\CodeIgniter->run()
WARNING - 2025-06-30 11:04:45 --> [DEPRECATED] Creation of dynamic property App\Controllers\Orders::$Ordermodel is deprecated in APPPATH/Controllers/Orders.php on line 41.
 1 SYSTEMPATH/CodeIgniter.php(906): App\Controllers\Orders->__construct()
 2 SYSTEMPATH/CodeIgniter.php(490): CodeIgniter\CodeIgniter->createController()
 3 SYSTEMPATH/CodeIgniter.php(368): CodeIgniter\CodeIgniter->handleRequest(null, Object(Config\Cache), false)
 4 FCPATH/index.php(67): CodeIgniter\CodeIgniter->run()
WARNING - 2025-06-30 11:04:45 --> [DEPRECATED] Creation of dynamic property App\Controllers\Orders::$testimonial is deprecated in APPPATH/Controllers/Orders.php on line 42.
 1 SYSTEMPATH/CodeIgniter.php(906): App\Controllers\Orders->__construct()
 2 SYSTEMPATH/CodeIgniter.php(490): CodeIgniter\CodeIgniter->createController()
 3 SYSTEMPATH/CodeIgniter.php(368): CodeIgniter\CodeIgniter->handleRequest(null, Object(Config\Cache), false)
 4 FCPATH/index.php(67): CodeIgniter\CodeIgniter->run()
WARNING - 2025-06-30 11:04:45 --> [DEPRECATED] Creation of dynamic property App\Controllers\Orders::$enquiry is deprecated in APPPATH/Controllers/Orders.php on line 43.
 1 SYSTEMPATH/CodeIgniter.php(906): App\Controllers\Orders->__construct()
 2 SYSTEMPATH/CodeIgniter.php(490): CodeIgniter\CodeIgniter->createController()
 3 SYSTEMPATH/CodeIgniter.php(368): CodeIgniter\CodeIgniter->handleRequest(null, Object(Config\Cache), false)
 4 FCPATH/index.php(67): CodeIgniter\CodeIgniter->run()
WARNING - 2025-06-30 11:04:45 --> [DEPRECATED] Creation of dynamic property App\Controllers\Orders::$product is deprecated in APPPATH/Controllers/Orders.php on line 44.
 1 SYSTEMPATH/CodeIgniter.php(906): App\Controllers\Orders->__construct()
 2 SYSTEMPATH/CodeIgniter.php(490): CodeIgniter\CodeIgniter->createController()
 3 SYSTEMPATH/CodeIgniter.php(368): CodeIgniter\CodeIgniter->handleRequest(null, Object(Config\Cache), false)
 4 FCPATH/index.php(67): CodeIgniter\CodeIgniter->run()
WARNING - 2025-06-30 11:04:45 --> [DEPRECATED] Creation of dynamic property App\Controllers\Orders::$orderitem is deprecated in APPPATH/Controllers/Orders.php on line 45.
 1 SYSTEMPATH/CodeIgniter.php(906): App\Controllers\Orders->__construct()
 2 SYSTEMPATH/CodeIgniter.php(490): CodeIgniter\CodeIgniter->createController()
 3 SYSTEMPATH/CodeIgniter.php(368): CodeIgniter\CodeIgniter->handleRequest(null, Object(Config\Cache), false)
 4 FCPATH/index.php(67): CodeIgniter\CodeIgniter->run()
WARNING - 2025-06-30 11:04:45 --> [DEPRECATED] Creation of dynamic property App\Controllers\Orders::$Ordercomment is deprecated in APPPATH/Controllers/Orders.php on line 46.
 1 SYSTEMPATH/CodeIgniter.php(906): App\Controllers\Orders->__construct()
 2 SYSTEMPATH/CodeIgniter.php(490): CodeIgniter\CodeIgniter->createController()
 3 SYSTEMPATH/CodeIgniter.php(368): CodeIgniter\CodeIgniter->handleRequest(null, Object(Config\Cache), false)
 4 FCPATH/index.php(67): CodeIgniter\CodeIgniter->run()
WARNING - 2025-06-30 11:04:45 --> [DEPRECATED] Creation of dynamic property App\Controllers\Orders::$catagory is deprecated in APPPATH/Controllers/Orders.php on line 47.
 1 SYSTEMPATH/CodeIgniter.php(906): App\Controllers\Orders->__construct()
 2 SYSTEMPATH/CodeIgniter.php(490): CodeIgniter\CodeIgniter->createController()
 3 SYSTEMPATH/CodeIgniter.php(368): CodeIgniter\CodeIgniter->handleRequest(null, Object(Config\Cache), false)
 4 FCPATH/index.php(67): CodeIgniter\CodeIgniter->run()
WARNING - 2025-06-30 11:04:45 --> [DEPRECATED] Creation of dynamic property App\Controllers\Orders::$User is deprecated in APPPATH/Controllers/Orders.php on line 48.
 1 SYSTEMPATH/CodeIgniter.php(906): App\Controllers\Orders->__construct()
 2 SYSTEMPATH/CodeIgniter.php(490): CodeIgniter\CodeIgniter->createController()
 3 SYSTEMPATH/CodeIgniter.php(368): CodeIgniter\CodeIgniter->handleRequest(null, Object(Config\Cache), false)
 4 FCPATH/index.php(67): CodeIgniter\CodeIgniter->run()
WARNING - 2025-06-30 11:04:45 --> [DEPRECATED] Creation of dynamic property App\Controllers\Orders::$shippingmethod is deprecated in APPPATH/Controllers/Orders.php on line 49.
 1 SYSTEMPATH/CodeIgniter.php(906): App\Controllers\Orders->__construct()
 2 SYSTEMPATH/CodeIgniter.php(490): CodeIgniter\CodeIgniter->createController()
 3 SYSTEMPATH/CodeIgniter.php(368): CodeIgniter\CodeIgniter->handleRequest(null, Object(Config\Cache), false)
 4 FCPATH/index.php(67): CodeIgniter\CodeIgniter->run()
WARNING - 2025-06-30 11:04:45 --> [DEPRECATED] Creation of dynamic property App\Controllers\Orders::$shippingrate is deprecated in APPPATH/Controllers/Orders.php on line 50.
 1 SYSTEMPATH/CodeIgniter.php(906): App\Controllers\Orders->__construct()
 2 SYSTEMPATH/CodeIgniter.php(490): CodeIgniter\CodeIgniter->createController()
 3 SYSTEMPATH/CodeIgniter.php(368): CodeIgniter\CodeIgniter->handleRequest(null, Object(Config\Cache), false)
 4 FCPATH/index.php(67): CodeIgniter\CodeIgniter->run()
WARNING - 2025-06-30 11:04:45 --> [DEPRECATED] Creation of dynamic property App\Controllers\Orders::$shippingzone is deprecated in APPPATH/Controllers/Orders.php on line 51.
 1 SYSTEMPATH/CodeIgniter.php(906): App\Controllers\Orders->__construct()
 2 SYSTEMPATH/CodeIgniter.php(490): CodeIgniter\CodeIgniter->createController()
 3 SYSTEMPATH/CodeIgniter.php(368): CodeIgniter\CodeIgniter->handleRequest(null, Object(Config\Cache), false)
 4 FCPATH/index.php(67): CodeIgniter\CodeIgniter->run()
WARNING - 2025-06-30 11:04:45 --> [DEPRECATED] Creation of dynamic property App\Controllers\Orders::$country is deprecated in APPPATH/Controllers/Orders.php on line 52.
 1 SYSTEMPATH/CodeIgniter.php(906): App\Controllers\Orders->__construct()
 2 SYSTEMPATH/CodeIgniter.php(490): CodeIgniter\CodeIgniter->createController()
 3 SYSTEMPATH/CodeIgniter.php(368): CodeIgniter\CodeIgniter->handleRequest(null, Object(Config\Cache), false)
 4 FCPATH/index.php(67): CodeIgniter\CodeIgniter->run()
WARNING - 2025-06-30 11:04:45 --> [DEPRECATED] Creation of dynamic property App\Controllers\Orders::$ChatModel is deprecated in APPPATH/Controllers/Orders.php on line 53.
 1 SYSTEMPATH/CodeIgniter.php(906): App\Controllers\Orders->__construct()
 2 SYSTEMPATH/CodeIgniter.php(490): CodeIgniter\CodeIgniter->createController()
 3 SYSTEMPATH/CodeIgniter.php(368): CodeIgniter\CodeIgniter->handleRequest(null, Object(Config\Cache), false)
 4 FCPATH/index.php(67): CodeIgniter\CodeIgniter->run()
WARNING - 2025-06-30 11:04:45 --> [DEPRECATED] Creation of dynamic property App\Controllers\Orders::$Allsettings is deprecated in APPPATH/Controllers/Orders.php on line 54.
 1 SYSTEMPATH/CodeIgniter.php(906): App\Controllers\Orders->__construct()
 2 SYSTEMPATH/CodeIgniter.php(490): CodeIgniter\CodeIgniter->createController()
 3 SYSTEMPATH/CodeIgniter.php(368): CodeIgniter\CodeIgniter->handleRequest(null, Object(Config\Cache), false)
 4 FCPATH/index.php(67): CodeIgniter\CodeIgniter->run()
WARNING - 2025-06-30 11:04:45 --> [DEPRECATED] Creation of dynamic property App\Controllers\Orders::$ShippingDataModel is deprecated in APPPATH/Controllers/Orders.php on line 55.
 1 SYSTEMPATH/CodeIgniter.php(906): App\Controllers\Orders->__construct()
 2 SYSTEMPATH/CodeIgniter.php(490): CodeIgniter\CodeIgniter->createController()
 3 SYSTEMPATH/CodeIgniter.php(368): CodeIgniter\CodeIgniter->handleRequest(null, Object(Config\Cache), false)
 4 FCPATH/index.php(67): CodeIgniter\CodeIgniter->run()
WARNING - 2025-06-30 11:04:45 --> [DEPRECATED] Creation of dynamic property App\Controllers\Orders::$cityModel is deprecated in APPPATH/Controllers/Orders.php on line 56.
 1 SYSTEMPATH/CodeIgniter.php(906): App\Controllers\Orders->__construct()
 2 SYSTEMPATH/CodeIgniter.php(490): CodeIgniter\CodeIgniter->createController()
 3 SYSTEMPATH/CodeIgniter.php(368): CodeIgniter\CodeIgniter->handleRequest(null, Object(Config\Cache), false)
 4 FCPATH/index.php(67): CodeIgniter\CodeIgniter->run()
WARNING - 2025-06-30 11:04:45 --> [DEPRECATED] Creation of dynamic property App\Controllers\Orders::$stateModel is deprecated in APPPATH/Controllers/Orders.php on line 57.
 1 SYSTEMPATH/CodeIgniter.php(906): App\Controllers\Orders->__construct()
 2 SYSTEMPATH/CodeIgniter.php(490): CodeIgniter\CodeIgniter->createController()
 3 SYSTEMPATH/CodeIgniter.php(368): CodeIgniter\CodeIgniter->handleRequest(null, Object(Config\Cache), false)
 4 FCPATH/index.php(67): CodeIgniter\CodeIgniter->run()
WARNING - 2025-06-30 11:04:45 --> [DEPRECATED] Creation of dynamic property App\Controllers\Orders::$taxModel is deprecated in APPPATH/Controllers/Orders.php on line 58.
 1 SYSTEMPATH/CodeIgniter.php(906): App\Controllers\Orders->__construct()
 2 SYSTEMPATH/CodeIgniter.php(490): CodeIgniter\CodeIgniter->createController()
 3 SYSTEMPATH/CodeIgniter.php(368): CodeIgniter\CodeIgniter->handleRequest(null, Object(Config\Cache), false)
 4 FCPATH/index.php(67): CodeIgniter\CodeIgniter->run()
INFO - 2025-06-30 11:04:48 --> Session: Class initialized using 'CodeIgniter\Session\Handlers\FileHandler' driver.
WARNING - 2025-06-30 11:04:48 --> [DEPRECATED] Creation of dynamic property App\Controllers\Country::$session is deprecated in APPPATH/Controllers/Country.php on line 15.
 1 SYSTEMPATH/CodeIgniter.php(906): App\Controllers\Country->__construct()
 2 SYSTEMPATH/CodeIgniter.php(490): CodeIgniter\CodeIgniter->createController()
 3 SYSTEMPATH/CodeIgniter.php(368): CodeIgniter\CodeIgniter->handleRequest(null, Object(Config\Cache), false)
 4 FCPATH/index.php(67): CodeIgniter\CodeIgniter->run()
WARNING - 2025-06-30 11:04:48 --> Session: Sessions is enabled, and one exists. Please don't $session->start();
WARNING - 2025-06-30 11:04:48 --> [DEPRECATED] Creation of dynamic property App\Controllers\Country::$BlogModel is deprecated in APPPATH/Controllers/Country.php on line 18.
 1 SYSTEMPATH/CodeIgniter.php(906): App\Controllers\Country->__construct()
 2 SYSTEMPATH/CodeIgniter.php(490): CodeIgniter\CodeIgniter->createController()
 3 SYSTEMPATH/CodeIgniter.php(368): CodeIgniter\CodeIgniter->handleRequest(null, Object(Config\Cache), false)
 4 FCPATH/index.php(67): CodeIgniter\CodeIgniter->run()
WARNING - 2025-06-30 11:04:48 --> [DEPRECATED] Creation of dynamic property App\Controllers\Country::$CountryModel is deprecated in APPPATH/Controllers/Country.php on line 19.
 1 SYSTEMPATH/CodeIgniter.php(906): App\Controllers\Country->__construct()
 2 SYSTEMPATH/CodeIgniter.php(490): CodeIgniter\CodeIgniter->createController()
 3 SYSTEMPATH/CodeIgniter.php(368): CodeIgniter\CodeIgniter->handleRequest(null, Object(Config\Cache), false)
 4 FCPATH/index.php(67): CodeIgniter\CodeIgniter->run()
INFO - 2025-06-30 11:04:50 --> Session: Class initialized using 'CodeIgniter\Session\Handlers\FileHandler' driver.
WARNING - 2025-06-30 11:04:50 --> [DEPRECATED] Creation of dynamic property App\Controllers\Coupon::$session is deprecated in APPPATH/Controllers/Coupon.php on line 23.
 1 SYSTEMPATH/CodeIgniter.php(906): App\Controllers\Coupon->__construct()
 2 SYSTEMPATH/CodeIgniter.php(490): CodeIgniter\CodeIgniter->createController()
 3 SYSTEMPATH/CodeIgniter.php(368): CodeIgniter\CodeIgniter->handleRequest(null, Object(Config\Cache), false)
 4 FCPATH/index.php(67): CodeIgniter\CodeIgniter->run()
WARNING - 2025-06-30 11:04:50 --> Session: Sessions is enabled, and one exists. Please don't $session->start();
WARNING - 2025-06-30 11:04:50 --> [DEPRECATED] Creation of dynamic property App\Controllers\Coupon::$coupons is deprecated in APPPATH/Controllers/Coupon.php on line 27.
 1 SYSTEMPATH/CodeIgniter.php(906): App\Controllers\Coupon->__construct()
 2 SYSTEMPATH/CodeIgniter.php(490): CodeIgniter\CodeIgniter->createController()
 3 SYSTEMPATH/CodeIgniter.php(368): CodeIgniter\CodeIgniter->handleRequest(null, Object(Config\Cache), false)
 4 FCPATH/index.php(67): CodeIgniter\CodeIgniter->run()
WARNING - 2025-06-30 11:04:50 --> [DEPRECATED] Creation of dynamic property App\Controllers\Coupon::$faqs is deprecated in APPPATH/Controllers/Coupon.php on line 28.
 1 SYSTEMPATH/CodeIgniter.php(906): App\Controllers\Coupon->__construct()
 2 SYSTEMPATH/CodeIgniter.php(490): CodeIgniter\CodeIgniter->createController()
 3 SYSTEMPATH/CodeIgniter.php(368): CodeIgniter\CodeIgniter->handleRequest(null, Object(Config\Cache), false)
 4 FCPATH/index.php(67): CodeIgniter\CodeIgniter->run()
WARNING - 2025-06-30 11:04:50 --> [DEPRECATED] Creation of dynamic property App\Controllers\Coupon::$seo is deprecated in APPPATH/Controllers/Coupon.php on line 29.
 1 SYSTEMPATH/CodeIgniter.php(906): App\Controllers\Coupon->__construct()
 2 SYSTEMPATH/CodeIgniter.php(490): CodeIgniter\CodeIgniter->createController()
 3 SYSTEMPATH/CodeIgniter.php(368): CodeIgniter\CodeIgniter->handleRequest(null, Object(Config\Cache), false)
 4 FCPATH/index.php(67): CodeIgniter\CodeIgniter->run()
WARNING - 2025-06-30 11:04:50 --> [DEPRECATED] Creation of dynamic property App\Controllers\Coupon::$Ordermodel is deprecated in APPPATH/Controllers/Coupon.php on line 30.
 1 SYSTEMPATH/CodeIgniter.php(906): App\Controllers\Coupon->__construct()
 2 SYSTEMPATH/CodeIgniter.php(490): CodeIgniter\CodeIgniter->createController()
 3 SYSTEMPATH/CodeIgniter.php(368): CodeIgniter\CodeIgniter->handleRequest(null, Object(Config\Cache), false)
 4 FCPATH/index.php(67): CodeIgniter\CodeIgniter->run()
WARNING - 2025-06-30 11:04:50 --> [DEPRECATED] Creation of dynamic property App\Controllers\Coupon::$testimonial is deprecated in APPPATH/Controllers/Coupon.php on line 31.
 1 SYSTEMPATH/CodeIgniter.php(906): App\Controllers\Coupon->__construct()
 2 SYSTEMPATH/CodeIgniter.php(490): CodeIgniter\CodeIgniter->createController()
 3 SYSTEMPATH/CodeIgniter.php(368): CodeIgniter\CodeIgniter->handleRequest(null, Object(Config\Cache), false)
 4 FCPATH/index.php(67): CodeIgniter\CodeIgniter->run()
WARNING - 2025-06-30 11:04:50 --> [DEPRECATED] Creation of dynamic property App\Controllers\Coupon::$enquiry is deprecated in APPPATH/Controllers/Coupon.php on line 32.
 1 SYSTEMPATH/CodeIgniter.php(906): App\Controllers\Coupon->__construct()
 2 SYSTEMPATH/CodeIgniter.php(490): CodeIgniter\CodeIgniter->createController()
 3 SYSTEMPATH/CodeIgniter.php(368): CodeIgniter\CodeIgniter->handleRequest(null, Object(Config\Cache), false)
 4 FCPATH/index.php(67): CodeIgniter\CodeIgniter->run()
WARNING - 2025-06-30 11:04:50 --> [DEPRECATED] Creation of dynamic property App\Controllers\Coupon::$product is deprecated in APPPATH/Controllers/Coupon.php on line 33.
 1 SYSTEMPATH/CodeIgniter.php(906): App\Controllers\Coupon->__construct()
 2 SYSTEMPATH/CodeIgniter.php(490): CodeIgniter\CodeIgniter->createController()
 3 SYSTEMPATH/CodeIgniter.php(368): CodeIgniter\CodeIgniter->handleRequest(null, Object(Config\Cache), false)
 4 FCPATH/index.php(67): CodeIgniter\CodeIgniter->run()
WARNING - 2025-06-30 11:04:50 --> [DEPRECATED] Creation of dynamic property App\Controllers\Coupon::$orderitem is deprecated in APPPATH/Controllers/Coupon.php on line 34.
 1 SYSTEMPATH/CodeIgniter.php(906): App\Controllers\Coupon->__construct()
 2 SYSTEMPATH/CodeIgniter.php(490): CodeIgniter\CodeIgniter->createController()
 3 SYSTEMPATH/CodeIgniter.php(368): CodeIgniter\CodeIgniter->handleRequest(null, Object(Config\Cache), false)
 4 FCPATH/index.php(67): CodeIgniter\CodeIgniter->run()
WARNING - 2025-06-30 11:04:50 --> [DEPRECATED] Creation of dynamic property App\Controllers\Coupon::$Ordercomment is deprecated in APPPATH/Controllers/Coupon.php on line 35.
 1 SYSTEMPATH/CodeIgniter.php(906): App\Controllers\Coupon->__construct()
 2 SYSTEMPATH/CodeIgniter.php(490): CodeIgniter\CodeIgniter->createController()
 3 SYSTEMPATH/CodeIgniter.php(368): CodeIgniter\CodeIgniter->handleRequest(null, Object(Config\Cache), false)
 4 FCPATH/index.php(67): CodeIgniter\CodeIgniter->run()
WARNING - 2025-06-30 11:04:50 --> [DEPRECATED] Creation of dynamic property App\Controllers\Coupon::$catagory is deprecated in APPPATH/Controllers/Coupon.php on line 36.
 1 SYSTEMPATH/CodeIgniter.php(906): App\Controllers\Coupon->__construct()
 2 SYSTEMPATH/CodeIgniter.php(490): CodeIgniter\CodeIgniter->createController()
 3 SYSTEMPATH/CodeIgniter.php(368): CodeIgniter\CodeIgniter->handleRequest(null, Object(Config\Cache), false)
 4 FCPATH/index.php(67): CodeIgniter\CodeIgniter->run()
WARNING - 2025-06-30 11:04:50 --> [DEPRECATED] Creation of dynamic property App\Controllers\Coupon::$User is deprecated in APPPATH/Controllers/Coupon.php on line 37.
 1 SYSTEMPATH/CodeIgniter.php(906): App\Controllers\Coupon->__construct()
 2 SYSTEMPATH/CodeIgniter.php(490): CodeIgniter\CodeIgniter->createController()
 3 SYSTEMPATH/CodeIgniter.php(368): CodeIgniter\CodeIgniter->handleRequest(null, Object(Config\Cache), false)
 4 FCPATH/index.php(67): CodeIgniter\CodeIgniter->run()
INFO - 2025-06-30 11:04:52 --> Session: Class initialized using 'CodeIgniter\Session\Handlers\FileHandler' driver.
WARNING - 2025-06-30 11:04:52 --> [DEPRECATED] Creation of dynamic property App\Controllers\Products::$session is deprecated in APPPATH/Controllers/Products.php on line 30.
 1 SYSTEMPATH/CodeIgniter.php(906): App\Controllers\Products->__construct()
 2 SYSTEMPATH/CodeIgniter.php(490): CodeIgniter\CodeIgniter->createController()
 3 SYSTEMPATH/CodeIgniter.php(368): CodeIgniter\CodeIgniter->handleRequest(null, Object(Config\Cache), false)
 4 FCPATH/index.php(67): CodeIgniter\CodeIgniter->run()
WARNING - 2025-06-30 11:04:52 --> Session: Sessions is enabled, and one exists. Please don't $session->start();
WARNING - 2025-06-30 11:04:52 --> [DEPRECATED] Creation of dynamic property App\Controllers\Products::$catagory is deprecated in APPPATH/Controllers/Products.php on line 33.
 1 SYSTEMPATH/CodeIgniter.php(906): App\Controllers\Products->__construct()
 2 SYSTEMPATH/CodeIgniter.php(490): CodeIgniter\CodeIgniter->createController()
 3 SYSTEMPATH/CodeIgniter.php(368): CodeIgniter\CodeIgniter->handleRequest(null, Object(Config\Cache), false)
 4 FCPATH/index.php(67): CodeIgniter\CodeIgniter->run()
WARNING - 2025-06-30 11:04:52 --> [DEPRECATED] Creation of dynamic property App\Controllers\Products::$variation is deprecated in APPPATH/Controllers/Products.php on line 34.
 1 SYSTEMPATH/CodeIgniter.php(906): App\Controllers\Products->__construct()
 2 SYSTEMPATH/CodeIgniter.php(490): CodeIgniter\CodeIgniter->createController()
 3 SYSTEMPATH/CodeIgniter.php(368): CodeIgniter\CodeIgniter->handleRequest(null, Object(Config\Cache), false)
 4 FCPATH/index.php(67): CodeIgniter\CodeIgniter->run()
WARNING - 2025-06-30 11:04:52 --> [DEPRECATED] Creation of dynamic property App\Controllers\Products::$variationtype is deprecated in APPPATH/Controllers/Products.php on line 35.
 1 SYSTEMPATH/CodeIgniter.php(906): App\Controllers\Products->__construct()
 2 SYSTEMPATH/CodeIgniter.php(490): CodeIgniter\CodeIgniter->createController()
 3 SYSTEMPATH/CodeIgniter.php(368): CodeIgniter\CodeIgniter->handleRequest(null, Object(Config\Cache), false)
 4 FCPATH/index.php(67): CodeIgniter\CodeIgniter->run()
WARNING - 2025-06-30 11:04:52 --> [DEPRECATED] Creation of dynamic property App\Controllers\Products::$subcategory is deprecated in APPPATH/Controllers/Products.php on line 36.
 1 SYSTEMPATH/CodeIgniter.php(906): App\Controllers\Products->__construct()
 2 SYSTEMPATH/CodeIgniter.php(490): CodeIgniter\CodeIgniter->createController()
 3 SYSTEMPATH/CodeIgniter.php(368): CodeIgniter\CodeIgniter->handleRequest(null, Object(Config\Cache), false)
 4 FCPATH/index.php(67): CodeIgniter\CodeIgniter->run()
WARNING - 2025-06-30 11:04:52 --> [DEPRECATED] Creation of dynamic property App\Controllers\Products::$product is deprecated in APPPATH/Controllers/Products.php on line 37.
 1 SYSTEMPATH/CodeIgniter.php(906): App\Controllers\Products->__construct()
 2 SYSTEMPATH/CodeIgniter.php(490): CodeIgniter\CodeIgniter->createController()
 3 SYSTEMPATH/CodeIgniter.php(368): CodeIgniter\CodeIgniter->handleRequest(null, Object(Config\Cache), false)
 4 FCPATH/index.php(67): CodeIgniter\CodeIgniter->run()
WARNING - 2025-06-30 11:04:52 --> [DEPRECATED] Creation of dynamic property App\Controllers\Products::$tags is deprecated in APPPATH/Controllers/Products.php on line 38.
 1 SYSTEMPATH/CodeIgniter.php(906): App\Controllers\Products->__construct()
 2 SYSTEMPATH/CodeIgniter.php(490): CodeIgniter\CodeIgniter->createController()
 3 SYSTEMPATH/CodeIgniter.php(368): CodeIgniter\CodeIgniter->handleRequest(null, Object(Config\Cache), false)
 4 FCPATH/index.php(67): CodeIgniter\CodeIgniter->run()
WARNING - 2025-06-30 11:04:52 --> [DEPRECATED] Creation of dynamic property App\Controllers\Products::$shippingmethod is deprecated in APPPATH/Controllers/Products.php on line 39.
 1 SYSTEMPATH/CodeIgniter.php(906): App\Controllers\Products->__construct()
 2 SYSTEMPATH/CodeIgniter.php(490): CodeIgniter\CodeIgniter->createController()
 3 SYSTEMPATH/CodeIgniter.php(368): CodeIgniter\CodeIgniter->handleRequest(null, Object(Config\Cache), false)
 4 FCPATH/index.php(67): CodeIgniter\CodeIgniter->run()
WARNING - 2025-06-30 11:04:52 --> [DEPRECATED] Creation of dynamic property App\Controllers\Products::$optionvalue is deprecated in APPPATH/Controllers/Products.php on line 40.
 1 SYSTEMPATH/CodeIgniter.php(906): App\Controllers\Products->__construct()
 2 SYSTEMPATH/CodeIgniter.php(490): CodeIgniter\CodeIgniter->createController()
 3 SYSTEMPATH/CodeIgniter.php(368): CodeIgniter\CodeIgniter->handleRequest(null, Object(Config\Cache), false)
 4 FCPATH/index.php(67): CodeIgniter\CodeIgniter->run()
WARNING - 2025-06-30 11:04:52 --> [DEPRECATED] Creation of dynamic property App\Controllers\Products::$brand is deprecated in APPPATH/Controllers/Products.php on line 41.
 1 SYSTEMPATH/CodeIgniter.php(906): App\Controllers\Products->__construct()
 2 SYSTEMPATH/CodeIgniter.php(490): CodeIgniter\CodeIgniter->createController()
 3 SYSTEMPATH/CodeIgniter.php(368): CodeIgniter\CodeIgniter->handleRequest(null, Object(Config\Cache), false)
 4 FCPATH/index.php(67): CodeIgniter\CodeIgniter->run()
WARNING - 2025-06-30 11:04:52 --> [DEPRECATED] Creation of dynamic property App\Controllers\Products::$Allsettings is deprecated in APPPATH/Controllers/Products.php on line 42.
 1 SYSTEMPATH/CodeIgniter.php(906): App\Controllers\Products->__construct()
 2 SYSTEMPATH/CodeIgniter.php(490): CodeIgniter\CodeIgniter->createController()
 3 SYSTEMPATH/CodeIgniter.php(368): CodeIgniter\CodeIgniter->handleRequest(null, Object(Config\Cache), false)
 4 FCPATH/index.php(67): CodeIgniter\CodeIgniter->run()
WARNING - 2025-06-30 11:04:52 --> [DEPRECATED] Creation of dynamic property App\Controllers\Products::$Orderitemmodel is deprecated in APPPATH/Controllers/Products.php on line 43.
 1 SYSTEMPATH/CodeIgniter.php(906): App\Controllers\Products->__construct()
 2 SYSTEMPATH/CodeIgniter.php(490): CodeIgniter\CodeIgniter->createController()
 3 SYSTEMPATH/CodeIgniter.php(368): CodeIgniter\CodeIgniter->handleRequest(null, Object(Config\Cache), false)
 4 FCPATH/index.php(67): CodeIgniter\CodeIgniter->run()
WARNING - 2025-06-30 11:04:52 --> [DEPRECATED] Creation of dynamic property App\Controllers\Products::$Ordermodel is deprecated in APPPATH/Controllers/Products.php on line 44.
 1 SYSTEMPATH/CodeIgniter.php(906): App\Controllers\Products->__construct()
 2 SYSTEMPATH/CodeIgniter.php(490): CodeIgniter\CodeIgniter->createController()
 3 SYSTEMPATH/CodeIgniter.php(368): CodeIgniter\CodeIgniter->handleRequest(null, Object(Config\Cache), false)
 4 FCPATH/index.php(67): CodeIgniter\CodeIgniter->run()
WARNING - 2025-06-30 11:04:52 --> [DEPRECATED] Creation of dynamic property App\Controllers\Products::$CartModel is deprecated in APPPATH/Controllers/Products.php on line 45.
 1 SYSTEMPATH/CodeIgniter.php(906): App\Controllers\Products->__construct()
 2 SYSTEMPATH/CodeIgniter.php(490): CodeIgniter\CodeIgniter->createController()
 3 SYSTEMPATH/CodeIgniter.php(368): CodeIgniter\CodeIgniter->handleRequest(null, Object(Config\Cache), false)
 4 FCPATH/index.php(67): CodeIgniter\CodeIgniter->run()
WARNING - 2025-06-30 11:04:52 --> [DEPRECATED] Creation of dynamic property App\Controllers\Products::$Reviewmodel is deprecated in APPPATH/Controllers/Products.php on line 46.
 1 SYSTEMPATH/CodeIgniter.php(906): App\Controllers\Products->__construct()
 2 SYSTEMPATH/CodeIgniter.php(490): CodeIgniter\CodeIgniter->createController()
 3 SYSTEMPATH/CodeIgniter.php(368): CodeIgniter\CodeIgniter->handleRequest(null, Object(Config\Cache), false)
 4 FCPATH/index.php(67): CodeIgniter\CodeIgniter->run()
WARNING - 2025-06-30 11:04:52 --> [DEPRECATED] Creation of dynamic property App\Controllers\Products::$TaxesclassModel is deprecated in APPPATH/Controllers/Products.php on line 47.
 1 SYSTEMPATH/CodeIgniter.php(906): App\Controllers\Products->__construct()
 2 SYSTEMPATH/CodeIgniter.php(490): CodeIgniter\CodeIgniter->createController()
 3 SYSTEMPATH/CodeIgniter.php(368): CodeIgniter\CodeIgniter->handleRequest(null, Object(Config\Cache), false)
 4 FCPATH/index.php(67): CodeIgniter\CodeIgniter->run()
WARNING - 2025-06-30 11:04:52 --> [DEPRECATED] Creation of dynamic property App\Controllers\Products::$cms is deprecated in APPPATH/Controllers/Products.php on line 48.
 1 SYSTEMPATH/CodeIgniter.php(906): App\Controllers\Products->__construct()
 2 SYSTEMPATH/CodeIgniter.php(490): CodeIgniter\CodeIgniter->createController()
 3 SYSTEMPATH/CodeIgniter.php(368): CodeIgniter\CodeIgniter->handleRequest(null, Object(Config\Cache), false)
 4 FCPATH/index.php(67): CodeIgniter\CodeIgniter->run()
INFO - 2025-06-30 11:04:56 --> Session: Class initialized using 'CodeIgniter\Session\Handlers\FileHandler' driver.
WARNING - 2025-06-30 11:04:56 --> [DEPRECATED] Creation of dynamic property App\Controllers\Products::$session is deprecated in APPPATH/Controllers/Products.php on line 30.
 1 SYSTEMPATH/CodeIgniter.php(906): App\Controllers\Products->__construct()
 2 SYSTEMPATH/CodeIgniter.php(490): CodeIgniter\CodeIgniter->createController()
 3 SYSTEMPATH/CodeIgniter.php(368): CodeIgniter\CodeIgniter->handleRequest(null, Object(Config\Cache), false)
 4 FCPATH/index.php(67): CodeIgniter\CodeIgniter->run()
WARNING - 2025-06-30 11:04:56 --> Session: Sessions is enabled, and one exists. Please don't $session->start();
WARNING - 2025-06-30 11:04:56 --> [DEPRECATED] Creation of dynamic property App\Controllers\Products::$catagory is deprecated in APPPATH/Controllers/Products.php on line 33.
 1 SYSTEMPATH/CodeIgniter.php(906): App\Controllers\Products->__construct()
 2 SYSTEMPATH/CodeIgniter.php(490): CodeIgniter\CodeIgniter->createController()
 3 SYSTEMPATH/CodeIgniter.php(368): CodeIgniter\CodeIgniter->handleRequest(null, Object(Config\Cache), false)
 4 FCPATH/index.php(67): CodeIgniter\CodeIgniter->run()
WARNING - 2025-06-30 11:04:56 --> [DEPRECATED] Creation of dynamic property App\Controllers\Products::$variation is deprecated in APPPATH/Controllers/Products.php on line 34.
 1 SYSTEMPATH/CodeIgniter.php(906): App\Controllers\Products->__construct()
 2 SYSTEMPATH/CodeIgniter.php(490): CodeIgniter\CodeIgniter->createController()
 3 SYSTEMPATH/CodeIgniter.php(368): CodeIgniter\CodeIgniter->handleRequest(null, Object(Config\Cache), false)
 4 FCPATH/index.php(67): CodeIgniter\CodeIgniter->run()
WARNING - 2025-06-30 11:04:56 --> [DEPRECATED] Creation of dynamic property App\Controllers\Products::$variationtype is deprecated in APPPATH/Controllers/Products.php on line 35.
 1 SYSTEMPATH/CodeIgniter.php(906): App\Controllers\Products->__construct()
 2 SYSTEMPATH/CodeIgniter.php(490): CodeIgniter\CodeIgniter->createController()
 3 SYSTEMPATH/CodeIgniter.php(368): CodeIgniter\CodeIgniter->handleRequest(null, Object(Config\Cache), false)
 4 FCPATH/index.php(67): CodeIgniter\CodeIgniter->run()
WARNING - 2025-06-30 11:04:56 --> [DEPRECATED] Creation of dynamic property App\Controllers\Products::$subcategory is deprecated in APPPATH/Controllers/Products.php on line 36.
 1 SYSTEMPATH/CodeIgniter.php(906): App\Controllers\Products->__construct()
 2 SYSTEMPATH/CodeIgniter.php(490): CodeIgniter\CodeIgniter->createController()
 3 SYSTEMPATH/CodeIgniter.php(368): CodeIgniter\CodeIgniter->handleRequest(null, Object(Config\Cache), false)
 4 FCPATH/index.php(67): CodeIgniter\CodeIgniter->run()
WARNING - 2025-06-30 11:04:56 --> [DEPRECATED] Creation of dynamic property App\Controllers\Products::$product is deprecated in APPPATH/Controllers/Products.php on line 37.
 1 SYSTEMPATH/CodeIgniter.php(906): App\Controllers\Products->__construct()
 2 SYSTEMPATH/CodeIgniter.php(490): CodeIgniter\CodeIgniter->createController()
 3 SYSTEMPATH/CodeIgniter.php(368): CodeIgniter\CodeIgniter->handleRequest(null, Object(Config\Cache), false)
 4 FCPATH/index.php(67): CodeIgniter\CodeIgniter->run()
WARNING - 2025-06-30 11:04:56 --> [DEPRECATED] Creation of dynamic property App\Controllers\Products::$tags is deprecated in APPPATH/Controllers/Products.php on line 38.
 1 SYSTEMPATH/CodeIgniter.php(906): App\Controllers\Products->__construct()
 2 SYSTEMPATH/CodeIgniter.php(490): CodeIgniter\CodeIgniter->createController()
 3 SYSTEMPATH/CodeIgniter.php(368): CodeIgniter\CodeIgniter->handleRequest(null, Object(Config\Cache), false)
 4 FCPATH/index.php(67): CodeIgniter\CodeIgniter->run()
WARNING - 2025-06-30 11:04:56 --> [DEPRECATED] Creation of dynamic property App\Controllers\Products::$shippingmethod is deprecated in APPPATH/Controllers/Products.php on line 39.
 1 SYSTEMPATH/CodeIgniter.php(906): App\Controllers\Products->__construct()
 2 SYSTEMPATH/CodeIgniter.php(490): CodeIgniter\CodeIgniter->createController()
 3 SYSTEMPATH/CodeIgniter.php(368): CodeIgniter\CodeIgniter->handleRequest(null, Object(Config\Cache), false)
 4 FCPATH/index.php(67): CodeIgniter\CodeIgniter->run()
WARNING - 2025-06-30 11:04:56 --> [DEPRECATED] Creation of dynamic property App\Controllers\Products::$optionvalue is deprecated in APPPATH/Controllers/Products.php on line 40.
 1 SYSTEMPATH/CodeIgniter.php(906): App\Controllers\Products->__construct()
 2 SYSTEMPATH/CodeIgniter.php(490): CodeIgniter\CodeIgniter->createController()
 3 SYSTEMPATH/CodeIgniter.php(368): CodeIgniter\CodeIgniter->handleRequest(null, Object(Config\Cache), false)
 4 FCPATH/index.php(67): CodeIgniter\CodeIgniter->run()
WARNING - 2025-06-30 11:04:56 --> [DEPRECATED] Creation of dynamic property App\Controllers\Products::$brand is deprecated in APPPATH/Controllers/Products.php on line 41.
 1 SYSTEMPATH/CodeIgniter.php(906): App\Controllers\Products->__construct()
 2 SYSTEMPATH/CodeIgniter.php(490): CodeIgniter\CodeIgniter->createController()
 3 SYSTEMPATH/CodeIgniter.php(368): CodeIgniter\CodeIgniter->handleRequest(null, Object(Config\Cache), false)
 4 FCPATH/index.php(67): CodeIgniter\CodeIgniter->run()
WARNING - 2025-06-30 11:04:56 --> [DEPRECATED] Creation of dynamic property App\Controllers\Products::$Allsettings is deprecated in APPPATH/Controllers/Products.php on line 42.
 1 SYSTEMPATH/CodeIgniter.php(906): App\Controllers\Products->__construct()
 2 SYSTEMPATH/CodeIgniter.php(490): CodeIgniter\CodeIgniter->createController()
 3 SYSTEMPATH/CodeIgniter.php(368): CodeIgniter\CodeIgniter->handleRequest(null, Object(Config\Cache), false)
 4 FCPATH/index.php(67): CodeIgniter\CodeIgniter->run()
WARNING - 2025-06-30 11:04:56 --> [DEPRECATED] Creation of dynamic property App\Controllers\Products::$Orderitemmodel is deprecated in APPPATH/Controllers/Products.php on line 43.
 1 SYSTEMPATH/CodeIgniter.php(906): App\Controllers\Products->__construct()
 2 SYSTEMPATH/CodeIgniter.php(490): CodeIgniter\CodeIgniter->createController()
 3 SYSTEMPATH/CodeIgniter.php(368): CodeIgniter\CodeIgniter->handleRequest(null, Object(Config\Cache), false)
 4 FCPATH/index.php(67): CodeIgniter\CodeIgniter->run()
WARNING - 2025-06-30 11:04:56 --> [DEPRECATED] Creation of dynamic property App\Controllers\Products::$Ordermodel is deprecated in APPPATH/Controllers/Products.php on line 44.
 1 SYSTEMPATH/CodeIgniter.php(906): App\Controllers\Products->__construct()
 2 SYSTEMPATH/CodeIgniter.php(490): CodeIgniter\CodeIgniter->createController()
 3 SYSTEMPATH/CodeIgniter.php(368): CodeIgniter\CodeIgniter->handleRequest(null, Object(Config\Cache), false)
 4 FCPATH/index.php(67): CodeIgniter\CodeIgniter->run()
WARNING - 2025-06-30 11:04:56 --> [DEPRECATED] Creation of dynamic property App\Controllers\Products::$CartModel is deprecated in APPPATH/Controllers/Products.php on line 45.
 1 SYSTEMPATH/CodeIgniter.php(906): App\Controllers\Products->__construct()
 2 SYSTEMPATH/CodeIgniter.php(490): CodeIgniter\CodeIgniter->createController()
 3 SYSTEMPATH/CodeIgniter.php(368): CodeIgniter\CodeIgniter->handleRequest(null, Object(Config\Cache), false)
 4 FCPATH/index.php(67): CodeIgniter\CodeIgniter->run()
WARNING - 2025-06-30 11:04:56 --> [DEPRECATED] Creation of dynamic property App\Controllers\Products::$Reviewmodel is deprecated in APPPATH/Controllers/Products.php on line 46.
 1 SYSTEMPATH/CodeIgniter.php(906): App\Controllers\Products->__construct()
 2 SYSTEMPATH/CodeIgniter.php(490): CodeIgniter\CodeIgniter->createController()
 3 SYSTEMPATH/CodeIgniter.php(368): CodeIgniter\CodeIgniter->handleRequest(null, Object(Config\Cache), false)
 4 FCPATH/index.php(67): CodeIgniter\CodeIgniter->run()
WARNING - 2025-06-30 11:04:56 --> [DEPRECATED] Creation of dynamic property App\Controllers\Products::$TaxesclassModel is deprecated in APPPATH/Controllers/Products.php on line 47.
 1 SYSTEMPATH/CodeIgniter.php(906): App\Controllers\Products->__construct()
 2 SYSTEMPATH/CodeIgniter.php(490): CodeIgniter\CodeIgniter->createController()
 3 SYSTEMPATH/CodeIgniter.php(368): CodeIgniter\CodeIgniter->handleRequest(null, Object(Config\Cache), false)
 4 FCPATH/index.php(67): CodeIgniter\CodeIgniter->run()
WARNING - 2025-06-30 11:04:56 --> [DEPRECATED] Creation of dynamic property App\Controllers\Products::$cms is deprecated in APPPATH/Controllers/Products.php on line 48.
 1 SYSTEMPATH/CodeIgniter.php(906): App\Controllers\Products->__construct()
 2 SYSTEMPATH/CodeIgniter.php(490): CodeIgniter\CodeIgniter->createController()
 3 SYSTEMPATH/CodeIgniter.php(368): CodeIgniter\CodeIgniter->handleRequest(null, Object(Config\Cache), false)
 4 FCPATH/index.php(67): CodeIgniter\CodeIgniter->run()
INFO - 2025-06-30 11:04:59 --> Session: Class initialized using 'CodeIgniter\Session\Handlers\FileHandler' driver.
WARNING - 2025-06-30 11:04:59 --> [DEPRECATED] Creation of dynamic property App\Controllers\Payment::$session is deprecated in APPPATH/Controllers/Payment.php on line 34.
 1 SYSTEMPATH/CodeIgniter.php(906): App\Controllers\Payment->__construct()
 2 SYSTEMPATH/CodeIgniter.php(490): CodeIgniter\CodeIgniter->createController()
 3 SYSTEMPATH/CodeIgniter.php(368): CodeIgniter\CodeIgniter->handleRequest(null, Object(Config\Cache), false)
 4 FCPATH/index.php(67): CodeIgniter\CodeIgniter->run()
WARNING - 2025-06-30 11:04:59 --> Session: Sessions is enabled, and one exists. Please don't $session->start();
WARNING - 2025-06-30 11:04:59 --> [DEPRECATED] Creation of dynamic property App\Controllers\Payment::$catagory is deprecated in APPPATH/Controllers/Payment.php on line 37.
 1 SYSTEMPATH/CodeIgniter.php(906): App\Controllers\Payment->__construct()
 2 SYSTEMPATH/CodeIgniter.php(490): CodeIgniter\CodeIgniter->createController()
 3 SYSTEMPATH/CodeIgniter.php(368): CodeIgniter\CodeIgniter->handleRequest(null, Object(Config\Cache), false)
 4 FCPATH/index.php(67): CodeIgniter\CodeIgniter->run()
WARNING - 2025-06-30 11:04:59 --> [DEPRECATED] Creation of dynamic property App\Controllers\Payment::$variation is deprecated in APPPATH/Controllers/Payment.php on line 38.
 1 SYSTEMPATH/CodeIgniter.php(906): App\Controllers\Payment->__construct()
 2 SYSTEMPATH/CodeIgniter.php(490): CodeIgniter\CodeIgniter->createController()
 3 SYSTEMPATH/CodeIgniter.php(368): CodeIgniter\CodeIgniter->handleRequest(null, Object(Config\Cache), false)
 4 FCPATH/index.php(67): CodeIgniter\CodeIgniter->run()
WARNING - 2025-06-30 11:04:59 --> [DEPRECATED] Creation of dynamic property App\Controllers\Payment::$variationtype is deprecated in APPPATH/Controllers/Payment.php on line 39.
 1 SYSTEMPATH/CodeIgniter.php(906): App\Controllers\Payment->__construct()
 2 SYSTEMPATH/CodeIgniter.php(490): CodeIgniter\CodeIgniter->createController()
 3 SYSTEMPATH/CodeIgniter.php(368): CodeIgniter\CodeIgniter->handleRequest(null, Object(Config\Cache), false)
 4 FCPATH/index.php(67): CodeIgniter\CodeIgniter->run()
WARNING - 2025-06-30 11:04:59 --> [DEPRECATED] Creation of dynamic property App\Controllers\Payment::$subcategory is deprecated in APPPATH/Controllers/Payment.php on line 40.
 1 SYSTEMPATH/CodeIgniter.php(906): App\Controllers\Payment->__construct()
 2 SYSTEMPATH/CodeIgniter.php(490): CodeIgniter\CodeIgniter->createController()
 3 SYSTEMPATH/CodeIgniter.php(368): CodeIgniter\CodeIgniter->handleRequest(null, Object(Config\Cache), false)
 4 FCPATH/index.php(67): CodeIgniter\CodeIgniter->run()
WARNING - 2025-06-30 11:04:59 --> [DEPRECATED] Creation of dynamic property App\Controllers\Payment::$product is deprecated in APPPATH/Controllers/Payment.php on line 41.
 1 SYSTEMPATH/CodeIgniter.php(906): App\Controllers\Payment->__construct()
 2 SYSTEMPATH/CodeIgniter.php(490): CodeIgniter\CodeIgniter->createController()
 3 SYSTEMPATH/CodeIgniter.php(368): CodeIgniter\CodeIgniter->handleRequest(null, Object(Config\Cache), false)
 4 FCPATH/index.php(67): CodeIgniter\CodeIgniter->run()
WARNING - 2025-06-30 11:04:59 --> [DEPRECATED] Creation of dynamic property App\Controllers\Payment::$tags is deprecated in APPPATH/Controllers/Payment.php on line 42.
 1 SYSTEMPATH/CodeIgniter.php(906): App\Controllers\Payment->__construct()
 2 SYSTEMPATH/CodeIgniter.php(490): CodeIgniter\CodeIgniter->createController()
 3 SYSTEMPATH/CodeIgniter.php(368): CodeIgniter\CodeIgniter->handleRequest(null, Object(Config\Cache), false)
 4 FCPATH/index.php(67): CodeIgniter\CodeIgniter->run()
WARNING - 2025-06-30 11:04:59 --> [DEPRECATED] Creation of dynamic property App\Controllers\Payment::$shippingmethod is deprecated in APPPATH/Controllers/Payment.php on line 43.
 1 SYSTEMPATH/CodeIgniter.php(906): App\Controllers\Payment->__construct()
 2 SYSTEMPATH/CodeIgniter.php(490): CodeIgniter\CodeIgniter->createController()
 3 SYSTEMPATH/CodeIgniter.php(368): CodeIgniter\CodeIgniter->handleRequest(null, Object(Config\Cache), false)
 4 FCPATH/index.php(67): CodeIgniter\CodeIgniter->run()
WARNING - 2025-06-30 11:04:59 --> [DEPRECATED] Creation of dynamic property App\Controllers\Payment::$optionvalue is deprecated in APPPATH/Controllers/Payment.php on line 44.
 1 SYSTEMPATH/CodeIgniter.php(906): App\Controllers\Payment->__construct()
 2 SYSTEMPATH/CodeIgniter.php(490): CodeIgniter\CodeIgniter->createController()
 3 SYSTEMPATH/CodeIgniter.php(368): CodeIgniter\CodeIgniter->handleRequest(null, Object(Config\Cache), false)
 4 FCPATH/index.php(67): CodeIgniter\CodeIgniter->run()
WARNING - 2025-06-30 11:04:59 --> [DEPRECATED] Creation of dynamic property App\Controllers\Payment::$brand is deprecated in APPPATH/Controllers/Payment.php on line 45.
 1 SYSTEMPATH/CodeIgniter.php(906): App\Controllers\Payment->__construct()
 2 SYSTEMPATH/CodeIgniter.php(490): CodeIgniter\CodeIgniter->createController()
 3 SYSTEMPATH/CodeIgniter.php(368): CodeIgniter\CodeIgniter->handleRequest(null, Object(Config\Cache), false)
 4 FCPATH/index.php(67): CodeIgniter\CodeIgniter->run()
WARNING - 2025-06-30 11:04:59 --> [DEPRECATED] Creation of dynamic property App\Controllers\Payment::$Paymentmodel is deprecated in APPPATH/Controllers/Payment.php on line 46.
 1 SYSTEMPATH/CodeIgniter.php(906): App\Controllers\Payment->__construct()
 2 SYSTEMPATH/CodeIgniter.php(490): CodeIgniter\CodeIgniter->createController()
 3 SYSTEMPATH/CodeIgniter.php(368): CodeIgniter\CodeIgniter->handleRequest(null, Object(Config\Cache), false)
 4 FCPATH/index.php(67): CodeIgniter\CodeIgniter->run()
WARNING - 2025-06-30 11:04:59 --> [DEPRECATED] Creation of dynamic property App\Controllers\Payment::$Banners is deprecated in APPPATH/Controllers/Payment.php on line 47.
 1 SYSTEMPATH/CodeIgniter.php(906): App\Controllers\Payment->__construct()
 2 SYSTEMPATH/CodeIgniter.php(490): CodeIgniter\CodeIgniter->createController()
 3 SYSTEMPATH/CodeIgniter.php(368): CodeIgniter\CodeIgniter->handleRequest(null, Object(Config\Cache), false)
 4 FCPATH/index.php(67): CodeIgniter\CodeIgniter->run()
WARNING - 2025-06-30 11:04:59 --> [DEPRECATED] Creation of dynamic property App\Controllers\Payment::$country is deprecated in APPPATH/Controllers/Payment.php on line 48.
 1 SYSTEMPATH/CodeIgniter.php(906): App\Controllers\Payment->__construct()
 2 SYSTEMPATH/CodeIgniter.php(490): CodeIgniter\CodeIgniter->createController()
 3 SYSTEMPATH/CodeIgniter.php(368): CodeIgniter\CodeIgniter->handleRequest(null, Object(Config\Cache), false)
 4 FCPATH/index.php(67): CodeIgniter\CodeIgniter->run()
WARNING - 2025-06-30 11:04:59 --> [DEPRECATED] Creation of dynamic property App\Controllers\Payment::$state is deprecated in APPPATH/Controllers/Payment.php on line 49.
 1 SYSTEMPATH/CodeIgniter.php(906): App\Controllers\Payment->__construct()
 2 SYSTEMPATH/CodeIgniter.php(490): CodeIgniter\CodeIgniter->createController()
 3 SYSTEMPATH/CodeIgniter.php(368): CodeIgniter\CodeIgniter->handleRequest(null, Object(Config\Cache), false)
 4 FCPATH/index.php(67): CodeIgniter\CodeIgniter->run()
WARNING - 2025-06-30 11:04:59 --> [DEPRECATED] Creation of dynamic property App\Controllers\Payment::$city is deprecated in APPPATH/Controllers/Payment.php on line 50.
 1 SYSTEMPATH/CodeIgniter.php(906): App\Controllers\Payment->__construct()
 2 SYSTEMPATH/CodeIgniter.php(490): CodeIgniter\CodeIgniter->createController()
 3 SYSTEMPATH/CodeIgniter.php(368): CodeIgniter\CodeIgniter->handleRequest(null, Object(Config\Cache), false)
 4 FCPATH/index.php(67): CodeIgniter\CodeIgniter->run()
WARNING - 2025-06-30 11:04:59 --> [DEPRECATED] Creation of dynamic property App\Controllers\Payment::$taxes is deprecated in APPPATH/Controllers/Payment.php on line 51.
 1 SYSTEMPATH/CodeIgniter.php(906): App\Controllers\Payment->__construct()
 2 SYSTEMPATH/CodeIgniter.php(490): CodeIgniter\CodeIgniter->createController()
 3 SYSTEMPATH/CodeIgniter.php(368): CodeIgniter\CodeIgniter->handleRequest(null, Object(Config\Cache), false)
 4 FCPATH/index.php(67): CodeIgniter\CodeIgniter->run()
WARNING - 2025-06-30 11:04:59 --> [DEPRECATED] Creation of dynamic property App\Controllers\Payment::$Allsettings is deprecated in APPPATH/Controllers/Payment.php on line 52.
 1 SYSTEMPATH/CodeIgniter.php(906): App\Controllers\Payment->__construct()
 2 SYSTEMPATH/CodeIgniter.php(490): CodeIgniter\CodeIgniter->createController()
 3 SYSTEMPATH/CodeIgniter.php(368): CodeIgniter\CodeIgniter->handleRequest(null, Object(Config\Cache), false)
 4 FCPATH/index.php(67): CodeIgniter\CodeIgniter->run()
WARNING - 2025-06-30 11:04:59 --> [DEPRECATED] Creation of dynamic property App\Controllers\Payment::$cms is deprecated in APPPATH/Controllers/Payment.php on line 53.
 1 SYSTEMPATH/CodeIgniter.php(906): App\Controllers\Payment->__construct()
 2 SYSTEMPATH/CodeIgniter.php(490): CodeIgniter\CodeIgniter->createController()
 3 SYSTEMPATH/CodeIgniter.php(368): CodeIgniter\CodeIgniter->handleRequest(null, Object(Config\Cache), false)
 4 FCPATH/index.php(67): CodeIgniter\CodeIgniter->run()
WARNING - 2025-06-30 11:04:59 --> [DEPRECATED] Creation of dynamic property App\Controllers\Payment::$Cmsfaqs is deprecated in APPPATH/Controllers/Payment.php on line 54.
 1 SYSTEMPATH/CodeIgniter.php(906): App\Controllers\Payment->__construct()
 2 SYSTEMPATH/CodeIgniter.php(490): CodeIgniter\CodeIgniter->createController()
 3 SYSTEMPATH/CodeIgniter.php(368): CodeIgniter\CodeIgniter->handleRequest(null, Object(Config\Cache), false)
 4 FCPATH/index.php(67): CodeIgniter\CodeIgniter->run()
WARNING - 2025-06-30 11:04:59 --> [DEPRECATED] Creation of dynamic property App\Controllers\Payment::$user_model is deprecated in APPPATH/Controllers/Payment.php on line 56.
 1 SYSTEMPATH/CodeIgniter.php(906): App\Controllers\Payment->__construct()
 2 SYSTEMPATH/CodeIgniter.php(490): CodeIgniter\CodeIgniter->createController()
 3 SYSTEMPATH/CodeIgniter.php(368): CodeIgniter\CodeIgniter->handleRequest(null, Object(Config\Cache), false)
 4 FCPATH/index.php(67): CodeIgniter\CodeIgniter->run()
WARNING - 2025-06-30 11:04:59 --> [DEPRECATED] Creation of dynamic property App\Controllers\Payment::$Order is deprecated in APPPATH/Controllers/Payment.php on line 57.
 1 SYSTEMPATH/CodeIgniter.php(906): App\Controllers\Payment->__construct()
 2 SYSTEMPATH/CodeIgniter.php(490): CodeIgniter\CodeIgniter->createController()
 3 SYSTEMPATH/CodeIgniter.php(368): CodeIgniter\CodeIgniter->handleRequest(null, Object(Config\Cache), false)
 4 FCPATH/index.php(67): CodeIgniter\CodeIgniter->run()
WARNING - 2025-06-30 11:04:59 --> [DEPRECATED] Creation of dynamic property App\Controllers\Payment::$Paymentgatewaymodel is deprecated in APPPATH/Controllers/Payment.php on line 58.
 1 SYSTEMPATH/CodeIgniter.php(906): App\Controllers\Payment->__construct()
 2 SYSTEMPATH/CodeIgniter.php(490): CodeIgniter\CodeIgniter->createController()
 3 SYSTEMPATH/CodeIgniter.php(368): CodeIgniter\CodeIgniter->handleRequest(null, Object(Config\Cache), false)
 4 FCPATH/index.php(67): CodeIgniter\CodeIgniter->run()
WARNING - 2025-06-30 11:04:59 --> [DEPRECATED] Creation of dynamic property App\Controllers\Payment::$TaxesclassModel is deprecated in APPPATH/Controllers/Payment.php on line 59.
 1 SYSTEMPATH/CodeIgniter.php(906): App\Controllers\Payment->__construct()
 2 SYSTEMPATH/CodeIgniter.php(490): CodeIgniter\CodeIgniter->createController()
 3 SYSTEMPATH/CodeIgniter.php(368): CodeIgniter\CodeIgniter->handleRequest(null, Object(Config\Cache), false)
 4 FCPATH/index.php(67): CodeIgniter\CodeIgniter->run()
INFO - 2025-06-30 11:05:05 --> Session: Class initialized using 'CodeIgniter\Session\Handlers\FileHandler' driver.
WARNING - 2025-06-30 11:05:05 --> [DEPRECATED] Creation of dynamic property App\Controllers\Home::$user_model is deprecated in APPPATH/Controllers/Home.php on line 35.
 1 SYSTEMPATH/CodeIgniter.php(906): App\Controllers\Home->__construct()
 2 SYSTEMPATH/CodeIgniter.php(490): CodeIgniter\CodeIgniter->createController()
 3 SYSTEMPATH/CodeIgniter.php(368): CodeIgniter\CodeIgniter->handleRequest(null, Object(Config\Cache), false)
 4 FCPATH/index.php(67): CodeIgniter\CodeIgniter->run()
WARNING - 2025-06-30 11:05:05 --> [DEPRECATED] Creation of dynamic property App\Controllers\Home::$BlogModel is deprecated in APPPATH/Controllers/Home.php on line 43.
 1 SYSTEMPATH/CodeIgniter.php(906): App\Controllers\Home->__construct()
 2 SYSTEMPATH/CodeIgniter.php(490): CodeIgniter\CodeIgniter->createController()
 3 SYSTEMPATH/CodeIgniter.php(368): CodeIgniter\CodeIgniter->handleRequest(null, Object(Config\Cache), false)
 4 FCPATH/index.php(67): CodeIgniter\CodeIgniter->run()
WARNING - 2025-06-30 11:05:05 --> [DEPRECATED] Creation of dynamic property App\Controllers\Home::$EnquiryModel is deprecated in APPPATH/Controllers/Home.php on line 44.
 1 SYSTEMPATH/CodeIgniter.php(906): App\Controllers\Home->__construct()
 2 SYSTEMPATH/CodeIgniter.php(490): CodeIgniter\CodeIgniter->createController()
 3 SYSTEMPATH/CodeIgniter.php(368): CodeIgniter\CodeIgniter->handleRequest(null, Object(Config\Cache), false)
 4 FCPATH/index.php(67): CodeIgniter\CodeIgniter->run()
WARNING - 2025-06-30 11:05:05 --> [DEPRECATED] Creation of dynamic property App\Controllers\Home::$Allsettingsmodel is deprecated in APPPATH/Controllers/Home.php on line 45.
 1 SYSTEMPATH/CodeIgniter.php(906): App\Controllers\Home->__construct()
 2 SYSTEMPATH/CodeIgniter.php(490): CodeIgniter\CodeIgniter->createController()
 3 SYSTEMPATH/CodeIgniter.php(368): CodeIgniter\CodeIgniter->handleRequest(null, Object(Config\Cache), false)
 4 FCPATH/index.php(67): CodeIgniter\CodeIgniter->run()
INFO - 2025-06-30 11:05:08 --> Session: Class initialized using 'CodeIgniter\Session\Handlers\FileHandler' driver.
WARNING - 2025-06-30 11:05:08 --> [DEPRECATED] Creation of dynamic property App\Controllers\Home::$user_model is deprecated in APPPATH/Controllers/Home.php on line 35.
 1 SYSTEMPATH/CodeIgniter.php(906): App\Controllers\Home->__construct()
 2 SYSTEMPATH/CodeIgniter.php(490): CodeIgniter\CodeIgniter->createController()
 3 SYSTEMPATH/CodeIgniter.php(368): CodeIgniter\CodeIgniter->handleRequest(null, Object(Config\Cache), false)
 4 FCPATH/index.php(67): CodeIgniter\CodeIgniter->run()
WARNING - 2025-06-30 11:05:08 --> [DEPRECATED] Creation of dynamic property App\Controllers\Home::$BlogModel is deprecated in APPPATH/Controllers/Home.php on line 43.
 1 SYSTEMPATH/CodeIgniter.php(906): App\Controllers\Home->__construct()
 2 SYSTEMPATH/CodeIgniter.php(490): CodeIgniter\CodeIgniter->createController()
 3 SYSTEMPATH/CodeIgniter.php(368): CodeIgniter\CodeIgniter->handleRequest(null, Object(Config\Cache), false)
 4 FCPATH/index.php(67): CodeIgniter\CodeIgniter->run()
WARNING - 2025-06-30 11:05:08 --> [DEPRECATED] Creation of dynamic property App\Controllers\Home::$EnquiryModel is deprecated in APPPATH/Controllers/Home.php on line 44.
 1 SYSTEMPATH/CodeIgniter.php(906): App\Controllers\Home->__construct()
 2 SYSTEMPATH/CodeIgniter.php(490): CodeIgniter\CodeIgniter->createController()
 3 SYSTEMPATH/CodeIgniter.php(368): CodeIgniter\CodeIgniter->handleRequest(null, Object(Config\Cache), false)
 4 FCPATH/index.php(67): CodeIgniter\CodeIgniter->run()
WARNING - 2025-06-30 11:05:08 --> [DEPRECATED] Creation of dynamic property App\Controllers\Home::$Allsettingsmodel is deprecated in APPPATH/Controllers/Home.php on line 45.
 1 SYSTEMPATH/CodeIgniter.php(906): App\Controllers\Home->__construct()
 2 SYSTEMPATH/CodeIgniter.php(490): CodeIgniter\CodeIgniter->createController()
 3 SYSTEMPATH/CodeIgniter.php(368): CodeIgniter\CodeIgniter->handleRequest(null, Object(Config\Cache), false)
 4 FCPATH/index.php(67): CodeIgniter\CodeIgniter->run()
INFO - 2025-06-30 11:05:11 --> Session: Class initialized using 'CodeIgniter\Session\Handlers\FileHandler' driver.
WARNING - 2025-06-30 11:05:11 --> [DEPRECATED] Creation of dynamic property App\Controllers\Home::$user_model is deprecated in APPPATH/Controllers/Home.php on line 35.
 1 SYSTEMPATH/CodeIgniter.php(906): App\Controllers\Home->__construct()
 2 SYSTEMPATH/CodeIgniter.php(490): CodeIgniter\CodeIgniter->createController()
 3 SYSTEMPATH/CodeIgniter.php(368): CodeIgniter\CodeIgniter->handleRequest(null, Object(Config\Cache), false)
 4 FCPATH/index.php(67): CodeIgniter\CodeIgniter->run()
WARNING - 2025-06-30 11:05:11 --> [DEPRECATED] Creation of dynamic property App\Controllers\Home::$BlogModel is deprecated in APPPATH/Controllers/Home.php on line 43.
 1 SYSTEMPATH/CodeIgniter.php(906): App\Controllers\Home->__construct()
 2 SYSTEMPATH/CodeIgniter.php(490): CodeIgniter\CodeIgniter->createController()
 3 SYSTEMPATH/CodeIgniter.php(368): CodeIgniter\CodeIgniter->handleRequest(null, Object(Config\Cache), false)
 4 FCPATH/index.php(67): CodeIgniter\CodeIgniter->run()
WARNING - 2025-06-30 11:05:11 --> [DEPRECATED] Creation of dynamic property App\Controllers\Home::$EnquiryModel is deprecated in APPPATH/Controllers/Home.php on line 44.
 1 SYSTEMPATH/CodeIgniter.php(906): App\Controllers\Home->__construct()
 2 SYSTEMPATH/CodeIgniter.php(490): CodeIgniter\CodeIgniter->createController()
 3 SYSTEMPATH/CodeIgniter.php(368): CodeIgniter\CodeIgniter->handleRequest(null, Object(Config\Cache), false)
 4 FCPATH/index.php(67): CodeIgniter\CodeIgniter->run()
WARNING - 2025-06-30 11:05:11 --> [DEPRECATED] Creation of dynamic property App\Controllers\Home::$Allsettingsmodel is deprecated in APPPATH/Controllers/Home.php on line 45.
 1 SYSTEMPATH/CodeIgniter.php(906): App\Controllers\Home->__construct()
 2 SYSTEMPATH/CodeIgniter.php(490): CodeIgniter\CodeIgniter->createController()
 3 SYSTEMPATH/CodeIgniter.php(368): CodeIgniter\CodeIgniter->handleRequest(null, Object(Config\Cache), false)
 4 FCPATH/index.php(67): CodeIgniter\CodeIgniter->run()
INFO - 2025-06-30 11:05:14 --> Session: Class initialized using 'CodeIgniter\Session\Handlers\FileHandler' driver.
WARNING - 2025-06-30 11:05:14 --> [DEPRECATED] Creation of dynamic property App\Controllers\Home::$user_model is deprecated in APPPATH/Controllers/Home.php on line 35.
 1 SYSTEMPATH/CodeIgniter.php(906): App\Controllers\Home->__construct()
 2 SYSTEMPATH/CodeIgniter.php(490): CodeIgniter\CodeIgniter->createController()
 3 SYSTEMPATH/CodeIgniter.php(368): CodeIgniter\CodeIgniter->handleRequest(null, Object(Config\Cache), false)
 4 FCPATH/index.php(67): CodeIgniter\CodeIgniter->run()
WARNING - 2025-06-30 11:05:14 --> [DEPRECATED] Creation of dynamic property App\Controllers\Home::$BlogModel is deprecated in APPPATH/Controllers/Home.php on line 43.
 1 SYSTEMPATH/CodeIgniter.php(906): App\Controllers\Home->__construct()
 2 SYSTEMPATH/CodeIgniter.php(490): CodeIgniter\CodeIgniter->createController()
 3 SYSTEMPATH/CodeIgniter.php(368): CodeIgniter\CodeIgniter->handleRequest(null, Object(Config\Cache), false)
 4 FCPATH/index.php(67): CodeIgniter\CodeIgniter->run()
WARNING - 2025-06-30 11:05:14 --> [DEPRECATED] Creation of dynamic property App\Controllers\Home::$EnquiryModel is deprecated in APPPATH/Controllers/Home.php on line 44.
 1 SYSTEMPATH/CodeIgniter.php(906): App\Controllers\Home->__construct()
 2 SYSTEMPATH/CodeIgniter.php(490): CodeIgniter\CodeIgniter->createController()
 3 SYSTEMPATH/CodeIgniter.php(368): CodeIgniter\CodeIgniter->handleRequest(null, Object(Config\Cache), false)
 4 FCPATH/index.php(67): CodeIgniter\CodeIgniter->run()
WARNING - 2025-06-30 11:05:14 --> [DEPRECATED] Creation of dynamic property App\Controllers\Home::$Allsettingsmodel is deprecated in APPPATH/Controllers/Home.php on line 45.
 1 SYSTEMPATH/CodeIgniter.php(906): App\Controllers\Home->__construct()
 2 SYSTEMPATH/CodeIgniter.php(490): CodeIgniter\CodeIgniter->createController()
 3 SYSTEMPATH/CodeIgniter.php(368): CodeIgniter\CodeIgniter->handleRequest(null, Object(Config\Cache), false)
 4 FCPATH/index.php(67): CodeIgniter\CodeIgniter->run()
INFO - 2025-06-30 11:05:22 --> Session: Class initialized using 'CodeIgniter\Session\Handlers\FileHandler' driver.
WARNING - 2025-06-30 11:05:22 --> [DEPRECATED] Creation of dynamic property App\Controllers\Products::$session is deprecated in APPPATH/Controllers/Products.php on line 30.
 1 SYSTEMPATH/CodeIgniter.php(906): App\Controllers\Products->__construct()
 2 SYSTEMPATH/CodeIgniter.php(490): CodeIgniter\CodeIgniter->createController()
 3 SYSTEMPATH/CodeIgniter.php(368): CodeIgniter\CodeIgniter->handleRequest(null, Object(Config\Cache), false)
 4 FCPATH/index.php(67): CodeIgniter\CodeIgniter->run()
WARNING - 2025-06-30 11:05:22 --> Session: Sessions is enabled, and one exists. Please don't $session->start();
WARNING - 2025-06-30 11:05:22 --> [DEPRECATED] Creation of dynamic property App\Controllers\Products::$catagory is deprecated in APPPATH/Controllers/Products.php on line 33.
 1 SYSTEMPATH/CodeIgniter.php(906): App\Controllers\Products->__construct()
 2 SYSTEMPATH/CodeIgniter.php(490): CodeIgniter\CodeIgniter->createController()
 3 SYSTEMPATH/CodeIgniter.php(368): CodeIgniter\CodeIgniter->handleRequest(null, Object(Config\Cache), false)
 4 FCPATH/index.php(67): CodeIgniter\CodeIgniter->run()
WARNING - 2025-06-30 11:05:22 --> [DEPRECATED] Creation of dynamic property App\Controllers\Products::$variation is deprecated in APPPATH/Controllers/Products.php on line 34.
 1 SYSTEMPATH/CodeIgniter.php(906): App\Controllers\Products->__construct()
 2 SYSTEMPATH/CodeIgniter.php(490): CodeIgniter\CodeIgniter->createController()
 3 SYSTEMPATH/CodeIgniter.php(368): CodeIgniter\CodeIgniter->handleRequest(null, Object(Config\Cache), false)
 4 FCPATH/index.php(67): CodeIgniter\CodeIgniter->run()
WARNING - 2025-06-30 11:05:22 --> [DEPRECATED] Creation of dynamic property App\Controllers\Products::$variationtype is deprecated in APPPATH/Controllers/Products.php on line 35.
 1 SYSTEMPATH/CodeIgniter.php(906): App\Controllers\Products->__construct()
 2 SYSTEMPATH/CodeIgniter.php(490): CodeIgniter\CodeIgniter->createController()
 3 SYSTEMPATH/CodeIgniter.php(368): CodeIgniter\CodeIgniter->handleRequest(null, Object(Config\Cache), false)
 4 FCPATH/index.php(67): CodeIgniter\CodeIgniter->run()
WARNING - 2025-06-30 11:05:22 --> [DEPRECATED] Creation of dynamic property App\Controllers\Products::$subcategory is deprecated in APPPATH/Controllers/Products.php on line 36.
 1 SYSTEMPATH/CodeIgniter.php(906): App\Controllers\Products->__construct()
 2 SYSTEMPATH/CodeIgniter.php(490): CodeIgniter\CodeIgniter->createController()
 3 SYSTEMPATH/CodeIgniter.php(368): CodeIgniter\CodeIgniter->handleRequest(null, Object(Config\Cache), false)
 4 FCPATH/index.php(67): CodeIgniter\CodeIgniter->run()
WARNING - 2025-06-30 11:05:22 --> [DEPRECATED] Creation of dynamic property App\Controllers\Products::$product is deprecated in APPPATH/Controllers/Products.php on line 37.
 1 SYSTEMPATH/CodeIgniter.php(906): App\Controllers\Products->__construct()
 2 SYSTEMPATH/CodeIgniter.php(490): CodeIgniter\CodeIgniter->createController()
 3 SYSTEMPATH/CodeIgniter.php(368): CodeIgniter\CodeIgniter->handleRequest(null, Object(Config\Cache), false)
 4 FCPATH/index.php(67): CodeIgniter\CodeIgniter->run()
WARNING - 2025-06-30 11:05:22 --> [DEPRECATED] Creation of dynamic property App\Controllers\Products::$tags is deprecated in APPPATH/Controllers/Products.php on line 38.
 1 SYSTEMPATH/CodeIgniter.php(906): App\Controllers\Products->__construct()
 2 SYSTEMPATH/CodeIgniter.php(490): CodeIgniter\CodeIgniter->createController()
 3 SYSTEMPATH/CodeIgniter.php(368): CodeIgniter\CodeIgniter->handleRequest(null, Object(Config\Cache), false)
 4 FCPATH/index.php(67): CodeIgniter\CodeIgniter->run()
WARNING - 2025-06-30 11:05:22 --> [DEPRECATED] Creation of dynamic property App\Controllers\Products::$shippingmethod is deprecated in APPPATH/Controllers/Products.php on line 39.
 1 SYSTEMPATH/CodeIgniter.php(906): App\Controllers\Products->__construct()
 2 SYSTEMPATH/CodeIgniter.php(490): CodeIgniter\CodeIgniter->createController()
 3 SYSTEMPATH/CodeIgniter.php(368): CodeIgniter\CodeIgniter->handleRequest(null, Object(Config\Cache), false)
 4 FCPATH/index.php(67): CodeIgniter\CodeIgniter->run()
WARNING - 2025-06-30 11:05:22 --> [DEPRECATED] Creation of dynamic property App\Controllers\Products::$optionvalue is deprecated in APPPATH/Controllers/Products.php on line 40.
 1 SYSTEMPATH/CodeIgniter.php(906): App\Controllers\Products->__construct()
 2 SYSTEMPATH/CodeIgniter.php(490): CodeIgniter\CodeIgniter->createController()
 3 SYSTEMPATH/CodeIgniter.php(368): CodeIgniter\CodeIgniter->handleRequest(null, Object(Config\Cache), false)
 4 FCPATH/index.php(67): CodeIgniter\CodeIgniter->run()
WARNING - 2025-06-30 11:05:22 --> [DEPRECATED] Creation of dynamic property App\Controllers\Products::$brand is deprecated in APPPATH/Controllers/Products.php on line 41.
 1 SYSTEMPATH/CodeIgniter.php(906): App\Controllers\Products->__construct()
 2 SYSTEMPATH/CodeIgniter.php(490): CodeIgniter\CodeIgniter->createController()
 3 SYSTEMPATH/CodeIgniter.php(368): CodeIgniter\CodeIgniter->handleRequest(null, Object(Config\Cache), false)
 4 FCPATH/index.php(67): CodeIgniter\CodeIgniter->run()
WARNING - 2025-06-30 11:05:22 --> [DEPRECATED] Creation of dynamic property App\Controllers\Products::$Allsettings is deprecated in APPPATH/Controllers/Products.php on line 42.
 1 SYSTEMPATH/CodeIgniter.php(906): App\Controllers\Products->__construct()
 2 SYSTEMPATH/CodeIgniter.php(490): CodeIgniter\CodeIgniter->createController()
 3 SYSTEMPATH/CodeIgniter.php(368): CodeIgniter\CodeIgniter->handleRequest(null, Object(Config\Cache), false)
 4 FCPATH/index.php(67): CodeIgniter\CodeIgniter->run()
WARNING - 2025-06-30 11:05:22 --> [DEPRECATED] Creation of dynamic property App\Controllers\Products::$Orderitemmodel is deprecated in APPPATH/Controllers/Products.php on line 43.
 1 SYSTEMPATH/CodeIgniter.php(906): App\Controllers\Products->__construct()
 2 SYSTEMPATH/CodeIgniter.php(490): CodeIgniter\CodeIgniter->createController()
 3 SYSTEMPATH/CodeIgniter.php(368): CodeIgniter\CodeIgniter->handleRequest(null, Object(Config\Cache), false)
 4 FCPATH/index.php(67): CodeIgniter\CodeIgniter->run()
WARNING - 2025-06-30 11:05:22 --> [DEPRECATED] Creation of dynamic property App\Controllers\Products::$Ordermodel is deprecated in APPPATH/Controllers/Products.php on line 44.
 1 SYSTEMPATH/CodeIgniter.php(906): App\Controllers\Products->__construct()
 2 SYSTEMPATH/CodeIgniter.php(490): CodeIgniter\CodeIgniter->createController()
 3 SYSTEMPATH/CodeIgniter.php(368): CodeIgniter\CodeIgniter->handleRequest(null, Object(Config\Cache), false)
 4 FCPATH/index.php(67): CodeIgniter\CodeIgniter->run()
WARNING - 2025-06-30 11:05:22 --> [DEPRECATED] Creation of dynamic property App\Controllers\Products::$CartModel is deprecated in APPPATH/Controllers/Products.php on line 45.
 1 SYSTEMPATH/CodeIgniter.php(906): App\Controllers\Products->__construct()
 2 SYSTEMPATH/CodeIgniter.php(490): CodeIgniter\CodeIgniter->createController()
 3 SYSTEMPATH/CodeIgniter.php(368): CodeIgniter\CodeIgniter->handleRequest(null, Object(Config\Cache), false)
 4 FCPATH/index.php(67): CodeIgniter\CodeIgniter->run()
WARNING - 2025-06-30 11:05:22 --> [DEPRECATED] Creation of dynamic property App\Controllers\Products::$Reviewmodel is deprecated in APPPATH/Controllers/Products.php on line 46.
 1 SYSTEMPATH/CodeIgniter.php(906): App\Controllers\Products->__construct()
 2 SYSTEMPATH/CodeIgniter.php(490): CodeIgniter\CodeIgniter->createController()
 3 SYSTEMPATH/CodeIgniter.php(368): CodeIgniter\CodeIgniter->handleRequest(null, Object(Config\Cache), false)
 4 FCPATH/index.php(67): CodeIgniter\CodeIgniter->run()
WARNING - 2025-06-30 11:05:22 --> [DEPRECATED] Creation of dynamic property App\Controllers\Products::$TaxesclassModel is deprecated in APPPATH/Controllers/Products.php on line 47.
 1 SYSTEMPATH/CodeIgniter.php(906): App\Controllers\Products->__construct()
 2 SYSTEMPATH/CodeIgniter.php(490): CodeIgniter\CodeIgniter->createController()
 3 SYSTEMPATH/CodeIgniter.php(368): CodeIgniter\CodeIgniter->handleRequest(null, Object(Config\Cache), false)
 4 FCPATH/index.php(67): CodeIgniter\CodeIgniter->run()
WARNING - 2025-06-30 11:05:22 --> [DEPRECATED] Creation of dynamic property App\Controllers\Products::$cms is deprecated in APPPATH/Controllers/Products.php on line 48.
 1 SYSTEMPATH/CodeIgniter.php(906): App\Controllers\Products->__construct()
 2 SYSTEMPATH/CodeIgniter.php(490): CodeIgniter\CodeIgniter->createController()
 3 SYSTEMPATH/CodeIgniter.php(368): CodeIgniter\CodeIgniter->handleRequest(null, Object(Config\Cache), false)
 4 FCPATH/index.php(67): CodeIgniter\CodeIgniter->run()
INFO - 2025-06-30 11:05:31 --> Session: Class initialized using 'CodeIgniter\Session\Handlers\FileHandler' driver.
WARNING - 2025-06-30 11:05:31 --> [DEPRECATED] Creation of dynamic property App\Controllers\Home::$user_model is deprecated in APPPATH/Controllers/Home.php on line 35.
 1 SYSTEMPATH/CodeIgniter.php(906): App\Controllers\Home->__construct()
 2 SYSTEMPATH/CodeIgniter.php(490): CodeIgniter\CodeIgniter->createController()
 3 SYSTEMPATH/CodeIgniter.php(368): CodeIgniter\CodeIgniter->handleRequest(null, Object(Config\Cache), false)
 4 FCPATH/index.php(67): CodeIgniter\CodeIgniter->run()
WARNING - 2025-06-30 11:05:31 --> [DEPRECATED] Creation of dynamic property App\Controllers\Home::$BlogModel is deprecated in APPPATH/Controllers/Home.php on line 43.
 1 SYSTEMPATH/CodeIgniter.php(906): App\Controllers\Home->__construct()
 2 SYSTEMPATH/CodeIgniter.php(490): CodeIgniter\CodeIgniter->createController()
 3 SYSTEMPATH/CodeIgniter.php(368): CodeIgniter\CodeIgniter->handleRequest(null, Object(Config\Cache), false)
 4 FCPATH/index.php(67): CodeIgniter\CodeIgniter->run()
WARNING - 2025-06-30 11:05:31 --> [DEPRECATED] Creation of dynamic property App\Controllers\Home::$EnquiryModel is deprecated in APPPATH/Controllers/Home.php on line 44.
 1 SYSTEMPATH/CodeIgniter.php(906): App\Controllers\Home->__construct()
 2 SYSTEMPATH/CodeIgniter.php(490): CodeIgniter\CodeIgniter->createController()
 3 SYSTEMPATH/CodeIgniter.php(368): CodeIgniter\CodeIgniter->handleRequest(null, Object(Config\Cache), false)
 4 FCPATH/index.php(67): CodeIgniter\CodeIgniter->run()
WARNING - 2025-06-30 11:05:31 --> [DEPRECATED] Creation of dynamic property App\Controllers\Home::$Allsettingsmodel is deprecated in APPPATH/Controllers/Home.php on line 45.
 1 SYSTEMPATH/CodeIgniter.php(906): App\Controllers\Home->__construct()
 2 SYSTEMPATH/CodeIgniter.php(490): CodeIgniter\CodeIgniter->createController()
 3 SYSTEMPATH/CodeIgniter.php(368): CodeIgniter\CodeIgniter->handleRequest(null, Object(Config\Cache), false)
 4 FCPATH/index.php(67): CodeIgniter\CodeIgniter->run()
INFO - 2025-06-30 11:05:38 --> Session: Class initialized using 'CodeIgniter\Session\Handlers\FileHandler' driver.
WARNING - 2025-06-30 11:05:38 --> [DEPRECATED] Creation of dynamic property App\Controllers\Orders::$session is deprecated in APPPATH/Controllers/Orders.php on line 34.
 1 SYSTEMPATH/CodeIgniter.php(906): App\Controllers\Orders->__construct()
 2 SYSTEMPATH/CodeIgniter.php(490): CodeIgniter\CodeIgniter->createController()
 3 SYSTEMPATH/CodeIgniter.php(368): CodeIgniter\CodeIgniter->handleRequest(null, Object(Config\Cache), false)
 4 FCPATH/index.php(67): CodeIgniter\CodeIgniter->run()
WARNING - 2025-06-30 11:05:38 --> Session: Sessions is enabled, and one exists. Please don't $session->start();
WARNING - 2025-06-30 11:05:38 --> [DEPRECATED] Creation of dynamic property App\Controllers\Orders::$coupons is deprecated in APPPATH/Controllers/Orders.php on line 38.
 1 SYSTEMPATH/CodeIgniter.php(906): App\Controllers\Orders->__construct()
 2 SYSTEMPATH/CodeIgniter.php(490): CodeIgniter\CodeIgniter->createController()
 3 SYSTEMPATH/CodeIgniter.php(368): CodeIgniter\CodeIgniter->handleRequest(null, Object(Config\Cache), false)
 4 FCPATH/index.php(67): CodeIgniter\CodeIgniter->run()
WARNING - 2025-06-30 11:05:38 --> [DEPRECATED] Creation of dynamic property App\Controllers\Orders::$faqs is deprecated in APPPATH/Controllers/Orders.php on line 39.
 1 SYSTEMPATH/CodeIgniter.php(906): App\Controllers\Orders->__construct()
 2 SYSTEMPATH/CodeIgniter.php(490): CodeIgniter\CodeIgniter->createController()
 3 SYSTEMPATH/CodeIgniter.php(368): CodeIgniter\CodeIgniter->handleRequest(null, Object(Config\Cache), false)
 4 FCPATH/index.php(67): CodeIgniter\CodeIgniter->run()
WARNING - 2025-06-30 11:05:38 --> [DEPRECATED] Creation of dynamic property App\Controllers\Orders::$seo is deprecated in APPPATH/Controllers/Orders.php on line 40.
 1 SYSTEMPATH/CodeIgniter.php(906): App\Controllers\Orders->__construct()
 2 SYSTEMPATH/CodeIgniter.php(490): CodeIgniter\CodeIgniter->createController()
 3 SYSTEMPATH/CodeIgniter.php(368): CodeIgniter\CodeIgniter->handleRequest(null, Object(Config\Cache), false)
 4 FCPATH/index.php(67): CodeIgniter\CodeIgniter->run()
WARNING - 2025-06-30 11:05:38 --> [DEPRECATED] Creation of dynamic property App\Controllers\Orders::$Ordermodel is deprecated in APPPATH/Controllers/Orders.php on line 41.
 1 SYSTEMPATH/CodeIgniter.php(906): App\Controllers\Orders->__construct()
 2 SYSTEMPATH/CodeIgniter.php(490): CodeIgniter\CodeIgniter->createController()
 3 SYSTEMPATH/CodeIgniter.php(368): CodeIgniter\CodeIgniter->handleRequest(null, Object(Config\Cache), false)
 4 FCPATH/index.php(67): CodeIgniter\CodeIgniter->run()
WARNING - 2025-06-30 11:05:38 --> [DEPRECATED] Creation of dynamic property App\Controllers\Orders::$testimonial is deprecated in APPPATH/Controllers/Orders.php on line 42.
 1 SYSTEMPATH/CodeIgniter.php(906): App\Controllers\Orders->__construct()
 2 SYSTEMPATH/CodeIgniter.php(490): CodeIgniter\CodeIgniter->createController()
 3 SYSTEMPATH/CodeIgniter.php(368): CodeIgniter\CodeIgniter->handleRequest(null, Object(Config\Cache), false)
 4 FCPATH/index.php(67): CodeIgniter\CodeIgniter->run()
WARNING - 2025-06-30 11:05:38 --> [DEPRECATED] Creation of dynamic property App\Controllers\Orders::$enquiry is deprecated in APPPATH/Controllers/Orders.php on line 43.
 1 SYSTEMPATH/CodeIgniter.php(906): App\Controllers\Orders->__construct()
 2 SYSTEMPATH/CodeIgniter.php(490): CodeIgniter\CodeIgniter->createController()
 3 SYSTEMPATH/CodeIgniter.php(368): CodeIgniter\CodeIgniter->handleRequest(null, Object(Config\Cache), false)
 4 FCPATH/index.php(67): CodeIgniter\CodeIgniter->run()
WARNING - 2025-06-30 11:05:38 --> [DEPRECATED] Creation of dynamic property App\Controllers\Orders::$product is deprecated in APPPATH/Controllers/Orders.php on line 44.
 1 SYSTEMPATH/CodeIgniter.php(906): App\Controllers\Orders->__construct()
 2 SYSTEMPATH/CodeIgniter.php(490): CodeIgniter\CodeIgniter->createController()
 3 SYSTEMPATH/CodeIgniter.php(368): CodeIgniter\CodeIgniter->handleRequest(null, Object(Config\Cache), false)
 4 FCPATH/index.php(67): CodeIgniter\CodeIgniter->run()
WARNING - 2025-06-30 11:05:38 --> [DEPRECATED] Creation of dynamic property App\Controllers\Orders::$orderitem is deprecated in APPPATH/Controllers/Orders.php on line 45.
 1 SYSTEMPATH/CodeIgniter.php(906): App\Controllers\Orders->__construct()
 2 SYSTEMPATH/CodeIgniter.php(490): CodeIgniter\CodeIgniter->createController()
 3 SYSTEMPATH/CodeIgniter.php(368): CodeIgniter\CodeIgniter->handleRequest(null, Object(Config\Cache), false)
 4 FCPATH/index.php(67): CodeIgniter\CodeIgniter->run()
WARNING - 2025-06-30 11:05:38 --> [DEPRECATED] Creation of dynamic property App\Controllers\Orders::$Ordercomment is deprecated in APPPATH/Controllers/Orders.php on line 46.
 1 SYSTEMPATH/CodeIgniter.php(906): App\Controllers\Orders->__construct()
 2 SYSTEMPATH/CodeIgniter.php(490): CodeIgniter\CodeIgniter->createController()
 3 SYSTEMPATH/CodeIgniter.php(368): CodeIgniter\CodeIgniter->handleRequest(null, Object(Config\Cache), false)
 4 FCPATH/index.php(67): CodeIgniter\CodeIgniter->run()
WARNING - 2025-06-30 11:05:38 --> [DEPRECATED] Creation of dynamic property App\Controllers\Orders::$catagory is deprecated in APPPATH/Controllers/Orders.php on line 47.
 1 SYSTEMPATH/CodeIgniter.php(906): App\Controllers\Orders->__construct()
 2 SYSTEMPATH/CodeIgniter.php(490): CodeIgniter\CodeIgniter->createController()
 3 SYSTEMPATH/CodeIgniter.php(368): CodeIgniter\CodeIgniter->handleRequest(null, Object(Config\Cache), false)
 4 FCPATH/index.php(67): CodeIgniter\CodeIgniter->run()
WARNING - 2025-06-30 11:05:38 --> [DEPRECATED] Creation of dynamic property App\Controllers\Orders::$User is deprecated in APPPATH/Controllers/Orders.php on line 48.
 1 SYSTEMPATH/CodeIgniter.php(906): App\Controllers\Orders->__construct()
 2 SYSTEMPATH/CodeIgniter.php(490): CodeIgniter\CodeIgniter->createController()
 3 SYSTEMPATH/CodeIgniter.php(368): CodeIgniter\CodeIgniter->handleRequest(null, Object(Config\Cache), false)
 4 FCPATH/index.php(67): CodeIgniter\CodeIgniter->run()
WARNING - 2025-06-30 11:05:38 --> [DEPRECATED] Creation of dynamic property App\Controllers\Orders::$shippingmethod is deprecated in APPPATH/Controllers/Orders.php on line 49.
 1 SYSTEMPATH/CodeIgniter.php(906): App\Controllers\Orders->__construct()
 2 SYSTEMPATH/CodeIgniter.php(490): CodeIgniter\CodeIgniter->createController()
 3 SYSTEMPATH/CodeIgniter.php(368): CodeIgniter\CodeIgniter->handleRequest(null, Object(Config\Cache), false)
 4 FCPATH/index.php(67): CodeIgniter\CodeIgniter->run()
WARNING - 2025-06-30 11:05:38 --> [DEPRECATED] Creation of dynamic property App\Controllers\Orders::$shippingrate is deprecated in APPPATH/Controllers/Orders.php on line 50.
 1 SYSTEMPATH/CodeIgniter.php(906): App\Controllers\Orders->__construct()
 2 SYSTEMPATH/CodeIgniter.php(490): CodeIgniter\CodeIgniter->createController()
 3 SYSTEMPATH/CodeIgniter.php(368): CodeIgniter\CodeIgniter->handleRequest(null, Object(Config\Cache), false)
 4 FCPATH/index.php(67): CodeIgniter\CodeIgniter->run()
WARNING - 2025-06-30 11:05:38 --> [DEPRECATED] Creation of dynamic property App\Controllers\Orders::$shippingzone is deprecated in APPPATH/Controllers/Orders.php on line 51.
 1 SYSTEMPATH/CodeIgniter.php(906): App\Controllers\Orders->__construct()
 2 SYSTEMPATH/CodeIgniter.php(490): CodeIgniter\CodeIgniter->createController()
 3 SYSTEMPATH/CodeIgniter.php(368): CodeIgniter\CodeIgniter->handleRequest(null, Object(Config\Cache), false)
 4 FCPATH/index.php(67): CodeIgniter\CodeIgniter->run()
WARNING - 2025-06-30 11:05:38 --> [DEPRECATED] Creation of dynamic property App\Controllers\Orders::$country is deprecated in APPPATH/Controllers/Orders.php on line 52.
 1 SYSTEMPATH/CodeIgniter.php(906): App\Controllers\Orders->__construct()
 2 SYSTEMPATH/CodeIgniter.php(490): CodeIgniter\CodeIgniter->createController()
 3 SYSTEMPATH/CodeIgniter.php(368): CodeIgniter\CodeIgniter->handleRequest(null, Object(Config\Cache), false)
 4 FCPATH/index.php(67): CodeIgniter\CodeIgniter->run()
WARNING - 2025-06-30 11:05:38 --> [DEPRECATED] Creation of dynamic property App\Controllers\Orders::$ChatModel is deprecated in APPPATH/Controllers/Orders.php on line 53.
 1 SYSTEMPATH/CodeIgniter.php(906): App\Controllers\Orders->__construct()
 2 SYSTEMPATH/CodeIgniter.php(490): CodeIgniter\CodeIgniter->createController()
 3 SYSTEMPATH/CodeIgniter.php(368): CodeIgniter\CodeIgniter->handleRequest(null, Object(Config\Cache), false)
 4 FCPATH/index.php(67): CodeIgniter\CodeIgniter->run()
WARNING - 2025-06-30 11:05:38 --> [DEPRECATED] Creation of dynamic property App\Controllers\Orders::$Allsettings is deprecated in APPPATH/Controllers/Orders.php on line 54.
 1 SYSTEMPATH/CodeIgniter.php(906): App\Controllers\Orders->__construct()
 2 SYSTEMPATH/CodeIgniter.php(490): CodeIgniter\CodeIgniter->createController()
 3 SYSTEMPATH/CodeIgniter.php(368): CodeIgniter\CodeIgniter->handleRequest(null, Object(Config\Cache), false)
 4 FCPATH/index.php(67): CodeIgniter\CodeIgniter->run()
WARNING - 2025-06-30 11:05:38 --> [DEPRECATED] Creation of dynamic property App\Controllers\Orders::$ShippingDataModel is deprecated in APPPATH/Controllers/Orders.php on line 55.
 1 SYSTEMPATH/CodeIgniter.php(906): App\Controllers\Orders->__construct()
 2 SYSTEMPATH/CodeIgniter.php(490): CodeIgniter\CodeIgniter->createController()
 3 SYSTEMPATH/CodeIgniter.php(368): CodeIgniter\CodeIgniter->handleRequest(null, Object(Config\Cache), false)
 4 FCPATH/index.php(67): CodeIgniter\CodeIgniter->run()
WARNING - 2025-06-30 11:05:38 --> [DEPRECATED] Creation of dynamic property App\Controllers\Orders::$cityModel is deprecated in APPPATH/Controllers/Orders.php on line 56.
 1 SYSTEMPATH/CodeIgniter.php(906): App\Controllers\Orders->__construct()
 2 SYSTEMPATH/CodeIgniter.php(490): CodeIgniter\CodeIgniter->createController()
 3 SYSTEMPATH/CodeIgniter.php(368): CodeIgniter\CodeIgniter->handleRequest(null, Object(Config\Cache), false)
 4 FCPATH/index.php(67): CodeIgniter\CodeIgniter->run()
WARNING - 2025-06-30 11:05:38 --> [DEPRECATED] Creation of dynamic property App\Controllers\Orders::$stateModel is deprecated in APPPATH/Controllers/Orders.php on line 57.
 1 SYSTEMPATH/CodeIgniter.php(906): App\Controllers\Orders->__construct()
 2 SYSTEMPATH/CodeIgniter.php(490): CodeIgniter\CodeIgniter->createController()
 3 SYSTEMPATH/CodeIgniter.php(368): CodeIgniter\CodeIgniter->handleRequest(null, Object(Config\Cache), false)
 4 FCPATH/index.php(67): CodeIgniter\CodeIgniter->run()
WARNING - 2025-06-30 11:05:38 --> [DEPRECATED] Creation of dynamic property App\Controllers\Orders::$taxModel is deprecated in APPPATH/Controllers/Orders.php on line 58.
 1 SYSTEMPATH/CodeIgniter.php(906): App\Controllers\Orders->__construct()
 2 SYSTEMPATH/CodeIgniter.php(490): CodeIgniter\CodeIgniter->createController()
 3 SYSTEMPATH/CodeIgniter.php(368): CodeIgniter\CodeIgniter->handleRequest(null, Object(Config\Cache), false)
 4 FCPATH/index.php(67): CodeIgniter\CodeIgniter->run()
INFO - 2025-06-30 11:05:42 --> Session: Class initialized using 'CodeIgniter\Session\Handlers\FileHandler' driver.
WARNING - 2025-06-30 11:05:42 --> [DEPRECATED] Creation of dynamic property App\Controllers\Orders::$session is deprecated in APPPATH/Controllers/Orders.php on line 34.
 1 SYSTEMPATH/CodeIgniter.php(906): App\Controllers\Orders->__construct()
 2 SYSTEMPATH/CodeIgniter.php(490): CodeIgniter\CodeIgniter->createController()
 3 SYSTEMPATH/CodeIgniter.php(368): CodeIgniter\CodeIgniter->handleRequest(null, Object(Config\Cache), false)
 4 FCPATH/index.php(67): CodeIgniter\CodeIgniter->run()
WARNING - 2025-06-30 11:05:42 --> Session: Sessions is enabled, and one exists. Please don't $session->start();
WARNING - 2025-06-30 11:05:42 --> [DEPRECATED] Creation of dynamic property App\Controllers\Orders::$coupons is deprecated in APPPATH/Controllers/Orders.php on line 38.
 1 SYSTEMPATH/CodeIgniter.php(906): App\Controllers\Orders->__construct()
 2 SYSTEMPATH/CodeIgniter.php(490): CodeIgniter\CodeIgniter->createController()
 3 SYSTEMPATH/CodeIgniter.php(368): CodeIgniter\CodeIgniter->handleRequest(null, Object(Config\Cache), false)
 4 FCPATH/index.php(67): CodeIgniter\CodeIgniter->run()
WARNING - 2025-06-30 11:05:42 --> [DEPRECATED] Creation of dynamic property App\Controllers\Orders::$faqs is deprecated in APPPATH/Controllers/Orders.php on line 39.
 1 SYSTEMPATH/CodeIgniter.php(906): App\Controllers\Orders->__construct()
 2 SYSTEMPATH/CodeIgniter.php(490): CodeIgniter\CodeIgniter->createController()
 3 SYSTEMPATH/CodeIgniter.php(368): CodeIgniter\CodeIgniter->handleRequest(null, Object(Config\Cache), false)
 4 FCPATH/index.php(67): CodeIgniter\CodeIgniter->run()
WARNING - 2025-06-30 11:05:42 --> [DEPRECATED] Creation of dynamic property App\Controllers\Orders::$seo is deprecated in APPPATH/Controllers/Orders.php on line 40.
 1 SYSTEMPATH/CodeIgniter.php(906): App\Controllers\Orders->__construct()
 2 SYSTEMPATH/CodeIgniter.php(490): CodeIgniter\CodeIgniter->createController()
 3 SYSTEMPATH/CodeIgniter.php(368): CodeIgniter\CodeIgniter->handleRequest(null, Object(Config\Cache), false)
 4 FCPATH/index.php(67): CodeIgniter\CodeIgniter->run()
WARNING - 2025-06-30 11:05:42 --> [DEPRECATED] Creation of dynamic property App\Controllers\Orders::$Ordermodel is deprecated in APPPATH/Controllers/Orders.php on line 41.
 1 SYSTEMPATH/CodeIgniter.php(906): App\Controllers\Orders->__construct()
 2 SYSTEMPATH/CodeIgniter.php(490): CodeIgniter\CodeIgniter->createController()
 3 SYSTEMPATH/CodeIgniter.php(368): CodeIgniter\CodeIgniter->handleRequest(null, Object(Config\Cache), false)
 4 FCPATH/index.php(67): CodeIgniter\CodeIgniter->run()
WARNING - 2025-06-30 11:05:42 --> [DEPRECATED] Creation of dynamic property App\Controllers\Orders::$testimonial is deprecated in APPPATH/Controllers/Orders.php on line 42.
 1 SYSTEMPATH/CodeIgniter.php(906): App\Controllers\Orders->__construct()
 2 SYSTEMPATH/CodeIgniter.php(490): CodeIgniter\CodeIgniter->createController()
 3 SYSTEMPATH/CodeIgniter.php(368): CodeIgniter\CodeIgniter->handleRequest(null, Object(Config\Cache), false)
 4 FCPATH/index.php(67): CodeIgniter\CodeIgniter->run()
WARNING - 2025-06-30 11:05:42 --> [DEPRECATED] Creation of dynamic property App\Controllers\Orders::$enquiry is deprecated in APPPATH/Controllers/Orders.php on line 43.
 1 SYSTEMPATH/CodeIgniter.php(906): App\Controllers\Orders->__construct()
 2 SYSTEMPATH/CodeIgniter.php(490): CodeIgniter\CodeIgniter->createController()
 3 SYSTEMPATH/CodeIgniter.php(368): CodeIgniter\CodeIgniter->handleRequest(null, Object(Config\Cache), false)
 4 FCPATH/index.php(67): CodeIgniter\CodeIgniter->run()
WARNING - 2025-06-30 11:05:42 --> [DEPRECATED] Creation of dynamic property App\Controllers\Orders::$product is deprecated in APPPATH/Controllers/Orders.php on line 44.
 1 SYSTEMPATH/CodeIgniter.php(906): App\Controllers\Orders->__construct()
 2 SYSTEMPATH/CodeIgniter.php(490): CodeIgniter\CodeIgniter->createController()
 3 SYSTEMPATH/CodeIgniter.php(368): CodeIgniter\CodeIgniter->handleRequest(null, Object(Config\Cache), false)
 4 FCPATH/index.php(67): CodeIgniter\CodeIgniter->run()
WARNING - 2025-06-30 11:05:42 --> [DEPRECATED] Creation of dynamic property App\Controllers\Orders::$orderitem is deprecated in APPPATH/Controllers/Orders.php on line 45.
 1 SYSTEMPATH/CodeIgniter.php(906): App\Controllers\Orders->__construct()
 2 SYSTEMPATH/CodeIgniter.php(490): CodeIgniter\CodeIgniter->createController()
 3 SYSTEMPATH/CodeIgniter.php(368): CodeIgniter\CodeIgniter->handleRequest(null, Object(Config\Cache), false)
 4 FCPATH/index.php(67): CodeIgniter\CodeIgniter->run()
WARNING - 2025-06-30 11:05:42 --> [DEPRECATED] Creation of dynamic property App\Controllers\Orders::$Ordercomment is deprecated in APPPATH/Controllers/Orders.php on line 46.
 1 SYSTEMPATH/CodeIgniter.php(906): App\Controllers\Orders->__construct()
 2 SYSTEMPATH/CodeIgniter.php(490): CodeIgniter\CodeIgniter->createController()
 3 SYSTEMPATH/CodeIgniter.php(368): CodeIgniter\CodeIgniter->handleRequest(null, Object(Config\Cache), false)
 4 FCPATH/index.php(67): CodeIgniter\CodeIgniter->run()
WARNING - 2025-06-30 11:05:42 --> [DEPRECATED] Creation of dynamic property App\Controllers\Orders::$catagory is deprecated in APPPATH/Controllers/Orders.php on line 47.
 1 SYSTEMPATH/CodeIgniter.php(906): App\Controllers\Orders->__construct()
 2 SYSTEMPATH/CodeIgniter.php(490): CodeIgniter\CodeIgniter->createController()
 3 SYSTEMPATH/CodeIgniter.php(368): CodeIgniter\CodeIgniter->handleRequest(null, Object(Config\Cache), false)
 4 FCPATH/index.php(67): CodeIgniter\CodeIgniter->run()
WARNING - 2025-06-30 11:05:42 --> [DEPRECATED] Creation of dynamic property App\Controllers\Orders::$User is deprecated in APPPATH/Controllers/Orders.php on line 48.
 1 SYSTEMPATH/CodeIgniter.php(906): App\Controllers\Orders->__construct()
 2 SYSTEMPATH/CodeIgniter.php(490): CodeIgniter\CodeIgniter->createController()
 3 SYSTEMPATH/CodeIgniter.php(368): CodeIgniter\CodeIgniter->handleRequest(null, Object(Config\Cache), false)
 4 FCPATH/index.php(67): CodeIgniter\CodeIgniter->run()
WARNING - 2025-06-30 11:05:42 --> [DEPRECATED] Creation of dynamic property App\Controllers\Orders::$shippingmethod is deprecated in APPPATH/Controllers/Orders.php on line 49.
 1 SYSTEMPATH/CodeIgniter.php(906): App\Controllers\Orders->__construct()
 2 SYSTEMPATH/CodeIgniter.php(490): CodeIgniter\CodeIgniter->createController()
 3 SYSTEMPATH/CodeIgniter.php(368): CodeIgniter\CodeIgniter->handleRequest(null, Object(Config\Cache), false)
 4 FCPATH/index.php(67): CodeIgniter\CodeIgniter->run()
WARNING - 2025-06-30 11:05:42 --> [DEPRECATED] Creation of dynamic property App\Controllers\Orders::$shippingrate is deprecated in APPPATH/Controllers/Orders.php on line 50.
 1 SYSTEMPATH/CodeIgniter.php(906): App\Controllers\Orders->__construct()
 2 SYSTEMPATH/CodeIgniter.php(490): CodeIgniter\CodeIgniter->createController()
 3 SYSTEMPATH/CodeIgniter.php(368): CodeIgniter\CodeIgniter->handleRequest(null, Object(Config\Cache), false)
 4 FCPATH/index.php(67): CodeIgniter\CodeIgniter->run()
WARNING - 2025-06-30 11:05:42 --> [DEPRECATED] Creation of dynamic property App\Controllers\Orders::$shippingzone is deprecated in APPPATH/Controllers/Orders.php on line 51.
 1 SYSTEMPATH/CodeIgniter.php(906): App\Controllers\Orders->__construct()
 2 SYSTEMPATH/CodeIgniter.php(490): CodeIgniter\CodeIgniter->createController()
 3 SYSTEMPATH/CodeIgniter.php(368): CodeIgniter\CodeIgniter->handleRequest(null, Object(Config\Cache), false)
 4 FCPATH/index.php(67): CodeIgniter\CodeIgniter->run()
WARNING - 2025-06-30 11:05:42 --> [DEPRECATED] Creation of dynamic property App\Controllers\Orders::$country is deprecated in APPPATH/Controllers/Orders.php on line 52.
 1 SYSTEMPATH/CodeIgniter.php(906): App\Controllers\Orders->__construct()
 2 SYSTEMPATH/CodeIgniter.php(490): CodeIgniter\CodeIgniter->createController()
 3 SYSTEMPATH/CodeIgniter.php(368): CodeIgniter\CodeIgniter->handleRequest(null, Object(Config\Cache), false)
 4 FCPATH/index.php(67): CodeIgniter\CodeIgniter->run()
WARNING - 2025-06-30 11:05:42 --> [DEPRECATED] Creation of dynamic property App\Controllers\Orders::$ChatModel is deprecated in APPPATH/Controllers/Orders.php on line 53.
 1 SYSTEMPATH/CodeIgniter.php(906): App\Controllers\Orders->__construct()
 2 SYSTEMPATH/CodeIgniter.php(490): CodeIgniter\CodeIgniter->createController()
 3 SYSTEMPATH/CodeIgniter.php(368): CodeIgniter\CodeIgniter->handleRequest(null, Object(Config\Cache), false)
 4 FCPATH/index.php(67): CodeIgniter\CodeIgniter->run()
WARNING - 2025-06-30 11:05:42 --> [DEPRECATED] Creation of dynamic property App\Controllers\Orders::$Allsettings is deprecated in APPPATH/Controllers/Orders.php on line 54.
 1 SYSTEMPATH/CodeIgniter.php(906): App\Controllers\Orders->__construct()
 2 SYSTEMPATH/CodeIgniter.php(490): CodeIgniter\CodeIgniter->createController()
 3 SYSTEMPATH/CodeIgniter.php(368): CodeIgniter\CodeIgniter->handleRequest(null, Object(Config\Cache), false)
 4 FCPATH/index.php(67): CodeIgniter\CodeIgniter->run()
WARNING - 2025-06-30 11:05:42 --> [DEPRECATED] Creation of dynamic property App\Controllers\Orders::$ShippingDataModel is deprecated in APPPATH/Controllers/Orders.php on line 55.
 1 SYSTEMPATH/CodeIgniter.php(906): App\Controllers\Orders->__construct()
 2 SYSTEMPATH/CodeIgniter.php(490): CodeIgniter\CodeIgniter->createController()
 3 SYSTEMPATH/CodeIgniter.php(368): CodeIgniter\CodeIgniter->handleRequest(null, Object(Config\Cache), false)
 4 FCPATH/index.php(67): CodeIgniter\CodeIgniter->run()
WARNING - 2025-06-30 11:05:42 --> [DEPRECATED] Creation of dynamic property App\Controllers\Orders::$cityModel is deprecated in APPPATH/Controllers/Orders.php on line 56.
 1 SYSTEMPATH/CodeIgniter.php(906): App\Controllers\Orders->__construct()
 2 SYSTEMPATH/CodeIgniter.php(490): CodeIgniter\CodeIgniter->createController()
 3 SYSTEMPATH/CodeIgniter.php(368): CodeIgniter\CodeIgniter->handleRequest(null, Object(Config\Cache), false)
 4 FCPATH/index.php(67): CodeIgniter\CodeIgniter->run()
WARNING - 2025-06-30 11:05:42 --> [DEPRECATED] Creation of dynamic property App\Controllers\Orders::$stateModel is deprecated in APPPATH/Controllers/Orders.php on line 57.
 1 SYSTEMPATH/CodeIgniter.php(906): App\Controllers\Orders->__construct()
 2 SYSTEMPATH/CodeIgniter.php(490): CodeIgniter\CodeIgniter->createController()
 3 SYSTEMPATH/CodeIgniter.php(368): CodeIgniter\CodeIgniter->handleRequest(null, Object(Config\Cache), false)
 4 FCPATH/index.php(67): CodeIgniter\CodeIgniter->run()
WARNING - 2025-06-30 11:05:42 --> [DEPRECATED] Creation of dynamic property App\Controllers\Orders::$taxModel is deprecated in APPPATH/Controllers/Orders.php on line 58.
 1 SYSTEMPATH/CodeIgniter.php(906): App\Controllers\Orders->__construct()
 2 SYSTEMPATH/CodeIgniter.php(490): CodeIgniter\CodeIgniter->createController()
 3 SYSTEMPATH/CodeIgniter.php(368): CodeIgniter\CodeIgniter->handleRequest(null, Object(Config\Cache), false)
 4 FCPATH/index.php(67): CodeIgniter\CodeIgniter->run()
INFO - 2025-06-30 11:05:44 --> Session: Class initialized using 'CodeIgniter\Session\Handlers\FileHandler' driver.
WARNING - 2025-06-30 11:05:44 --> [DEPRECATED] Creation of dynamic property App\Controllers\Home::$user_model is deprecated in APPPATH/Controllers/Home.php on line 35.
 1 SYSTEMPATH/CodeIgniter.php(906): App\Controllers\Home->__construct()
 2 SYSTEMPATH/CodeIgniter.php(490): CodeIgniter\CodeIgniter->createController()
 3 SYSTEMPATH/CodeIgniter.php(368): CodeIgniter\CodeIgniter->handleRequest(null, Object(Config\Cache), false)
 4 FCPATH/index.php(67): CodeIgniter\CodeIgniter->run()
WARNING - 2025-06-30 11:05:44 --> [DEPRECATED] Creation of dynamic property App\Controllers\Home::$BlogModel is deprecated in APPPATH/Controllers/Home.php on line 43.
 1 SYSTEMPATH/CodeIgniter.php(906): App\Controllers\Home->__construct()
 2 SYSTEMPATH/CodeIgniter.php(490): CodeIgniter\CodeIgniter->createController()
 3 SYSTEMPATH/CodeIgniter.php(368): CodeIgniter\CodeIgniter->handleRequest(null, Object(Config\Cache), false)
 4 FCPATH/index.php(67): CodeIgniter\CodeIgniter->run()
WARNING - 2025-06-30 11:05:44 --> [DEPRECATED] Creation of dynamic property App\Controllers\Home::$EnquiryModel is deprecated in APPPATH/Controllers/Home.php on line 44.
 1 SYSTEMPATH/CodeIgniter.php(906): App\Controllers\Home->__construct()
 2 SYSTEMPATH/CodeIgniter.php(490): CodeIgniter\CodeIgniter->createController()
 3 SYSTEMPATH/CodeIgniter.php(368): CodeIgniter\CodeIgniter->handleRequest(null, Object(Config\Cache), false)
 4 FCPATH/index.php(67): CodeIgniter\CodeIgniter->run()
WARNING - 2025-06-30 11:05:44 --> [DEPRECATED] Creation of dynamic property App\Controllers\Home::$Allsettingsmodel is deprecated in APPPATH/Controllers/Home.php on line 45.
 1 SYSTEMPATH/CodeIgniter.php(906): App\Controllers\Home->__construct()
 2 SYSTEMPATH/CodeIgniter.php(490): CodeIgniter\CodeIgniter->createController()
 3 SYSTEMPATH/CodeIgniter.php(368): CodeIgniter\CodeIgniter->handleRequest(null, Object(Config\Cache), false)
 4 FCPATH/index.php(67): CodeIgniter\CodeIgniter->run()
INFO - 2025-06-30 11:07:54 --> Session: Class initialized using 'CodeIgniter\Session\Handlers\FileHandler' driver.
WARNING - 2025-06-30 11:07:54 --> [DEPRECATED] Creation of dynamic property App\Controllers\Home::$user_model is deprecated in APPPATH/Controllers/Home.php on line 35.
 1 SYSTEMPATH/CodeIgniter.php(906): App\Controllers\Home->__construct()
 2 SYSTEMPATH/CodeIgniter.php(490): CodeIgniter\CodeIgniter->createController()
 3 SYSTEMPATH/CodeIgniter.php(368): CodeIgniter\CodeIgniter->handleRequest(null, Object(Config\Cache), false)
 4 FCPATH/index.php(67): CodeIgniter\CodeIgniter->run()
WARNING - 2025-06-30 11:07:54 --> [DEPRECATED] Creation of dynamic property App\Controllers\Home::$BlogModel is deprecated in APPPATH/Controllers/Home.php on line 43.
 1 SYSTEMPATH/CodeIgniter.php(906): App\Controllers\Home->__construct()
 2 SYSTEMPATH/CodeIgniter.php(490): CodeIgniter\CodeIgniter->createController()
 3 SYSTEMPATH/CodeIgniter.php(368): CodeIgniter\CodeIgniter->handleRequest(null, Object(Config\Cache), false)
 4 FCPATH/index.php(67): CodeIgniter\CodeIgniter->run()
WARNING - 2025-06-30 11:07:54 --> [DEPRECATED] Creation of dynamic property App\Controllers\Home::$EnquiryModel is deprecated in APPPATH/Controllers/Home.php on line 44.
 1 SYSTEMPATH/CodeIgniter.php(906): App\Controllers\Home->__construct()
 2 SYSTEMPATH/CodeIgniter.php(490): CodeIgniter\CodeIgniter->createController()
 3 SYSTEMPATH/CodeIgniter.php(368): CodeIgniter\CodeIgniter->handleRequest(null, Object(Config\Cache), false)
 4 FCPATH/index.php(67): CodeIgniter\CodeIgniter->run()
WARNING - 2025-06-30 11:07:54 --> [DEPRECATED] Creation of dynamic property App\Controllers\Home::$Allsettingsmodel is deprecated in APPPATH/Controllers/Home.php on line 45.
 1 SYSTEMPATH/CodeIgniter.php(906): App\Controllers\Home->__construct()
 2 SYSTEMPATH/CodeIgniter.php(490): CodeIgniter\CodeIgniter->createController()
 3 SYSTEMPATH/CodeIgniter.php(368): CodeIgniter\CodeIgniter->handleRequest(null, Object(Config\Cache), false)
 4 FCPATH/index.php(67): CodeIgniter\CodeIgniter->run()
INFO - 2025-06-30 11:15:22 --> Session: Class initialized using 'CodeIgniter\Session\Handlers\FileHandler' driver.
WARNING - 2025-06-30 11:15:22 --> [DEPRECATED] Creation of dynamic property App\Controllers\Home::$user_model is deprecated in APPPATH/Controllers/Home.php on line 35.
 1 SYSTEMPATH/CodeIgniter.php(906): App\Controllers\Home->__construct()
 2 SYSTEMPATH/CodeIgniter.php(490): CodeIgniter\CodeIgniter->createController()
 3 SYSTEMPATH/CodeIgniter.php(368): CodeIgniter\CodeIgniter->handleRequest(null, Object(Config\Cache), false)
 4 FCPATH/index.php(67): CodeIgniter\CodeIgniter->run()
WARNING - 2025-06-30 11:15:22 --> [DEPRECATED] Creation of dynamic property App\Controllers\Home::$BlogModel is deprecated in APPPATH/Controllers/Home.php on line 43.
 1 SYSTEMPATH/CodeIgniter.php(906): App\Controllers\Home->__construct()
 2 SYSTEMPATH/CodeIgniter.php(490): CodeIgniter\CodeIgniter->createController()
 3 SYSTEMPATH/CodeIgniter.php(368): CodeIgniter\CodeIgniter->handleRequest(null, Object(Config\Cache), false)
 4 FCPATH/index.php(67): CodeIgniter\CodeIgniter->run()
WARNING - 2025-06-30 11:15:22 --> [DEPRECATED] Creation of dynamic property App\Controllers\Home::$EnquiryModel is deprecated in APPPATH/Controllers/Home.php on line 44.
 1 SYSTEMPATH/CodeIgniter.php(906): App\Controllers\Home->__construct()
 2 SYSTEMPATH/CodeIgniter.php(490): CodeIgniter\CodeIgniter->createController()
 3 SYSTEMPATH/CodeIgniter.php(368): CodeIgniter\CodeIgniter->handleRequest(null, Object(Config\Cache), false)
 4 FCPATH/index.php(67): CodeIgniter\CodeIgniter->run()
WARNING - 2025-06-30 11:15:22 --> [DEPRECATED] Creation of dynamic property App\Controllers\Home::$Allsettingsmodel is deprecated in APPPATH/Controllers/Home.php on line 45.
 1 SYSTEMPATH/CodeIgniter.php(906): App\Controllers\Home->__construct()
 2 SYSTEMPATH/CodeIgniter.php(490): CodeIgniter\CodeIgniter->createController()
 3 SYSTEMPATH/CodeIgniter.php(368): CodeIgniter\CodeIgniter->handleRequest(null, Object(Config\Cache), false)
 4 FCPATH/index.php(67): CodeIgniter\CodeIgniter->run()
INFO - 2025-06-30 11:15:30 --> Session: Class initialized using 'CodeIgniter\Session\Handlers\FileHandler' driver.
WARNING - 2025-06-30 11:15:30 --> [DEPRECATED] Creation of dynamic property App\Controllers\Home::$user_model is deprecated in APPPATH/Controllers/Home.php on line 35.
 1 SYSTEMPATH/CodeIgniter.php(906): App\Controllers\Home->__construct()
 2 SYSTEMPATH/CodeIgniter.php(490): CodeIgniter\CodeIgniter->createController()
 3 SYSTEMPATH/CodeIgniter.php(368): CodeIgniter\CodeIgniter->handleRequest(null, Object(Config\Cache), false)
 4 FCPATH/index.php(67): CodeIgniter\CodeIgniter->run()
WARNING - 2025-06-30 11:15:30 --> [DEPRECATED] Creation of dynamic property App\Controllers\Home::$BlogModel is deprecated in APPPATH/Controllers/Home.php on line 43.
 1 SYSTEMPATH/CodeIgniter.php(906): App\Controllers\Home->__construct()
 2 SYSTEMPATH/CodeIgniter.php(490): CodeIgniter\CodeIgniter->createController()
 3 SYSTEMPATH/CodeIgniter.php(368): CodeIgniter\CodeIgniter->handleRequest(null, Object(Config\Cache), false)
 4 FCPATH/index.php(67): CodeIgniter\CodeIgniter->run()
WARNING - 2025-06-30 11:15:30 --> [DEPRECATED] Creation of dynamic property App\Controllers\Home::$EnquiryModel is deprecated in APPPATH/Controllers/Home.php on line 44.
 1 SYSTEMPATH/CodeIgniter.php(906): App\Controllers\Home->__construct()
 2 SYSTEMPATH/CodeIgniter.php(490): CodeIgniter\CodeIgniter->createController()
 3 SYSTEMPATH/CodeIgniter.php(368): CodeIgniter\CodeIgniter->handleRequest(null, Object(Config\Cache), false)
 4 FCPATH/index.php(67): CodeIgniter\CodeIgniter->run()
WARNING - 2025-06-30 11:15:30 --> [DEPRECATED] Creation of dynamic property App\Controllers\Home::$Allsettingsmodel is deprecated in APPPATH/Controllers/Home.php on line 45.
 1 SYSTEMPATH/CodeIgniter.php(906): App\Controllers\Home->__construct()
 2 SYSTEMPATH/CodeIgniter.php(490): CodeIgniter\CodeIgniter->createController()
 3 SYSTEMPATH/CodeIgniter.php(368): CodeIgniter\CodeIgniter->handleRequest(null, Object(Config\Cache), false)
 4 FCPATH/index.php(67): CodeIgniter\CodeIgniter->run()
INFO - 2025-06-30 12:10:09 --> Session: Class initialized using 'CodeIgniter\Session\Handlers\FileHandler' driver.
INFO - 2025-06-30 12:10:09 --> Session: Class initialized using 'CodeIgniter\Session\Handlers\FileHandler' driver.
WARNING - 2025-06-30 12:10:09 --> [DEPRECATED] Creation of dynamic property App\Controllers\Home::$user_model is deprecated in APPPATH/Controllers/Home.php on line 35.
 1 SYSTEMPATH/CodeIgniter.php(906): App\Controllers\Home->__construct()
 2 SYSTEMPATH/CodeIgniter.php(490): CodeIgniter\CodeIgniter->createController()
 3 SYSTEMPATH/CodeIgniter.php(368): CodeIgniter\CodeIgniter->handleRequest(null, Object(Config\Cache), false)
 4 FCPATH/index.php(67): CodeIgniter\CodeIgniter->run()
WARNING - 2025-06-30 12:10:09 --> [DEPRECATED] Creation of dynamic property App\Controllers\Home::$BlogModel is deprecated in APPPATH/Controllers/Home.php on line 43.
 1 SYSTEMPATH/CodeIgniter.php(906): App\Controllers\Home->__construct()
 2 SYSTEMPATH/CodeIgniter.php(490): CodeIgniter\CodeIgniter->createController()
 3 SYSTEMPATH/CodeIgniter.php(368): CodeIgniter\CodeIgniter->handleRequest(null, Object(Config\Cache), false)
 4 FCPATH/index.php(67): CodeIgniter\CodeIgniter->run()
WARNING - 2025-06-30 12:10:09 --> [DEPRECATED] Creation of dynamic property App\Controllers\Home::$EnquiryModel is deprecated in APPPATH/Controllers/Home.php on line 44.
 1 SYSTEMPATH/CodeIgniter.php(906): App\Controllers\Home->__construct()
 2 SYSTEMPATH/CodeIgniter.php(490): CodeIgniter\CodeIgniter->createController()
 3 SYSTEMPATH/CodeIgniter.php(368): CodeIgniter\CodeIgniter->handleRequest(null, Object(Config\Cache), false)
 4 FCPATH/index.php(67): CodeIgniter\CodeIgniter->run()
WARNING - 2025-06-30 12:10:09 --> [DEPRECATED] Creation of dynamic property App\Controllers\Home::$Allsettingsmodel is deprecated in APPPATH/Controllers/Home.php on line 45.
 1 SYSTEMPATH/CodeIgniter.php(906): App\Controllers\Home->__construct()
 2 SYSTEMPATH/CodeIgniter.php(490): CodeIgniter\CodeIgniter->createController()
 3 SYSTEMPATH/CodeIgniter.php(368): CodeIgniter\CodeIgniter->handleRequest(null, Object(Config\Cache), false)
 4 FCPATH/index.php(67): CodeIgniter\CodeIgniter->run()
WARNING - 2025-06-30 12:10:23 --> [DEPRECATED] Creation of dynamic property App\Controllers\Home::$user_model is deprecated in APPPATH/Controllers/Home.php on line 35.
 1 SYSTEMPATH/CodeIgniter.php(906): App\Controllers\Home->__construct()
 2 SYSTEMPATH/CodeIgniter.php(490): CodeIgniter\CodeIgniter->createController()
 3 SYSTEMPATH/CodeIgniter.php(368): CodeIgniter\CodeIgniter->handleRequest(null, Object(Config\Cache), false)
 4 FCPATH/index.php(67): CodeIgniter\CodeIgniter->run()
WARNING - 2025-06-30 12:10:23 --> [DEPRECATED] Creation of dynamic property App\Controllers\Home::$BlogModel is deprecated in APPPATH/Controllers/Home.php on line 43.
 1 SYSTEMPATH/CodeIgniter.php(906): App\Controllers\Home->__construct()
 2 SYSTEMPATH/CodeIgniter.php(490): CodeIgniter\CodeIgniter->createController()
 3 SYSTEMPATH/CodeIgniter.php(368): CodeIgniter\CodeIgniter->handleRequest(null, Object(Config\Cache), false)
 4 FCPATH/index.php(67): CodeIgniter\CodeIgniter->run()
WARNING - 2025-06-30 12:10:23 --> [DEPRECATED] Creation of dynamic property App\Controllers\Home::$EnquiryModel is deprecated in APPPATH/Controllers/Home.php on line 44.
 1 SYSTEMPATH/CodeIgniter.php(906): App\Controllers\Home->__construct()
 2 SYSTEMPATH/CodeIgniter.php(490): CodeIgniter\CodeIgniter->createController()
 3 SYSTEMPATH/CodeIgniter.php(368): CodeIgniter\CodeIgniter->handleRequest(null, Object(Config\Cache), false)
 4 FCPATH/index.php(67): CodeIgniter\CodeIgniter->run()
WARNING - 2025-06-30 12:10:23 --> [DEPRECATED] Creation of dynamic property App\Controllers\Home::$Allsettingsmodel is deprecated in APPPATH/Controllers/Home.php on line 45.
 1 SYSTEMPATH/CodeIgniter.php(906): App\Controllers\Home->__construct()
 2 SYSTEMPATH/CodeIgniter.php(490): CodeIgniter\CodeIgniter->createController()
 3 SYSTEMPATH/CodeIgniter.php(368): CodeIgniter\CodeIgniter->handleRequest(null, Object(Config\Cache), false)
 4 FCPATH/index.php(67): CodeIgniter\CodeIgniter->run()
INFO - 2025-06-30 12:10:23 --> Session: Class initialized using 'CodeIgniter\Session\Handlers\FileHandler' driver.
INFO - 2025-06-30 12:10:25 --> Session: Class initialized using 'CodeIgniter\Session\Handlers\FileHandler' driver.
WARNING - 2025-06-30 12:10:25 --> [DEPRECATED] Creation of dynamic property App\Controllers\Home::$user_model is deprecated in APPPATH/Controllers/Home.php on line 35.
 1 SYSTEMPATH/CodeIgniter.php(906): App\Controllers\Home->__construct()
 2 SYSTEMPATH/CodeIgniter.php(490): CodeIgniter\CodeIgniter->createController()
 3 SYSTEMPATH/CodeIgniter.php(368): CodeIgniter\CodeIgniter->handleRequest(null, Object(Config\Cache), false)
 4 FCPATH/index.php(67): CodeIgniter\CodeIgniter->run()
WARNING - 2025-06-30 12:10:25 --> [DEPRECATED] Creation of dynamic property App\Controllers\Home::$BlogModel is deprecated in APPPATH/Controllers/Home.php on line 43.
 1 SYSTEMPATH/CodeIgniter.php(906): App\Controllers\Home->__construct()
 2 SYSTEMPATH/CodeIgniter.php(490): CodeIgniter\CodeIgniter->createController()
 3 SYSTEMPATH/CodeIgniter.php(368): CodeIgniter\CodeIgniter->handleRequest(null, Object(Config\Cache), false)
 4 FCPATH/index.php(67): CodeIgniter\CodeIgniter->run()
WARNING - 2025-06-30 12:10:25 --> [DEPRECATED] Creation of dynamic property App\Controllers\Home::$EnquiryModel is deprecated in APPPATH/Controllers/Home.php on line 44.
 1 SYSTEMPATH/CodeIgniter.php(906): App\Controllers\Home->__construct()
 2 SYSTEMPATH/CodeIgniter.php(490): CodeIgniter\CodeIgniter->createController()
 3 SYSTEMPATH/CodeIgniter.php(368): CodeIgniter\CodeIgniter->handleRequest(null, Object(Config\Cache), false)
 4 FCPATH/index.php(67): CodeIgniter\CodeIgniter->run()
WARNING - 2025-06-30 12:10:25 --> [DEPRECATED] Creation of dynamic property App\Controllers\Home::$Allsettingsmodel is deprecated in APPPATH/Controllers/Home.php on line 45.
 1 SYSTEMPATH/CodeIgniter.php(906): App\Controllers\Home->__construct()
 2 SYSTEMPATH/CodeIgniter.php(490): CodeIgniter\CodeIgniter->createController()
 3 SYSTEMPATH/CodeIgniter.php(368): CodeIgniter\CodeIgniter->handleRequest(null, Object(Config\Cache), false)
 4 FCPATH/index.php(67): CodeIgniter\CodeIgniter->run()
INFO - 2025-06-30 12:16:22 --> Session: Class initialized using 'CodeIgniter\Session\Handlers\FileHandler' driver.
WARNING - 2025-06-30 12:16:22 --> [DEPRECATED] Creation of dynamic property App\Controllers\Home::$user_model is deprecated in APPPATH/Controllers/Home.php on line 35.
 1 SYSTEMPATH/CodeIgniter.php(906): App\Controllers\Home->__construct()
 2 SYSTEMPATH/CodeIgniter.php(490): CodeIgniter\CodeIgniter->createController()
 3 SYSTEMPATH/CodeIgniter.php(368): CodeIgniter\CodeIgniter->handleRequest(null, Object(Config\Cache), false)
 4 FCPATH/index.php(67): CodeIgniter\CodeIgniter->run()
WARNING - 2025-06-30 12:16:22 --> [DEPRECATED] Creation of dynamic property App\Controllers\Home::$BlogModel is deprecated in APPPATH/Controllers/Home.php on line 43.
 1 SYSTEMPATH/CodeIgniter.php(906): App\Controllers\Home->__construct()
 2 SYSTEMPATH/CodeIgniter.php(490): CodeIgniter\CodeIgniter->createController()
 3 SYSTEMPATH/CodeIgniter.php(368): CodeIgniter\CodeIgniter->handleRequest(null, Object(Config\Cache), false)
 4 FCPATH/index.php(67): CodeIgniter\CodeIgniter->run()
WARNING - 2025-06-30 12:16:22 --> [DEPRECATED] Creation of dynamic property App\Controllers\Home::$EnquiryModel is deprecated in APPPATH/Controllers/Home.php on line 44.
 1 SYSTEMPATH/CodeIgniter.php(906): App\Controllers\Home->__construct()
 2 SYSTEMPATH/CodeIgniter.php(490): CodeIgniter\CodeIgniter->createController()
 3 SYSTEMPATH/CodeIgniter.php(368): CodeIgniter\CodeIgniter->handleRequest(null, Object(Config\Cache), false)
 4 FCPATH/index.php(67): CodeIgniter\CodeIgniter->run()
WARNING - 2025-06-30 12:16:22 --> [DEPRECATED] Creation of dynamic property App\Controllers\Home::$Allsettingsmodel is deprecated in APPPATH/Controllers/Home.php on line 45.
 1 SYSTEMPATH/CodeIgniter.php(906): App\Controllers\Home->__construct()
 2 SYSTEMPATH/CodeIgniter.php(490): CodeIgniter\CodeIgniter->createController()
 3 SYSTEMPATH/CodeIgniter.php(368): CodeIgniter\CodeIgniter->handleRequest(null, Object(Config\Cache), false)
 4 FCPATH/index.php(67): CodeIgniter\CodeIgniter->run()
INFO - 2025-06-30 12:16:29 --> Session: Class initialized using 'CodeIgniter\Session\Handlers\FileHandler' driver.
WARNING - 2025-06-30 12:16:29 --> [DEPRECATED] Creation of dynamic property App\Controllers\Home::$user_model is deprecated in APPPATH/Controllers/Home.php on line 35.
 1 SYSTEMPATH/CodeIgniter.php(906): App\Controllers\Home->__construct()
 2 SYSTEMPATH/CodeIgniter.php(490): CodeIgniter\CodeIgniter->createController()
 3 SYSTEMPATH/CodeIgniter.php(368): CodeIgniter\CodeIgniter->handleRequest(null, Object(Config\Cache), false)
 4 FCPATH/index.php(67): CodeIgniter\CodeIgniter->run()
WARNING - 2025-06-30 12:16:29 --> [DEPRECATED] Creation of dynamic property App\Controllers\Home::$BlogModel is deprecated in APPPATH/Controllers/Home.php on line 43.
 1 SYSTEMPATH/CodeIgniter.php(906): App\Controllers\Home->__construct()
 2 SYSTEMPATH/CodeIgniter.php(490): CodeIgniter\CodeIgniter->createController()
 3 SYSTEMPATH/CodeIgniter.php(368): CodeIgniter\CodeIgniter->handleRequest(null, Object(Config\Cache), false)
 4 FCPATH/index.php(67): CodeIgniter\CodeIgniter->run()
WARNING - 2025-06-30 12:16:29 --> [DEPRECATED] Creation of dynamic property App\Controllers\Home::$EnquiryModel is deprecated in APPPATH/Controllers/Home.php on line 44.
 1 SYSTEMPATH/CodeIgniter.php(906): App\Controllers\Home->__construct()
 2 SYSTEMPATH/CodeIgniter.php(490): CodeIgniter\CodeIgniter->createController()
 3 SYSTEMPATH/CodeIgniter.php(368): CodeIgniter\CodeIgniter->handleRequest(null, Object(Config\Cache), false)
 4 FCPATH/index.php(67): CodeIgniter\CodeIgniter->run()
WARNING - 2025-06-30 12:16:29 --> [DEPRECATED] Creation of dynamic property App\Controllers\Home::$Allsettingsmodel is deprecated in APPPATH/Controllers/Home.php on line 45.
 1 SYSTEMPATH/CodeIgniter.php(906): App\Controllers\Home->__construct()
 2 SYSTEMPATH/CodeIgniter.php(490): CodeIgniter\CodeIgniter->createController()
 3 SYSTEMPATH/CodeIgniter.php(368): CodeIgniter\CodeIgniter->handleRequest(null, Object(Config\Cache), false)
 4 FCPATH/index.php(67): CodeIgniter\CodeIgniter->run()
INFO - 2025-06-30 12:38:19 --> Session: Class initialized using 'CodeIgniter\Session\Handlers\FileHandler' driver.
WARNING - 2025-06-30 12:38:19 --> [DEPRECATED] Creation of dynamic property App\Controllers\Home::$user_model is deprecated in APPPATH/Controllers/Home.php on line 35.
 1 SYSTEMPATH/CodeIgniter.php(906): App\Controllers\Home->__construct()
 2 SYSTEMPATH/CodeIgniter.php(490): CodeIgniter\CodeIgniter->createController()
 3 SYSTEMPATH/CodeIgniter.php(368): CodeIgniter\CodeIgniter->handleRequest(null, Object(Config\Cache), false)
 4 FCPATH/index.php(67): CodeIgniter\CodeIgniter->run()
WARNING - 2025-06-30 12:38:19 --> [DEPRECATED] Creation of dynamic property App\Controllers\Home::$BlogModel is deprecated in APPPATH/Controllers/Home.php on line 43.
 1 SYSTEMPATH/CodeIgniter.php(906): App\Controllers\Home->__construct()
 2 SYSTEMPATH/CodeIgniter.php(490): CodeIgniter\CodeIgniter->createController()
 3 SYSTEMPATH/CodeIgniter.php(368): CodeIgniter\CodeIgniter->handleRequest(null, Object(Config\Cache), false)
 4 FCPATH/index.php(67): CodeIgniter\CodeIgniter->run()
WARNING - 2025-06-30 12:38:19 --> [DEPRECATED] Creation of dynamic property App\Controllers\Home::$EnquiryModel is deprecated in APPPATH/Controllers/Home.php on line 44.
 1 SYSTEMPATH/CodeIgniter.php(906): App\Controllers\Home->__construct()
 2 SYSTEMPATH/CodeIgniter.php(490): CodeIgniter\CodeIgniter->createController()
 3 SYSTEMPATH/CodeIgniter.php(368): CodeIgniter\CodeIgniter->handleRequest(null, Object(Config\Cache), false)
 4 FCPATH/index.php(67): CodeIgniter\CodeIgniter->run()
WARNING - 2025-06-30 12:38:19 --> [DEPRECATED] Creation of dynamic property App\Controllers\Home::$Allsettingsmodel is deprecated in APPPATH/Controllers/Home.php on line 45.
 1 SYSTEMPATH/CodeIgniter.php(906): App\Controllers\Home->__construct()
 2 SYSTEMPATH/CodeIgniter.php(490): CodeIgniter\CodeIgniter->createController()
 3 SYSTEMPATH/CodeIgniter.php(368): CodeIgniter\CodeIgniter->handleRequest(null, Object(Config\Cache), false)
 4 FCPATH/index.php(67): CodeIgniter\CodeIgniter->run()
INFO - 2025-06-30 12:40:06 --> Session: Class initialized using 'CodeIgniter\Session\Handlers\FileHandler' driver.
INFO - 2025-06-30 12:40:06 --> Session: Class initialized using 'CodeIgniter\Session\Handlers\FileHandler' driver.
WARNING - 2025-06-30 12:40:06 --> [DEPRECATED] Creation of dynamic property App\Controllers\Home::$user_model is deprecated in APPPATH/Controllers/Home.php on line 35.
 1 SYSTEMPATH/CodeIgniter.php(906): App\Controllers\Home->__construct()
 2 SYSTEMPATH/CodeIgniter.php(490): CodeIgniter\CodeIgniter->createController()
 3 SYSTEMPATH/CodeIgniter.php(368): CodeIgniter\CodeIgniter->handleRequest(null, Object(Config\Cache), false)
 4 FCPATH/index.php(67): CodeIgniter\CodeIgniter->run()
WARNING - 2025-06-30 12:40:06 --> [DEPRECATED] Creation of dynamic property App\Controllers\Home::$BlogModel is deprecated in APPPATH/Controllers/Home.php on line 43.
 1 SYSTEMPATH/CodeIgniter.php(906): App\Controllers\Home->__construct()
 2 SYSTEMPATH/CodeIgniter.php(490): CodeIgniter\CodeIgniter->createController()
 3 SYSTEMPATH/CodeIgniter.php(368): CodeIgniter\CodeIgniter->handleRequest(null, Object(Config\Cache), false)
 4 FCPATH/index.php(67): CodeIgniter\CodeIgniter->run()
WARNING - 2025-06-30 12:40:06 --> [DEPRECATED] Creation of dynamic property App\Controllers\Home::$EnquiryModel is deprecated in APPPATH/Controllers/Home.php on line 44.
 1 SYSTEMPATH/CodeIgniter.php(906): App\Controllers\Home->__construct()
 2 SYSTEMPATH/CodeIgniter.php(490): CodeIgniter\CodeIgniter->createController()
 3 SYSTEMPATH/CodeIgniter.php(368): CodeIgniter\CodeIgniter->handleRequest(null, Object(Config\Cache), false)
 4 FCPATH/index.php(67): CodeIgniter\CodeIgniter->run()
WARNING - 2025-06-30 12:40:06 --> [DEPRECATED] Creation of dynamic property App\Controllers\Home::$Allsettingsmodel is deprecated in APPPATH/Controllers/Home.php on line 45.
 1 SYSTEMPATH/CodeIgniter.php(906): App\Controllers\Home->__construct()
 2 SYSTEMPATH/CodeIgniter.php(490): CodeIgniter\CodeIgniter->createController()
 3 SYSTEMPATH/CodeIgniter.php(368): CodeIgniter\CodeIgniter->handleRequest(null, Object(Config\Cache), false)
 4 FCPATH/index.php(67): CodeIgniter\CodeIgniter->run()
WARNING - 2025-06-30 12:40:12 --> [DEPRECATED] Creation of dynamic property App\Controllers\Home::$user_model is deprecated in APPPATH/Controllers/Home.php on line 35.
 1 SYSTEMPATH/CodeIgniter.php(906): App\Controllers\Home->__construct()
 2 SYSTEMPATH/CodeIgniter.php(490): CodeIgniter\CodeIgniter->createController()
 3 SYSTEMPATH/CodeIgniter.php(368): CodeIgniter\CodeIgniter->handleRequest(null, Object(Config\Cache), false)
 4 FCPATH/index.php(67): CodeIgniter\CodeIgniter->run()
WARNING - 2025-06-30 12:40:12 --> [DEPRECATED] Creation of dynamic property App\Controllers\Home::$BlogModel is deprecated in APPPATH/Controllers/Home.php on line 43.
 1 SYSTEMPATH/CodeIgniter.php(906): App\Controllers\Home->__construct()
 2 SYSTEMPATH/CodeIgniter.php(490): CodeIgniter\CodeIgniter->createController()
 3 SYSTEMPATH/CodeIgniter.php(368): CodeIgniter\CodeIgniter->handleRequest(null, Object(Config\Cache), false)
 4 FCPATH/index.php(67): CodeIgniter\CodeIgniter->run()
WARNING - 2025-06-30 12:40:12 --> [DEPRECATED] Creation of dynamic property App\Controllers\Home::$EnquiryModel is deprecated in APPPATH/Controllers/Home.php on line 44.
 1 SYSTEMPATH/CodeIgniter.php(906): App\Controllers\Home->__construct()
 2 SYSTEMPATH/CodeIgniter.php(490): CodeIgniter\CodeIgniter->createController()
 3 SYSTEMPATH/CodeIgniter.php(368): CodeIgniter\CodeIgniter->handleRequest(null, Object(Config\Cache), false)
 4 FCPATH/index.php(67): CodeIgniter\CodeIgniter->run()
WARNING - 2025-06-30 12:40:12 --> [DEPRECATED] Creation of dynamic property App\Controllers\Home::$Allsettingsmodel is deprecated in APPPATH/Controllers/Home.php on line 45.
 1 SYSTEMPATH/CodeIgniter.php(906): App\Controllers\Home->__construct()
 2 SYSTEMPATH/CodeIgniter.php(490): CodeIgniter\CodeIgniter->createController()
 3 SYSTEMPATH/CodeIgniter.php(368): CodeIgniter\CodeIgniter->handleRequest(null, Object(Config\Cache), false)
 4 FCPATH/index.php(67): CodeIgniter\CodeIgniter->run()
INFO - 2025-06-30 12:40:12 --> Session: Class initialized using 'CodeIgniter\Session\Handlers\FileHandler' driver.
INFO - 2025-06-30 12:40:14 --> Session: Class initialized using 'CodeIgniter\Session\Handlers\FileHandler' driver.
WARNING - 2025-06-30 12:40:14 --> [DEPRECATED] Creation of dynamic property App\Controllers\Home::$user_model is deprecated in APPPATH/Controllers/Home.php on line 35.
 1 SYSTEMPATH/CodeIgniter.php(906): App\Controllers\Home->__construct()
 2 SYSTEMPATH/CodeIgniter.php(490): CodeIgniter\CodeIgniter->createController()
 3 SYSTEMPATH/CodeIgniter.php(368): CodeIgniter\CodeIgniter->handleRequest(null, Object(Config\Cache), false)
 4 FCPATH/index.php(67): CodeIgniter\CodeIgniter->run()
WARNING - 2025-06-30 12:40:14 --> [DEPRECATED] Creation of dynamic property App\Controllers\Home::$BlogModel is deprecated in APPPATH/Controllers/Home.php on line 43.
 1 SYSTEMPATH/CodeIgniter.php(906): App\Controllers\Home->__construct()
 2 SYSTEMPATH/CodeIgniter.php(490): CodeIgniter\CodeIgniter->createController()
 3 SYSTEMPATH/CodeIgniter.php(368): CodeIgniter\CodeIgniter->handleRequest(null, Object(Config\Cache), false)
 4 FCPATH/index.php(67): CodeIgniter\CodeIgniter->run()
WARNING - 2025-06-30 12:40:14 --> [DEPRECATED] Creation of dynamic property App\Controllers\Home::$EnquiryModel is deprecated in APPPATH/Controllers/Home.php on line 44.
 1 SYSTEMPATH/CodeIgniter.php(906): App\Controllers\Home->__construct()
 2 SYSTEMPATH/CodeIgniter.php(490): CodeIgniter\CodeIgniter->createController()
 3 SYSTEMPATH/CodeIgniter.php(368): CodeIgniter\CodeIgniter->handleRequest(null, Object(Config\Cache), false)
 4 FCPATH/index.php(67): CodeIgniter\CodeIgniter->run()
WARNING - 2025-06-30 12:40:14 --> [DEPRECATED] Creation of dynamic property App\Controllers\Home::$Allsettingsmodel is deprecated in APPPATH/Controllers/Home.php on line 45.
 1 SYSTEMPATH/CodeIgniter.php(906): App\Controllers\Home->__construct()
 2 SYSTEMPATH/CodeIgniter.php(490): CodeIgniter\CodeIgniter->createController()
 3 SYSTEMPATH/CodeIgniter.php(368): CodeIgniter\CodeIgniter->handleRequest(null, Object(Config\Cache), false)
 4 FCPATH/index.php(67): CodeIgniter\CodeIgniter->run()
INFO - 2025-06-30 12:46:07 --> Session: Class initialized using 'CodeIgniter\Session\Handlers\FileHandler' driver.
WARNING - 2025-06-30 12:46:07 --> [DEPRECATED] Creation of dynamic property App\Controllers\Home::$user_model is deprecated in APPPATH/Controllers/Home.php on line 35.
 1 SYSTEMPATH/CodeIgniter.php(906): App\Controllers\Home->__construct()
 2 SYSTEMPATH/CodeIgniter.php(490): CodeIgniter\CodeIgniter->createController()
 3 SYSTEMPATH/CodeIgniter.php(368): CodeIgniter\CodeIgniter->handleRequest(null, Object(Config\Cache), false)
 4 FCPATH/index.php(67): CodeIgniter\CodeIgniter->run()
WARNING - 2025-06-30 12:46:07 --> [DEPRECATED] Creation of dynamic property App\Controllers\Home::$BlogModel is deprecated in APPPATH/Controllers/Home.php on line 43.
 1 SYSTEMPATH/CodeIgniter.php(906): App\Controllers\Home->__construct()
 2 SYSTEMPATH/CodeIgniter.php(490): CodeIgniter\CodeIgniter->createController()
 3 SYSTEMPATH/CodeIgniter.php(368): CodeIgniter\CodeIgniter->handleRequest(null, Object(Config\Cache), false)
 4 FCPATH/index.php(67): CodeIgniter\CodeIgniter->run()
WARNING - 2025-06-30 12:46:07 --> [DEPRECATED] Creation of dynamic property App\Controllers\Home::$EnquiryModel is deprecated in APPPATH/Controllers/Home.php on line 44.
 1 SYSTEMPATH/CodeIgniter.php(906): App\Controllers\Home->__construct()
 2 SYSTEMPATH/CodeIgniter.php(490): CodeIgniter\CodeIgniter->createController()
 3 SYSTEMPATH/CodeIgniter.php(368): CodeIgniter\CodeIgniter->handleRequest(null, Object(Config\Cache), false)
 4 FCPATH/index.php(67): CodeIgniter\CodeIgniter->run()
WARNING - 2025-06-30 12:46:07 --> [DEPRECATED] Creation of dynamic property App\Controllers\Home::$Allsettingsmodel is deprecated in APPPATH/Controllers/Home.php on line 45.
 1 SYSTEMPATH/CodeIgniter.php(906): App\Controllers\Home->__construct()
 2 SYSTEMPATH/CodeIgniter.php(490): CodeIgniter\CodeIgniter->createController()
 3 SYSTEMPATH/CodeIgniter.php(368): CodeIgniter\CodeIgniter->handleRequest(null, Object(Config\Cache), false)
 4 FCPATH/index.php(67): CodeIgniter\CodeIgniter->run()
INFO - 2025-06-30 12:57:08 --> Session: Class initialized using 'CodeIgniter\Session\Handlers\FileHandler' driver.
WARNING - 2025-06-30 12:57:08 --> [DEPRECATED] Creation of dynamic property App\Controllers\Home::$user_model is deprecated in APPPATH/Controllers/Home.php on line 35.
 1 SYSTEMPATH/CodeIgniter.php(906): App\Controllers\Home->__construct()
 2 SYSTEMPATH/CodeIgniter.php(490): CodeIgniter\CodeIgniter->createController()
 3 SYSTEMPATH/CodeIgniter.php(368): CodeIgniter\CodeIgniter->handleRequest(null, Object(Config\Cache), false)
 4 FCPATH/index.php(67): CodeIgniter\CodeIgniter->run()
WARNING - 2025-06-30 12:57:08 --> [DEPRECATED] Creation of dynamic property App\Controllers\Home::$BlogModel is deprecated in APPPATH/Controllers/Home.php on line 43.
 1 SYSTEMPATH/CodeIgniter.php(906): App\Controllers\Home->__construct()
 2 SYSTEMPATH/CodeIgniter.php(490): CodeIgniter\CodeIgniter->createController()
 3 SYSTEMPATH/CodeIgniter.php(368): CodeIgniter\CodeIgniter->handleRequest(null, Object(Config\Cache), false)
 4 FCPATH/index.php(67): CodeIgniter\CodeIgniter->run()
WARNING - 2025-06-30 12:57:08 --> [DEPRECATED] Creation of dynamic property App\Controllers\Home::$EnquiryModel is deprecated in APPPATH/Controllers/Home.php on line 44.
 1 SYSTEMPATH/CodeIgniter.php(906): App\Controllers\Home->__construct()
 2 SYSTEMPATH/CodeIgniter.php(490): CodeIgniter\CodeIgniter->createController()
 3 SYSTEMPATH/CodeIgniter.php(368): CodeIgniter\CodeIgniter->handleRequest(null, Object(Config\Cache), false)
 4 FCPATH/index.php(67): CodeIgniter\CodeIgniter->run()
WARNING - 2025-06-30 12:57:08 --> [DEPRECATED] Creation of dynamic property App\Controllers\Home::$Allsettingsmodel is deprecated in APPPATH/Controllers/Home.php on line 45.
 1 SYSTEMPATH/CodeIgniter.php(906): App\Controllers\Home->__construct()
 2 SYSTEMPATH/CodeIgniter.php(490): CodeIgniter\CodeIgniter->createController()
 3 SYSTEMPATH/CodeIgniter.php(368): CodeIgniter\CodeIgniter->handleRequest(null, Object(Config\Cache), false)
 4 FCPATH/index.php(67): CodeIgniter\CodeIgniter->run()
INFO - 2025-06-30 12:59:06 --> Session: Class initialized using 'CodeIgniter\Session\Handlers\FileHandler' driver.
WARNING - 2025-06-30 12:59:06 --> [DEPRECATED] Creation of dynamic property App\Controllers\Home::$user_model is deprecated in APPPATH/Controllers/Home.php on line 35.
 1 SYSTEMPATH/CodeIgniter.php(906): App\Controllers\Home->__construct()
 2 SYSTEMPATH/CodeIgniter.php(490): CodeIgniter\CodeIgniter->createController()
 3 SYSTEMPATH/CodeIgniter.php(368): CodeIgniter\CodeIgniter->handleRequest(null, Object(Config\Cache), false)
 4 FCPATH/index.php(67): CodeIgniter\CodeIgniter->run()
WARNING - 2025-06-30 12:59:06 --> [DEPRECATED] Creation of dynamic property App\Controllers\Home::$BlogModel is deprecated in APPPATH/Controllers/Home.php on line 43.
 1 SYSTEMPATH/CodeIgniter.php(906): App\Controllers\Home->__construct()
 2 SYSTEMPATH/CodeIgniter.php(490): CodeIgniter\CodeIgniter->createController()
 3 SYSTEMPATH/CodeIgniter.php(368): CodeIgniter\CodeIgniter->handleRequest(null, Object(Config\Cache), false)
 4 FCPATH/index.php(67): CodeIgniter\CodeIgniter->run()
WARNING - 2025-06-30 12:59:06 --> [DEPRECATED] Creation of dynamic property App\Controllers\Home::$EnquiryModel is deprecated in APPPATH/Controllers/Home.php on line 44.
 1 SYSTEMPATH/CodeIgniter.php(906): App\Controllers\Home->__construct()
 2 SYSTEMPATH/CodeIgniter.php(490): CodeIgniter\CodeIgniter->createController()
 3 SYSTEMPATH/CodeIgniter.php(368): CodeIgniter\CodeIgniter->handleRequest(null, Object(Config\Cache), false)
 4 FCPATH/index.php(67): CodeIgniter\CodeIgniter->run()
WARNING - 2025-06-30 12:59:06 --> [DEPRECATED] Creation of dynamic property App\Controllers\Home::$Allsettingsmodel is deprecated in APPPATH/Controllers/Home.php on line 45.
 1 SYSTEMPATH/CodeIgniter.php(906): App\Controllers\Home->__construct()
 2 SYSTEMPATH/CodeIgniter.php(490): CodeIgniter\CodeIgniter->createController()
 3 SYSTEMPATH/CodeIgniter.php(368): CodeIgniter\CodeIgniter->handleRequest(null, Object(Config\Cache), false)
 4 FCPATH/index.php(67): CodeIgniter\CodeIgniter->run()
INFO - 2025-06-30 12:59:32 --> Session: Class initialized using 'CodeIgniter\Session\Handlers\FileHandler' driver.
WARNING - 2025-06-30 12:59:32 --> [DEPRECATED] Creation of dynamic property App\Controllers\Home::$user_model is deprecated in APPPATH/Controllers/Home.php on line 35.
 1 SYSTEMPATH/CodeIgniter.php(906): App\Controllers\Home->__construct()
 2 SYSTEMPATH/CodeIgniter.php(490): CodeIgniter\CodeIgniter->createController()
 3 SYSTEMPATH/CodeIgniter.php(368): CodeIgniter\CodeIgniter->handleRequest(null, Object(Config\Cache), false)
 4 FCPATH/index.php(67): CodeIgniter\CodeIgniter->run()
WARNING - 2025-06-30 12:59:32 --> [DEPRECATED] Creation of dynamic property App\Controllers\Home::$BlogModel is deprecated in APPPATH/Controllers/Home.php on line 43.
 1 SYSTEMPATH/CodeIgniter.php(906): App\Controllers\Home->__construct()
 2 SYSTEMPATH/CodeIgniter.php(490): CodeIgniter\CodeIgniter->createController()
 3 SYSTEMPATH/CodeIgniter.php(368): CodeIgniter\CodeIgniter->handleRequest(null, Object(Config\Cache), false)
 4 FCPATH/index.php(67): CodeIgniter\CodeIgniter->run()
WARNING - 2025-06-30 12:59:32 --> [DEPRECATED] Creation of dynamic property App\Controllers\Home::$EnquiryModel is deprecated in APPPATH/Controllers/Home.php on line 44.
 1 SYSTEMPATH/CodeIgniter.php(906): App\Controllers\Home->__construct()
 2 SYSTEMPATH/CodeIgniter.php(490): CodeIgniter\CodeIgniter->createController()
 3 SYSTEMPATH/CodeIgniter.php(368): CodeIgniter\CodeIgniter->handleRequest(null, Object(Config\Cache), false)
 4 FCPATH/index.php(67): CodeIgniter\CodeIgniter->run()
WARNING - 2025-06-30 12:59:32 --> [DEPRECATED] Creation of dynamic property App\Controllers\Home::$Allsettingsmodel is deprecated in APPPATH/Controllers/Home.php on line 45.
 1 SYSTEMPATH/CodeIgniter.php(906): App\Controllers\Home->__construct()
 2 SYSTEMPATH/CodeIgniter.php(490): CodeIgniter\CodeIgniter->createController()
 3 SYSTEMPATH/CodeIgniter.php(368): CodeIgniter\CodeIgniter->handleRequest(null, Object(Config\Cache), false)
 4 FCPATH/index.php(67): CodeIgniter\CodeIgniter->run()
INFO - 2025-06-30 13:00:22 --> Session: Class initialized using 'CodeIgniter\Session\Handlers\FileHandler' driver.
INFO - 2025-06-30 13:00:22 --> Session: Class initialized using 'CodeIgniter\Session\Handlers\FileHandler' driver.
WARNING - 2025-06-30 13:00:22 --> [DEPRECATED] Creation of dynamic property App\Controllers\Home::$user_model is deprecated in APPPATH/Controllers/Home.php on line 35.
 1 SYSTEMPATH/CodeIgniter.php(906): App\Controllers\Home->__construct()
 2 SYSTEMPATH/CodeIgniter.php(490): CodeIgniter\CodeIgniter->createController()
 3 SYSTEMPATH/CodeIgniter.php(368): CodeIgniter\CodeIgniter->handleRequest(null, Object(Config\Cache), false)
 4 FCPATH/index.php(67): CodeIgniter\CodeIgniter->run()
WARNING - 2025-06-30 13:00:22 --> [DEPRECATED] Creation of dynamic property App\Controllers\Home::$BlogModel is deprecated in APPPATH/Controllers/Home.php on line 43.
 1 SYSTEMPATH/CodeIgniter.php(906): App\Controllers\Home->__construct()
 2 SYSTEMPATH/CodeIgniter.php(490): CodeIgniter\CodeIgniter->createController()
 3 SYSTEMPATH/CodeIgniter.php(368): CodeIgniter\CodeIgniter->handleRequest(null, Object(Config\Cache), false)
 4 FCPATH/index.php(67): CodeIgniter\CodeIgniter->run()
WARNING - 2025-06-30 13:00:22 --> [DEPRECATED] Creation of dynamic property App\Controllers\Home::$EnquiryModel is deprecated in APPPATH/Controllers/Home.php on line 44.
 1 SYSTEMPATH/CodeIgniter.php(906): App\Controllers\Home->__construct()
 2 SYSTEMPATH/CodeIgniter.php(490): CodeIgniter\CodeIgniter->createController()
 3 SYSTEMPATH/CodeIgniter.php(368): CodeIgniter\CodeIgniter->handleRequest(null, Object(Config\Cache), false)
 4 FCPATH/index.php(67): CodeIgniter\CodeIgniter->run()
WARNING - 2025-06-30 13:00:22 --> [DEPRECATED] Creation of dynamic property App\Controllers\Home::$Allsettingsmodel is deprecated in APPPATH/Controllers/Home.php on line 45.
 1 SYSTEMPATH/CodeIgniter.php(906): App\Controllers\Home->__construct()
 2 SYSTEMPATH/CodeIgniter.php(490): CodeIgniter\CodeIgniter->createController()
 3 SYSTEMPATH/CodeIgniter.php(368): CodeIgniter\CodeIgniter->handleRequest(null, Object(Config\Cache), false)
 4 FCPATH/index.php(67): CodeIgniter\CodeIgniter->run()
INFO - 2025-06-30 13:00:30 --> Session: Class initialized using 'CodeIgniter\Session\Handlers\FileHandler' driver.
WARNING - 2025-06-30 13:00:30 --> [DEPRECATED] Creation of dynamic property App\Controllers\Home::$user_model is deprecated in APPPATH/Controllers/Home.php on line 35.
 1 SYSTEMPATH/CodeIgniter.php(906): App\Controllers\Home->__construct()
 2 SYSTEMPATH/CodeIgniter.php(490): CodeIgniter\CodeIgniter->createController()
 3 SYSTEMPATH/CodeIgniter.php(368): CodeIgniter\CodeIgniter->handleRequest(null, Object(Config\Cache), false)
 4 FCPATH/index.php(67): CodeIgniter\CodeIgniter->run()
WARNING - 2025-06-30 13:00:30 --> [DEPRECATED] Creation of dynamic property App\Controllers\Home::$BlogModel is deprecated in APPPATH/Controllers/Home.php on line 43.
 1 SYSTEMPATH/CodeIgniter.php(906): App\Controllers\Home->__construct()
 2 SYSTEMPATH/CodeIgniter.php(490): CodeIgniter\CodeIgniter->createController()
 3 SYSTEMPATH/CodeIgniter.php(368): CodeIgniter\CodeIgniter->handleRequest(null, Object(Config\Cache), false)
 4 FCPATH/index.php(67): CodeIgniter\CodeIgniter->run()
WARNING - 2025-06-30 13:00:30 --> [DEPRECATED] Creation of dynamic property App\Controllers\Home::$EnquiryModel is deprecated in APPPATH/Controllers/Home.php on line 44.
 1 SYSTEMPATH/CodeIgniter.php(906): App\Controllers\Home->__construct()
 2 SYSTEMPATH/CodeIgniter.php(490): CodeIgniter\CodeIgniter->createController()
 3 SYSTEMPATH/CodeIgniter.php(368): CodeIgniter\CodeIgniter->handleRequest(null, Object(Config\Cache), false)
 4 FCPATH/index.php(67): CodeIgniter\CodeIgniter->run()
WARNING - 2025-06-30 13:00:30 --> [DEPRECATED] Creation of dynamic property App\Controllers\Home::$Allsettingsmodel is deprecated in APPPATH/Controllers/Home.php on line 45.
 1 SYSTEMPATH/CodeIgniter.php(906): App\Controllers\Home->__construct()
 2 SYSTEMPATH/CodeIgniter.php(490): CodeIgniter\CodeIgniter->createController()
 3 SYSTEMPATH/CodeIgniter.php(368): CodeIgniter\CodeIgniter->handleRequest(null, Object(Config\Cache), false)
 4 FCPATH/index.php(67): CodeIgniter\CodeIgniter->run()
WARNING - 2025-06-30 13:00:36 --> [DEPRECATED] Creation of dynamic property App\Controllers\Home::$user_model is deprecated in APPPATH/Controllers/Home.php on line 35.
 1 SYSTEMPATH/CodeIgniter.php(906): App\Controllers\Home->__construct()
 2 SYSTEMPATH/CodeIgniter.php(490): CodeIgniter\CodeIgniter->createController()
 3 SYSTEMPATH/CodeIgniter.php(368): CodeIgniter\CodeIgniter->handleRequest(null, Object(Config\Cache), false)
 4 FCPATH/index.php(67): CodeIgniter\CodeIgniter->run()
WARNING - 2025-06-30 13:00:36 --> [DEPRECATED] Creation of dynamic property App\Controllers\Home::$BlogModel is deprecated in APPPATH/Controllers/Home.php on line 43.
 1 SYSTEMPATH/CodeIgniter.php(906): App\Controllers\Home->__construct()
 2 SYSTEMPATH/CodeIgniter.php(490): CodeIgniter\CodeIgniter->createController()
 3 SYSTEMPATH/CodeIgniter.php(368): CodeIgniter\CodeIgniter->handleRequest(null, Object(Config\Cache), false)
 4 FCPATH/index.php(67): CodeIgniter\CodeIgniter->run()
WARNING - 2025-06-30 13:00:36 --> [DEPRECATED] Creation of dynamic property App\Controllers\Home::$EnquiryModel is deprecated in APPPATH/Controllers/Home.php on line 44.
 1 SYSTEMPATH/CodeIgniter.php(906): App\Controllers\Home->__construct()
 2 SYSTEMPATH/CodeIgniter.php(490): CodeIgniter\CodeIgniter->createController()
 3 SYSTEMPATH/CodeIgniter.php(368): CodeIgniter\CodeIgniter->handleRequest(null, Object(Config\Cache), false)
 4 FCPATH/index.php(67): CodeIgniter\CodeIgniter->run()
WARNING - 2025-06-30 13:00:36 --> [DEPRECATED] Creation of dynamic property App\Controllers\Home::$Allsettingsmodel is deprecated in APPPATH/Controllers/Home.php on line 45.
 1 SYSTEMPATH/CodeIgniter.php(906): App\Controllers\Home->__construct()
 2 SYSTEMPATH/CodeIgniter.php(490): CodeIgniter\CodeIgniter->createController()
 3 SYSTEMPATH/CodeIgniter.php(368): CodeIgniter\CodeIgniter->handleRequest(null, Object(Config\Cache), false)
 4 FCPATH/index.php(67): CodeIgniter\CodeIgniter->run()
INFO - 2025-06-30 13:00:36 --> Session: Class initialized using 'CodeIgniter\Session\Handlers\FileHandler' driver.
INFO - 2025-06-30 13:00:38 --> Session: Class initialized using 'CodeIgniter\Session\Handlers\FileHandler' driver.
WARNING - 2025-06-30 13:00:38 --> [DEPRECATED] Creation of dynamic property App\Controllers\Home::$user_model is deprecated in APPPATH/Controllers/Home.php on line 35.
 1 SYSTEMPATH/CodeIgniter.php(906): App\Controllers\Home->__construct()
 2 SYSTEMPATH/CodeIgniter.php(490): CodeIgniter\CodeIgniter->createController()
 3 SYSTEMPATH/CodeIgniter.php(368): CodeIgniter\CodeIgniter->handleRequest(null, Object(Config\Cache), false)
 4 FCPATH/index.php(67): CodeIgniter\CodeIgniter->run()
WARNING - 2025-06-30 13:00:38 --> [DEPRECATED] Creation of dynamic property App\Controllers\Home::$BlogModel is deprecated in APPPATH/Controllers/Home.php on line 43.
 1 SYSTEMPATH/CodeIgniter.php(906): App\Controllers\Home->__construct()
 2 SYSTEMPATH/CodeIgniter.php(490): CodeIgniter\CodeIgniter->createController()
 3 SYSTEMPATH/CodeIgniter.php(368): CodeIgniter\CodeIgniter->handleRequest(null, Object(Config\Cache), false)
 4 FCPATH/index.php(67): CodeIgniter\CodeIgniter->run()
WARNING - 2025-06-30 13:00:38 --> [DEPRECATED] Creation of dynamic property App\Controllers\Home::$EnquiryModel is deprecated in APPPATH/Controllers/Home.php on line 44.
 1 SYSTEMPATH/CodeIgniter.php(906): App\Controllers\Home->__construct()
 2 SYSTEMPATH/CodeIgniter.php(490): CodeIgniter\CodeIgniter->createController()
 3 SYSTEMPATH/CodeIgniter.php(368): CodeIgniter\CodeIgniter->handleRequest(null, Object(Config\Cache), false)
 4 FCPATH/index.php(67): CodeIgniter\CodeIgniter->run()
WARNING - 2025-06-30 13:00:38 --> [DEPRECATED] Creation of dynamic property App\Controllers\Home::$Allsettingsmodel is deprecated in APPPATH/Controllers/Home.php on line 45.
 1 SYSTEMPATH/CodeIgniter.php(906): App\Controllers\Home->__construct()
 2 SYSTEMPATH/CodeIgniter.php(490): CodeIgniter\CodeIgniter->createController()
 3 SYSTEMPATH/CodeIgniter.php(368): CodeIgniter\CodeIgniter->handleRequest(null, Object(Config\Cache), false)
 4 FCPATH/index.php(67): CodeIgniter\CodeIgniter->run()
INFO - 2025-06-30 13:00:39 --> Session: Class initialized using 'CodeIgniter\Session\Handlers\FileHandler' driver.
WARNING - 2025-06-30 13:00:39 --> [DEPRECATED] Creation of dynamic property App\Controllers\Home::$user_model is deprecated in APPPATH/Controllers/Home.php on line 35.
 1 SYSTEMPATH/CodeIgniter.php(906): App\Controllers\Home->__construct()
 2 SYSTEMPATH/CodeIgniter.php(490): CodeIgniter\CodeIgniter->createController()
 3 SYSTEMPATH/CodeIgniter.php(368): CodeIgniter\CodeIgniter->handleRequest(null, Object(Config\Cache), false)
 4 FCPATH/index.php(67): CodeIgniter\CodeIgniter->run()
WARNING - 2025-06-30 13:00:39 --> [DEPRECATED] Creation of dynamic property App\Controllers\Home::$BlogModel is deprecated in APPPATH/Controllers/Home.php on line 43.
 1 SYSTEMPATH/CodeIgniter.php(906): App\Controllers\Home->__construct()
 2 SYSTEMPATH/CodeIgniter.php(490): CodeIgniter\CodeIgniter->createController()
 3 SYSTEMPATH/CodeIgniter.php(368): CodeIgniter\CodeIgniter->handleRequest(null, Object(Config\Cache), false)
 4 FCPATH/index.php(67): CodeIgniter\CodeIgniter->run()
WARNING - 2025-06-30 13:00:39 --> [DEPRECATED] Creation of dynamic property App\Controllers\Home::$EnquiryModel is deprecated in APPPATH/Controllers/Home.php on line 44.
 1 SYSTEMPATH/CodeIgniter.php(906): App\Controllers\Home->__construct()
 2 SYSTEMPATH/CodeIgniter.php(490): CodeIgniter\CodeIgniter->createController()
 3 SYSTEMPATH/CodeIgniter.php(368): CodeIgniter\CodeIgniter->handleRequest(null, Object(Config\Cache), false)
 4 FCPATH/index.php(67): CodeIgniter\CodeIgniter->run()
WARNING - 2025-06-30 13:00:39 --> [DEPRECATED] Creation of dynamic property App\Controllers\Home::$Allsettingsmodel is deprecated in APPPATH/Controllers/Home.php on line 45.
 1 SYSTEMPATH/CodeIgniter.php(906): App\Controllers\Home->__construct()
 2 SYSTEMPATH/CodeIgniter.php(490): CodeIgniter\CodeIgniter->createController()
 3 SYSTEMPATH/CodeIgniter.php(368): CodeIgniter\CodeIgniter->handleRequest(null, Object(Config\Cache), false)
 4 FCPATH/index.php(67): CodeIgniter\CodeIgniter->run()
