INFO - 2025-07-28 12:44:38 --> Session: Class initialized using 'CodeIgniter\Session\Handlers\FileHandler' driver.
INFO - 2025-07-28 12:44:38 --> Session: Class initialized using 'CodeIgniter\Session\Handlers\FileHandler' driver.
WARNING - 2025-07-28 12:44:38 --> [DEPRECATED] Creation of dynamic property App\Controllers\Home::$user_model is deprecated in APPPATH/Controllers/Home.php on line 35.
 1 SYSTEMPATH/CodeIgniter.php(906): App\Controllers\Home->__construct()
 2 SYSTEMPATH/CodeIgniter.php(490): CodeIgniter\CodeIgniter->createController()
 3 SYSTEMPATH/CodeIgniter.php(368): CodeIgniter\CodeIgniter->handleRequest(null, Object(Config\Cache), false)
 4 FCPATH/index.php(67): CodeIgniter\CodeIgniter->run()
WARNING - 2025-07-28 12:44:38 --> [DEPRECATED] Creation of dynamic property App\Controllers\Home::$BlogModel is deprecated in APPPATH/Controllers/Home.php on line 43.
 1 SYSTEMPATH/CodeIgniter.php(906): App\Controllers\Home->__construct()
 2 SYSTEMPATH/CodeIgniter.php(490): CodeIgniter\CodeIgniter->createController()
 3 SYSTEMPATH/CodeIgniter.php(368): CodeIgniter\CodeIgniter->handleRequest(null, Object(Config\Cache), false)
 4 FCPATH/index.php(67): CodeIgniter\CodeIgniter->run()
WARNING - 2025-07-28 12:44:38 --> [DEPRECATED] Creation of dynamic property App\Controllers\Home::$EnquiryModel is deprecated in APPPATH/Controllers/Home.php on line 44.
 1 SYSTEMPATH/CodeIgniter.php(906): App\Controllers\Home->__construct()
 2 SYSTEMPATH/CodeIgniter.php(490): CodeIgniter\CodeIgniter->createController()
 3 SYSTEMPATH/CodeIgniter.php(368): CodeIgniter\CodeIgniter->handleRequest(null, Object(Config\Cache), false)
 4 FCPATH/index.php(67): CodeIgniter\CodeIgniter->run()
WARNING - 2025-07-28 12:44:38 --> [DEPRECATED] Creation of dynamic property App\Controllers\Home::$Allsettingsmodel is deprecated in APPPATH/Controllers/Home.php on line 45.
 1 SYSTEMPATH/CodeIgniter.php(906): App\Controllers\Home->__construct()
 2 SYSTEMPATH/CodeIgniter.php(490): CodeIgniter\CodeIgniter->createController()
 3 SYSTEMPATH/CodeIgniter.php(368): CodeIgniter\CodeIgniter->handleRequest(null, Object(Config\Cache), false)
 4 FCPATH/index.php(67): CodeIgniter\CodeIgniter->run()
WARNING - 2025-07-28 12:44:40 --> [DEPRECATED] Creation of dynamic property App\Controllers\Home::$user_model is deprecated in APPPATH/Controllers/Home.php on line 35.
 1 SYSTEMPATH/CodeIgniter.php(906): App\Controllers\Home->__construct()
 2 SYSTEMPATH/CodeIgniter.php(490): CodeIgniter\CodeIgniter->createController()
 3 SYSTEMPATH/CodeIgniter.php(368): CodeIgniter\CodeIgniter->handleRequest(null, Object(Config\Cache), false)
 4 FCPATH/index.php(67): CodeIgniter\CodeIgniter->run()
WARNING - 2025-07-28 12:44:40 --> [DEPRECATED] Creation of dynamic property App\Controllers\Home::$BlogModel is deprecated in APPPATH/Controllers/Home.php on line 43.
 1 SYSTEMPATH/CodeIgniter.php(906): App\Controllers\Home->__construct()
 2 SYSTEMPATH/CodeIgniter.php(490): CodeIgniter\CodeIgniter->createController()
 3 SYSTEMPATH/CodeIgniter.php(368): CodeIgniter\CodeIgniter->handleRequest(null, Object(Config\Cache), false)
 4 FCPATH/index.php(67): CodeIgniter\CodeIgniter->run()
WARNING - 2025-07-28 12:44:40 --> [DEPRECATED] Creation of dynamic property App\Controllers\Home::$EnquiryModel is deprecated in APPPATH/Controllers/Home.php on line 44.
 1 SYSTEMPATH/CodeIgniter.php(906): App\Controllers\Home->__construct()
 2 SYSTEMPATH/CodeIgniter.php(490): CodeIgniter\CodeIgniter->createController()
 3 SYSTEMPATH/CodeIgniter.php(368): CodeIgniter\CodeIgniter->handleRequest(null, Object(Config\Cache), false)
 4 FCPATH/index.php(67): CodeIgniter\CodeIgniter->run()
WARNING - 2025-07-28 12:44:40 --> [DEPRECATED] Creation of dynamic property App\Controllers\Home::$Allsettingsmodel is deprecated in APPPATH/Controllers/Home.php on line 45.
 1 SYSTEMPATH/CodeIgniter.php(906): App\Controllers\Home->__construct()
 2 SYSTEMPATH/CodeIgniter.php(490): CodeIgniter\CodeIgniter->createController()
 3 SYSTEMPATH/CodeIgniter.php(368): CodeIgniter\CodeIgniter->handleRequest(null, Object(Config\Cache), false)
 4 FCPATH/index.php(67): CodeIgniter\CodeIgniter->run()
INFO - 2025-07-28 12:44:40 --> Session: Class initialized using 'CodeIgniter\Session\Handlers\FileHandler' driver.
INFO - 2025-07-28 12:44:43 --> Session: Class initialized using 'CodeIgniter\Session\Handlers\FileHandler' driver.
WARNING - 2025-07-28 12:44:43 --> [DEPRECATED] Creation of dynamic property App\Controllers\Home::$user_model is deprecated in APPPATH/Controllers/Home.php on line 35.
 1 SYSTEMPATH/CodeIgniter.php(906): App\Controllers\Home->__construct()
 2 SYSTEMPATH/CodeIgniter.php(490): CodeIgniter\CodeIgniter->createController()
 3 SYSTEMPATH/CodeIgniter.php(368): CodeIgniter\CodeIgniter->handleRequest(null, Object(Config\Cache), false)
 4 FCPATH/index.php(67): CodeIgniter\CodeIgniter->run()
WARNING - 2025-07-28 12:44:43 --> [DEPRECATED] Creation of dynamic property App\Controllers\Home::$BlogModel is deprecated in APPPATH/Controllers/Home.php on line 43.
 1 SYSTEMPATH/CodeIgniter.php(906): App\Controllers\Home->__construct()
 2 SYSTEMPATH/CodeIgniter.php(490): CodeIgniter\CodeIgniter->createController()
 3 SYSTEMPATH/CodeIgniter.php(368): CodeIgniter\CodeIgniter->handleRequest(null, Object(Config\Cache), false)
 4 FCPATH/index.php(67): CodeIgniter\CodeIgniter->run()
WARNING - 2025-07-28 12:44:43 --> [DEPRECATED] Creation of dynamic property App\Controllers\Home::$EnquiryModel is deprecated in APPPATH/Controllers/Home.php on line 44.
 1 SYSTEMPATH/CodeIgniter.php(906): App\Controllers\Home->__construct()
 2 SYSTEMPATH/CodeIgniter.php(490): CodeIgniter\CodeIgniter->createController()
 3 SYSTEMPATH/CodeIgniter.php(368): CodeIgniter\CodeIgniter->handleRequest(null, Object(Config\Cache), false)
 4 FCPATH/index.php(67): CodeIgniter\CodeIgniter->run()
WARNING - 2025-07-28 12:44:43 --> [DEPRECATED] Creation of dynamic property App\Controllers\Home::$Allsettingsmodel is deprecated in APPPATH/Controllers/Home.php on line 45.
 1 SYSTEMPATH/CodeIgniter.php(906): App\Controllers\Home->__construct()
 2 SYSTEMPATH/CodeIgniter.php(490): CodeIgniter\CodeIgniter->createController()
 3 SYSTEMPATH/CodeIgniter.php(368): CodeIgniter\CodeIgniter->handleRequest(null, Object(Config\Cache), false)
 4 FCPATH/index.php(67): CodeIgniter\CodeIgniter->run()
INFO - 2025-07-28 12:44:45 --> Session: Class initialized using 'CodeIgniter\Session\Handlers\FileHandler' driver.
WARNING - 2025-07-28 12:44:45 --> [DEPRECATED] Creation of dynamic property App\Controllers\Home::$user_model is deprecated in APPPATH/Controllers/Home.php on line 35.
 1 SYSTEMPATH/CodeIgniter.php(906): App\Controllers\Home->__construct()
 2 SYSTEMPATH/CodeIgniter.php(490): CodeIgniter\CodeIgniter->createController()
 3 SYSTEMPATH/CodeIgniter.php(368): CodeIgniter\CodeIgniter->handleRequest(null, Object(Config\Cache), false)
 4 FCPATH/index.php(67): CodeIgniter\CodeIgniter->run()
WARNING - 2025-07-28 12:44:45 --> [DEPRECATED] Creation of dynamic property App\Controllers\Home::$BlogModel is deprecated in APPPATH/Controllers/Home.php on line 43.
 1 SYSTEMPATH/CodeIgniter.php(906): App\Controllers\Home->__construct()
 2 SYSTEMPATH/CodeIgniter.php(490): CodeIgniter\CodeIgniter->createController()
 3 SYSTEMPATH/CodeIgniter.php(368): CodeIgniter\CodeIgniter->handleRequest(null, Object(Config\Cache), false)
 4 FCPATH/index.php(67): CodeIgniter\CodeIgniter->run()
WARNING - 2025-07-28 12:44:45 --> [DEPRECATED] Creation of dynamic property App\Controllers\Home::$EnquiryModel is deprecated in APPPATH/Controllers/Home.php on line 44.
 1 SYSTEMPATH/CodeIgniter.php(906): App\Controllers\Home->__construct()
 2 SYSTEMPATH/CodeIgniter.php(490): CodeIgniter\CodeIgniter->createController()
 3 SYSTEMPATH/CodeIgniter.php(368): CodeIgniter\CodeIgniter->handleRequest(null, Object(Config\Cache), false)
 4 FCPATH/index.php(67): CodeIgniter\CodeIgniter->run()
WARNING - 2025-07-28 12:44:45 --> [DEPRECATED] Creation of dynamic property App\Controllers\Home::$Allsettingsmodel is deprecated in APPPATH/Controllers/Home.php on line 45.
 1 SYSTEMPATH/CodeIgniter.php(906): App\Controllers\Home->__construct()
 2 SYSTEMPATH/CodeIgniter.php(490): CodeIgniter\CodeIgniter->createController()
 3 SYSTEMPATH/CodeIgniter.php(368): CodeIgniter\CodeIgniter->handleRequest(null, Object(Config\Cache), false)
 4 FCPATH/index.php(67): CodeIgniter\CodeIgniter->run()
INFO - 2025-07-28 12:46:03 --> Session: Class initialized using 'CodeIgniter\Session\Handlers\FileHandler' driver.
WARNING - 2025-07-28 12:46:03 --> [DEPRECATED] Creation of dynamic property App\Controllers\Home::$user_model is deprecated in APPPATH/Controllers/Home.php on line 35.
 1 SYSTEMPATH/CodeIgniter.php(906): App\Controllers\Home->__construct()
 2 SYSTEMPATH/CodeIgniter.php(490): CodeIgniter\CodeIgniter->createController()
 3 SYSTEMPATH/CodeIgniter.php(368): CodeIgniter\CodeIgniter->handleRequest(null, Object(Config\Cache), false)
 4 FCPATH/index.php(67): CodeIgniter\CodeIgniter->run()
WARNING - 2025-07-28 12:46:03 --> [DEPRECATED] Creation of dynamic property App\Controllers\Home::$BlogModel is deprecated in APPPATH/Controllers/Home.php on line 43.
 1 SYSTEMPATH/CodeIgniter.php(906): App\Controllers\Home->__construct()
 2 SYSTEMPATH/CodeIgniter.php(490): CodeIgniter\CodeIgniter->createController()
 3 SYSTEMPATH/CodeIgniter.php(368): CodeIgniter\CodeIgniter->handleRequest(null, Object(Config\Cache), false)
 4 FCPATH/index.php(67): CodeIgniter\CodeIgniter->run()
WARNING - 2025-07-28 12:46:03 --> [DEPRECATED] Creation of dynamic property App\Controllers\Home::$EnquiryModel is deprecated in APPPATH/Controllers/Home.php on line 44.
 1 SYSTEMPATH/CodeIgniter.php(906): App\Controllers\Home->__construct()
 2 SYSTEMPATH/CodeIgniter.php(490): CodeIgniter\CodeIgniter->createController()
 3 SYSTEMPATH/CodeIgniter.php(368): CodeIgniter\CodeIgniter->handleRequest(null, Object(Config\Cache), false)
 4 FCPATH/index.php(67): CodeIgniter\CodeIgniter->run()
WARNING - 2025-07-28 12:46:03 --> [DEPRECATED] Creation of dynamic property App\Controllers\Home::$Allsettingsmodel is deprecated in APPPATH/Controllers/Home.php on line 45.
 1 SYSTEMPATH/CodeIgniter.php(906): App\Controllers\Home->__construct()
 2 SYSTEMPATH/CodeIgniter.php(490): CodeIgniter\CodeIgniter->createController()
 3 SYSTEMPATH/CodeIgniter.php(368): CodeIgniter\CodeIgniter->handleRequest(null, Object(Config\Cache), false)
 4 FCPATH/index.php(67): CodeIgniter\CodeIgniter->run()
INFO - 2025-07-28 12:46:04 --> Session: Class initialized using 'CodeIgniter\Session\Handlers\FileHandler' driver.
WARNING - 2025-07-28 12:46:04 --> [DEPRECATED] Creation of dynamic property App\Controllers\Home::$user_model is deprecated in APPPATH/Controllers/Home.php on line 35.
 1 SYSTEMPATH/CodeIgniter.php(906): App\Controllers\Home->__construct()
 2 SYSTEMPATH/CodeIgniter.php(490): CodeIgniter\CodeIgniter->createController()
 3 SYSTEMPATH/CodeIgniter.php(368): CodeIgniter\CodeIgniter->handleRequest(null, Object(Config\Cache), false)
 4 FCPATH/index.php(67): CodeIgniter\CodeIgniter->run()
WARNING - 2025-07-28 12:46:04 --> [DEPRECATED] Creation of dynamic property App\Controllers\Home::$BlogModel is deprecated in APPPATH/Controllers/Home.php on line 43.
 1 SYSTEMPATH/CodeIgniter.php(906): App\Controllers\Home->__construct()
 2 SYSTEMPATH/CodeIgniter.php(490): CodeIgniter\CodeIgniter->createController()
 3 SYSTEMPATH/CodeIgniter.php(368): CodeIgniter\CodeIgniter->handleRequest(null, Object(Config\Cache), false)
 4 FCPATH/index.php(67): CodeIgniter\CodeIgniter->run()
WARNING - 2025-07-28 12:46:04 --> [DEPRECATED] Creation of dynamic property App\Controllers\Home::$EnquiryModel is deprecated in APPPATH/Controllers/Home.php on line 44.
 1 SYSTEMPATH/CodeIgniter.php(906): App\Controllers\Home->__construct()
 2 SYSTEMPATH/CodeIgniter.php(490): CodeIgniter\CodeIgniter->createController()
 3 SYSTEMPATH/CodeIgniter.php(368): CodeIgniter\CodeIgniter->handleRequest(null, Object(Config\Cache), false)
 4 FCPATH/index.php(67): CodeIgniter\CodeIgniter->run()
WARNING - 2025-07-28 12:46:04 --> [DEPRECATED] Creation of dynamic property App\Controllers\Home::$Allsettingsmodel is deprecated in APPPATH/Controllers/Home.php on line 45.
 1 SYSTEMPATH/CodeIgniter.php(906): App\Controllers\Home->__construct()
 2 SYSTEMPATH/CodeIgniter.php(490): CodeIgniter\CodeIgniter->createController()
 3 SYSTEMPATH/CodeIgniter.php(368): CodeIgniter\CodeIgniter->handleRequest(null, Object(Config\Cache), false)
 4 FCPATH/index.php(67): CodeIgniter\CodeIgniter->run()
INFO - 2025-07-28 12:46:50 --> Session: Class initialized using 'CodeIgniter\Session\Handlers\FileHandler' driver.
WARNING - 2025-07-28 12:46:50 --> [DEPRECATED] Creation of dynamic property App\Controllers\Orders::$session is deprecated in APPPATH/Controllers/Orders.php on line 34.
 1 SYSTEMPATH/CodeIgniter.php(906): App\Controllers\Orders->__construct()
 2 SYSTEMPATH/CodeIgniter.php(490): CodeIgniter\CodeIgniter->createController()
 3 SYSTEMPATH/CodeIgniter.php(368): CodeIgniter\CodeIgniter->handleRequest(null, Object(Config\Cache), false)
 4 FCPATH/index.php(67): CodeIgniter\CodeIgniter->run()
WARNING - 2025-07-28 12:46:50 --> Session: Sessions is enabled, and one exists. Please don't $session->start();
WARNING - 2025-07-28 12:46:50 --> [DEPRECATED] Creation of dynamic property App\Controllers\Orders::$coupons is deprecated in APPPATH/Controllers/Orders.php on line 38.
 1 SYSTEMPATH/CodeIgniter.php(906): App\Controllers\Orders->__construct()
 2 SYSTEMPATH/CodeIgniter.php(490): CodeIgniter\CodeIgniter->createController()
 3 SYSTEMPATH/CodeIgniter.php(368): CodeIgniter\CodeIgniter->handleRequest(null, Object(Config\Cache), false)
 4 FCPATH/index.php(67): CodeIgniter\CodeIgniter->run()
WARNING - 2025-07-28 12:46:50 --> [DEPRECATED] Creation of dynamic property App\Controllers\Orders::$faqs is deprecated in APPPATH/Controllers/Orders.php on line 39.
 1 SYSTEMPATH/CodeIgniter.php(906): App\Controllers\Orders->__construct()
 2 SYSTEMPATH/CodeIgniter.php(490): CodeIgniter\CodeIgniter->createController()
 3 SYSTEMPATH/CodeIgniter.php(368): CodeIgniter\CodeIgniter->handleRequest(null, Object(Config\Cache), false)
 4 FCPATH/index.php(67): CodeIgniter\CodeIgniter->run()
WARNING - 2025-07-28 12:46:50 --> [DEPRECATED] Creation of dynamic property App\Controllers\Orders::$seo is deprecated in APPPATH/Controllers/Orders.php on line 40.
 1 SYSTEMPATH/CodeIgniter.php(906): App\Controllers\Orders->__construct()
 2 SYSTEMPATH/CodeIgniter.php(490): CodeIgniter\CodeIgniter->createController()
 3 SYSTEMPATH/CodeIgniter.php(368): CodeIgniter\CodeIgniter->handleRequest(null, Object(Config\Cache), false)
 4 FCPATH/index.php(67): CodeIgniter\CodeIgniter->run()
WARNING - 2025-07-28 12:46:50 --> [DEPRECATED] Creation of dynamic property App\Controllers\Orders::$Ordermodel is deprecated in APPPATH/Controllers/Orders.php on line 41.
 1 SYSTEMPATH/CodeIgniter.php(906): App\Controllers\Orders->__construct()
 2 SYSTEMPATH/CodeIgniter.php(490): CodeIgniter\CodeIgniter->createController()
 3 SYSTEMPATH/CodeIgniter.php(368): CodeIgniter\CodeIgniter->handleRequest(null, Object(Config\Cache), false)
 4 FCPATH/index.php(67): CodeIgniter\CodeIgniter->run()
WARNING - 2025-07-28 12:46:50 --> [DEPRECATED] Creation of dynamic property App\Controllers\Orders::$testimonial is deprecated in APPPATH/Controllers/Orders.php on line 42.
 1 SYSTEMPATH/CodeIgniter.php(906): App\Controllers\Orders->__construct()
 2 SYSTEMPATH/CodeIgniter.php(490): CodeIgniter\CodeIgniter->createController()
 3 SYSTEMPATH/CodeIgniter.php(368): CodeIgniter\CodeIgniter->handleRequest(null, Object(Config\Cache), false)
 4 FCPATH/index.php(67): CodeIgniter\CodeIgniter->run()
WARNING - 2025-07-28 12:46:50 --> [DEPRECATED] Creation of dynamic property App\Controllers\Orders::$enquiry is deprecated in APPPATH/Controllers/Orders.php on line 43.
 1 SYSTEMPATH/CodeIgniter.php(906): App\Controllers\Orders->__construct()
 2 SYSTEMPATH/CodeIgniter.php(490): CodeIgniter\CodeIgniter->createController()
 3 SYSTEMPATH/CodeIgniter.php(368): CodeIgniter\CodeIgniter->handleRequest(null, Object(Config\Cache), false)
 4 FCPATH/index.php(67): CodeIgniter\CodeIgniter->run()
WARNING - 2025-07-28 12:46:50 --> [DEPRECATED] Creation of dynamic property App\Controllers\Orders::$product is deprecated in APPPATH/Controllers/Orders.php on line 44.
 1 SYSTEMPATH/CodeIgniter.php(906): App\Controllers\Orders->__construct()
 2 SYSTEMPATH/CodeIgniter.php(490): CodeIgniter\CodeIgniter->createController()
 3 SYSTEMPATH/CodeIgniter.php(368): CodeIgniter\CodeIgniter->handleRequest(null, Object(Config\Cache), false)
 4 FCPATH/index.php(67): CodeIgniter\CodeIgniter->run()
WARNING - 2025-07-28 12:46:50 --> [DEPRECATED] Creation of dynamic property App\Controllers\Orders::$orderitem is deprecated in APPPATH/Controllers/Orders.php on line 45.
 1 SYSTEMPATH/CodeIgniter.php(906): App\Controllers\Orders->__construct()
 2 SYSTEMPATH/CodeIgniter.php(490): CodeIgniter\CodeIgniter->createController()
 3 SYSTEMPATH/CodeIgniter.php(368): CodeIgniter\CodeIgniter->handleRequest(null, Object(Config\Cache), false)
 4 FCPATH/index.php(67): CodeIgniter\CodeIgniter->run()
WARNING - 2025-07-28 12:46:50 --> [DEPRECATED] Creation of dynamic property App\Controllers\Orders::$Ordercomment is deprecated in APPPATH/Controllers/Orders.php on line 46.
 1 SYSTEMPATH/CodeIgniter.php(906): App\Controllers\Orders->__construct()
 2 SYSTEMPATH/CodeIgniter.php(490): CodeIgniter\CodeIgniter->createController()
 3 SYSTEMPATH/CodeIgniter.php(368): CodeIgniter\CodeIgniter->handleRequest(null, Object(Config\Cache), false)
 4 FCPATH/index.php(67): CodeIgniter\CodeIgniter->run()
WARNING - 2025-07-28 12:46:50 --> [DEPRECATED] Creation of dynamic property App\Controllers\Orders::$catagory is deprecated in APPPATH/Controllers/Orders.php on line 47.
 1 SYSTEMPATH/CodeIgniter.php(906): App\Controllers\Orders->__construct()
 2 SYSTEMPATH/CodeIgniter.php(490): CodeIgniter\CodeIgniter->createController()
 3 SYSTEMPATH/CodeIgniter.php(368): CodeIgniter\CodeIgniter->handleRequest(null, Object(Config\Cache), false)
 4 FCPATH/index.php(67): CodeIgniter\CodeIgniter->run()
WARNING - 2025-07-28 12:46:50 --> [DEPRECATED] Creation of dynamic property App\Controllers\Orders::$User is deprecated in APPPATH/Controllers/Orders.php on line 48.
 1 SYSTEMPATH/CodeIgniter.php(906): App\Controllers\Orders->__construct()
 2 SYSTEMPATH/CodeIgniter.php(490): CodeIgniter\CodeIgniter->createController()
 3 SYSTEMPATH/CodeIgniter.php(368): CodeIgniter\CodeIgniter->handleRequest(null, Object(Config\Cache), false)
 4 FCPATH/index.php(67): CodeIgniter\CodeIgniter->run()
WARNING - 2025-07-28 12:46:50 --> [DEPRECATED] Creation of dynamic property App\Controllers\Orders::$shippingmethod is deprecated in APPPATH/Controllers/Orders.php on line 49.
 1 SYSTEMPATH/CodeIgniter.php(906): App\Controllers\Orders->__construct()
 2 SYSTEMPATH/CodeIgniter.php(490): CodeIgniter\CodeIgniter->createController()
 3 SYSTEMPATH/CodeIgniter.php(368): CodeIgniter\CodeIgniter->handleRequest(null, Object(Config\Cache), false)
 4 FCPATH/index.php(67): CodeIgniter\CodeIgniter->run()
WARNING - 2025-07-28 12:46:50 --> [DEPRECATED] Creation of dynamic property App\Controllers\Orders::$shippingrate is deprecated in APPPATH/Controllers/Orders.php on line 50.
 1 SYSTEMPATH/CodeIgniter.php(906): App\Controllers\Orders->__construct()
 2 SYSTEMPATH/CodeIgniter.php(490): CodeIgniter\CodeIgniter->createController()
 3 SYSTEMPATH/CodeIgniter.php(368): CodeIgniter\CodeIgniter->handleRequest(null, Object(Config\Cache), false)
 4 FCPATH/index.php(67): CodeIgniter\CodeIgniter->run()
WARNING - 2025-07-28 12:46:50 --> [DEPRECATED] Creation of dynamic property App\Controllers\Orders::$shippingzone is deprecated in APPPATH/Controllers/Orders.php on line 51.
 1 SYSTEMPATH/CodeIgniter.php(906): App\Controllers\Orders->__construct()
 2 SYSTEMPATH/CodeIgniter.php(490): CodeIgniter\CodeIgniter->createController()
 3 SYSTEMPATH/CodeIgniter.php(368): CodeIgniter\CodeIgniter->handleRequest(null, Object(Config\Cache), false)
 4 FCPATH/index.php(67): CodeIgniter\CodeIgniter->run()
WARNING - 2025-07-28 12:46:50 --> [DEPRECATED] Creation of dynamic property App\Controllers\Orders::$country is deprecated in APPPATH/Controllers/Orders.php on line 52.
 1 SYSTEMPATH/CodeIgniter.php(906): App\Controllers\Orders->__construct()
 2 SYSTEMPATH/CodeIgniter.php(490): CodeIgniter\CodeIgniter->createController()
 3 SYSTEMPATH/CodeIgniter.php(368): CodeIgniter\CodeIgniter->handleRequest(null, Object(Config\Cache), false)
 4 FCPATH/index.php(67): CodeIgniter\CodeIgniter->run()
WARNING - 2025-07-28 12:46:50 --> [DEPRECATED] Creation of dynamic property App\Controllers\Orders::$ChatModel is deprecated in APPPATH/Controllers/Orders.php on line 53.
 1 SYSTEMPATH/CodeIgniter.php(906): App\Controllers\Orders->__construct()
 2 SYSTEMPATH/CodeIgniter.php(490): CodeIgniter\CodeIgniter->createController()
 3 SYSTEMPATH/CodeIgniter.php(368): CodeIgniter\CodeIgniter->handleRequest(null, Object(Config\Cache), false)
 4 FCPATH/index.php(67): CodeIgniter\CodeIgniter->run()
WARNING - 2025-07-28 12:46:50 --> [DEPRECATED] Creation of dynamic property App\Controllers\Orders::$Allsettings is deprecated in APPPATH/Controllers/Orders.php on line 54.
 1 SYSTEMPATH/CodeIgniter.php(906): App\Controllers\Orders->__construct()
 2 SYSTEMPATH/CodeIgniter.php(490): CodeIgniter\CodeIgniter->createController()
 3 SYSTEMPATH/CodeIgniter.php(368): CodeIgniter\CodeIgniter->handleRequest(null, Object(Config\Cache), false)
 4 FCPATH/index.php(67): CodeIgniter\CodeIgniter->run()
WARNING - 2025-07-28 12:46:50 --> [DEPRECATED] Creation of dynamic property App\Controllers\Orders::$ShippingDataModel is deprecated in APPPATH/Controllers/Orders.php on line 55.
 1 SYSTEMPATH/CodeIgniter.php(906): App\Controllers\Orders->__construct()
 2 SYSTEMPATH/CodeIgniter.php(490): CodeIgniter\CodeIgniter->createController()
 3 SYSTEMPATH/CodeIgniter.php(368): CodeIgniter\CodeIgniter->handleRequest(null, Object(Config\Cache), false)
 4 FCPATH/index.php(67): CodeIgniter\CodeIgniter->run()
WARNING - 2025-07-28 12:46:50 --> [DEPRECATED] Creation of dynamic property App\Controllers\Orders::$cityModel is deprecated in APPPATH/Controllers/Orders.php on line 56.
 1 SYSTEMPATH/CodeIgniter.php(906): App\Controllers\Orders->__construct()
 2 SYSTEMPATH/CodeIgniter.php(490): CodeIgniter\CodeIgniter->createController()
 3 SYSTEMPATH/CodeIgniter.php(368): CodeIgniter\CodeIgniter->handleRequest(null, Object(Config\Cache), false)
 4 FCPATH/index.php(67): CodeIgniter\CodeIgniter->run()
WARNING - 2025-07-28 12:46:50 --> [DEPRECATED] Creation of dynamic property App\Controllers\Orders::$stateModel is deprecated in APPPATH/Controllers/Orders.php on line 57.
 1 SYSTEMPATH/CodeIgniter.php(906): App\Controllers\Orders->__construct()
 2 SYSTEMPATH/CodeIgniter.php(490): CodeIgniter\CodeIgniter->createController()
 3 SYSTEMPATH/CodeIgniter.php(368): CodeIgniter\CodeIgniter->handleRequest(null, Object(Config\Cache), false)
 4 FCPATH/index.php(67): CodeIgniter\CodeIgniter->run()
WARNING - 2025-07-28 12:46:50 --> [DEPRECATED] Creation of dynamic property App\Controllers\Orders::$taxModel is deprecated in APPPATH/Controllers/Orders.php on line 58.
 1 SYSTEMPATH/CodeIgniter.php(906): App\Controllers\Orders->__construct()
 2 SYSTEMPATH/CodeIgniter.php(490): CodeIgniter\CodeIgniter->createController()
 3 SYSTEMPATH/CodeIgniter.php(368): CodeIgniter\CodeIgniter->handleRequest(null, Object(Config\Cache), false)
 4 FCPATH/index.php(67): CodeIgniter\CodeIgniter->run()
INFO - 2025-07-28 12:46:51 --> Session: Class initialized using 'CodeIgniter\Session\Handlers\FileHandler' driver.
WARNING - 2025-07-28 12:46:51 --> [DEPRECATED] Creation of dynamic property App\Controllers\Home::$user_model is deprecated in APPPATH/Controllers/Home.php on line 35.
 1 SYSTEMPATH/CodeIgniter.php(906): App\Controllers\Home->__construct()
 2 SYSTEMPATH/CodeIgniter.php(490): CodeIgniter\CodeIgniter->createController()
 3 SYSTEMPATH/CodeIgniter.php(368): CodeIgniter\CodeIgniter->handleRequest(null, Object(Config\Cache), false)
 4 FCPATH/index.php(67): CodeIgniter\CodeIgniter->run()
WARNING - 2025-07-28 12:46:51 --> [DEPRECATED] Creation of dynamic property App\Controllers\Home::$BlogModel is deprecated in APPPATH/Controllers/Home.php on line 43.
 1 SYSTEMPATH/CodeIgniter.php(906): App\Controllers\Home->__construct()
 2 SYSTEMPATH/CodeIgniter.php(490): CodeIgniter\CodeIgniter->createController()
 3 SYSTEMPATH/CodeIgniter.php(368): CodeIgniter\CodeIgniter->handleRequest(null, Object(Config\Cache), false)
 4 FCPATH/index.php(67): CodeIgniter\CodeIgniter->run()
WARNING - 2025-07-28 12:46:51 --> [DEPRECATED] Creation of dynamic property App\Controllers\Home::$EnquiryModel is deprecated in APPPATH/Controllers/Home.php on line 44.
 1 SYSTEMPATH/CodeIgniter.php(906): App\Controllers\Home->__construct()
 2 SYSTEMPATH/CodeIgniter.php(490): CodeIgniter\CodeIgniter->createController()
 3 SYSTEMPATH/CodeIgniter.php(368): CodeIgniter\CodeIgniter->handleRequest(null, Object(Config\Cache), false)
 4 FCPATH/index.php(67): CodeIgniter\CodeIgniter->run()
WARNING - 2025-07-28 12:46:51 --> [DEPRECATED] Creation of dynamic property App\Controllers\Home::$Allsettingsmodel is deprecated in APPPATH/Controllers/Home.php on line 45.
 1 SYSTEMPATH/CodeIgniter.php(906): App\Controllers\Home->__construct()
 2 SYSTEMPATH/CodeIgniter.php(490): CodeIgniter\CodeIgniter->createController()
 3 SYSTEMPATH/CodeIgniter.php(368): CodeIgniter\CodeIgniter->handleRequest(null, Object(Config\Cache), false)
 4 FCPATH/index.php(67): CodeIgniter\CodeIgniter->run()
INFO - 2025-07-28 12:46:59 --> Session: Class initialized using 'CodeIgniter\Session\Handlers\FileHandler' driver.
WARNING - 2025-07-28 12:46:59 --> [DEPRECATED] Creation of dynamic property App\Controllers\Orders::$session is deprecated in APPPATH/Controllers/Orders.php on line 34.
 1 SYSTEMPATH/CodeIgniter.php(906): App\Controllers\Orders->__construct()
 2 SYSTEMPATH/CodeIgniter.php(490): CodeIgniter\CodeIgniter->createController()
 3 SYSTEMPATH/CodeIgniter.php(368): CodeIgniter\CodeIgniter->handleRequest(null, Object(Config\Cache), false)
 4 FCPATH/index.php(67): CodeIgniter\CodeIgniter->run()
WARNING - 2025-07-28 12:46:59 --> Session: Sessions is enabled, and one exists. Please don't $session->start();
WARNING - 2025-07-28 12:46:59 --> [DEPRECATED] Creation of dynamic property App\Controllers\Orders::$coupons is deprecated in APPPATH/Controllers/Orders.php on line 38.
 1 SYSTEMPATH/CodeIgniter.php(906): App\Controllers\Orders->__construct()
 2 SYSTEMPATH/CodeIgniter.php(490): CodeIgniter\CodeIgniter->createController()
 3 SYSTEMPATH/CodeIgniter.php(368): CodeIgniter\CodeIgniter->handleRequest(null, Object(Config\Cache), false)
 4 FCPATH/index.php(67): CodeIgniter\CodeIgniter->run()
WARNING - 2025-07-28 12:46:59 --> [DEPRECATED] Creation of dynamic property App\Controllers\Orders::$faqs is deprecated in APPPATH/Controllers/Orders.php on line 39.
 1 SYSTEMPATH/CodeIgniter.php(906): App\Controllers\Orders->__construct()
 2 SYSTEMPATH/CodeIgniter.php(490): CodeIgniter\CodeIgniter->createController()
 3 SYSTEMPATH/CodeIgniter.php(368): CodeIgniter\CodeIgniter->handleRequest(null, Object(Config\Cache), false)
 4 FCPATH/index.php(67): CodeIgniter\CodeIgniter->run()
WARNING - 2025-07-28 12:46:59 --> [DEPRECATED] Creation of dynamic property App\Controllers\Orders::$seo is deprecated in APPPATH/Controllers/Orders.php on line 40.
 1 SYSTEMPATH/CodeIgniter.php(906): App\Controllers\Orders->__construct()
 2 SYSTEMPATH/CodeIgniter.php(490): CodeIgniter\CodeIgniter->createController()
 3 SYSTEMPATH/CodeIgniter.php(368): CodeIgniter\CodeIgniter->handleRequest(null, Object(Config\Cache), false)
 4 FCPATH/index.php(67): CodeIgniter\CodeIgniter->run()
WARNING - 2025-07-28 12:46:59 --> [DEPRECATED] Creation of dynamic property App\Controllers\Orders::$Ordermodel is deprecated in APPPATH/Controllers/Orders.php on line 41.
 1 SYSTEMPATH/CodeIgniter.php(906): App\Controllers\Orders->__construct()
 2 SYSTEMPATH/CodeIgniter.php(490): CodeIgniter\CodeIgniter->createController()
 3 SYSTEMPATH/CodeIgniter.php(368): CodeIgniter\CodeIgniter->handleRequest(null, Object(Config\Cache), false)
 4 FCPATH/index.php(67): CodeIgniter\CodeIgniter->run()
WARNING - 2025-07-28 12:46:59 --> [DEPRECATED] Creation of dynamic property App\Controllers\Orders::$testimonial is deprecated in APPPATH/Controllers/Orders.php on line 42.
 1 SYSTEMPATH/CodeIgniter.php(906): App\Controllers\Orders->__construct()
 2 SYSTEMPATH/CodeIgniter.php(490): CodeIgniter\CodeIgniter->createController()
 3 SYSTEMPATH/CodeIgniter.php(368): CodeIgniter\CodeIgniter->handleRequest(null, Object(Config\Cache), false)
 4 FCPATH/index.php(67): CodeIgniter\CodeIgniter->run()
WARNING - 2025-07-28 12:46:59 --> [DEPRECATED] Creation of dynamic property App\Controllers\Orders::$enquiry is deprecated in APPPATH/Controllers/Orders.php on line 43.
 1 SYSTEMPATH/CodeIgniter.php(906): App\Controllers\Orders->__construct()
 2 SYSTEMPATH/CodeIgniter.php(490): CodeIgniter\CodeIgniter->createController()
 3 SYSTEMPATH/CodeIgniter.php(368): CodeIgniter\CodeIgniter->handleRequest(null, Object(Config\Cache), false)
 4 FCPATH/index.php(67): CodeIgniter\CodeIgniter->run()
WARNING - 2025-07-28 12:46:59 --> [DEPRECATED] Creation of dynamic property App\Controllers\Orders::$product is deprecated in APPPATH/Controllers/Orders.php on line 44.
 1 SYSTEMPATH/CodeIgniter.php(906): App\Controllers\Orders->__construct()
 2 SYSTEMPATH/CodeIgniter.php(490): CodeIgniter\CodeIgniter->createController()
 3 SYSTEMPATH/CodeIgniter.php(368): CodeIgniter\CodeIgniter->handleRequest(null, Object(Config\Cache), false)
 4 FCPATH/index.php(67): CodeIgniter\CodeIgniter->run()
WARNING - 2025-07-28 12:46:59 --> [DEPRECATED] Creation of dynamic property App\Controllers\Orders::$orderitem is deprecated in APPPATH/Controllers/Orders.php on line 45.
 1 SYSTEMPATH/CodeIgniter.php(906): App\Controllers\Orders->__construct()
 2 SYSTEMPATH/CodeIgniter.php(490): CodeIgniter\CodeIgniter->createController()
 3 SYSTEMPATH/CodeIgniter.php(368): CodeIgniter\CodeIgniter->handleRequest(null, Object(Config\Cache), false)
 4 FCPATH/index.php(67): CodeIgniter\CodeIgniter->run()
WARNING - 2025-07-28 12:46:59 --> [DEPRECATED] Creation of dynamic property App\Controllers\Orders::$Ordercomment is deprecated in APPPATH/Controllers/Orders.php on line 46.
 1 SYSTEMPATH/CodeIgniter.php(906): App\Controllers\Orders->__construct()
 2 SYSTEMPATH/CodeIgniter.php(490): CodeIgniter\CodeIgniter->createController()
 3 SYSTEMPATH/CodeIgniter.php(368): CodeIgniter\CodeIgniter->handleRequest(null, Object(Config\Cache), false)
 4 FCPATH/index.php(67): CodeIgniter\CodeIgniter->run()
WARNING - 2025-07-28 12:46:59 --> [DEPRECATED] Creation of dynamic property App\Controllers\Orders::$catagory is deprecated in APPPATH/Controllers/Orders.php on line 47.
 1 SYSTEMPATH/CodeIgniter.php(906): App\Controllers\Orders->__construct()
 2 SYSTEMPATH/CodeIgniter.php(490): CodeIgniter\CodeIgniter->createController()
 3 SYSTEMPATH/CodeIgniter.php(368): CodeIgniter\CodeIgniter->handleRequest(null, Object(Config\Cache), false)
 4 FCPATH/index.php(67): CodeIgniter\CodeIgniter->run()
WARNING - 2025-07-28 12:46:59 --> [DEPRECATED] Creation of dynamic property App\Controllers\Orders::$User is deprecated in APPPATH/Controllers/Orders.php on line 48.
 1 SYSTEMPATH/CodeIgniter.php(906): App\Controllers\Orders->__construct()
 2 SYSTEMPATH/CodeIgniter.php(490): CodeIgniter\CodeIgniter->createController()
 3 SYSTEMPATH/CodeIgniter.php(368): CodeIgniter\CodeIgniter->handleRequest(null, Object(Config\Cache), false)
 4 FCPATH/index.php(67): CodeIgniter\CodeIgniter->run()
WARNING - 2025-07-28 12:46:59 --> [DEPRECATED] Creation of dynamic property App\Controllers\Orders::$shippingmethod is deprecated in APPPATH/Controllers/Orders.php on line 49.
 1 SYSTEMPATH/CodeIgniter.php(906): App\Controllers\Orders->__construct()
 2 SYSTEMPATH/CodeIgniter.php(490): CodeIgniter\CodeIgniter->createController()
 3 SYSTEMPATH/CodeIgniter.php(368): CodeIgniter\CodeIgniter->handleRequest(null, Object(Config\Cache), false)
 4 FCPATH/index.php(67): CodeIgniter\CodeIgniter->run()
WARNING - 2025-07-28 12:46:59 --> [DEPRECATED] Creation of dynamic property App\Controllers\Orders::$shippingrate is deprecated in APPPATH/Controllers/Orders.php on line 50.
 1 SYSTEMPATH/CodeIgniter.php(906): App\Controllers\Orders->__construct()
 2 SYSTEMPATH/CodeIgniter.php(490): CodeIgniter\CodeIgniter->createController()
 3 SYSTEMPATH/CodeIgniter.php(368): CodeIgniter\CodeIgniter->handleRequest(null, Object(Config\Cache), false)
 4 FCPATH/index.php(67): CodeIgniter\CodeIgniter->run()
WARNING - 2025-07-28 12:46:59 --> [DEPRECATED] Creation of dynamic property App\Controllers\Orders::$shippingzone is deprecated in APPPATH/Controllers/Orders.php on line 51.
 1 SYSTEMPATH/CodeIgniter.php(906): App\Controllers\Orders->__construct()
 2 SYSTEMPATH/CodeIgniter.php(490): CodeIgniter\CodeIgniter->createController()
 3 SYSTEMPATH/CodeIgniter.php(368): CodeIgniter\CodeIgniter->handleRequest(null, Object(Config\Cache), false)
 4 FCPATH/index.php(67): CodeIgniter\CodeIgniter->run()
WARNING - 2025-07-28 12:46:59 --> [DEPRECATED] Creation of dynamic property App\Controllers\Orders::$country is deprecated in APPPATH/Controllers/Orders.php on line 52.
 1 SYSTEMPATH/CodeIgniter.php(906): App\Controllers\Orders->__construct()
 2 SYSTEMPATH/CodeIgniter.php(490): CodeIgniter\CodeIgniter->createController()
 3 SYSTEMPATH/CodeIgniter.php(368): CodeIgniter\CodeIgniter->handleRequest(null, Object(Config\Cache), false)
 4 FCPATH/index.php(67): CodeIgniter\CodeIgniter->run()
WARNING - 2025-07-28 12:46:59 --> [DEPRECATED] Creation of dynamic property App\Controllers\Orders::$ChatModel is deprecated in APPPATH/Controllers/Orders.php on line 53.
 1 SYSTEMPATH/CodeIgniter.php(906): App\Controllers\Orders->__construct()
 2 SYSTEMPATH/CodeIgniter.php(490): CodeIgniter\CodeIgniter->createController()
 3 SYSTEMPATH/CodeIgniter.php(368): CodeIgniter\CodeIgniter->handleRequest(null, Object(Config\Cache), false)
 4 FCPATH/index.php(67): CodeIgniter\CodeIgniter->run()
WARNING - 2025-07-28 12:46:59 --> [DEPRECATED] Creation of dynamic property App\Controllers\Orders::$Allsettings is deprecated in APPPATH/Controllers/Orders.php on line 54.
 1 SYSTEMPATH/CodeIgniter.php(906): App\Controllers\Orders->__construct()
 2 SYSTEMPATH/CodeIgniter.php(490): CodeIgniter\CodeIgniter->createController()
 3 SYSTEMPATH/CodeIgniter.php(368): CodeIgniter\CodeIgniter->handleRequest(null, Object(Config\Cache), false)
 4 FCPATH/index.php(67): CodeIgniter\CodeIgniter->run()
WARNING - 2025-07-28 12:46:59 --> [DEPRECATED] Creation of dynamic property App\Controllers\Orders::$ShippingDataModel is deprecated in APPPATH/Controllers/Orders.php on line 55.
 1 SYSTEMPATH/CodeIgniter.php(906): App\Controllers\Orders->__construct()
 2 SYSTEMPATH/CodeIgniter.php(490): CodeIgniter\CodeIgniter->createController()
 3 SYSTEMPATH/CodeIgniter.php(368): CodeIgniter\CodeIgniter->handleRequest(null, Object(Config\Cache), false)
 4 FCPATH/index.php(67): CodeIgniter\CodeIgniter->run()
WARNING - 2025-07-28 12:46:59 --> [DEPRECATED] Creation of dynamic property App\Controllers\Orders::$cityModel is deprecated in APPPATH/Controllers/Orders.php on line 56.
 1 SYSTEMPATH/CodeIgniter.php(906): App\Controllers\Orders->__construct()
 2 SYSTEMPATH/CodeIgniter.php(490): CodeIgniter\CodeIgniter->createController()
 3 SYSTEMPATH/CodeIgniter.php(368): CodeIgniter\CodeIgniter->handleRequest(null, Object(Config\Cache), false)
 4 FCPATH/index.php(67): CodeIgniter\CodeIgniter->run()
WARNING - 2025-07-28 12:46:59 --> [DEPRECATED] Creation of dynamic property App\Controllers\Orders::$stateModel is deprecated in APPPATH/Controllers/Orders.php on line 57.
 1 SYSTEMPATH/CodeIgniter.php(906): App\Controllers\Orders->__construct()
 2 SYSTEMPATH/CodeIgniter.php(490): CodeIgniter\CodeIgniter->createController()
 3 SYSTEMPATH/CodeIgniter.php(368): CodeIgniter\CodeIgniter->handleRequest(null, Object(Config\Cache), false)
 4 FCPATH/index.php(67): CodeIgniter\CodeIgniter->run()
WARNING - 2025-07-28 12:46:59 --> [DEPRECATED] Creation of dynamic property App\Controllers\Orders::$taxModel is deprecated in APPPATH/Controllers/Orders.php on line 58.
 1 SYSTEMPATH/CodeIgniter.php(906): App\Controllers\Orders->__construct()
 2 SYSTEMPATH/CodeIgniter.php(490): CodeIgniter\CodeIgniter->createController()
 3 SYSTEMPATH/CodeIgniter.php(368): CodeIgniter\CodeIgniter->handleRequest(null, Object(Config\Cache), false)
 4 FCPATH/index.php(67): CodeIgniter\CodeIgniter->run()
INFO - 2025-07-28 12:47:01 --> Session: Class initialized using 'CodeIgniter\Session\Handlers\FileHandler' driver.
WARNING - 2025-07-28 12:47:01 --> [DEPRECATED] Creation of dynamic property App\Controllers\Home::$user_model is deprecated in APPPATH/Controllers/Home.php on line 35.
 1 SYSTEMPATH/CodeIgniter.php(906): App\Controllers\Home->__construct()
 2 SYSTEMPATH/CodeIgniter.php(490): CodeIgniter\CodeIgniter->createController()
 3 SYSTEMPATH/CodeIgniter.php(368): CodeIgniter\CodeIgniter->handleRequest(null, Object(Config\Cache), false)
 4 FCPATH/index.php(67): CodeIgniter\CodeIgniter->run()
WARNING - 2025-07-28 12:47:01 --> [DEPRECATED] Creation of dynamic property App\Controllers\Home::$BlogModel is deprecated in APPPATH/Controllers/Home.php on line 43.
 1 SYSTEMPATH/CodeIgniter.php(906): App\Controllers\Home->__construct()
 2 SYSTEMPATH/CodeIgniter.php(490): CodeIgniter\CodeIgniter->createController()
 3 SYSTEMPATH/CodeIgniter.php(368): CodeIgniter\CodeIgniter->handleRequest(null, Object(Config\Cache), false)
 4 FCPATH/index.php(67): CodeIgniter\CodeIgniter->run()
WARNING - 2025-07-28 12:47:01 --> [DEPRECATED] Creation of dynamic property App\Controllers\Home::$EnquiryModel is deprecated in APPPATH/Controllers/Home.php on line 44.
 1 SYSTEMPATH/CodeIgniter.php(906): App\Controllers\Home->__construct()
 2 SYSTEMPATH/CodeIgniter.php(490): CodeIgniter\CodeIgniter->createController()
 3 SYSTEMPATH/CodeIgniter.php(368): CodeIgniter\CodeIgniter->handleRequest(null, Object(Config\Cache), false)
 4 FCPATH/index.php(67): CodeIgniter\CodeIgniter->run()
WARNING - 2025-07-28 12:47:01 --> [DEPRECATED] Creation of dynamic property App\Controllers\Home::$Allsettingsmodel is deprecated in APPPATH/Controllers/Home.php on line 45.
 1 SYSTEMPATH/CodeIgniter.php(906): App\Controllers\Home->__construct()
 2 SYSTEMPATH/CodeIgniter.php(490): CodeIgniter\CodeIgniter->createController()
 3 SYSTEMPATH/CodeIgniter.php(368): CodeIgniter\CodeIgniter->handleRequest(null, Object(Config\Cache), false)
 4 FCPATH/index.php(67): CodeIgniter\CodeIgniter->run()
INFO - 2025-07-28 12:47:06 --> Session: Class initialized using 'CodeIgniter\Session\Handlers\FileHandler' driver.
WARNING - 2025-07-28 12:47:06 --> [DEPRECATED] Creation of dynamic property App\Controllers\Orders::$session is deprecated in APPPATH/Controllers/Orders.php on line 34.
 1 SYSTEMPATH/CodeIgniter.php(906): App\Controllers\Orders->__construct()
 2 SYSTEMPATH/CodeIgniter.php(490): CodeIgniter\CodeIgniter->createController()
 3 SYSTEMPATH/CodeIgniter.php(368): CodeIgniter\CodeIgniter->handleRequest(null, Object(Config\Cache), false)
 4 FCPATH/index.php(67): CodeIgniter\CodeIgniter->run()
WARNING - 2025-07-28 12:47:06 --> Session: Sessions is enabled, and one exists. Please don't $session->start();
WARNING - 2025-07-28 12:47:06 --> [DEPRECATED] Creation of dynamic property App\Controllers\Orders::$coupons is deprecated in APPPATH/Controllers/Orders.php on line 38.
 1 SYSTEMPATH/CodeIgniter.php(906): App\Controllers\Orders->__construct()
 2 SYSTEMPATH/CodeIgniter.php(490): CodeIgniter\CodeIgniter->createController()
 3 SYSTEMPATH/CodeIgniter.php(368): CodeIgniter\CodeIgniter->handleRequest(null, Object(Config\Cache), false)
 4 FCPATH/index.php(67): CodeIgniter\CodeIgniter->run()
WARNING - 2025-07-28 12:47:06 --> [DEPRECATED] Creation of dynamic property App\Controllers\Orders::$faqs is deprecated in APPPATH/Controllers/Orders.php on line 39.
 1 SYSTEMPATH/CodeIgniter.php(906): App\Controllers\Orders->__construct()
 2 SYSTEMPATH/CodeIgniter.php(490): CodeIgniter\CodeIgniter->createController()
 3 SYSTEMPATH/CodeIgniter.php(368): CodeIgniter\CodeIgniter->handleRequest(null, Object(Config\Cache), false)
 4 FCPATH/index.php(67): CodeIgniter\CodeIgniter->run()
WARNING - 2025-07-28 12:47:06 --> [DEPRECATED] Creation of dynamic property App\Controllers\Orders::$seo is deprecated in APPPATH/Controllers/Orders.php on line 40.
 1 SYSTEMPATH/CodeIgniter.php(906): App\Controllers\Orders->__construct()
 2 SYSTEMPATH/CodeIgniter.php(490): CodeIgniter\CodeIgniter->createController()
 3 SYSTEMPATH/CodeIgniter.php(368): CodeIgniter\CodeIgniter->handleRequest(null, Object(Config\Cache), false)
 4 FCPATH/index.php(67): CodeIgniter\CodeIgniter->run()
WARNING - 2025-07-28 12:47:06 --> [DEPRECATED] Creation of dynamic property App\Controllers\Orders::$Ordermodel is deprecated in APPPATH/Controllers/Orders.php on line 41.
 1 SYSTEMPATH/CodeIgniter.php(906): App\Controllers\Orders->__construct()
 2 SYSTEMPATH/CodeIgniter.php(490): CodeIgniter\CodeIgniter->createController()
 3 SYSTEMPATH/CodeIgniter.php(368): CodeIgniter\CodeIgniter->handleRequest(null, Object(Config\Cache), false)
 4 FCPATH/index.php(67): CodeIgniter\CodeIgniter->run()
WARNING - 2025-07-28 12:47:06 --> [DEPRECATED] Creation of dynamic property App\Controllers\Orders::$testimonial is deprecated in APPPATH/Controllers/Orders.php on line 42.
 1 SYSTEMPATH/CodeIgniter.php(906): App\Controllers\Orders->__construct()
 2 SYSTEMPATH/CodeIgniter.php(490): CodeIgniter\CodeIgniter->createController()
 3 SYSTEMPATH/CodeIgniter.php(368): CodeIgniter\CodeIgniter->handleRequest(null, Object(Config\Cache), false)
 4 FCPATH/index.php(67): CodeIgniter\CodeIgniter->run()
WARNING - 2025-07-28 12:47:06 --> [DEPRECATED] Creation of dynamic property App\Controllers\Orders::$enquiry is deprecated in APPPATH/Controllers/Orders.php on line 43.
 1 SYSTEMPATH/CodeIgniter.php(906): App\Controllers\Orders->__construct()
 2 SYSTEMPATH/CodeIgniter.php(490): CodeIgniter\CodeIgniter->createController()
 3 SYSTEMPATH/CodeIgniter.php(368): CodeIgniter\CodeIgniter->handleRequest(null, Object(Config\Cache), false)
 4 FCPATH/index.php(67): CodeIgniter\CodeIgniter->run()
WARNING - 2025-07-28 12:47:06 --> [DEPRECATED] Creation of dynamic property App\Controllers\Orders::$product is deprecated in APPPATH/Controllers/Orders.php on line 44.
 1 SYSTEMPATH/CodeIgniter.php(906): App\Controllers\Orders->__construct()
 2 SYSTEMPATH/CodeIgniter.php(490): CodeIgniter\CodeIgniter->createController()
 3 SYSTEMPATH/CodeIgniter.php(368): CodeIgniter\CodeIgniter->handleRequest(null, Object(Config\Cache), false)
 4 FCPATH/index.php(67): CodeIgniter\CodeIgniter->run()
WARNING - 2025-07-28 12:47:06 --> [DEPRECATED] Creation of dynamic property App\Controllers\Orders::$orderitem is deprecated in APPPATH/Controllers/Orders.php on line 45.
 1 SYSTEMPATH/CodeIgniter.php(906): App\Controllers\Orders->__construct()
 2 SYSTEMPATH/CodeIgniter.php(490): CodeIgniter\CodeIgniter->createController()
 3 SYSTEMPATH/CodeIgniter.php(368): CodeIgniter\CodeIgniter->handleRequest(null, Object(Config\Cache), false)
 4 FCPATH/index.php(67): CodeIgniter\CodeIgniter->run()
WARNING - 2025-07-28 12:47:06 --> [DEPRECATED] Creation of dynamic property App\Controllers\Orders::$Ordercomment is deprecated in APPPATH/Controllers/Orders.php on line 46.
 1 SYSTEMPATH/CodeIgniter.php(906): App\Controllers\Orders->__construct()
 2 SYSTEMPATH/CodeIgniter.php(490): CodeIgniter\CodeIgniter->createController()
 3 SYSTEMPATH/CodeIgniter.php(368): CodeIgniter\CodeIgniter->handleRequest(null, Object(Config\Cache), false)
 4 FCPATH/index.php(67): CodeIgniter\CodeIgniter->run()
WARNING - 2025-07-28 12:47:06 --> [DEPRECATED] Creation of dynamic property App\Controllers\Orders::$catagory is deprecated in APPPATH/Controllers/Orders.php on line 47.
 1 SYSTEMPATH/CodeIgniter.php(906): App\Controllers\Orders->__construct()
 2 SYSTEMPATH/CodeIgniter.php(490): CodeIgniter\CodeIgniter->createController()
 3 SYSTEMPATH/CodeIgniter.php(368): CodeIgniter\CodeIgniter->handleRequest(null, Object(Config\Cache), false)
 4 FCPATH/index.php(67): CodeIgniter\CodeIgniter->run()
WARNING - 2025-07-28 12:47:06 --> [DEPRECATED] Creation of dynamic property App\Controllers\Orders::$User is deprecated in APPPATH/Controllers/Orders.php on line 48.
 1 SYSTEMPATH/CodeIgniter.php(906): App\Controllers\Orders->__construct()
 2 SYSTEMPATH/CodeIgniter.php(490): CodeIgniter\CodeIgniter->createController()
 3 SYSTEMPATH/CodeIgniter.php(368): CodeIgniter\CodeIgniter->handleRequest(null, Object(Config\Cache), false)
 4 FCPATH/index.php(67): CodeIgniter\CodeIgniter->run()
WARNING - 2025-07-28 12:47:06 --> [DEPRECATED] Creation of dynamic property App\Controllers\Orders::$shippingmethod is deprecated in APPPATH/Controllers/Orders.php on line 49.
 1 SYSTEMPATH/CodeIgniter.php(906): App\Controllers\Orders->__construct()
 2 SYSTEMPATH/CodeIgniter.php(490): CodeIgniter\CodeIgniter->createController()
 3 SYSTEMPATH/CodeIgniter.php(368): CodeIgniter\CodeIgniter->handleRequest(null, Object(Config\Cache), false)
 4 FCPATH/index.php(67): CodeIgniter\CodeIgniter->run()
WARNING - 2025-07-28 12:47:06 --> [DEPRECATED] Creation of dynamic property App\Controllers\Orders::$shippingrate is deprecated in APPPATH/Controllers/Orders.php on line 50.
 1 SYSTEMPATH/CodeIgniter.php(906): App\Controllers\Orders->__construct()
 2 SYSTEMPATH/CodeIgniter.php(490): CodeIgniter\CodeIgniter->createController()
 3 SYSTEMPATH/CodeIgniter.php(368): CodeIgniter\CodeIgniter->handleRequest(null, Object(Config\Cache), false)
 4 FCPATH/index.php(67): CodeIgniter\CodeIgniter->run()
WARNING - 2025-07-28 12:47:06 --> [DEPRECATED] Creation of dynamic property App\Controllers\Orders::$shippingzone is deprecated in APPPATH/Controllers/Orders.php on line 51.
 1 SYSTEMPATH/CodeIgniter.php(906): App\Controllers\Orders->__construct()
 2 SYSTEMPATH/CodeIgniter.php(490): CodeIgniter\CodeIgniter->createController()
 3 SYSTEMPATH/CodeIgniter.php(368): CodeIgniter\CodeIgniter->handleRequest(null, Object(Config\Cache), false)
 4 FCPATH/index.php(67): CodeIgniter\CodeIgniter->run()
WARNING - 2025-07-28 12:47:06 --> [DEPRECATED] Creation of dynamic property App\Controllers\Orders::$country is deprecated in APPPATH/Controllers/Orders.php on line 52.
 1 SYSTEMPATH/CodeIgniter.php(906): App\Controllers\Orders->__construct()
 2 SYSTEMPATH/CodeIgniter.php(490): CodeIgniter\CodeIgniter->createController()
 3 SYSTEMPATH/CodeIgniter.php(368): CodeIgniter\CodeIgniter->handleRequest(null, Object(Config\Cache), false)
 4 FCPATH/index.php(67): CodeIgniter\CodeIgniter->run()
WARNING - 2025-07-28 12:47:06 --> [DEPRECATED] Creation of dynamic property App\Controllers\Orders::$ChatModel is deprecated in APPPATH/Controllers/Orders.php on line 53.
 1 SYSTEMPATH/CodeIgniter.php(906): App\Controllers\Orders->__construct()
 2 SYSTEMPATH/CodeIgniter.php(490): CodeIgniter\CodeIgniter->createController()
 3 SYSTEMPATH/CodeIgniter.php(368): CodeIgniter\CodeIgniter->handleRequest(null, Object(Config\Cache), false)
 4 FCPATH/index.php(67): CodeIgniter\CodeIgniter->run()
WARNING - 2025-07-28 12:47:06 --> [DEPRECATED] Creation of dynamic property App\Controllers\Orders::$Allsettings is deprecated in APPPATH/Controllers/Orders.php on line 54.
 1 SYSTEMPATH/CodeIgniter.php(906): App\Controllers\Orders->__construct()
 2 SYSTEMPATH/CodeIgniter.php(490): CodeIgniter\CodeIgniter->createController()
 3 SYSTEMPATH/CodeIgniter.php(368): CodeIgniter\CodeIgniter->handleRequest(null, Object(Config\Cache), false)
 4 FCPATH/index.php(67): CodeIgniter\CodeIgniter->run()
WARNING - 2025-07-28 12:47:06 --> [DEPRECATED] Creation of dynamic property App\Controllers\Orders::$ShippingDataModel is deprecated in APPPATH/Controllers/Orders.php on line 55.
 1 SYSTEMPATH/CodeIgniter.php(906): App\Controllers\Orders->__construct()
 2 SYSTEMPATH/CodeIgniter.php(490): CodeIgniter\CodeIgniter->createController()
 3 SYSTEMPATH/CodeIgniter.php(368): CodeIgniter\CodeIgniter->handleRequest(null, Object(Config\Cache), false)
 4 FCPATH/index.php(67): CodeIgniter\CodeIgniter->run()
WARNING - 2025-07-28 12:47:06 --> [DEPRECATED] Creation of dynamic property App\Controllers\Orders::$cityModel is deprecated in APPPATH/Controllers/Orders.php on line 56.
 1 SYSTEMPATH/CodeIgniter.php(906): App\Controllers\Orders->__construct()
 2 SYSTEMPATH/CodeIgniter.php(490): CodeIgniter\CodeIgniter->createController()
 3 SYSTEMPATH/CodeIgniter.php(368): CodeIgniter\CodeIgniter->handleRequest(null, Object(Config\Cache), false)
 4 FCPATH/index.php(67): CodeIgniter\CodeIgniter->run()
WARNING - 2025-07-28 12:47:06 --> [DEPRECATED] Creation of dynamic property App\Controllers\Orders::$stateModel is deprecated in APPPATH/Controllers/Orders.php on line 57.
 1 SYSTEMPATH/CodeIgniter.php(906): App\Controllers\Orders->__construct()
 2 SYSTEMPATH/CodeIgniter.php(490): CodeIgniter\CodeIgniter->createController()
 3 SYSTEMPATH/CodeIgniter.php(368): CodeIgniter\CodeIgniter->handleRequest(null, Object(Config\Cache), false)
 4 FCPATH/index.php(67): CodeIgniter\CodeIgniter->run()
WARNING - 2025-07-28 12:47:06 --> [DEPRECATED] Creation of dynamic property App\Controllers\Orders::$taxModel is deprecated in APPPATH/Controllers/Orders.php on line 58.
 1 SYSTEMPATH/CodeIgniter.php(906): App\Controllers\Orders->__construct()
 2 SYSTEMPATH/CodeIgniter.php(490): CodeIgniter\CodeIgniter->createController()
 3 SYSTEMPATH/CodeIgniter.php(368): CodeIgniter\CodeIgniter->handleRequest(null, Object(Config\Cache), false)
 4 FCPATH/index.php(67): CodeIgniter\CodeIgniter->run()
INFO - 2025-07-28 12:47:07 --> Session: Class initialized using 'CodeIgniter\Session\Handlers\FileHandler' driver.
WARNING - 2025-07-28 12:47:07 --> [DEPRECATED] Creation of dynamic property App\Controllers\Home::$user_model is deprecated in APPPATH/Controllers/Home.php on line 35.
 1 SYSTEMPATH/CodeIgniter.php(906): App\Controllers\Home->__construct()
 2 SYSTEMPATH/CodeIgniter.php(490): CodeIgniter\CodeIgniter->createController()
 3 SYSTEMPATH/CodeIgniter.php(368): CodeIgniter\CodeIgniter->handleRequest(null, Object(Config\Cache), false)
 4 FCPATH/index.php(67): CodeIgniter\CodeIgniter->run()
WARNING - 2025-07-28 12:47:07 --> [DEPRECATED] Creation of dynamic property App\Controllers\Home::$BlogModel is deprecated in APPPATH/Controllers/Home.php on line 43.
 1 SYSTEMPATH/CodeIgniter.php(906): App\Controllers\Home->__construct()
 2 SYSTEMPATH/CodeIgniter.php(490): CodeIgniter\CodeIgniter->createController()
 3 SYSTEMPATH/CodeIgniter.php(368): CodeIgniter\CodeIgniter->handleRequest(null, Object(Config\Cache), false)
 4 FCPATH/index.php(67): CodeIgniter\CodeIgniter->run()
WARNING - 2025-07-28 12:47:07 --> [DEPRECATED] Creation of dynamic property App\Controllers\Home::$EnquiryModel is deprecated in APPPATH/Controllers/Home.php on line 44.
 1 SYSTEMPATH/CodeIgniter.php(906): App\Controllers\Home->__construct()
 2 SYSTEMPATH/CodeIgniter.php(490): CodeIgniter\CodeIgniter->createController()
 3 SYSTEMPATH/CodeIgniter.php(368): CodeIgniter\CodeIgniter->handleRequest(null, Object(Config\Cache), false)
 4 FCPATH/index.php(67): CodeIgniter\CodeIgniter->run()
WARNING - 2025-07-28 12:47:07 --> [DEPRECATED] Creation of dynamic property App\Controllers\Home::$Allsettingsmodel is deprecated in APPPATH/Controllers/Home.php on line 45.
 1 SYSTEMPATH/CodeIgniter.php(906): App\Controllers\Home->__construct()
 2 SYSTEMPATH/CodeIgniter.php(490): CodeIgniter\CodeIgniter->createController()
 3 SYSTEMPATH/CodeIgniter.php(368): CodeIgniter\CodeIgniter->handleRequest(null, Object(Config\Cache), false)
 4 FCPATH/index.php(67): CodeIgniter\CodeIgniter->run()
INFO - 2025-07-28 12:47:08 --> Session: Class initialized using 'CodeIgniter\Session\Handlers\FileHandler' driver.
WARNING - 2025-07-28 12:47:08 --> [DEPRECATED] Creation of dynamic property App\Controllers\Home::$user_model is deprecated in APPPATH/Controllers/Home.php on line 35.
 1 SYSTEMPATH/CodeIgniter.php(906): App\Controllers\Home->__construct()
 2 SYSTEMPATH/CodeIgniter.php(490): CodeIgniter\CodeIgniter->createController()
 3 SYSTEMPATH/CodeIgniter.php(368): CodeIgniter\CodeIgniter->handleRequest(null, Object(Config\Cache), false)
 4 FCPATH/index.php(67): CodeIgniter\CodeIgniter->run()
WARNING - 2025-07-28 12:47:08 --> [DEPRECATED] Creation of dynamic property App\Controllers\Home::$BlogModel is deprecated in APPPATH/Controllers/Home.php on line 43.
 1 SYSTEMPATH/CodeIgniter.php(906): App\Controllers\Home->__construct()
 2 SYSTEMPATH/CodeIgniter.php(490): CodeIgniter\CodeIgniter->createController()
 3 SYSTEMPATH/CodeIgniter.php(368): CodeIgniter\CodeIgniter->handleRequest(null, Object(Config\Cache), false)
 4 FCPATH/index.php(67): CodeIgniter\CodeIgniter->run()
WARNING - 2025-07-28 12:47:08 --> [DEPRECATED] Creation of dynamic property App\Controllers\Home::$EnquiryModel is deprecated in APPPATH/Controllers/Home.php on line 44.
 1 SYSTEMPATH/CodeIgniter.php(906): App\Controllers\Home->__construct()
 2 SYSTEMPATH/CodeIgniter.php(490): CodeIgniter\CodeIgniter->createController()
 3 SYSTEMPATH/CodeIgniter.php(368): CodeIgniter\CodeIgniter->handleRequest(null, Object(Config\Cache), false)
 4 FCPATH/index.php(67): CodeIgniter\CodeIgniter->run()
WARNING - 2025-07-28 12:47:08 --> [DEPRECATED] Creation of dynamic property App\Controllers\Home::$Allsettingsmodel is deprecated in APPPATH/Controllers/Home.php on line 45.
 1 SYSTEMPATH/CodeIgniter.php(906): App\Controllers\Home->__construct()
 2 SYSTEMPATH/CodeIgniter.php(490): CodeIgniter\CodeIgniter->createController()
 3 SYSTEMPATH/CodeIgniter.php(368): CodeIgniter\CodeIgniter->handleRequest(null, Object(Config\Cache), false)
 4 FCPATH/index.php(67): CodeIgniter\CodeIgniter->run()
INFO - 2025-07-28 12:47:40 --> Session: Class initialized using 'CodeIgniter\Session\Handlers\FileHandler' driver.
INFO - 2025-07-28 12:47:40 --> Session: Class initialized using 'CodeIgniter\Session\Handlers\FileHandler' driver.
WARNING - 2025-07-28 12:47:40 --> [DEPRECATED] Creation of dynamic property App\Controllers\Home::$user_model is deprecated in APPPATH/Controllers/Home.php on line 35.
 1 SYSTEMPATH/CodeIgniter.php(906): App\Controllers\Home->__construct()
 2 SYSTEMPATH/CodeIgniter.php(490): CodeIgniter\CodeIgniter->createController()
 3 SYSTEMPATH/CodeIgniter.php(368): CodeIgniter\CodeIgniter->handleRequest(null, Object(Config\Cache), false)
 4 FCPATH/index.php(67): CodeIgniter\CodeIgniter->run()
WARNING - 2025-07-28 12:47:40 --> [DEPRECATED] Creation of dynamic property App\Controllers\Home::$BlogModel is deprecated in APPPATH/Controllers/Home.php on line 43.
 1 SYSTEMPATH/CodeIgniter.php(906): App\Controllers\Home->__construct()
 2 SYSTEMPATH/CodeIgniter.php(490): CodeIgniter\CodeIgniter->createController()
 3 SYSTEMPATH/CodeIgniter.php(368): CodeIgniter\CodeIgniter->handleRequest(null, Object(Config\Cache), false)
 4 FCPATH/index.php(67): CodeIgniter\CodeIgniter->run()
WARNING - 2025-07-28 12:47:40 --> [DEPRECATED] Creation of dynamic property App\Controllers\Home::$EnquiryModel is deprecated in APPPATH/Controllers/Home.php on line 44.
 1 SYSTEMPATH/CodeIgniter.php(906): App\Controllers\Home->__construct()
 2 SYSTEMPATH/CodeIgniter.php(490): CodeIgniter\CodeIgniter->createController()
 3 SYSTEMPATH/CodeIgniter.php(368): CodeIgniter\CodeIgniter->handleRequest(null, Object(Config\Cache), false)
 4 FCPATH/index.php(67): CodeIgniter\CodeIgniter->run()
WARNING - 2025-07-28 12:47:40 --> [DEPRECATED] Creation of dynamic property App\Controllers\Home::$Allsettingsmodel is deprecated in APPPATH/Controllers/Home.php on line 45.
 1 SYSTEMPATH/CodeIgniter.php(906): App\Controllers\Home->__construct()
 2 SYSTEMPATH/CodeIgniter.php(490): CodeIgniter\CodeIgniter->createController()
 3 SYSTEMPATH/CodeIgniter.php(368): CodeIgniter\CodeIgniter->handleRequest(null, Object(Config\Cache), false)
 4 FCPATH/index.php(67): CodeIgniter\CodeIgniter->run()
INFO - 2025-07-28 12:49:13 --> Session: Class initialized using 'CodeIgniter\Session\Handlers\FileHandler' driver.
INFO - 2025-07-28 12:49:13 --> Session: Class initialized using 'CodeIgniter\Session\Handlers\FileHandler' driver.
WARNING - 2025-07-28 12:49:13 --> [DEPRECATED] Creation of dynamic property App\Controllers\Home::$user_model is deprecated in APPPATH/Controllers/Home.php on line 35.
 1 SYSTEMPATH/CodeIgniter.php(906): App\Controllers\Home->__construct()
 2 SYSTEMPATH/CodeIgniter.php(490): CodeIgniter\CodeIgniter->createController()
 3 SYSTEMPATH/CodeIgniter.php(368): CodeIgniter\CodeIgniter->handleRequest(null, Object(Config\Cache), false)
 4 FCPATH/index.php(67): CodeIgniter\CodeIgniter->run()
WARNING - 2025-07-28 12:49:13 --> [DEPRECATED] Creation of dynamic property App\Controllers\Home::$BlogModel is deprecated in APPPATH/Controllers/Home.php on line 43.
 1 SYSTEMPATH/CodeIgniter.php(906): App\Controllers\Home->__construct()
 2 SYSTEMPATH/CodeIgniter.php(490): CodeIgniter\CodeIgniter->createController()
 3 SYSTEMPATH/CodeIgniter.php(368): CodeIgniter\CodeIgniter->handleRequest(null, Object(Config\Cache), false)
 4 FCPATH/index.php(67): CodeIgniter\CodeIgniter->run()
WARNING - 2025-07-28 12:49:13 --> [DEPRECATED] Creation of dynamic property App\Controllers\Home::$EnquiryModel is deprecated in APPPATH/Controllers/Home.php on line 44.
 1 SYSTEMPATH/CodeIgniter.php(906): App\Controllers\Home->__construct()
 2 SYSTEMPATH/CodeIgniter.php(490): CodeIgniter\CodeIgniter->createController()
 3 SYSTEMPATH/CodeIgniter.php(368): CodeIgniter\CodeIgniter->handleRequest(null, Object(Config\Cache), false)
 4 FCPATH/index.php(67): CodeIgniter\CodeIgniter->run()
WARNING - 2025-07-28 12:49:13 --> [DEPRECATED] Creation of dynamic property App\Controllers\Home::$Allsettingsmodel is deprecated in APPPATH/Controllers/Home.php on line 45.
 1 SYSTEMPATH/CodeIgniter.php(906): App\Controllers\Home->__construct()
 2 SYSTEMPATH/CodeIgniter.php(490): CodeIgniter\CodeIgniter->createController()
 3 SYSTEMPATH/CodeIgniter.php(368): CodeIgniter\CodeIgniter->handleRequest(null, Object(Config\Cache), false)
 4 FCPATH/index.php(67): CodeIgniter\CodeIgniter->run()
INFO - 2025-07-28 12:50:23 --> Session: Class initialized using 'CodeIgniter\Session\Handlers\FileHandler' driver.
WARNING - 2025-07-28 12:50:23 --> [DEPRECATED] Creation of dynamic property App\Controllers\Orders::$session is deprecated in APPPATH/Controllers/Orders.php on line 34.
 1 SYSTEMPATH/CodeIgniter.php(906): App\Controllers\Orders->__construct()
 2 SYSTEMPATH/CodeIgniter.php(490): CodeIgniter\CodeIgniter->createController()
 3 SYSTEMPATH/CodeIgniter.php(368): CodeIgniter\CodeIgniter->handleRequest(null, Object(Config\Cache), false)
 4 FCPATH/index.php(67): CodeIgniter\CodeIgniter->run()
WARNING - 2025-07-28 12:50:23 --> Session: Sessions is enabled, and one exists. Please don't $session->start();
WARNING - 2025-07-28 12:50:23 --> [DEPRECATED] Creation of dynamic property App\Controllers\Orders::$coupons is deprecated in APPPATH/Controllers/Orders.php on line 38.
 1 SYSTEMPATH/CodeIgniter.php(906): App\Controllers\Orders->__construct()
 2 SYSTEMPATH/CodeIgniter.php(490): CodeIgniter\CodeIgniter->createController()
 3 SYSTEMPATH/CodeIgniter.php(368): CodeIgniter\CodeIgniter->handleRequest(null, Object(Config\Cache), false)
 4 FCPATH/index.php(67): CodeIgniter\CodeIgniter->run()
WARNING - 2025-07-28 12:50:23 --> [DEPRECATED] Creation of dynamic property App\Controllers\Orders::$faqs is deprecated in APPPATH/Controllers/Orders.php on line 39.
 1 SYSTEMPATH/CodeIgniter.php(906): App\Controllers\Orders->__construct()
 2 SYSTEMPATH/CodeIgniter.php(490): CodeIgniter\CodeIgniter->createController()
 3 SYSTEMPATH/CodeIgniter.php(368): CodeIgniter\CodeIgniter->handleRequest(null, Object(Config\Cache), false)
 4 FCPATH/index.php(67): CodeIgniter\CodeIgniter->run()
WARNING - 2025-07-28 12:50:23 --> [DEPRECATED] Creation of dynamic property App\Controllers\Orders::$seo is deprecated in APPPATH/Controllers/Orders.php on line 40.
 1 SYSTEMPATH/CodeIgniter.php(906): App\Controllers\Orders->__construct()
 2 SYSTEMPATH/CodeIgniter.php(490): CodeIgniter\CodeIgniter->createController()
 3 SYSTEMPATH/CodeIgniter.php(368): CodeIgniter\CodeIgniter->handleRequest(null, Object(Config\Cache), false)
 4 FCPATH/index.php(67): CodeIgniter\CodeIgniter->run()
WARNING - 2025-07-28 12:50:23 --> [DEPRECATED] Creation of dynamic property App\Controllers\Orders::$Ordermodel is deprecated in APPPATH/Controllers/Orders.php on line 41.
 1 SYSTEMPATH/CodeIgniter.php(906): App\Controllers\Orders->__construct()
 2 SYSTEMPATH/CodeIgniter.php(490): CodeIgniter\CodeIgniter->createController()
 3 SYSTEMPATH/CodeIgniter.php(368): CodeIgniter\CodeIgniter->handleRequest(null, Object(Config\Cache), false)
 4 FCPATH/index.php(67): CodeIgniter\CodeIgniter->run()
WARNING - 2025-07-28 12:50:23 --> [DEPRECATED] Creation of dynamic property App\Controllers\Orders::$testimonial is deprecated in APPPATH/Controllers/Orders.php on line 42.
 1 SYSTEMPATH/CodeIgniter.php(906): App\Controllers\Orders->__construct()
 2 SYSTEMPATH/CodeIgniter.php(490): CodeIgniter\CodeIgniter->createController()
 3 SYSTEMPATH/CodeIgniter.php(368): CodeIgniter\CodeIgniter->handleRequest(null, Object(Config\Cache), false)
 4 FCPATH/index.php(67): CodeIgniter\CodeIgniter->run()
WARNING - 2025-07-28 12:50:23 --> [DEPRECATED] Creation of dynamic property App\Controllers\Orders::$enquiry is deprecated in APPPATH/Controllers/Orders.php on line 43.
 1 SYSTEMPATH/CodeIgniter.php(906): App\Controllers\Orders->__construct()
 2 SYSTEMPATH/CodeIgniter.php(490): CodeIgniter\CodeIgniter->createController()
 3 SYSTEMPATH/CodeIgniter.php(368): CodeIgniter\CodeIgniter->handleRequest(null, Object(Config\Cache), false)
 4 FCPATH/index.php(67): CodeIgniter\CodeIgniter->run()
WARNING - 2025-07-28 12:50:23 --> [DEPRECATED] Creation of dynamic property App\Controllers\Orders::$product is deprecated in APPPATH/Controllers/Orders.php on line 44.
 1 SYSTEMPATH/CodeIgniter.php(906): App\Controllers\Orders->__construct()
 2 SYSTEMPATH/CodeIgniter.php(490): CodeIgniter\CodeIgniter->createController()
 3 SYSTEMPATH/CodeIgniter.php(368): CodeIgniter\CodeIgniter->handleRequest(null, Object(Config\Cache), false)
 4 FCPATH/index.php(67): CodeIgniter\CodeIgniter->run()
WARNING - 2025-07-28 12:50:23 --> [DEPRECATED] Creation of dynamic property App\Controllers\Orders::$orderitem is deprecated in APPPATH/Controllers/Orders.php on line 45.
 1 SYSTEMPATH/CodeIgniter.php(906): App\Controllers\Orders->__construct()
 2 SYSTEMPATH/CodeIgniter.php(490): CodeIgniter\CodeIgniter->createController()
 3 SYSTEMPATH/CodeIgniter.php(368): CodeIgniter\CodeIgniter->handleRequest(null, Object(Config\Cache), false)
 4 FCPATH/index.php(67): CodeIgniter\CodeIgniter->run()
WARNING - 2025-07-28 12:50:23 --> [DEPRECATED] Creation of dynamic property App\Controllers\Orders::$Ordercomment is deprecated in APPPATH/Controllers/Orders.php on line 46.
 1 SYSTEMPATH/CodeIgniter.php(906): App\Controllers\Orders->__construct()
 2 SYSTEMPATH/CodeIgniter.php(490): CodeIgniter\CodeIgniter->createController()
 3 SYSTEMPATH/CodeIgniter.php(368): CodeIgniter\CodeIgniter->handleRequest(null, Object(Config\Cache), false)
 4 FCPATH/index.php(67): CodeIgniter\CodeIgniter->run()
WARNING - 2025-07-28 12:50:23 --> [DEPRECATED] Creation of dynamic property App\Controllers\Orders::$catagory is deprecated in APPPATH/Controllers/Orders.php on line 47.
 1 SYSTEMPATH/CodeIgniter.php(906): App\Controllers\Orders->__construct()
 2 SYSTEMPATH/CodeIgniter.php(490): CodeIgniter\CodeIgniter->createController()
 3 SYSTEMPATH/CodeIgniter.php(368): CodeIgniter\CodeIgniter->handleRequest(null, Object(Config\Cache), false)
 4 FCPATH/index.php(67): CodeIgniter\CodeIgniter->run()
WARNING - 2025-07-28 12:50:23 --> [DEPRECATED] Creation of dynamic property App\Controllers\Orders::$User is deprecated in APPPATH/Controllers/Orders.php on line 48.
 1 SYSTEMPATH/CodeIgniter.php(906): App\Controllers\Orders->__construct()
 2 SYSTEMPATH/CodeIgniter.php(490): CodeIgniter\CodeIgniter->createController()
 3 SYSTEMPATH/CodeIgniter.php(368): CodeIgniter\CodeIgniter->handleRequest(null, Object(Config\Cache), false)
 4 FCPATH/index.php(67): CodeIgniter\CodeIgniter->run()
WARNING - 2025-07-28 12:50:23 --> [DEPRECATED] Creation of dynamic property App\Controllers\Orders::$shippingmethod is deprecated in APPPATH/Controllers/Orders.php on line 49.
 1 SYSTEMPATH/CodeIgniter.php(906): App\Controllers\Orders->__construct()
 2 SYSTEMPATH/CodeIgniter.php(490): CodeIgniter\CodeIgniter->createController()
 3 SYSTEMPATH/CodeIgniter.php(368): CodeIgniter\CodeIgniter->handleRequest(null, Object(Config\Cache), false)
 4 FCPATH/index.php(67): CodeIgniter\CodeIgniter->run()
WARNING - 2025-07-28 12:50:23 --> [DEPRECATED] Creation of dynamic property App\Controllers\Orders::$shippingrate is deprecated in APPPATH/Controllers/Orders.php on line 50.
 1 SYSTEMPATH/CodeIgniter.php(906): App\Controllers\Orders->__construct()
 2 SYSTEMPATH/CodeIgniter.php(490): CodeIgniter\CodeIgniter->createController()
 3 SYSTEMPATH/CodeIgniter.php(368): CodeIgniter\CodeIgniter->handleRequest(null, Object(Config\Cache), false)
 4 FCPATH/index.php(67): CodeIgniter\CodeIgniter->run()
WARNING - 2025-07-28 12:50:23 --> [DEPRECATED] Creation of dynamic property App\Controllers\Orders::$shippingzone is deprecated in APPPATH/Controllers/Orders.php on line 51.
 1 SYSTEMPATH/CodeIgniter.php(906): App\Controllers\Orders->__construct()
 2 SYSTEMPATH/CodeIgniter.php(490): CodeIgniter\CodeIgniter->createController()
 3 SYSTEMPATH/CodeIgniter.php(368): CodeIgniter\CodeIgniter->handleRequest(null, Object(Config\Cache), false)
 4 FCPATH/index.php(67): CodeIgniter\CodeIgniter->run()
WARNING - 2025-07-28 12:50:23 --> [DEPRECATED] Creation of dynamic property App\Controllers\Orders::$country is deprecated in APPPATH/Controllers/Orders.php on line 52.
 1 SYSTEMPATH/CodeIgniter.php(906): App\Controllers\Orders->__construct()
 2 SYSTEMPATH/CodeIgniter.php(490): CodeIgniter\CodeIgniter->createController()
 3 SYSTEMPATH/CodeIgniter.php(368): CodeIgniter\CodeIgniter->handleRequest(null, Object(Config\Cache), false)
 4 FCPATH/index.php(67): CodeIgniter\CodeIgniter->run()
WARNING - 2025-07-28 12:50:23 --> [DEPRECATED] Creation of dynamic property App\Controllers\Orders::$ChatModel is deprecated in APPPATH/Controllers/Orders.php on line 53.
 1 SYSTEMPATH/CodeIgniter.php(906): App\Controllers\Orders->__construct()
 2 SYSTEMPATH/CodeIgniter.php(490): CodeIgniter\CodeIgniter->createController()
 3 SYSTEMPATH/CodeIgniter.php(368): CodeIgniter\CodeIgniter->handleRequest(null, Object(Config\Cache), false)
 4 FCPATH/index.php(67): CodeIgniter\CodeIgniter->run()
WARNING - 2025-07-28 12:50:23 --> [DEPRECATED] Creation of dynamic property App\Controllers\Orders::$Allsettings is deprecated in APPPATH/Controllers/Orders.php on line 54.
 1 SYSTEMPATH/CodeIgniter.php(906): App\Controllers\Orders->__construct()
 2 SYSTEMPATH/CodeIgniter.php(490): CodeIgniter\CodeIgniter->createController()
 3 SYSTEMPATH/CodeIgniter.php(368): CodeIgniter\CodeIgniter->handleRequest(null, Object(Config\Cache), false)
 4 FCPATH/index.php(67): CodeIgniter\CodeIgniter->run()
WARNING - 2025-07-28 12:50:23 --> [DEPRECATED] Creation of dynamic property App\Controllers\Orders::$ShippingDataModel is deprecated in APPPATH/Controllers/Orders.php on line 55.
 1 SYSTEMPATH/CodeIgniter.php(906): App\Controllers\Orders->__construct()
 2 SYSTEMPATH/CodeIgniter.php(490): CodeIgniter\CodeIgniter->createController()
 3 SYSTEMPATH/CodeIgniter.php(368): CodeIgniter\CodeIgniter->handleRequest(null, Object(Config\Cache), false)
 4 FCPATH/index.php(67): CodeIgniter\CodeIgniter->run()
WARNING - 2025-07-28 12:50:23 --> [DEPRECATED] Creation of dynamic property App\Controllers\Orders::$cityModel is deprecated in APPPATH/Controllers/Orders.php on line 56.
 1 SYSTEMPATH/CodeIgniter.php(906): App\Controllers\Orders->__construct()
 2 SYSTEMPATH/CodeIgniter.php(490): CodeIgniter\CodeIgniter->createController()
 3 SYSTEMPATH/CodeIgniter.php(368): CodeIgniter\CodeIgniter->handleRequest(null, Object(Config\Cache), false)
 4 FCPATH/index.php(67): CodeIgniter\CodeIgniter->run()
WARNING - 2025-07-28 12:50:23 --> [DEPRECATED] Creation of dynamic property App\Controllers\Orders::$stateModel is deprecated in APPPATH/Controllers/Orders.php on line 57.
 1 SYSTEMPATH/CodeIgniter.php(906): App\Controllers\Orders->__construct()
 2 SYSTEMPATH/CodeIgniter.php(490): CodeIgniter\CodeIgniter->createController()
 3 SYSTEMPATH/CodeIgniter.php(368): CodeIgniter\CodeIgniter->handleRequest(null, Object(Config\Cache), false)
 4 FCPATH/index.php(67): CodeIgniter\CodeIgniter->run()
WARNING - 2025-07-28 12:50:23 --> [DEPRECATED] Creation of dynamic property App\Controllers\Orders::$taxModel is deprecated in APPPATH/Controllers/Orders.php on line 58.
 1 SYSTEMPATH/CodeIgniter.php(906): App\Controllers\Orders->__construct()
 2 SYSTEMPATH/CodeIgniter.php(490): CodeIgniter\CodeIgniter->createController()
 3 SYSTEMPATH/CodeIgniter.php(368): CodeIgniter\CodeIgniter->handleRequest(null, Object(Config\Cache), false)
 4 FCPATH/index.php(67): CodeIgniter\CodeIgniter->run()
INFO - 2025-07-28 12:50:25 --> Session: Class initialized using 'CodeIgniter\Session\Handlers\FileHandler' driver.
WARNING - 2025-07-28 12:50:25 --> [DEPRECATED] Creation of dynamic property App\Controllers\Home::$user_model is deprecated in APPPATH/Controllers/Home.php on line 35.
 1 SYSTEMPATH/CodeIgniter.php(906): App\Controllers\Home->__construct()
 2 SYSTEMPATH/CodeIgniter.php(490): CodeIgniter\CodeIgniter->createController()
 3 SYSTEMPATH/CodeIgniter.php(368): CodeIgniter\CodeIgniter->handleRequest(null, Object(Config\Cache), false)
 4 FCPATH/index.php(67): CodeIgniter\CodeIgniter->run()
WARNING - 2025-07-28 12:50:25 --> [DEPRECATED] Creation of dynamic property App\Controllers\Home::$BlogModel is deprecated in APPPATH/Controllers/Home.php on line 43.
 1 SYSTEMPATH/CodeIgniter.php(906): App\Controllers\Home->__construct()
 2 SYSTEMPATH/CodeIgniter.php(490): CodeIgniter\CodeIgniter->createController()
 3 SYSTEMPATH/CodeIgniter.php(368): CodeIgniter\CodeIgniter->handleRequest(null, Object(Config\Cache), false)
 4 FCPATH/index.php(67): CodeIgniter\CodeIgniter->run()
WARNING - 2025-07-28 12:50:25 --> [DEPRECATED] Creation of dynamic property App\Controllers\Home::$EnquiryModel is deprecated in APPPATH/Controllers/Home.php on line 44.
 1 SYSTEMPATH/CodeIgniter.php(906): App\Controllers\Home->__construct()
 2 SYSTEMPATH/CodeIgniter.php(490): CodeIgniter\CodeIgniter->createController()
 3 SYSTEMPATH/CodeIgniter.php(368): CodeIgniter\CodeIgniter->handleRequest(null, Object(Config\Cache), false)
 4 FCPATH/index.php(67): CodeIgniter\CodeIgniter->run()
WARNING - 2025-07-28 12:50:25 --> [DEPRECATED] Creation of dynamic property App\Controllers\Home::$Allsettingsmodel is deprecated in APPPATH/Controllers/Home.php on line 45.
 1 SYSTEMPATH/CodeIgniter.php(906): App\Controllers\Home->__construct()
 2 SYSTEMPATH/CodeIgniter.php(490): CodeIgniter\CodeIgniter->createController()
 3 SYSTEMPATH/CodeIgniter.php(368): CodeIgniter\CodeIgniter->handleRequest(null, Object(Config\Cache), false)
 4 FCPATH/index.php(67): CodeIgniter\CodeIgniter->run()
INFO - 2025-07-28 12:50:28 --> Session: Class initialized using 'CodeIgniter\Session\Handlers\FileHandler' driver.
WARNING - 2025-07-28 12:50:28 --> [DEPRECATED] Creation of dynamic property App\Controllers\Orders::$session is deprecated in APPPATH/Controllers/Orders.php on line 34.
 1 SYSTEMPATH/CodeIgniter.php(906): App\Controllers\Orders->__construct()
 2 SYSTEMPATH/CodeIgniter.php(490): CodeIgniter\CodeIgniter->createController()
 3 SYSTEMPATH/CodeIgniter.php(368): CodeIgniter\CodeIgniter->handleRequest(null, Object(Config\Cache), false)
 4 FCPATH/index.php(67): CodeIgniter\CodeIgniter->run()
WARNING - 2025-07-28 12:50:28 --> Session: Sessions is enabled, and one exists. Please don't $session->start();
WARNING - 2025-07-28 12:50:28 --> [DEPRECATED] Creation of dynamic property App\Controllers\Orders::$coupons is deprecated in APPPATH/Controllers/Orders.php on line 38.
 1 SYSTEMPATH/CodeIgniter.php(906): App\Controllers\Orders->__construct()
 2 SYSTEMPATH/CodeIgniter.php(490): CodeIgniter\CodeIgniter->createController()
 3 SYSTEMPATH/CodeIgniter.php(368): CodeIgniter\CodeIgniter->handleRequest(null, Object(Config\Cache), false)
 4 FCPATH/index.php(67): CodeIgniter\CodeIgniter->run()
WARNING - 2025-07-28 12:50:28 --> [DEPRECATED] Creation of dynamic property App\Controllers\Orders::$faqs is deprecated in APPPATH/Controllers/Orders.php on line 39.
 1 SYSTEMPATH/CodeIgniter.php(906): App\Controllers\Orders->__construct()
 2 SYSTEMPATH/CodeIgniter.php(490): CodeIgniter\CodeIgniter->createController()
 3 SYSTEMPATH/CodeIgniter.php(368): CodeIgniter\CodeIgniter->handleRequest(null, Object(Config\Cache), false)
 4 FCPATH/index.php(67): CodeIgniter\CodeIgniter->run()
WARNING - 2025-07-28 12:50:28 --> [DEPRECATED] Creation of dynamic property App\Controllers\Orders::$seo is deprecated in APPPATH/Controllers/Orders.php on line 40.
 1 SYSTEMPATH/CodeIgniter.php(906): App\Controllers\Orders->__construct()
 2 SYSTEMPATH/CodeIgniter.php(490): CodeIgniter\CodeIgniter->createController()
 3 SYSTEMPATH/CodeIgniter.php(368): CodeIgniter\CodeIgniter->handleRequest(null, Object(Config\Cache), false)
 4 FCPATH/index.php(67): CodeIgniter\CodeIgniter->run()
WARNING - 2025-07-28 12:50:28 --> [DEPRECATED] Creation of dynamic property App\Controllers\Orders::$Ordermodel is deprecated in APPPATH/Controllers/Orders.php on line 41.
 1 SYSTEMPATH/CodeIgniter.php(906): App\Controllers\Orders->__construct()
 2 SYSTEMPATH/CodeIgniter.php(490): CodeIgniter\CodeIgniter->createController()
 3 SYSTEMPATH/CodeIgniter.php(368): CodeIgniter\CodeIgniter->handleRequest(null, Object(Config\Cache), false)
 4 FCPATH/index.php(67): CodeIgniter\CodeIgniter->run()
WARNING - 2025-07-28 12:50:28 --> [DEPRECATED] Creation of dynamic property App\Controllers\Orders::$testimonial is deprecated in APPPATH/Controllers/Orders.php on line 42.
 1 SYSTEMPATH/CodeIgniter.php(906): App\Controllers\Orders->__construct()
 2 SYSTEMPATH/CodeIgniter.php(490): CodeIgniter\CodeIgniter->createController()
 3 SYSTEMPATH/CodeIgniter.php(368): CodeIgniter\CodeIgniter->handleRequest(null, Object(Config\Cache), false)
 4 FCPATH/index.php(67): CodeIgniter\CodeIgniter->run()
WARNING - 2025-07-28 12:50:28 --> [DEPRECATED] Creation of dynamic property App\Controllers\Orders::$enquiry is deprecated in APPPATH/Controllers/Orders.php on line 43.
 1 SYSTEMPATH/CodeIgniter.php(906): App\Controllers\Orders->__construct()
 2 SYSTEMPATH/CodeIgniter.php(490): CodeIgniter\CodeIgniter->createController()
 3 SYSTEMPATH/CodeIgniter.php(368): CodeIgniter\CodeIgniter->handleRequest(null, Object(Config\Cache), false)
 4 FCPATH/index.php(67): CodeIgniter\CodeIgniter->run()
WARNING - 2025-07-28 12:50:28 --> [DEPRECATED] Creation of dynamic property App\Controllers\Orders::$product is deprecated in APPPATH/Controllers/Orders.php on line 44.
 1 SYSTEMPATH/CodeIgniter.php(906): App\Controllers\Orders->__construct()
 2 SYSTEMPATH/CodeIgniter.php(490): CodeIgniter\CodeIgniter->createController()
 3 SYSTEMPATH/CodeIgniter.php(368): CodeIgniter\CodeIgniter->handleRequest(null, Object(Config\Cache), false)
 4 FCPATH/index.php(67): CodeIgniter\CodeIgniter->run()
WARNING - 2025-07-28 12:50:28 --> [DEPRECATED] Creation of dynamic property App\Controllers\Orders::$orderitem is deprecated in APPPATH/Controllers/Orders.php on line 45.
 1 SYSTEMPATH/CodeIgniter.php(906): App\Controllers\Orders->__construct()
 2 SYSTEMPATH/CodeIgniter.php(490): CodeIgniter\CodeIgniter->createController()
 3 SYSTEMPATH/CodeIgniter.php(368): CodeIgniter\CodeIgniter->handleRequest(null, Object(Config\Cache), false)
 4 FCPATH/index.php(67): CodeIgniter\CodeIgniter->run()
WARNING - 2025-07-28 12:50:28 --> [DEPRECATED] Creation of dynamic property App\Controllers\Orders::$Ordercomment is deprecated in APPPATH/Controllers/Orders.php on line 46.
 1 SYSTEMPATH/CodeIgniter.php(906): App\Controllers\Orders->__construct()
 2 SYSTEMPATH/CodeIgniter.php(490): CodeIgniter\CodeIgniter->createController()
 3 SYSTEMPATH/CodeIgniter.php(368): CodeIgniter\CodeIgniter->handleRequest(null, Object(Config\Cache), false)
 4 FCPATH/index.php(67): CodeIgniter\CodeIgniter->run()
WARNING - 2025-07-28 12:50:28 --> [DEPRECATED] Creation of dynamic property App\Controllers\Orders::$catagory is deprecated in APPPATH/Controllers/Orders.php on line 47.
 1 SYSTEMPATH/CodeIgniter.php(906): App\Controllers\Orders->__construct()
 2 SYSTEMPATH/CodeIgniter.php(490): CodeIgniter\CodeIgniter->createController()
 3 SYSTEMPATH/CodeIgniter.php(368): CodeIgniter\CodeIgniter->handleRequest(null, Object(Config\Cache), false)
 4 FCPATH/index.php(67): CodeIgniter\CodeIgniter->run()
WARNING - 2025-07-28 12:50:28 --> [DEPRECATED] Creation of dynamic property App\Controllers\Orders::$User is deprecated in APPPATH/Controllers/Orders.php on line 48.
 1 SYSTEMPATH/CodeIgniter.php(906): App\Controllers\Orders->__construct()
 2 SYSTEMPATH/CodeIgniter.php(490): CodeIgniter\CodeIgniter->createController()
 3 SYSTEMPATH/CodeIgniter.php(368): CodeIgniter\CodeIgniter->handleRequest(null, Object(Config\Cache), false)
 4 FCPATH/index.php(67): CodeIgniter\CodeIgniter->run()
WARNING - 2025-07-28 12:50:28 --> [DEPRECATED] Creation of dynamic property App\Controllers\Orders::$shippingmethod is deprecated in APPPATH/Controllers/Orders.php on line 49.
 1 SYSTEMPATH/CodeIgniter.php(906): App\Controllers\Orders->__construct()
 2 SYSTEMPATH/CodeIgniter.php(490): CodeIgniter\CodeIgniter->createController()
 3 SYSTEMPATH/CodeIgniter.php(368): CodeIgniter\CodeIgniter->handleRequest(null, Object(Config\Cache), false)
 4 FCPATH/index.php(67): CodeIgniter\CodeIgniter->run()
WARNING - 2025-07-28 12:50:28 --> [DEPRECATED] Creation of dynamic property App\Controllers\Orders::$shippingrate is deprecated in APPPATH/Controllers/Orders.php on line 50.
 1 SYSTEMPATH/CodeIgniter.php(906): App\Controllers\Orders->__construct()
 2 SYSTEMPATH/CodeIgniter.php(490): CodeIgniter\CodeIgniter->createController()
 3 SYSTEMPATH/CodeIgniter.php(368): CodeIgniter\CodeIgniter->handleRequest(null, Object(Config\Cache), false)
 4 FCPATH/index.php(67): CodeIgniter\CodeIgniter->run()
WARNING - 2025-07-28 12:50:28 --> [DEPRECATED] Creation of dynamic property App\Controllers\Orders::$shippingzone is deprecated in APPPATH/Controllers/Orders.php on line 51.
 1 SYSTEMPATH/CodeIgniter.php(906): App\Controllers\Orders->__construct()
 2 SYSTEMPATH/CodeIgniter.php(490): CodeIgniter\CodeIgniter->createController()
 3 SYSTEMPATH/CodeIgniter.php(368): CodeIgniter\CodeIgniter->handleRequest(null, Object(Config\Cache), false)
 4 FCPATH/index.php(67): CodeIgniter\CodeIgniter->run()
WARNING - 2025-07-28 12:50:28 --> [DEPRECATED] Creation of dynamic property App\Controllers\Orders::$country is deprecated in APPPATH/Controllers/Orders.php on line 52.
 1 SYSTEMPATH/CodeIgniter.php(906): App\Controllers\Orders->__construct()
 2 SYSTEMPATH/CodeIgniter.php(490): CodeIgniter\CodeIgniter->createController()
 3 SYSTEMPATH/CodeIgniter.php(368): CodeIgniter\CodeIgniter->handleRequest(null, Object(Config\Cache), false)
 4 FCPATH/index.php(67): CodeIgniter\CodeIgniter->run()
WARNING - 2025-07-28 12:50:28 --> [DEPRECATED] Creation of dynamic property App\Controllers\Orders::$ChatModel is deprecated in APPPATH/Controllers/Orders.php on line 53.
 1 SYSTEMPATH/CodeIgniter.php(906): App\Controllers\Orders->__construct()
 2 SYSTEMPATH/CodeIgniter.php(490): CodeIgniter\CodeIgniter->createController()
 3 SYSTEMPATH/CodeIgniter.php(368): CodeIgniter\CodeIgniter->handleRequest(null, Object(Config\Cache), false)
 4 FCPATH/index.php(67): CodeIgniter\CodeIgniter->run()
WARNING - 2025-07-28 12:50:28 --> [DEPRECATED] Creation of dynamic property App\Controllers\Orders::$Allsettings is deprecated in APPPATH/Controllers/Orders.php on line 54.
 1 SYSTEMPATH/CodeIgniter.php(906): App\Controllers\Orders->__construct()
 2 SYSTEMPATH/CodeIgniter.php(490): CodeIgniter\CodeIgniter->createController()
 3 SYSTEMPATH/CodeIgniter.php(368): CodeIgniter\CodeIgniter->handleRequest(null, Object(Config\Cache), false)
 4 FCPATH/index.php(67): CodeIgniter\CodeIgniter->run()
WARNING - 2025-07-28 12:50:28 --> [DEPRECATED] Creation of dynamic property App\Controllers\Orders::$ShippingDataModel is deprecated in APPPATH/Controllers/Orders.php on line 55.
 1 SYSTEMPATH/CodeIgniter.php(906): App\Controllers\Orders->__construct()
 2 SYSTEMPATH/CodeIgniter.php(490): CodeIgniter\CodeIgniter->createController()
 3 SYSTEMPATH/CodeIgniter.php(368): CodeIgniter\CodeIgniter->handleRequest(null, Object(Config\Cache), false)
 4 FCPATH/index.php(67): CodeIgniter\CodeIgniter->run()
WARNING - 2025-07-28 12:50:28 --> [DEPRECATED] Creation of dynamic property App\Controllers\Orders::$cityModel is deprecated in APPPATH/Controllers/Orders.php on line 56.
 1 SYSTEMPATH/CodeIgniter.php(906): App\Controllers\Orders->__construct()
 2 SYSTEMPATH/CodeIgniter.php(490): CodeIgniter\CodeIgniter->createController()
 3 SYSTEMPATH/CodeIgniter.php(368): CodeIgniter\CodeIgniter->handleRequest(null, Object(Config\Cache), false)
 4 FCPATH/index.php(67): CodeIgniter\CodeIgniter->run()
WARNING - 2025-07-28 12:50:28 --> [DEPRECATED] Creation of dynamic property App\Controllers\Orders::$stateModel is deprecated in APPPATH/Controllers/Orders.php on line 57.
 1 SYSTEMPATH/CodeIgniter.php(906): App\Controllers\Orders->__construct()
 2 SYSTEMPATH/CodeIgniter.php(490): CodeIgniter\CodeIgniter->createController()
 3 SYSTEMPATH/CodeIgniter.php(368): CodeIgniter\CodeIgniter->handleRequest(null, Object(Config\Cache), false)
 4 FCPATH/index.php(67): CodeIgniter\CodeIgniter->run()
WARNING - 2025-07-28 12:50:28 --> [DEPRECATED] Creation of dynamic property App\Controllers\Orders::$taxModel is deprecated in APPPATH/Controllers/Orders.php on line 58.
 1 SYSTEMPATH/CodeIgniter.php(906): App\Controllers\Orders->__construct()
 2 SYSTEMPATH/CodeIgniter.php(490): CodeIgniter\CodeIgniter->createController()
 3 SYSTEMPATH/CodeIgniter.php(368): CodeIgniter\CodeIgniter->handleRequest(null, Object(Config\Cache), false)
 4 FCPATH/index.php(67): CodeIgniter\CodeIgniter->run()
WARNING - 2025-07-28 12:50:28 --> [DEPRECATED] htmlspecialchars(): Passing null to parameter #1 ($string) of type string is deprecated in APPPATH/Views/invoice.php on line 245.
 1 APPPATH/Views/invoice.php(245): htmlspecialchars(null)
 2 SYSTEMPATH/View/View.php(213): include('/home/u573967329/domains/ecom-demo.fableadtech.com/public_html/admin/app/Views/invoice.php')
 3 SYSTEMPATH/View/View.php(216): CodeIgniter\View\View->CodeIgniter\View\{closure}()
 4 SYSTEMPATH/Common.php(1184): CodeIgniter\View\View->render('invoice', [], true)
 5 APPPATH/Controllers/Orders.php(2624): view('invoice', [...])
 6 SYSTEMPATH/CodeIgniter.php(934): App\Controllers\Orders->invoice('272')
 7 SYSTEMPATH/CodeIgniter.php(499): CodeIgniter\CodeIgniter->runController(Object(App\Controllers\Orders))
 8 SYSTEMPATH/CodeIgniter.php(368): CodeIgniter\CodeIgniter->handleRequest(null, Object(Config\Cache), false)
 9 FCPATH/index.php(67): CodeIgniter\CodeIgniter->run()
WARNING - 2025-07-28 12:50:28 --> [DEPRECATED] htmlspecialchars(): Passing null to parameter #1 ($string) of type string is deprecated in APPPATH/Views/invoice.php on line 246.
 1 APPPATH/Views/invoice.php(246): htmlspecialchars(null)
 2 SYSTEMPATH/View/View.php(213): include('/home/u573967329/domains/ecom-demo.fableadtech.com/public_html/admin/app/Views/invoice.php')
 3 SYSTEMPATH/View/View.php(216): CodeIgniter\View\View->CodeIgniter\View\{closure}()
 4 SYSTEMPATH/Common.php(1184): CodeIgniter\View\View->render('invoice', [], true)
 5 APPPATH/Controllers/Orders.php(2624): view('invoice', [...])
 6 SYSTEMPATH/CodeIgniter.php(934): App\Controllers\Orders->invoice('272')
 7 SYSTEMPATH/CodeIgniter.php(499): CodeIgniter\CodeIgniter->runController(Object(App\Controllers\Orders))
 8 SYSTEMPATH/CodeIgniter.php(368): CodeIgniter\CodeIgniter->handleRequest(null, Object(Config\Cache), false)
 9 FCPATH/index.php(67): CodeIgniter\CodeIgniter->run()
INFO - 2025-07-28 12:50:31 --> Session: Class initialized using 'CodeIgniter\Session\Handlers\FileHandler' driver.
WARNING - 2025-07-28 12:50:31 --> [DEPRECATED] Creation of dynamic property App\Controllers\Orders::$session is deprecated in APPPATH/Controllers/Orders.php on line 34.
 1 SYSTEMPATH/CodeIgniter.php(906): App\Controllers\Orders->__construct()
 2 SYSTEMPATH/CodeIgniter.php(490): CodeIgniter\CodeIgniter->createController()
 3 SYSTEMPATH/CodeIgniter.php(368): CodeIgniter\CodeIgniter->handleRequest(null, Object(Config\Cache), false)
 4 FCPATH/index.php(67): CodeIgniter\CodeIgniter->run()
WARNING - 2025-07-28 12:50:31 --> Session: Sessions is enabled, and one exists. Please don't $session->start();
WARNING - 2025-07-28 12:50:31 --> [DEPRECATED] Creation of dynamic property App\Controllers\Orders::$coupons is deprecated in APPPATH/Controllers/Orders.php on line 38.
 1 SYSTEMPATH/CodeIgniter.php(906): App\Controllers\Orders->__construct()
 2 SYSTEMPATH/CodeIgniter.php(490): CodeIgniter\CodeIgniter->createController()
 3 SYSTEMPATH/CodeIgniter.php(368): CodeIgniter\CodeIgniter->handleRequest(null, Object(Config\Cache), false)
 4 FCPATH/index.php(67): CodeIgniter\CodeIgniter->run()
WARNING - 2025-07-28 12:50:31 --> [DEPRECATED] Creation of dynamic property App\Controllers\Orders::$faqs is deprecated in APPPATH/Controllers/Orders.php on line 39.
 1 SYSTEMPATH/CodeIgniter.php(906): App\Controllers\Orders->__construct()
 2 SYSTEMPATH/CodeIgniter.php(490): CodeIgniter\CodeIgniter->createController()
 3 SYSTEMPATH/CodeIgniter.php(368): CodeIgniter\CodeIgniter->handleRequest(null, Object(Config\Cache), false)
 4 FCPATH/index.php(67): CodeIgniter\CodeIgniter->run()
WARNING - 2025-07-28 12:50:31 --> [DEPRECATED] Creation of dynamic property App\Controllers\Orders::$seo is deprecated in APPPATH/Controllers/Orders.php on line 40.
 1 SYSTEMPATH/CodeIgniter.php(906): App\Controllers\Orders->__construct()
 2 SYSTEMPATH/CodeIgniter.php(490): CodeIgniter\CodeIgniter->createController()
 3 SYSTEMPATH/CodeIgniter.php(368): CodeIgniter\CodeIgniter->handleRequest(null, Object(Config\Cache), false)
 4 FCPATH/index.php(67): CodeIgniter\CodeIgniter->run()
WARNING - 2025-07-28 12:50:31 --> [DEPRECATED] Creation of dynamic property App\Controllers\Orders::$Ordermodel is deprecated in APPPATH/Controllers/Orders.php on line 41.
 1 SYSTEMPATH/CodeIgniter.php(906): App\Controllers\Orders->__construct()
 2 SYSTEMPATH/CodeIgniter.php(490): CodeIgniter\CodeIgniter->createController()
 3 SYSTEMPATH/CodeIgniter.php(368): CodeIgniter\CodeIgniter->handleRequest(null, Object(Config\Cache), false)
 4 FCPATH/index.php(67): CodeIgniter\CodeIgniter->run()
WARNING - 2025-07-28 12:50:31 --> [DEPRECATED] Creation of dynamic property App\Controllers\Orders::$testimonial is deprecated in APPPATH/Controllers/Orders.php on line 42.
 1 SYSTEMPATH/CodeIgniter.php(906): App\Controllers\Orders->__construct()
 2 SYSTEMPATH/CodeIgniter.php(490): CodeIgniter\CodeIgniter->createController()
 3 SYSTEMPATH/CodeIgniter.php(368): CodeIgniter\CodeIgniter->handleRequest(null, Object(Config\Cache), false)
 4 FCPATH/index.php(67): CodeIgniter\CodeIgniter->run()
WARNING - 2025-07-28 12:50:31 --> [DEPRECATED] Creation of dynamic property App\Controllers\Orders::$enquiry is deprecated in APPPATH/Controllers/Orders.php on line 43.
 1 SYSTEMPATH/CodeIgniter.php(906): App\Controllers\Orders->__construct()
 2 SYSTEMPATH/CodeIgniter.php(490): CodeIgniter\CodeIgniter->createController()
 3 SYSTEMPATH/CodeIgniter.php(368): CodeIgniter\CodeIgniter->handleRequest(null, Object(Config\Cache), false)
 4 FCPATH/index.php(67): CodeIgniter\CodeIgniter->run()
WARNING - 2025-07-28 12:50:31 --> [DEPRECATED] Creation of dynamic property App\Controllers\Orders::$product is deprecated in APPPATH/Controllers/Orders.php on line 44.
 1 SYSTEMPATH/CodeIgniter.php(906): App\Controllers\Orders->__construct()
 2 SYSTEMPATH/CodeIgniter.php(490): CodeIgniter\CodeIgniter->createController()
 3 SYSTEMPATH/CodeIgniter.php(368): CodeIgniter\CodeIgniter->handleRequest(null, Object(Config\Cache), false)
 4 FCPATH/index.php(67): CodeIgniter\CodeIgniter->run()
WARNING - 2025-07-28 12:50:31 --> [DEPRECATED] Creation of dynamic property App\Controllers\Orders::$orderitem is deprecated in APPPATH/Controllers/Orders.php on line 45.
 1 SYSTEMPATH/CodeIgniter.php(906): App\Controllers\Orders->__construct()
 2 SYSTEMPATH/CodeIgniter.php(490): CodeIgniter\CodeIgniter->createController()
 3 SYSTEMPATH/CodeIgniter.php(368): CodeIgniter\CodeIgniter->handleRequest(null, Object(Config\Cache), false)
 4 FCPATH/index.php(67): CodeIgniter\CodeIgniter->run()
WARNING - 2025-07-28 12:50:31 --> [DEPRECATED] Creation of dynamic property App\Controllers\Orders::$Ordercomment is deprecated in APPPATH/Controllers/Orders.php on line 46.
 1 SYSTEMPATH/CodeIgniter.php(906): App\Controllers\Orders->__construct()
 2 SYSTEMPATH/CodeIgniter.php(490): CodeIgniter\CodeIgniter->createController()
 3 SYSTEMPATH/CodeIgniter.php(368): CodeIgniter\CodeIgniter->handleRequest(null, Object(Config\Cache), false)
 4 FCPATH/index.php(67): CodeIgniter\CodeIgniter->run()
WARNING - 2025-07-28 12:50:31 --> [DEPRECATED] Creation of dynamic property App\Controllers\Orders::$catagory is deprecated in APPPATH/Controllers/Orders.php on line 47.
 1 SYSTEMPATH/CodeIgniter.php(906): App\Controllers\Orders->__construct()
 2 SYSTEMPATH/CodeIgniter.php(490): CodeIgniter\CodeIgniter->createController()
 3 SYSTEMPATH/CodeIgniter.php(368): CodeIgniter\CodeIgniter->handleRequest(null, Object(Config\Cache), false)
 4 FCPATH/index.php(67): CodeIgniter\CodeIgniter->run()
WARNING - 2025-07-28 12:50:31 --> [DEPRECATED] Creation of dynamic property App\Controllers\Orders::$User is deprecated in APPPATH/Controllers/Orders.php on line 48.
 1 SYSTEMPATH/CodeIgniter.php(906): App\Controllers\Orders->__construct()
 2 SYSTEMPATH/CodeIgniter.php(490): CodeIgniter\CodeIgniter->createController()
 3 SYSTEMPATH/CodeIgniter.php(368): CodeIgniter\CodeIgniter->handleRequest(null, Object(Config\Cache), false)
 4 FCPATH/index.php(67): CodeIgniter\CodeIgniter->run()
WARNING - 2025-07-28 12:50:31 --> [DEPRECATED] Creation of dynamic property App\Controllers\Orders::$shippingmethod is deprecated in APPPATH/Controllers/Orders.php on line 49.
 1 SYSTEMPATH/CodeIgniter.php(906): App\Controllers\Orders->__construct()
 2 SYSTEMPATH/CodeIgniter.php(490): CodeIgniter\CodeIgniter->createController()
 3 SYSTEMPATH/CodeIgniter.php(368): CodeIgniter\CodeIgniter->handleRequest(null, Object(Config\Cache), false)
 4 FCPATH/index.php(67): CodeIgniter\CodeIgniter->run()
WARNING - 2025-07-28 12:50:31 --> [DEPRECATED] Creation of dynamic property App\Controllers\Orders::$shippingrate is deprecated in APPPATH/Controllers/Orders.php on line 50.
 1 SYSTEMPATH/CodeIgniter.php(906): App\Controllers\Orders->__construct()
 2 SYSTEMPATH/CodeIgniter.php(490): CodeIgniter\CodeIgniter->createController()
 3 SYSTEMPATH/CodeIgniter.php(368): CodeIgniter\CodeIgniter->handleRequest(null, Object(Config\Cache), false)
 4 FCPATH/index.php(67): CodeIgniter\CodeIgniter->run()
WARNING - 2025-07-28 12:50:31 --> [DEPRECATED] Creation of dynamic property App\Controllers\Orders::$shippingzone is deprecated in APPPATH/Controllers/Orders.php on line 51.
 1 SYSTEMPATH/CodeIgniter.php(906): App\Controllers\Orders->__construct()
 2 SYSTEMPATH/CodeIgniter.php(490): CodeIgniter\CodeIgniter->createController()
 3 SYSTEMPATH/CodeIgniter.php(368): CodeIgniter\CodeIgniter->handleRequest(null, Object(Config\Cache), false)
 4 FCPATH/index.php(67): CodeIgniter\CodeIgniter->run()
WARNING - 2025-07-28 12:50:31 --> [DEPRECATED] Creation of dynamic property App\Controllers\Orders::$country is deprecated in APPPATH/Controllers/Orders.php on line 52.
 1 SYSTEMPATH/CodeIgniter.php(906): App\Controllers\Orders->__construct()
 2 SYSTEMPATH/CodeIgniter.php(490): CodeIgniter\CodeIgniter->createController()
 3 SYSTEMPATH/CodeIgniter.php(368): CodeIgniter\CodeIgniter->handleRequest(null, Object(Config\Cache), false)
 4 FCPATH/index.php(67): CodeIgniter\CodeIgniter->run()
WARNING - 2025-07-28 12:50:31 --> [DEPRECATED] Creation of dynamic property App\Controllers\Orders::$ChatModel is deprecated in APPPATH/Controllers/Orders.php on line 53.
 1 SYSTEMPATH/CodeIgniter.php(906): App\Controllers\Orders->__construct()
 2 SYSTEMPATH/CodeIgniter.php(490): CodeIgniter\CodeIgniter->createController()
 3 SYSTEMPATH/CodeIgniter.php(368): CodeIgniter\CodeIgniter->handleRequest(null, Object(Config\Cache), false)
 4 FCPATH/index.php(67): CodeIgniter\CodeIgniter->run()
WARNING - 2025-07-28 12:50:31 --> [DEPRECATED] Creation of dynamic property App\Controllers\Orders::$Allsettings is deprecated in APPPATH/Controllers/Orders.php on line 54.
 1 SYSTEMPATH/CodeIgniter.php(906): App\Controllers\Orders->__construct()
 2 SYSTEMPATH/CodeIgniter.php(490): CodeIgniter\CodeIgniter->createController()
 3 SYSTEMPATH/CodeIgniter.php(368): CodeIgniter\CodeIgniter->handleRequest(null, Object(Config\Cache), false)
 4 FCPATH/index.php(67): CodeIgniter\CodeIgniter->run()
WARNING - 2025-07-28 12:50:31 --> [DEPRECATED] Creation of dynamic property App\Controllers\Orders::$ShippingDataModel is deprecated in APPPATH/Controllers/Orders.php on line 55.
 1 SYSTEMPATH/CodeIgniter.php(906): App\Controllers\Orders->__construct()
 2 SYSTEMPATH/CodeIgniter.php(490): CodeIgniter\CodeIgniter->createController()
 3 SYSTEMPATH/CodeIgniter.php(368): CodeIgniter\CodeIgniter->handleRequest(null, Object(Config\Cache), false)
 4 FCPATH/index.php(67): CodeIgniter\CodeIgniter->run()
WARNING - 2025-07-28 12:50:31 --> [DEPRECATED] Creation of dynamic property App\Controllers\Orders::$cityModel is deprecated in APPPATH/Controllers/Orders.php on line 56.
 1 SYSTEMPATH/CodeIgniter.php(906): App\Controllers\Orders->__construct()
 2 SYSTEMPATH/CodeIgniter.php(490): CodeIgniter\CodeIgniter->createController()
 3 SYSTEMPATH/CodeIgniter.php(368): CodeIgniter\CodeIgniter->handleRequest(null, Object(Config\Cache), false)
 4 FCPATH/index.php(67): CodeIgniter\CodeIgniter->run()
WARNING - 2025-07-28 12:50:31 --> [DEPRECATED] Creation of dynamic property App\Controllers\Orders::$stateModel is deprecated in APPPATH/Controllers/Orders.php on line 57.
 1 SYSTEMPATH/CodeIgniter.php(906): App\Controllers\Orders->__construct()
 2 SYSTEMPATH/CodeIgniter.php(490): CodeIgniter\CodeIgniter->createController()
 3 SYSTEMPATH/CodeIgniter.php(368): CodeIgniter\CodeIgniter->handleRequest(null, Object(Config\Cache), false)
 4 FCPATH/index.php(67): CodeIgniter\CodeIgniter->run()
WARNING - 2025-07-28 12:50:31 --> [DEPRECATED] Creation of dynamic property App\Controllers\Orders::$taxModel is deprecated in APPPATH/Controllers/Orders.php on line 58.
 1 SYSTEMPATH/CodeIgniter.php(906): App\Controllers\Orders->__construct()
 2 SYSTEMPATH/CodeIgniter.php(490): CodeIgniter\CodeIgniter->createController()
 3 SYSTEMPATH/CodeIgniter.php(368): CodeIgniter\CodeIgniter->handleRequest(null, Object(Config\Cache), false)
 4 FCPATH/index.php(67): CodeIgniter\CodeIgniter->run()
INFO - 2025-07-28 12:50:32 --> Session: Class initialized using 'CodeIgniter\Session\Handlers\FileHandler' driver.
WARNING - 2025-07-28 12:50:32 --> [DEPRECATED] Creation of dynamic property App\Controllers\Home::$user_model is deprecated in APPPATH/Controllers/Home.php on line 35.
 1 SYSTEMPATH/CodeIgniter.php(906): App\Controllers\Home->__construct()
 2 SYSTEMPATH/CodeIgniter.php(490): CodeIgniter\CodeIgniter->createController()
 3 SYSTEMPATH/CodeIgniter.php(368): CodeIgniter\CodeIgniter->handleRequest(null, Object(Config\Cache), false)
 4 FCPATH/index.php(67): CodeIgniter\CodeIgniter->run()
WARNING - 2025-07-28 12:50:32 --> [DEPRECATED] Creation of dynamic property App\Controllers\Home::$BlogModel is deprecated in APPPATH/Controllers/Home.php on line 43.
 1 SYSTEMPATH/CodeIgniter.php(906): App\Controllers\Home->__construct()
 2 SYSTEMPATH/CodeIgniter.php(490): CodeIgniter\CodeIgniter->createController()
 3 SYSTEMPATH/CodeIgniter.php(368): CodeIgniter\CodeIgniter->handleRequest(null, Object(Config\Cache), false)
 4 FCPATH/index.php(67): CodeIgniter\CodeIgniter->run()
WARNING - 2025-07-28 12:50:32 --> [DEPRECATED] Creation of dynamic property App\Controllers\Home::$EnquiryModel is deprecated in APPPATH/Controllers/Home.php on line 44.
 1 SYSTEMPATH/CodeIgniter.php(906): App\Controllers\Home->__construct()
 2 SYSTEMPATH/CodeIgniter.php(490): CodeIgniter\CodeIgniter->createController()
 3 SYSTEMPATH/CodeIgniter.php(368): CodeIgniter\CodeIgniter->handleRequest(null, Object(Config\Cache), false)
 4 FCPATH/index.php(67): CodeIgniter\CodeIgniter->run()
WARNING - 2025-07-28 12:50:32 --> [DEPRECATED] Creation of dynamic property App\Controllers\Home::$Allsettingsmodel is deprecated in APPPATH/Controllers/Home.php on line 45.
 1 SYSTEMPATH/CodeIgniter.php(906): App\Controllers\Home->__construct()
 2 SYSTEMPATH/CodeIgniter.php(490): CodeIgniter\CodeIgniter->createController()
 3 SYSTEMPATH/CodeIgniter.php(368): CodeIgniter\CodeIgniter->handleRequest(null, Object(Config\Cache), false)
 4 FCPATH/index.php(67): CodeIgniter\CodeIgniter->run()
INFO - 2025-07-28 12:50:37 --> Session: Class initialized using 'CodeIgniter\Session\Handlers\FileHandler' driver.
WARNING - 2025-07-28 12:50:37 --> [DEPRECATED] Creation of dynamic property App\Controllers\Orders::$session is deprecated in APPPATH/Controllers/Orders.php on line 34.
 1 SYSTEMPATH/CodeIgniter.php(906): App\Controllers\Orders->__construct()
 2 SYSTEMPATH/CodeIgniter.php(490): CodeIgniter\CodeIgniter->createController()
 3 SYSTEMPATH/CodeIgniter.php(368): CodeIgniter\CodeIgniter->handleRequest(null, Object(Config\Cache), false)
 4 FCPATH/index.php(67): CodeIgniter\CodeIgniter->run()
WARNING - 2025-07-28 12:50:37 --> Session: Sessions is enabled, and one exists. Please don't $session->start();
WARNING - 2025-07-28 12:50:37 --> [DEPRECATED] Creation of dynamic property App\Controllers\Orders::$coupons is deprecated in APPPATH/Controllers/Orders.php on line 38.
 1 SYSTEMPATH/CodeIgniter.php(906): App\Controllers\Orders->__construct()
 2 SYSTEMPATH/CodeIgniter.php(490): CodeIgniter\CodeIgniter->createController()
 3 SYSTEMPATH/CodeIgniter.php(368): CodeIgniter\CodeIgniter->handleRequest(null, Object(Config\Cache), false)
 4 FCPATH/index.php(67): CodeIgniter\CodeIgniter->run()
WARNING - 2025-07-28 12:50:37 --> [DEPRECATED] Creation of dynamic property App\Controllers\Orders::$faqs is deprecated in APPPATH/Controllers/Orders.php on line 39.
 1 SYSTEMPATH/CodeIgniter.php(906): App\Controllers\Orders->__construct()
 2 SYSTEMPATH/CodeIgniter.php(490): CodeIgniter\CodeIgniter->createController()
 3 SYSTEMPATH/CodeIgniter.php(368): CodeIgniter\CodeIgniter->handleRequest(null, Object(Config\Cache), false)
 4 FCPATH/index.php(67): CodeIgniter\CodeIgniter->run()
WARNING - 2025-07-28 12:50:37 --> [DEPRECATED] Creation of dynamic property App\Controllers\Orders::$seo is deprecated in APPPATH/Controllers/Orders.php on line 40.
 1 SYSTEMPATH/CodeIgniter.php(906): App\Controllers\Orders->__construct()
 2 SYSTEMPATH/CodeIgniter.php(490): CodeIgniter\CodeIgniter->createController()
 3 SYSTEMPATH/CodeIgniter.php(368): CodeIgniter\CodeIgniter->handleRequest(null, Object(Config\Cache), false)
 4 FCPATH/index.php(67): CodeIgniter\CodeIgniter->run()
WARNING - 2025-07-28 12:50:37 --> [DEPRECATED] Creation of dynamic property App\Controllers\Orders::$Ordermodel is deprecated in APPPATH/Controllers/Orders.php on line 41.
 1 SYSTEMPATH/CodeIgniter.php(906): App\Controllers\Orders->__construct()
 2 SYSTEMPATH/CodeIgniter.php(490): CodeIgniter\CodeIgniter->createController()
 3 SYSTEMPATH/CodeIgniter.php(368): CodeIgniter\CodeIgniter->handleRequest(null, Object(Config\Cache), false)
 4 FCPATH/index.php(67): CodeIgniter\CodeIgniter->run()
WARNING - 2025-07-28 12:50:37 --> [DEPRECATED] Creation of dynamic property App\Controllers\Orders::$testimonial is deprecated in APPPATH/Controllers/Orders.php on line 42.
 1 SYSTEMPATH/CodeIgniter.php(906): App\Controllers\Orders->__construct()
 2 SYSTEMPATH/CodeIgniter.php(490): CodeIgniter\CodeIgniter->createController()
 3 SYSTEMPATH/CodeIgniter.php(368): CodeIgniter\CodeIgniter->handleRequest(null, Object(Config\Cache), false)
 4 FCPATH/index.php(67): CodeIgniter\CodeIgniter->run()
WARNING - 2025-07-28 12:50:37 --> [DEPRECATED] Creation of dynamic property App\Controllers\Orders::$enquiry is deprecated in APPPATH/Controllers/Orders.php on line 43.
 1 SYSTEMPATH/CodeIgniter.php(906): App\Controllers\Orders->__construct()
 2 SYSTEMPATH/CodeIgniter.php(490): CodeIgniter\CodeIgniter->createController()
 3 SYSTEMPATH/CodeIgniter.php(368): CodeIgniter\CodeIgniter->handleRequest(null, Object(Config\Cache), false)
 4 FCPATH/index.php(67): CodeIgniter\CodeIgniter->run()
WARNING - 2025-07-28 12:50:37 --> [DEPRECATED] Creation of dynamic property App\Controllers\Orders::$product is deprecated in APPPATH/Controllers/Orders.php on line 44.
 1 SYSTEMPATH/CodeIgniter.php(906): App\Controllers\Orders->__construct()
 2 SYSTEMPATH/CodeIgniter.php(490): CodeIgniter\CodeIgniter->createController()
 3 SYSTEMPATH/CodeIgniter.php(368): CodeIgniter\CodeIgniter->handleRequest(null, Object(Config\Cache), false)
 4 FCPATH/index.php(67): CodeIgniter\CodeIgniter->run()
WARNING - 2025-07-28 12:50:37 --> [DEPRECATED] Creation of dynamic property App\Controllers\Orders::$orderitem is deprecated in APPPATH/Controllers/Orders.php on line 45.
 1 SYSTEMPATH/CodeIgniter.php(906): App\Controllers\Orders->__construct()
 2 SYSTEMPATH/CodeIgniter.php(490): CodeIgniter\CodeIgniter->createController()
 3 SYSTEMPATH/CodeIgniter.php(368): CodeIgniter\CodeIgniter->handleRequest(null, Object(Config\Cache), false)
 4 FCPATH/index.php(67): CodeIgniter\CodeIgniter->run()
WARNING - 2025-07-28 12:50:37 --> [DEPRECATED] Creation of dynamic property App\Controllers\Orders::$Ordercomment is deprecated in APPPATH/Controllers/Orders.php on line 46.
 1 SYSTEMPATH/CodeIgniter.php(906): App\Controllers\Orders->__construct()
 2 SYSTEMPATH/CodeIgniter.php(490): CodeIgniter\CodeIgniter->createController()
 3 SYSTEMPATH/CodeIgniter.php(368): CodeIgniter\CodeIgniter->handleRequest(null, Object(Config\Cache), false)
 4 FCPATH/index.php(67): CodeIgniter\CodeIgniter->run()
WARNING - 2025-07-28 12:50:37 --> [DEPRECATED] Creation of dynamic property App\Controllers\Orders::$catagory is deprecated in APPPATH/Controllers/Orders.php on line 47.
 1 SYSTEMPATH/CodeIgniter.php(906): App\Controllers\Orders->__construct()
 2 SYSTEMPATH/CodeIgniter.php(490): CodeIgniter\CodeIgniter->createController()
 3 SYSTEMPATH/CodeIgniter.php(368): CodeIgniter\CodeIgniter->handleRequest(null, Object(Config\Cache), false)
 4 FCPATH/index.php(67): CodeIgniter\CodeIgniter->run()
WARNING - 2025-07-28 12:50:37 --> [DEPRECATED] Creation of dynamic property App\Controllers\Orders::$User is deprecated in APPPATH/Controllers/Orders.php on line 48.
 1 SYSTEMPATH/CodeIgniter.php(906): App\Controllers\Orders->__construct()
 2 SYSTEMPATH/CodeIgniter.php(490): CodeIgniter\CodeIgniter->createController()
 3 SYSTEMPATH/CodeIgniter.php(368): CodeIgniter\CodeIgniter->handleRequest(null, Object(Config\Cache), false)
 4 FCPATH/index.php(67): CodeIgniter\CodeIgniter->run()
WARNING - 2025-07-28 12:50:37 --> [DEPRECATED] Creation of dynamic property App\Controllers\Orders::$shippingmethod is deprecated in APPPATH/Controllers/Orders.php on line 49.
 1 SYSTEMPATH/CodeIgniter.php(906): App\Controllers\Orders->__construct()
 2 SYSTEMPATH/CodeIgniter.php(490): CodeIgniter\CodeIgniter->createController()
 3 SYSTEMPATH/CodeIgniter.php(368): CodeIgniter\CodeIgniter->handleRequest(null, Object(Config\Cache), false)
 4 FCPATH/index.php(67): CodeIgniter\CodeIgniter->run()
WARNING - 2025-07-28 12:50:37 --> [DEPRECATED] Creation of dynamic property App\Controllers\Orders::$shippingrate is deprecated in APPPATH/Controllers/Orders.php on line 50.
 1 SYSTEMPATH/CodeIgniter.php(906): App\Controllers\Orders->__construct()
 2 SYSTEMPATH/CodeIgniter.php(490): CodeIgniter\CodeIgniter->createController()
 3 SYSTEMPATH/CodeIgniter.php(368): CodeIgniter\CodeIgniter->handleRequest(null, Object(Config\Cache), false)
 4 FCPATH/index.php(67): CodeIgniter\CodeIgniter->run()
WARNING - 2025-07-28 12:50:37 --> [DEPRECATED] Creation of dynamic property App\Controllers\Orders::$shippingzone is deprecated in APPPATH/Controllers/Orders.php on line 51.
 1 SYSTEMPATH/CodeIgniter.php(906): App\Controllers\Orders->__construct()
 2 SYSTEMPATH/CodeIgniter.php(490): CodeIgniter\CodeIgniter->createController()
 3 SYSTEMPATH/CodeIgniter.php(368): CodeIgniter\CodeIgniter->handleRequest(null, Object(Config\Cache), false)
 4 FCPATH/index.php(67): CodeIgniter\CodeIgniter->run()
WARNING - 2025-07-28 12:50:37 --> [DEPRECATED] Creation of dynamic property App\Controllers\Orders::$country is deprecated in APPPATH/Controllers/Orders.php on line 52.
 1 SYSTEMPATH/CodeIgniter.php(906): App\Controllers\Orders->__construct()
 2 SYSTEMPATH/CodeIgniter.php(490): CodeIgniter\CodeIgniter->createController()
 3 SYSTEMPATH/CodeIgniter.php(368): CodeIgniter\CodeIgniter->handleRequest(null, Object(Config\Cache), false)
 4 FCPATH/index.php(67): CodeIgniter\CodeIgniter->run()
WARNING - 2025-07-28 12:50:37 --> [DEPRECATED] Creation of dynamic property App\Controllers\Orders::$ChatModel is deprecated in APPPATH/Controllers/Orders.php on line 53.
 1 SYSTEMPATH/CodeIgniter.php(906): App\Controllers\Orders->__construct()
 2 SYSTEMPATH/CodeIgniter.php(490): CodeIgniter\CodeIgniter->createController()
 3 SYSTEMPATH/CodeIgniter.php(368): CodeIgniter\CodeIgniter->handleRequest(null, Object(Config\Cache), false)
 4 FCPATH/index.php(67): CodeIgniter\CodeIgniter->run()
WARNING - 2025-07-28 12:50:37 --> [DEPRECATED] Creation of dynamic property App\Controllers\Orders::$Allsettings is deprecated in APPPATH/Controllers/Orders.php on line 54.
 1 SYSTEMPATH/CodeIgniter.php(906): App\Controllers\Orders->__construct()
 2 SYSTEMPATH/CodeIgniter.php(490): CodeIgniter\CodeIgniter->createController()
 3 SYSTEMPATH/CodeIgniter.php(368): CodeIgniter\CodeIgniter->handleRequest(null, Object(Config\Cache), false)
 4 FCPATH/index.php(67): CodeIgniter\CodeIgniter->run()
WARNING - 2025-07-28 12:50:37 --> [DEPRECATED] Creation of dynamic property App\Controllers\Orders::$ShippingDataModel is deprecated in APPPATH/Controllers/Orders.php on line 55.
 1 SYSTEMPATH/CodeIgniter.php(906): App\Controllers\Orders->__construct()
 2 SYSTEMPATH/CodeIgniter.php(490): CodeIgniter\CodeIgniter->createController()
 3 SYSTEMPATH/CodeIgniter.php(368): CodeIgniter\CodeIgniter->handleRequest(null, Object(Config\Cache), false)
 4 FCPATH/index.php(67): CodeIgniter\CodeIgniter->run()
WARNING - 2025-07-28 12:50:37 --> [DEPRECATED] Creation of dynamic property App\Controllers\Orders::$cityModel is deprecated in APPPATH/Controllers/Orders.php on line 56.
 1 SYSTEMPATH/CodeIgniter.php(906): App\Controllers\Orders->__construct()
 2 SYSTEMPATH/CodeIgniter.php(490): CodeIgniter\CodeIgniter->createController()
 3 SYSTEMPATH/CodeIgniter.php(368): CodeIgniter\CodeIgniter->handleRequest(null, Object(Config\Cache), false)
 4 FCPATH/index.php(67): CodeIgniter\CodeIgniter->run()
WARNING - 2025-07-28 12:50:37 --> [DEPRECATED] Creation of dynamic property App\Controllers\Orders::$stateModel is deprecated in APPPATH/Controllers/Orders.php on line 57.
 1 SYSTEMPATH/CodeIgniter.php(906): App\Controllers\Orders->__construct()
 2 SYSTEMPATH/CodeIgniter.php(490): CodeIgniter\CodeIgniter->createController()
 3 SYSTEMPATH/CodeIgniter.php(368): CodeIgniter\CodeIgniter->handleRequest(null, Object(Config\Cache), false)
 4 FCPATH/index.php(67): CodeIgniter\CodeIgniter->run()
WARNING - 2025-07-28 12:50:37 --> [DEPRECATED] Creation of dynamic property App\Controllers\Orders::$taxModel is deprecated in APPPATH/Controllers/Orders.php on line 58.
 1 SYSTEMPATH/CodeIgniter.php(906): App\Controllers\Orders->__construct()
 2 SYSTEMPATH/CodeIgniter.php(490): CodeIgniter\CodeIgniter->createController()
 3 SYSTEMPATH/CodeIgniter.php(368): CodeIgniter\CodeIgniter->handleRequest(null, Object(Config\Cache), false)
 4 FCPATH/index.php(67): CodeIgniter\CodeIgniter->run()
INFO - 2025-07-28 12:50:37 --> Session: Class initialized using 'CodeIgniter\Session\Handlers\FileHandler' driver.
WARNING - 2025-07-28 12:50:37 --> [DEPRECATED] Creation of dynamic property App\Controllers\Home::$user_model is deprecated in APPPATH/Controllers/Home.php on line 35.
 1 SYSTEMPATH/CodeIgniter.php(906): App\Controllers\Home->__construct()
 2 SYSTEMPATH/CodeIgniter.php(490): CodeIgniter\CodeIgniter->createController()
 3 SYSTEMPATH/CodeIgniter.php(368): CodeIgniter\CodeIgniter->handleRequest(null, Object(Config\Cache), false)
 4 FCPATH/index.php(67): CodeIgniter\CodeIgniter->run()
WARNING - 2025-07-28 12:50:37 --> [DEPRECATED] Creation of dynamic property App\Controllers\Home::$BlogModel is deprecated in APPPATH/Controllers/Home.php on line 43.
 1 SYSTEMPATH/CodeIgniter.php(906): App\Controllers\Home->__construct()
 2 SYSTEMPATH/CodeIgniter.php(490): CodeIgniter\CodeIgniter->createController()
 3 SYSTEMPATH/CodeIgniter.php(368): CodeIgniter\CodeIgniter->handleRequest(null, Object(Config\Cache), false)
 4 FCPATH/index.php(67): CodeIgniter\CodeIgniter->run()
WARNING - 2025-07-28 12:50:37 --> [DEPRECATED] Creation of dynamic property App\Controllers\Home::$EnquiryModel is deprecated in APPPATH/Controllers/Home.php on line 44.
 1 SYSTEMPATH/CodeIgniter.php(906): App\Controllers\Home->__construct()
 2 SYSTEMPATH/CodeIgniter.php(490): CodeIgniter\CodeIgniter->createController()
 3 SYSTEMPATH/CodeIgniter.php(368): CodeIgniter\CodeIgniter->handleRequest(null, Object(Config\Cache), false)
 4 FCPATH/index.php(67): CodeIgniter\CodeIgniter->run()
WARNING - 2025-07-28 12:50:37 --> [DEPRECATED] Creation of dynamic property App\Controllers\Home::$Allsettingsmodel is deprecated in APPPATH/Controllers/Home.php on line 45.
 1 SYSTEMPATH/CodeIgniter.php(906): App\Controllers\Home->__construct()
 2 SYSTEMPATH/CodeIgniter.php(490): CodeIgniter\CodeIgniter->createController()
 3 SYSTEMPATH/CodeIgniter.php(368): CodeIgniter\CodeIgniter->handleRequest(null, Object(Config\Cache), false)
 4 FCPATH/index.php(67): CodeIgniter\CodeIgniter->run()
INFO - 2025-07-28 12:50:39 --> Session: Class initialized using 'CodeIgniter\Session\Handlers\FileHandler' driver.
WARNING - 2025-07-28 12:50:39 --> [DEPRECATED] Creation of dynamic property App\Controllers\Orders::$session is deprecated in APPPATH/Controllers/Orders.php on line 34.
 1 SYSTEMPATH/CodeIgniter.php(906): App\Controllers\Orders->__construct()
 2 SYSTEMPATH/CodeIgniter.php(490): CodeIgniter\CodeIgniter->createController()
 3 SYSTEMPATH/CodeIgniter.php(368): CodeIgniter\CodeIgniter->handleRequest(null, Object(Config\Cache), false)
 4 FCPATH/index.php(67): CodeIgniter\CodeIgniter->run()
WARNING - 2025-07-28 12:50:39 --> Session: Sessions is enabled, and one exists. Please don't $session->start();
WARNING - 2025-07-28 12:50:39 --> [DEPRECATED] Creation of dynamic property App\Controllers\Orders::$coupons is deprecated in APPPATH/Controllers/Orders.php on line 38.
 1 SYSTEMPATH/CodeIgniter.php(906): App\Controllers\Orders->__construct()
 2 SYSTEMPATH/CodeIgniter.php(490): CodeIgniter\CodeIgniter->createController()
 3 SYSTEMPATH/CodeIgniter.php(368): CodeIgniter\CodeIgniter->handleRequest(null, Object(Config\Cache), false)
 4 FCPATH/index.php(67): CodeIgniter\CodeIgniter->run()
WARNING - 2025-07-28 12:50:39 --> [DEPRECATED] Creation of dynamic property App\Controllers\Orders::$faqs is deprecated in APPPATH/Controllers/Orders.php on line 39.
 1 SYSTEMPATH/CodeIgniter.php(906): App\Controllers\Orders->__construct()
 2 SYSTEMPATH/CodeIgniter.php(490): CodeIgniter\CodeIgniter->createController()
 3 SYSTEMPATH/CodeIgniter.php(368): CodeIgniter\CodeIgniter->handleRequest(null, Object(Config\Cache), false)
 4 FCPATH/index.php(67): CodeIgniter\CodeIgniter->run()
WARNING - 2025-07-28 12:50:39 --> [DEPRECATED] Creation of dynamic property App\Controllers\Orders::$seo is deprecated in APPPATH/Controllers/Orders.php on line 40.
 1 SYSTEMPATH/CodeIgniter.php(906): App\Controllers\Orders->__construct()
 2 SYSTEMPATH/CodeIgniter.php(490): CodeIgniter\CodeIgniter->createController()
 3 SYSTEMPATH/CodeIgniter.php(368): CodeIgniter\CodeIgniter->handleRequest(null, Object(Config\Cache), false)
 4 FCPATH/index.php(67): CodeIgniter\CodeIgniter->run()
WARNING - 2025-07-28 12:50:39 --> [DEPRECATED] Creation of dynamic property App\Controllers\Orders::$Ordermodel is deprecated in APPPATH/Controllers/Orders.php on line 41.
 1 SYSTEMPATH/CodeIgniter.php(906): App\Controllers\Orders->__construct()
 2 SYSTEMPATH/CodeIgniter.php(490): CodeIgniter\CodeIgniter->createController()
 3 SYSTEMPATH/CodeIgniter.php(368): CodeIgniter\CodeIgniter->handleRequest(null, Object(Config\Cache), false)
 4 FCPATH/index.php(67): CodeIgniter\CodeIgniter->run()
WARNING - 2025-07-28 12:50:39 --> [DEPRECATED] Creation of dynamic property App\Controllers\Orders::$testimonial is deprecated in APPPATH/Controllers/Orders.php on line 42.
 1 SYSTEMPATH/CodeIgniter.php(906): App\Controllers\Orders->__construct()
 2 SYSTEMPATH/CodeIgniter.php(490): CodeIgniter\CodeIgniter->createController()
 3 SYSTEMPATH/CodeIgniter.php(368): CodeIgniter\CodeIgniter->handleRequest(null, Object(Config\Cache), false)
 4 FCPATH/index.php(67): CodeIgniter\CodeIgniter->run()
WARNING - 2025-07-28 12:50:39 --> [DEPRECATED] Creation of dynamic property App\Controllers\Orders::$enquiry is deprecated in APPPATH/Controllers/Orders.php on line 43.
 1 SYSTEMPATH/CodeIgniter.php(906): App\Controllers\Orders->__construct()
 2 SYSTEMPATH/CodeIgniter.php(490): CodeIgniter\CodeIgniter->createController()
 3 SYSTEMPATH/CodeIgniter.php(368): CodeIgniter\CodeIgniter->handleRequest(null, Object(Config\Cache), false)
 4 FCPATH/index.php(67): CodeIgniter\CodeIgniter->run()
WARNING - 2025-07-28 12:50:39 --> [DEPRECATED] Creation of dynamic property App\Controllers\Orders::$product is deprecated in APPPATH/Controllers/Orders.php on line 44.
 1 SYSTEMPATH/CodeIgniter.php(906): App\Controllers\Orders->__construct()
 2 SYSTEMPATH/CodeIgniter.php(490): CodeIgniter\CodeIgniter->createController()
 3 SYSTEMPATH/CodeIgniter.php(368): CodeIgniter\CodeIgniter->handleRequest(null, Object(Config\Cache), false)
 4 FCPATH/index.php(67): CodeIgniter\CodeIgniter->run()
WARNING - 2025-07-28 12:50:39 --> [DEPRECATED] Creation of dynamic property App\Controllers\Orders::$orderitem is deprecated in APPPATH/Controllers/Orders.php on line 45.
 1 SYSTEMPATH/CodeIgniter.php(906): App\Controllers\Orders->__construct()
 2 SYSTEMPATH/CodeIgniter.php(490): CodeIgniter\CodeIgniter->createController()
 3 SYSTEMPATH/CodeIgniter.php(368): CodeIgniter\CodeIgniter->handleRequest(null, Object(Config\Cache), false)
 4 FCPATH/index.php(67): CodeIgniter\CodeIgniter->run()
WARNING - 2025-07-28 12:50:39 --> [DEPRECATED] Creation of dynamic property App\Controllers\Orders::$Ordercomment is deprecated in APPPATH/Controllers/Orders.php on line 46.
 1 SYSTEMPATH/CodeIgniter.php(906): App\Controllers\Orders->__construct()
 2 SYSTEMPATH/CodeIgniter.php(490): CodeIgniter\CodeIgniter->createController()
 3 SYSTEMPATH/CodeIgniter.php(368): CodeIgniter\CodeIgniter->handleRequest(null, Object(Config\Cache), false)
 4 FCPATH/index.php(67): CodeIgniter\CodeIgniter->run()
WARNING - 2025-07-28 12:50:39 --> [DEPRECATED] Creation of dynamic property App\Controllers\Orders::$catagory is deprecated in APPPATH/Controllers/Orders.php on line 47.
 1 SYSTEMPATH/CodeIgniter.php(906): App\Controllers\Orders->__construct()
 2 SYSTEMPATH/CodeIgniter.php(490): CodeIgniter\CodeIgniter->createController()
 3 SYSTEMPATH/CodeIgniter.php(368): CodeIgniter\CodeIgniter->handleRequest(null, Object(Config\Cache), false)
 4 FCPATH/index.php(67): CodeIgniter\CodeIgniter->run()
WARNING - 2025-07-28 12:50:39 --> [DEPRECATED] Creation of dynamic property App\Controllers\Orders::$User is deprecated in APPPATH/Controllers/Orders.php on line 48.
 1 SYSTEMPATH/CodeIgniter.php(906): App\Controllers\Orders->__construct()
 2 SYSTEMPATH/CodeIgniter.php(490): CodeIgniter\CodeIgniter->createController()
 3 SYSTEMPATH/CodeIgniter.php(368): CodeIgniter\CodeIgniter->handleRequest(null, Object(Config\Cache), false)
 4 FCPATH/index.php(67): CodeIgniter\CodeIgniter->run()
WARNING - 2025-07-28 12:50:39 --> [DEPRECATED] Creation of dynamic property App\Controllers\Orders::$shippingmethod is deprecated in APPPATH/Controllers/Orders.php on line 49.
 1 SYSTEMPATH/CodeIgniter.php(906): App\Controllers\Orders->__construct()
 2 SYSTEMPATH/CodeIgniter.php(490): CodeIgniter\CodeIgniter->createController()
 3 SYSTEMPATH/CodeIgniter.php(368): CodeIgniter\CodeIgniter->handleRequest(null, Object(Config\Cache), false)
 4 FCPATH/index.php(67): CodeIgniter\CodeIgniter->run()
WARNING - 2025-07-28 12:50:39 --> [DEPRECATED] Creation of dynamic property App\Controllers\Orders::$shippingrate is deprecated in APPPATH/Controllers/Orders.php on line 50.
 1 SYSTEMPATH/CodeIgniter.php(906): App\Controllers\Orders->__construct()
 2 SYSTEMPATH/CodeIgniter.php(490): CodeIgniter\CodeIgniter->createController()
 3 SYSTEMPATH/CodeIgniter.php(368): CodeIgniter\CodeIgniter->handleRequest(null, Object(Config\Cache), false)
 4 FCPATH/index.php(67): CodeIgniter\CodeIgniter->run()
WARNING - 2025-07-28 12:50:39 --> [DEPRECATED] Creation of dynamic property App\Controllers\Orders::$shippingzone is deprecated in APPPATH/Controllers/Orders.php on line 51.
 1 SYSTEMPATH/CodeIgniter.php(906): App\Controllers\Orders->__construct()
 2 SYSTEMPATH/CodeIgniter.php(490): CodeIgniter\CodeIgniter->createController()
 3 SYSTEMPATH/CodeIgniter.php(368): CodeIgniter\CodeIgniter->handleRequest(null, Object(Config\Cache), false)
 4 FCPATH/index.php(67): CodeIgniter\CodeIgniter->run()
WARNING - 2025-07-28 12:50:39 --> [DEPRECATED] Creation of dynamic property App\Controllers\Orders::$country is deprecated in APPPATH/Controllers/Orders.php on line 52.
 1 SYSTEMPATH/CodeIgniter.php(906): App\Controllers\Orders->__construct()
 2 SYSTEMPATH/CodeIgniter.php(490): CodeIgniter\CodeIgniter->createController()
 3 SYSTEMPATH/CodeIgniter.php(368): CodeIgniter\CodeIgniter->handleRequest(null, Object(Config\Cache), false)
 4 FCPATH/index.php(67): CodeIgniter\CodeIgniter->run()
WARNING - 2025-07-28 12:50:39 --> [DEPRECATED] Creation of dynamic property App\Controllers\Orders::$ChatModel is deprecated in APPPATH/Controllers/Orders.php on line 53.
 1 SYSTEMPATH/CodeIgniter.php(906): App\Controllers\Orders->__construct()
 2 SYSTEMPATH/CodeIgniter.php(490): CodeIgniter\CodeIgniter->createController()
 3 SYSTEMPATH/CodeIgniter.php(368): CodeIgniter\CodeIgniter->handleRequest(null, Object(Config\Cache), false)
 4 FCPATH/index.php(67): CodeIgniter\CodeIgniter->run()
WARNING - 2025-07-28 12:50:39 --> [DEPRECATED] Creation of dynamic property App\Controllers\Orders::$Allsettings is deprecated in APPPATH/Controllers/Orders.php on line 54.
 1 SYSTEMPATH/CodeIgniter.php(906): App\Controllers\Orders->__construct()
 2 SYSTEMPATH/CodeIgniter.php(490): CodeIgniter\CodeIgniter->createController()
 3 SYSTEMPATH/CodeIgniter.php(368): CodeIgniter\CodeIgniter->handleRequest(null, Object(Config\Cache), false)
 4 FCPATH/index.php(67): CodeIgniter\CodeIgniter->run()
WARNING - 2025-07-28 12:50:39 --> [DEPRECATED] Creation of dynamic property App\Controllers\Orders::$ShippingDataModel is deprecated in APPPATH/Controllers/Orders.php on line 55.
 1 SYSTEMPATH/CodeIgniter.php(906): App\Controllers\Orders->__construct()
 2 SYSTEMPATH/CodeIgniter.php(490): CodeIgniter\CodeIgniter->createController()
 3 SYSTEMPATH/CodeIgniter.php(368): CodeIgniter\CodeIgniter->handleRequest(null, Object(Config\Cache), false)
 4 FCPATH/index.php(67): CodeIgniter\CodeIgniter->run()
WARNING - 2025-07-28 12:50:39 --> [DEPRECATED] Creation of dynamic property App\Controllers\Orders::$cityModel is deprecated in APPPATH/Controllers/Orders.php on line 56.
 1 SYSTEMPATH/CodeIgniter.php(906): App\Controllers\Orders->__construct()
 2 SYSTEMPATH/CodeIgniter.php(490): CodeIgniter\CodeIgniter->createController()
 3 SYSTEMPATH/CodeIgniter.php(368): CodeIgniter\CodeIgniter->handleRequest(null, Object(Config\Cache), false)
 4 FCPATH/index.php(67): CodeIgniter\CodeIgniter->run()
WARNING - 2025-07-28 12:50:39 --> [DEPRECATED] Creation of dynamic property App\Controllers\Orders::$stateModel is deprecated in APPPATH/Controllers/Orders.php on line 57.
 1 SYSTEMPATH/CodeIgniter.php(906): App\Controllers\Orders->__construct()
 2 SYSTEMPATH/CodeIgniter.php(490): CodeIgniter\CodeIgniter->createController()
 3 SYSTEMPATH/CodeIgniter.php(368): CodeIgniter\CodeIgniter->handleRequest(null, Object(Config\Cache), false)
 4 FCPATH/index.php(67): CodeIgniter\CodeIgniter->run()
WARNING - 2025-07-28 12:50:39 --> [DEPRECATED] Creation of dynamic property App\Controllers\Orders::$taxModel is deprecated in APPPATH/Controllers/Orders.php on line 58.
 1 SYSTEMPATH/CodeIgniter.php(906): App\Controllers\Orders->__construct()
 2 SYSTEMPATH/CodeIgniter.php(490): CodeIgniter\CodeIgniter->createController()
 3 SYSTEMPATH/CodeIgniter.php(368): CodeIgniter\CodeIgniter->handleRequest(null, Object(Config\Cache), false)
 4 FCPATH/index.php(67): CodeIgniter\CodeIgniter->run()
INFO - 2025-07-28 12:50:40 --> Session: Class initialized using 'CodeIgniter\Session\Handlers\FileHandler' driver.
WARNING - 2025-07-28 12:50:40 --> [DEPRECATED] Creation of dynamic property App\Controllers\Home::$user_model is deprecated in APPPATH/Controllers/Home.php on line 35.
 1 SYSTEMPATH/CodeIgniter.php(906): App\Controllers\Home->__construct()
 2 SYSTEMPATH/CodeIgniter.php(490): CodeIgniter\CodeIgniter->createController()
 3 SYSTEMPATH/CodeIgniter.php(368): CodeIgniter\CodeIgniter->handleRequest(null, Object(Config\Cache), false)
 4 FCPATH/index.php(67): CodeIgniter\CodeIgniter->run()
WARNING - 2025-07-28 12:50:40 --> [DEPRECATED] Creation of dynamic property App\Controllers\Home::$BlogModel is deprecated in APPPATH/Controllers/Home.php on line 43.
 1 SYSTEMPATH/CodeIgniter.php(906): App\Controllers\Home->__construct()
 2 SYSTEMPATH/CodeIgniter.php(490): CodeIgniter\CodeIgniter->createController()
 3 SYSTEMPATH/CodeIgniter.php(368): CodeIgniter\CodeIgniter->handleRequest(null, Object(Config\Cache), false)
 4 FCPATH/index.php(67): CodeIgniter\CodeIgniter->run()
WARNING - 2025-07-28 12:50:40 --> [DEPRECATED] Creation of dynamic property App\Controllers\Home::$EnquiryModel is deprecated in APPPATH/Controllers/Home.php on line 44.
 1 SYSTEMPATH/CodeIgniter.php(906): App\Controllers\Home->__construct()
 2 SYSTEMPATH/CodeIgniter.php(490): CodeIgniter\CodeIgniter->createController()
 3 SYSTEMPATH/CodeIgniter.php(368): CodeIgniter\CodeIgniter->handleRequest(null, Object(Config\Cache), false)
 4 FCPATH/index.php(67): CodeIgniter\CodeIgniter->run()
WARNING - 2025-07-28 12:50:40 --> [DEPRECATED] Creation of dynamic property App\Controllers\Home::$Allsettingsmodel is deprecated in APPPATH/Controllers/Home.php on line 45.
 1 SYSTEMPATH/CodeIgniter.php(906): App\Controllers\Home->__construct()
 2 SYSTEMPATH/CodeIgniter.php(490): CodeIgniter\CodeIgniter->createController()
 3 SYSTEMPATH/CodeIgniter.php(368): CodeIgniter\CodeIgniter->handleRequest(null, Object(Config\Cache), false)
 4 FCPATH/index.php(67): CodeIgniter\CodeIgniter->run()
INFO - 2025-07-28 12:50:42 --> Session: Class initialized using 'CodeIgniter\Session\Handlers\FileHandler' driver.
WARNING - 2025-07-28 12:50:42 --> [DEPRECATED] Creation of dynamic property App\Controllers\Orders::$session is deprecated in APPPATH/Controllers/Orders.php on line 34.
 1 SYSTEMPATH/CodeIgniter.php(906): App\Controllers\Orders->__construct()
 2 SYSTEMPATH/CodeIgniter.php(490): CodeIgniter\CodeIgniter->createController()
 3 SYSTEMPATH/CodeIgniter.php(368): CodeIgniter\CodeIgniter->handleRequest(null, Object(Config\Cache), false)
 4 FCPATH/index.php(67): CodeIgniter\CodeIgniter->run()
WARNING - 2025-07-28 12:50:42 --> Session: Sessions is enabled, and one exists. Please don't $session->start();
WARNING - 2025-07-28 12:50:42 --> [DEPRECATED] Creation of dynamic property App\Controllers\Orders::$coupons is deprecated in APPPATH/Controllers/Orders.php on line 38.
 1 SYSTEMPATH/CodeIgniter.php(906): App\Controllers\Orders->__construct()
 2 SYSTEMPATH/CodeIgniter.php(490): CodeIgniter\CodeIgniter->createController()
 3 SYSTEMPATH/CodeIgniter.php(368): CodeIgniter\CodeIgniter->handleRequest(null, Object(Config\Cache), false)
 4 FCPATH/index.php(67): CodeIgniter\CodeIgniter->run()
WARNING - 2025-07-28 12:50:42 --> [DEPRECATED] Creation of dynamic property App\Controllers\Orders::$faqs is deprecated in APPPATH/Controllers/Orders.php on line 39.
 1 SYSTEMPATH/CodeIgniter.php(906): App\Controllers\Orders->__construct()
 2 SYSTEMPATH/CodeIgniter.php(490): CodeIgniter\CodeIgniter->createController()
 3 SYSTEMPATH/CodeIgniter.php(368): CodeIgniter\CodeIgniter->handleRequest(null, Object(Config\Cache), false)
 4 FCPATH/index.php(67): CodeIgniter\CodeIgniter->run()
WARNING - 2025-07-28 12:50:42 --> [DEPRECATED] Creation of dynamic property App\Controllers\Orders::$seo is deprecated in APPPATH/Controllers/Orders.php on line 40.
 1 SYSTEMPATH/CodeIgniter.php(906): App\Controllers\Orders->__construct()
 2 SYSTEMPATH/CodeIgniter.php(490): CodeIgniter\CodeIgniter->createController()
 3 SYSTEMPATH/CodeIgniter.php(368): CodeIgniter\CodeIgniter->handleRequest(null, Object(Config\Cache), false)
 4 FCPATH/index.php(67): CodeIgniter\CodeIgniter->run()
WARNING - 2025-07-28 12:50:42 --> [DEPRECATED] Creation of dynamic property App\Controllers\Orders::$Ordermodel is deprecated in APPPATH/Controllers/Orders.php on line 41.
 1 SYSTEMPATH/CodeIgniter.php(906): App\Controllers\Orders->__construct()
 2 SYSTEMPATH/CodeIgniter.php(490): CodeIgniter\CodeIgniter->createController()
 3 SYSTEMPATH/CodeIgniter.php(368): CodeIgniter\CodeIgniter->handleRequest(null, Object(Config\Cache), false)
 4 FCPATH/index.php(67): CodeIgniter\CodeIgniter->run()
WARNING - 2025-07-28 12:50:42 --> [DEPRECATED] Creation of dynamic property App\Controllers\Orders::$testimonial is deprecated in APPPATH/Controllers/Orders.php on line 42.
 1 SYSTEMPATH/CodeIgniter.php(906): App\Controllers\Orders->__construct()
 2 SYSTEMPATH/CodeIgniter.php(490): CodeIgniter\CodeIgniter->createController()
 3 SYSTEMPATH/CodeIgniter.php(368): CodeIgniter\CodeIgniter->handleRequest(null, Object(Config\Cache), false)
 4 FCPATH/index.php(67): CodeIgniter\CodeIgniter->run()
WARNING - 2025-07-28 12:50:42 --> [DEPRECATED] Creation of dynamic property App\Controllers\Orders::$enquiry is deprecated in APPPATH/Controllers/Orders.php on line 43.
 1 SYSTEMPATH/CodeIgniter.php(906): App\Controllers\Orders->__construct()
 2 SYSTEMPATH/CodeIgniter.php(490): CodeIgniter\CodeIgniter->createController()
 3 SYSTEMPATH/CodeIgniter.php(368): CodeIgniter\CodeIgniter->handleRequest(null, Object(Config\Cache), false)
 4 FCPATH/index.php(67): CodeIgniter\CodeIgniter->run()
WARNING - 2025-07-28 12:50:42 --> [DEPRECATED] Creation of dynamic property App\Controllers\Orders::$product is deprecated in APPPATH/Controllers/Orders.php on line 44.
 1 SYSTEMPATH/CodeIgniter.php(906): App\Controllers\Orders->__construct()
 2 SYSTEMPATH/CodeIgniter.php(490): CodeIgniter\CodeIgniter->createController()
 3 SYSTEMPATH/CodeIgniter.php(368): CodeIgniter\CodeIgniter->handleRequest(null, Object(Config\Cache), false)
 4 FCPATH/index.php(67): CodeIgniter\CodeIgniter->run()
WARNING - 2025-07-28 12:50:42 --> [DEPRECATED] Creation of dynamic property App\Controllers\Orders::$orderitem is deprecated in APPPATH/Controllers/Orders.php on line 45.
 1 SYSTEMPATH/CodeIgniter.php(906): App\Controllers\Orders->__construct()
 2 SYSTEMPATH/CodeIgniter.php(490): CodeIgniter\CodeIgniter->createController()
 3 SYSTEMPATH/CodeIgniter.php(368): CodeIgniter\CodeIgniter->handleRequest(null, Object(Config\Cache), false)
 4 FCPATH/index.php(67): CodeIgniter\CodeIgniter->run()
WARNING - 2025-07-28 12:50:42 --> [DEPRECATED] Creation of dynamic property App\Controllers\Orders::$Ordercomment is deprecated in APPPATH/Controllers/Orders.php on line 46.
 1 SYSTEMPATH/CodeIgniter.php(906): App\Controllers\Orders->__construct()
 2 SYSTEMPATH/CodeIgniter.php(490): CodeIgniter\CodeIgniter->createController()
 3 SYSTEMPATH/CodeIgniter.php(368): CodeIgniter\CodeIgniter->handleRequest(null, Object(Config\Cache), false)
 4 FCPATH/index.php(67): CodeIgniter\CodeIgniter->run()
WARNING - 2025-07-28 12:50:42 --> [DEPRECATED] Creation of dynamic property App\Controllers\Orders::$catagory is deprecated in APPPATH/Controllers/Orders.php on line 47.
 1 SYSTEMPATH/CodeIgniter.php(906): App\Controllers\Orders->__construct()
 2 SYSTEMPATH/CodeIgniter.php(490): CodeIgniter\CodeIgniter->createController()
 3 SYSTEMPATH/CodeIgniter.php(368): CodeIgniter\CodeIgniter->handleRequest(null, Object(Config\Cache), false)
 4 FCPATH/index.php(67): CodeIgniter\CodeIgniter->run()
WARNING - 2025-07-28 12:50:42 --> [DEPRECATED] Creation of dynamic property App\Controllers\Orders::$User is deprecated in APPPATH/Controllers/Orders.php on line 48.
 1 SYSTEMPATH/CodeIgniter.php(906): App\Controllers\Orders->__construct()
 2 SYSTEMPATH/CodeIgniter.php(490): CodeIgniter\CodeIgniter->createController()
 3 SYSTEMPATH/CodeIgniter.php(368): CodeIgniter\CodeIgniter->handleRequest(null, Object(Config\Cache), false)
 4 FCPATH/index.php(67): CodeIgniter\CodeIgniter->run()
WARNING - 2025-07-28 12:50:42 --> [DEPRECATED] Creation of dynamic property App\Controllers\Orders::$shippingmethod is deprecated in APPPATH/Controllers/Orders.php on line 49.
 1 SYSTEMPATH/CodeIgniter.php(906): App\Controllers\Orders->__construct()
 2 SYSTEMPATH/CodeIgniter.php(490): CodeIgniter\CodeIgniter->createController()
 3 SYSTEMPATH/CodeIgniter.php(368): CodeIgniter\CodeIgniter->handleRequest(null, Object(Config\Cache), false)
 4 FCPATH/index.php(67): CodeIgniter\CodeIgniter->run()
WARNING - 2025-07-28 12:50:42 --> [DEPRECATED] Creation of dynamic property App\Controllers\Orders::$shippingrate is deprecated in APPPATH/Controllers/Orders.php on line 50.
 1 SYSTEMPATH/CodeIgniter.php(906): App\Controllers\Orders->__construct()
 2 SYSTEMPATH/CodeIgniter.php(490): CodeIgniter\CodeIgniter->createController()
 3 SYSTEMPATH/CodeIgniter.php(368): CodeIgniter\CodeIgniter->handleRequest(null, Object(Config\Cache), false)
 4 FCPATH/index.php(67): CodeIgniter\CodeIgniter->run()
WARNING - 2025-07-28 12:50:42 --> [DEPRECATED] Creation of dynamic property App\Controllers\Orders::$shippingzone is deprecated in APPPATH/Controllers/Orders.php on line 51.
 1 SYSTEMPATH/CodeIgniter.php(906): App\Controllers\Orders->__construct()
 2 SYSTEMPATH/CodeIgniter.php(490): CodeIgniter\CodeIgniter->createController()
 3 SYSTEMPATH/CodeIgniter.php(368): CodeIgniter\CodeIgniter->handleRequest(null, Object(Config\Cache), false)
 4 FCPATH/index.php(67): CodeIgniter\CodeIgniter->run()
WARNING - 2025-07-28 12:50:42 --> [DEPRECATED] Creation of dynamic property App\Controllers\Orders::$country is deprecated in APPPATH/Controllers/Orders.php on line 52.
 1 SYSTEMPATH/CodeIgniter.php(906): App\Controllers\Orders->__construct()
 2 SYSTEMPATH/CodeIgniter.php(490): CodeIgniter\CodeIgniter->createController()
 3 SYSTEMPATH/CodeIgniter.php(368): CodeIgniter\CodeIgniter->handleRequest(null, Object(Config\Cache), false)
 4 FCPATH/index.php(67): CodeIgniter\CodeIgniter->run()
WARNING - 2025-07-28 12:50:42 --> [DEPRECATED] Creation of dynamic property App\Controllers\Orders::$ChatModel is deprecated in APPPATH/Controllers/Orders.php on line 53.
 1 SYSTEMPATH/CodeIgniter.php(906): App\Controllers\Orders->__construct()
 2 SYSTEMPATH/CodeIgniter.php(490): CodeIgniter\CodeIgniter->createController()
 3 SYSTEMPATH/CodeIgniter.php(368): CodeIgniter\CodeIgniter->handleRequest(null, Object(Config\Cache), false)
 4 FCPATH/index.php(67): CodeIgniter\CodeIgniter->run()
WARNING - 2025-07-28 12:50:42 --> [DEPRECATED] Creation of dynamic property App\Controllers\Orders::$Allsettings is deprecated in APPPATH/Controllers/Orders.php on line 54.
 1 SYSTEMPATH/CodeIgniter.php(906): App\Controllers\Orders->__construct()
 2 SYSTEMPATH/CodeIgniter.php(490): CodeIgniter\CodeIgniter->createController()
 3 SYSTEMPATH/CodeIgniter.php(368): CodeIgniter\CodeIgniter->handleRequest(null, Object(Config\Cache), false)
 4 FCPATH/index.php(67): CodeIgniter\CodeIgniter->run()
WARNING - 2025-07-28 12:50:42 --> [DEPRECATED] Creation of dynamic property App\Controllers\Orders::$ShippingDataModel is deprecated in APPPATH/Controllers/Orders.php on line 55.
 1 SYSTEMPATH/CodeIgniter.php(906): App\Controllers\Orders->__construct()
 2 SYSTEMPATH/CodeIgniter.php(490): CodeIgniter\CodeIgniter->createController()
 3 SYSTEMPATH/CodeIgniter.php(368): CodeIgniter\CodeIgniter->handleRequest(null, Object(Config\Cache), false)
 4 FCPATH/index.php(67): CodeIgniter\CodeIgniter->run()
WARNING - 2025-07-28 12:50:42 --> [DEPRECATED] Creation of dynamic property App\Controllers\Orders::$cityModel is deprecated in APPPATH/Controllers/Orders.php on line 56.
 1 SYSTEMPATH/CodeIgniter.php(906): App\Controllers\Orders->__construct()
 2 SYSTEMPATH/CodeIgniter.php(490): CodeIgniter\CodeIgniter->createController()
 3 SYSTEMPATH/CodeIgniter.php(368): CodeIgniter\CodeIgniter->handleRequest(null, Object(Config\Cache), false)
 4 FCPATH/index.php(67): CodeIgniter\CodeIgniter->run()
WARNING - 2025-07-28 12:50:42 --> [DEPRECATED] Creation of dynamic property App\Controllers\Orders::$stateModel is deprecated in APPPATH/Controllers/Orders.php on line 57.
 1 SYSTEMPATH/CodeIgniter.php(906): App\Controllers\Orders->__construct()
 2 SYSTEMPATH/CodeIgniter.php(490): CodeIgniter\CodeIgniter->createController()
 3 SYSTEMPATH/CodeIgniter.php(368): CodeIgniter\CodeIgniter->handleRequest(null, Object(Config\Cache), false)
 4 FCPATH/index.php(67): CodeIgniter\CodeIgniter->run()
WARNING - 2025-07-28 12:50:42 --> [DEPRECATED] Creation of dynamic property App\Controllers\Orders::$taxModel is deprecated in APPPATH/Controllers/Orders.php on line 58.
 1 SYSTEMPATH/CodeIgniter.php(906): App\Controllers\Orders->__construct()
 2 SYSTEMPATH/CodeIgniter.php(490): CodeIgniter\CodeIgniter->createController()
 3 SYSTEMPATH/CodeIgniter.php(368): CodeIgniter\CodeIgniter->handleRequest(null, Object(Config\Cache), false)
 4 FCPATH/index.php(67): CodeIgniter\CodeIgniter->run()
WARNING - 2025-07-28 12:50:42 --> [DEPRECATED] htmlspecialchars(): Passing null to parameter #1 ($string) of type string is deprecated in APPPATH/Views/invoice.php on line 245.
 1 APPPATH/Views/invoice.php(245): htmlspecialchars(null)
 2 SYSTEMPATH/View/View.php(213): include('/home/u573967329/domains/ecom-demo.fableadtech.com/public_html/admin/app/Views/invoice.php')
 3 SYSTEMPATH/View/View.php(216): CodeIgniter\View\View->CodeIgniter\View\{closure}()
 4 SYSTEMPATH/Common.php(1184): CodeIgniter\View\View->render('invoice', [], true)
 5 APPPATH/Controllers/Orders.php(2624): view('invoice', [...])
 6 SYSTEMPATH/CodeIgniter.php(934): App\Controllers\Orders->invoice('263')
 7 SYSTEMPATH/CodeIgniter.php(499): CodeIgniter\CodeIgniter->runController(Object(App\Controllers\Orders))
 8 SYSTEMPATH/CodeIgniter.php(368): CodeIgniter\CodeIgniter->handleRequest(null, Object(Config\Cache), false)
 9 FCPATH/index.php(67): CodeIgniter\CodeIgniter->run()
WARNING - 2025-07-28 12:50:42 --> [DEPRECATED] htmlspecialchars(): Passing null to parameter #1 ($string) of type string is deprecated in APPPATH/Views/invoice.php on line 246.
 1 APPPATH/Views/invoice.php(246): htmlspecialchars(null)
 2 SYSTEMPATH/View/View.php(213): include('/home/u573967329/domains/ecom-demo.fableadtech.com/public_html/admin/app/Views/invoice.php')
 3 SYSTEMPATH/View/View.php(216): CodeIgniter\View\View->CodeIgniter\View\{closure}()
 4 SYSTEMPATH/Common.php(1184): CodeIgniter\View\View->render('invoice', [], true)
 5 APPPATH/Controllers/Orders.php(2624): view('invoice', [...])
 6 SYSTEMPATH/CodeIgniter.php(934): App\Controllers\Orders->invoice('263')
 7 SYSTEMPATH/CodeIgniter.php(499): CodeIgniter\CodeIgniter->runController(Object(App\Controllers\Orders))
 8 SYSTEMPATH/CodeIgniter.php(368): CodeIgniter\CodeIgniter->handleRequest(null, Object(Config\Cache), false)
 9 FCPATH/index.php(67): CodeIgniter\CodeIgniter->run()
INFO - 2025-07-28 12:50:44 --> Session: Class initialized using 'CodeIgniter\Session\Handlers\FileHandler' driver.
WARNING - 2025-07-28 12:50:44 --> [DEPRECATED] Creation of dynamic property App\Controllers\Orders::$session is deprecated in APPPATH/Controllers/Orders.php on line 34.
 1 SYSTEMPATH/CodeIgniter.php(906): App\Controllers\Orders->__construct()
 2 SYSTEMPATH/CodeIgniter.php(490): CodeIgniter\CodeIgniter->createController()
 3 SYSTEMPATH/CodeIgniter.php(368): CodeIgniter\CodeIgniter->handleRequest(null, Object(Config\Cache), false)
 4 FCPATH/index.php(67): CodeIgniter\CodeIgniter->run()
WARNING - 2025-07-28 12:50:44 --> Session: Sessions is enabled, and one exists. Please don't $session->start();
WARNING - 2025-07-28 12:50:44 --> [DEPRECATED] Creation of dynamic property App\Controllers\Orders::$coupons is deprecated in APPPATH/Controllers/Orders.php on line 38.
 1 SYSTEMPATH/CodeIgniter.php(906): App\Controllers\Orders->__construct()
 2 SYSTEMPATH/CodeIgniter.php(490): CodeIgniter\CodeIgniter->createController()
 3 SYSTEMPATH/CodeIgniter.php(368): CodeIgniter\CodeIgniter->handleRequest(null, Object(Config\Cache), false)
 4 FCPATH/index.php(67): CodeIgniter\CodeIgniter->run()
WARNING - 2025-07-28 12:50:44 --> [DEPRECATED] Creation of dynamic property App\Controllers\Orders::$faqs is deprecated in APPPATH/Controllers/Orders.php on line 39.
 1 SYSTEMPATH/CodeIgniter.php(906): App\Controllers\Orders->__construct()
 2 SYSTEMPATH/CodeIgniter.php(490): CodeIgniter\CodeIgniter->createController()
 3 SYSTEMPATH/CodeIgniter.php(368): CodeIgniter\CodeIgniter->handleRequest(null, Object(Config\Cache), false)
 4 FCPATH/index.php(67): CodeIgniter\CodeIgniter->run()
WARNING - 2025-07-28 12:50:44 --> [DEPRECATED] Creation of dynamic property App\Controllers\Orders::$seo is deprecated in APPPATH/Controllers/Orders.php on line 40.
 1 SYSTEMPATH/CodeIgniter.php(906): App\Controllers\Orders->__construct()
 2 SYSTEMPATH/CodeIgniter.php(490): CodeIgniter\CodeIgniter->createController()
 3 SYSTEMPATH/CodeIgniter.php(368): CodeIgniter\CodeIgniter->handleRequest(null, Object(Config\Cache), false)
 4 FCPATH/index.php(67): CodeIgniter\CodeIgniter->run()
WARNING - 2025-07-28 12:50:44 --> [DEPRECATED] Creation of dynamic property App\Controllers\Orders::$Ordermodel is deprecated in APPPATH/Controllers/Orders.php on line 41.
 1 SYSTEMPATH/CodeIgniter.php(906): App\Controllers\Orders->__construct()
 2 SYSTEMPATH/CodeIgniter.php(490): CodeIgniter\CodeIgniter->createController()
 3 SYSTEMPATH/CodeIgniter.php(368): CodeIgniter\CodeIgniter->handleRequest(null, Object(Config\Cache), false)
 4 FCPATH/index.php(67): CodeIgniter\CodeIgniter->run()
WARNING - 2025-07-28 12:50:44 --> [DEPRECATED] Creation of dynamic property App\Controllers\Orders::$testimonial is deprecated in APPPATH/Controllers/Orders.php on line 42.
 1 SYSTEMPATH/CodeIgniter.php(906): App\Controllers\Orders->__construct()
 2 SYSTEMPATH/CodeIgniter.php(490): CodeIgniter\CodeIgniter->createController()
 3 SYSTEMPATH/CodeIgniter.php(368): CodeIgniter\CodeIgniter->handleRequest(null, Object(Config\Cache), false)
 4 FCPATH/index.php(67): CodeIgniter\CodeIgniter->run()
WARNING - 2025-07-28 12:50:44 --> [DEPRECATED] Creation of dynamic property App\Controllers\Orders::$enquiry is deprecated in APPPATH/Controllers/Orders.php on line 43.
 1 SYSTEMPATH/CodeIgniter.php(906): App\Controllers\Orders->__construct()
 2 SYSTEMPATH/CodeIgniter.php(490): CodeIgniter\CodeIgniter->createController()
 3 SYSTEMPATH/CodeIgniter.php(368): CodeIgniter\CodeIgniter->handleRequest(null, Object(Config\Cache), false)
 4 FCPATH/index.php(67): CodeIgniter\CodeIgniter->run()
WARNING - 2025-07-28 12:50:44 --> [DEPRECATED] Creation of dynamic property App\Controllers\Orders::$product is deprecated in APPPATH/Controllers/Orders.php on line 44.
 1 SYSTEMPATH/CodeIgniter.php(906): App\Controllers\Orders->__construct()
 2 SYSTEMPATH/CodeIgniter.php(490): CodeIgniter\CodeIgniter->createController()
 3 SYSTEMPATH/CodeIgniter.php(368): CodeIgniter\CodeIgniter->handleRequest(null, Object(Config\Cache), false)
 4 FCPATH/index.php(67): CodeIgniter\CodeIgniter->run()
WARNING - 2025-07-28 12:50:44 --> [DEPRECATED] Creation of dynamic property App\Controllers\Orders::$orderitem is deprecated in APPPATH/Controllers/Orders.php on line 45.
 1 SYSTEMPATH/CodeIgniter.php(906): App\Controllers\Orders->__construct()
 2 SYSTEMPATH/CodeIgniter.php(490): CodeIgniter\CodeIgniter->createController()
 3 SYSTEMPATH/CodeIgniter.php(368): CodeIgniter\CodeIgniter->handleRequest(null, Object(Config\Cache), false)
 4 FCPATH/index.php(67): CodeIgniter\CodeIgniter->run()
WARNING - 2025-07-28 12:50:44 --> [DEPRECATED] Creation of dynamic property App\Controllers\Orders::$Ordercomment is deprecated in APPPATH/Controllers/Orders.php on line 46.
 1 SYSTEMPATH/CodeIgniter.php(906): App\Controllers\Orders->__construct()
 2 SYSTEMPATH/CodeIgniter.php(490): CodeIgniter\CodeIgniter->createController()
 3 SYSTEMPATH/CodeIgniter.php(368): CodeIgniter\CodeIgniter->handleRequest(null, Object(Config\Cache), false)
 4 FCPATH/index.php(67): CodeIgniter\CodeIgniter->run()
WARNING - 2025-07-28 12:50:44 --> [DEPRECATED] Creation of dynamic property App\Controllers\Orders::$catagory is deprecated in APPPATH/Controllers/Orders.php on line 47.
 1 SYSTEMPATH/CodeIgniter.php(906): App\Controllers\Orders->__construct()
 2 SYSTEMPATH/CodeIgniter.php(490): CodeIgniter\CodeIgniter->createController()
 3 SYSTEMPATH/CodeIgniter.php(368): CodeIgniter\CodeIgniter->handleRequest(null, Object(Config\Cache), false)
 4 FCPATH/index.php(67): CodeIgniter\CodeIgniter->run()
WARNING - 2025-07-28 12:50:44 --> [DEPRECATED] Creation of dynamic property App\Controllers\Orders::$User is deprecated in APPPATH/Controllers/Orders.php on line 48.
 1 SYSTEMPATH/CodeIgniter.php(906): App\Controllers\Orders->__construct()
 2 SYSTEMPATH/CodeIgniter.php(490): CodeIgniter\CodeIgniter->createController()
 3 SYSTEMPATH/CodeIgniter.php(368): CodeIgniter\CodeIgniter->handleRequest(null, Object(Config\Cache), false)
 4 FCPATH/index.php(67): CodeIgniter\CodeIgniter->run()
WARNING - 2025-07-28 12:50:44 --> [DEPRECATED] Creation of dynamic property App\Controllers\Orders::$shippingmethod is deprecated in APPPATH/Controllers/Orders.php on line 49.
 1 SYSTEMPATH/CodeIgniter.php(906): App\Controllers\Orders->__construct()
 2 SYSTEMPATH/CodeIgniter.php(490): CodeIgniter\CodeIgniter->createController()
 3 SYSTEMPATH/CodeIgniter.php(368): CodeIgniter\CodeIgniter->handleRequest(null, Object(Config\Cache), false)
 4 FCPATH/index.php(67): CodeIgniter\CodeIgniter->run()
WARNING - 2025-07-28 12:50:44 --> [DEPRECATED] Creation of dynamic property App\Controllers\Orders::$shippingrate is deprecated in APPPATH/Controllers/Orders.php on line 50.
 1 SYSTEMPATH/CodeIgniter.php(906): App\Controllers\Orders->__construct()
 2 SYSTEMPATH/CodeIgniter.php(490): CodeIgniter\CodeIgniter->createController()
 3 SYSTEMPATH/CodeIgniter.php(368): CodeIgniter\CodeIgniter->handleRequest(null, Object(Config\Cache), false)
 4 FCPATH/index.php(67): CodeIgniter\CodeIgniter->run()
WARNING - 2025-07-28 12:50:44 --> [DEPRECATED] Creation of dynamic property App\Controllers\Orders::$shippingzone is deprecated in APPPATH/Controllers/Orders.php on line 51.
 1 SYSTEMPATH/CodeIgniter.php(906): App\Controllers\Orders->__construct()
 2 SYSTEMPATH/CodeIgniter.php(490): CodeIgniter\CodeIgniter->createController()
 3 SYSTEMPATH/CodeIgniter.php(368): CodeIgniter\CodeIgniter->handleRequest(null, Object(Config\Cache), false)
 4 FCPATH/index.php(67): CodeIgniter\CodeIgniter->run()
WARNING - 2025-07-28 12:50:44 --> [DEPRECATED] Creation of dynamic property App\Controllers\Orders::$country is deprecated in APPPATH/Controllers/Orders.php on line 52.
 1 SYSTEMPATH/CodeIgniter.php(906): App\Controllers\Orders->__construct()
 2 SYSTEMPATH/CodeIgniter.php(490): CodeIgniter\CodeIgniter->createController()
 3 SYSTEMPATH/CodeIgniter.php(368): CodeIgniter\CodeIgniter->handleRequest(null, Object(Config\Cache), false)
 4 FCPATH/index.php(67): CodeIgniter\CodeIgniter->run()
WARNING - 2025-07-28 12:50:44 --> [DEPRECATED] Creation of dynamic property App\Controllers\Orders::$ChatModel is deprecated in APPPATH/Controllers/Orders.php on line 53.
 1 SYSTEMPATH/CodeIgniter.php(906): App\Controllers\Orders->__construct()
 2 SYSTEMPATH/CodeIgniter.php(490): CodeIgniter\CodeIgniter->createController()
 3 SYSTEMPATH/CodeIgniter.php(368): CodeIgniter\CodeIgniter->handleRequest(null, Object(Config\Cache), false)
 4 FCPATH/index.php(67): CodeIgniter\CodeIgniter->run()
WARNING - 2025-07-28 12:50:44 --> [DEPRECATED] Creation of dynamic property App\Controllers\Orders::$Allsettings is deprecated in APPPATH/Controllers/Orders.php on line 54.
 1 SYSTEMPATH/CodeIgniter.php(906): App\Controllers\Orders->__construct()
 2 SYSTEMPATH/CodeIgniter.php(490): CodeIgniter\CodeIgniter->createController()
 3 SYSTEMPATH/CodeIgniter.php(368): CodeIgniter\CodeIgniter->handleRequest(null, Object(Config\Cache), false)
 4 FCPATH/index.php(67): CodeIgniter\CodeIgniter->run()
WARNING - 2025-07-28 12:50:44 --> [DEPRECATED] Creation of dynamic property App\Controllers\Orders::$ShippingDataModel is deprecated in APPPATH/Controllers/Orders.php on line 55.
 1 SYSTEMPATH/CodeIgniter.php(906): App\Controllers\Orders->__construct()
 2 SYSTEMPATH/CodeIgniter.php(490): CodeIgniter\CodeIgniter->createController()
 3 SYSTEMPATH/CodeIgniter.php(368): CodeIgniter\CodeIgniter->handleRequest(null, Object(Config\Cache), false)
 4 FCPATH/index.php(67): CodeIgniter\CodeIgniter->run()
WARNING - 2025-07-28 12:50:44 --> [DEPRECATED] Creation of dynamic property App\Controllers\Orders::$cityModel is deprecated in APPPATH/Controllers/Orders.php on line 56.
 1 SYSTEMPATH/CodeIgniter.php(906): App\Controllers\Orders->__construct()
 2 SYSTEMPATH/CodeIgniter.php(490): CodeIgniter\CodeIgniter->createController()
 3 SYSTEMPATH/CodeIgniter.php(368): CodeIgniter\CodeIgniter->handleRequest(null, Object(Config\Cache), false)
 4 FCPATH/index.php(67): CodeIgniter\CodeIgniter->run()
WARNING - 2025-07-28 12:50:44 --> [DEPRECATED] Creation of dynamic property App\Controllers\Orders::$stateModel is deprecated in APPPATH/Controllers/Orders.php on line 57.
 1 SYSTEMPATH/CodeIgniter.php(906): App\Controllers\Orders->__construct()
 2 SYSTEMPATH/CodeIgniter.php(490): CodeIgniter\CodeIgniter->createController()
 3 SYSTEMPATH/CodeIgniter.php(368): CodeIgniter\CodeIgniter->handleRequest(null, Object(Config\Cache), false)
 4 FCPATH/index.php(67): CodeIgniter\CodeIgniter->run()
WARNING - 2025-07-28 12:50:44 --> [DEPRECATED] Creation of dynamic property App\Controllers\Orders::$taxModel is deprecated in APPPATH/Controllers/Orders.php on line 58.
 1 SYSTEMPATH/CodeIgniter.php(906): App\Controllers\Orders->__construct()
 2 SYSTEMPATH/CodeIgniter.php(490): CodeIgniter\CodeIgniter->createController()
 3 SYSTEMPATH/CodeIgniter.php(368): CodeIgniter\CodeIgniter->handleRequest(null, Object(Config\Cache), false)
 4 FCPATH/index.php(67): CodeIgniter\CodeIgniter->run()
INFO - 2025-07-28 12:50:45 --> Session: Class initialized using 'CodeIgniter\Session\Handlers\FileHandler' driver.
WARNING - 2025-07-28 12:50:45 --> [DEPRECATED] Creation of dynamic property App\Controllers\Home::$user_model is deprecated in APPPATH/Controllers/Home.php on line 35.
 1 SYSTEMPATH/CodeIgniter.php(906): App\Controllers\Home->__construct()
 2 SYSTEMPATH/CodeIgniter.php(490): CodeIgniter\CodeIgniter->createController()
 3 SYSTEMPATH/CodeIgniter.php(368): CodeIgniter\CodeIgniter->handleRequest(null, Object(Config\Cache), false)
 4 FCPATH/index.php(67): CodeIgniter\CodeIgniter->run()
WARNING - 2025-07-28 12:50:45 --> [DEPRECATED] Creation of dynamic property App\Controllers\Home::$BlogModel is deprecated in APPPATH/Controllers/Home.php on line 43.
 1 SYSTEMPATH/CodeIgniter.php(906): App\Controllers\Home->__construct()
 2 SYSTEMPATH/CodeIgniter.php(490): CodeIgniter\CodeIgniter->createController()
 3 SYSTEMPATH/CodeIgniter.php(368): CodeIgniter\CodeIgniter->handleRequest(null, Object(Config\Cache), false)
 4 FCPATH/index.php(67): CodeIgniter\CodeIgniter->run()
WARNING - 2025-07-28 12:50:45 --> [DEPRECATED] Creation of dynamic property App\Controllers\Home::$EnquiryModel is deprecated in APPPATH/Controllers/Home.php on line 44.
 1 SYSTEMPATH/CodeIgniter.php(906): App\Controllers\Home->__construct()
 2 SYSTEMPATH/CodeIgniter.php(490): CodeIgniter\CodeIgniter->createController()
 3 SYSTEMPATH/CodeIgniter.php(368): CodeIgniter\CodeIgniter->handleRequest(null, Object(Config\Cache), false)
 4 FCPATH/index.php(67): CodeIgniter\CodeIgniter->run()
WARNING - 2025-07-28 12:50:45 --> [DEPRECATED] Creation of dynamic property App\Controllers\Home::$Allsettingsmodel is deprecated in APPPATH/Controllers/Home.php on line 45.
 1 SYSTEMPATH/CodeIgniter.php(906): App\Controllers\Home->__construct()
 2 SYSTEMPATH/CodeIgniter.php(490): CodeIgniter\CodeIgniter->createController()
 3 SYSTEMPATH/CodeIgniter.php(368): CodeIgniter\CodeIgniter->handleRequest(null, Object(Config\Cache), false)
 4 FCPATH/index.php(67): CodeIgniter\CodeIgniter->run()
INFO - 2025-07-28 12:52:29 --> Session: Class initialized using 'CodeIgniter\Session\Handlers\FileHandler' driver.
WARNING - 2025-07-28 12:52:29 --> [DEPRECATED] Creation of dynamic property App\Controllers\Orders::$session is deprecated in APPPATH/Controllers/Orders.php on line 34.
 1 SYSTEMPATH/CodeIgniter.php(906): App\Controllers\Orders->__construct()
 2 SYSTEMPATH/CodeIgniter.php(490): CodeIgniter\CodeIgniter->createController()
 3 SYSTEMPATH/CodeIgniter.php(368): CodeIgniter\CodeIgniter->handleRequest(null, Object(Config\Cache), false)
 4 FCPATH/index.php(67): CodeIgniter\CodeIgniter->run()
WARNING - 2025-07-28 12:52:29 --> Session: Sessions is enabled, and one exists. Please don't $session->start();
WARNING - 2025-07-28 12:52:29 --> [DEPRECATED] Creation of dynamic property App\Controllers\Orders::$coupons is deprecated in APPPATH/Controllers/Orders.php on line 38.
 1 SYSTEMPATH/CodeIgniter.php(906): App\Controllers\Orders->__construct()
 2 SYSTEMPATH/CodeIgniter.php(490): CodeIgniter\CodeIgniter->createController()
 3 SYSTEMPATH/CodeIgniter.php(368): CodeIgniter\CodeIgniter->handleRequest(null, Object(Config\Cache), false)
 4 FCPATH/index.php(67): CodeIgniter\CodeIgniter->run()
WARNING - 2025-07-28 12:52:29 --> [DEPRECATED] Creation of dynamic property App\Controllers\Orders::$faqs is deprecated in APPPATH/Controllers/Orders.php on line 39.
 1 SYSTEMPATH/CodeIgniter.php(906): App\Controllers\Orders->__construct()
 2 SYSTEMPATH/CodeIgniter.php(490): CodeIgniter\CodeIgniter->createController()
 3 SYSTEMPATH/CodeIgniter.php(368): CodeIgniter\CodeIgniter->handleRequest(null, Object(Config\Cache), false)
 4 FCPATH/index.php(67): CodeIgniter\CodeIgniter->run()
WARNING - 2025-07-28 12:52:29 --> [DEPRECATED] Creation of dynamic property App\Controllers\Orders::$seo is deprecated in APPPATH/Controllers/Orders.php on line 40.
 1 SYSTEMPATH/CodeIgniter.php(906): App\Controllers\Orders->__construct()
 2 SYSTEMPATH/CodeIgniter.php(490): CodeIgniter\CodeIgniter->createController()
 3 SYSTEMPATH/CodeIgniter.php(368): CodeIgniter\CodeIgniter->handleRequest(null, Object(Config\Cache), false)
 4 FCPATH/index.php(67): CodeIgniter\CodeIgniter->run()
WARNING - 2025-07-28 12:52:29 --> [DEPRECATED] Creation of dynamic property App\Controllers\Orders::$Ordermodel is deprecated in APPPATH/Controllers/Orders.php on line 41.
 1 SYSTEMPATH/CodeIgniter.php(906): App\Controllers\Orders->__construct()
 2 SYSTEMPATH/CodeIgniter.php(490): CodeIgniter\CodeIgniter->createController()
 3 SYSTEMPATH/CodeIgniter.php(368): CodeIgniter\CodeIgniter->handleRequest(null, Object(Config\Cache), false)
 4 FCPATH/index.php(67): CodeIgniter\CodeIgniter->run()
WARNING - 2025-07-28 12:52:29 --> [DEPRECATED] Creation of dynamic property App\Controllers\Orders::$testimonial is deprecated in APPPATH/Controllers/Orders.php on line 42.
 1 SYSTEMPATH/CodeIgniter.php(906): App\Controllers\Orders->__construct()
 2 SYSTEMPATH/CodeIgniter.php(490): CodeIgniter\CodeIgniter->createController()
 3 SYSTEMPATH/CodeIgniter.php(368): CodeIgniter\CodeIgniter->handleRequest(null, Object(Config\Cache), false)
 4 FCPATH/index.php(67): CodeIgniter\CodeIgniter->run()
WARNING - 2025-07-28 12:52:29 --> [DEPRECATED] Creation of dynamic property App\Controllers\Orders::$enquiry is deprecated in APPPATH/Controllers/Orders.php on line 43.
 1 SYSTEMPATH/CodeIgniter.php(906): App\Controllers\Orders->__construct()
 2 SYSTEMPATH/CodeIgniter.php(490): CodeIgniter\CodeIgniter->createController()
 3 SYSTEMPATH/CodeIgniter.php(368): CodeIgniter\CodeIgniter->handleRequest(null, Object(Config\Cache), false)
 4 FCPATH/index.php(67): CodeIgniter\CodeIgniter->run()
WARNING - 2025-07-28 12:52:29 --> [DEPRECATED] Creation of dynamic property App\Controllers\Orders::$product is deprecated in APPPATH/Controllers/Orders.php on line 44.
 1 SYSTEMPATH/CodeIgniter.php(906): App\Controllers\Orders->__construct()
 2 SYSTEMPATH/CodeIgniter.php(490): CodeIgniter\CodeIgniter->createController()
 3 SYSTEMPATH/CodeIgniter.php(368): CodeIgniter\CodeIgniter->handleRequest(null, Object(Config\Cache), false)
 4 FCPATH/index.php(67): CodeIgniter\CodeIgniter->run()
WARNING - 2025-07-28 12:52:29 --> [DEPRECATED] Creation of dynamic property App\Controllers\Orders::$orderitem is deprecated in APPPATH/Controllers/Orders.php on line 45.
 1 SYSTEMPATH/CodeIgniter.php(906): App\Controllers\Orders->__construct()
 2 SYSTEMPATH/CodeIgniter.php(490): CodeIgniter\CodeIgniter->createController()
 3 SYSTEMPATH/CodeIgniter.php(368): CodeIgniter\CodeIgniter->handleRequest(null, Object(Config\Cache), false)
 4 FCPATH/index.php(67): CodeIgniter\CodeIgniter->run()
WARNING - 2025-07-28 12:52:29 --> [DEPRECATED] Creation of dynamic property App\Controllers\Orders::$Ordercomment is deprecated in APPPATH/Controllers/Orders.php on line 46.
 1 SYSTEMPATH/CodeIgniter.php(906): App\Controllers\Orders->__construct()
 2 SYSTEMPATH/CodeIgniter.php(490): CodeIgniter\CodeIgniter->createController()
 3 SYSTEMPATH/CodeIgniter.php(368): CodeIgniter\CodeIgniter->handleRequest(null, Object(Config\Cache), false)
 4 FCPATH/index.php(67): CodeIgniter\CodeIgniter->run()
WARNING - 2025-07-28 12:52:29 --> [DEPRECATED] Creation of dynamic property App\Controllers\Orders::$catagory is deprecated in APPPATH/Controllers/Orders.php on line 47.
 1 SYSTEMPATH/CodeIgniter.php(906): App\Controllers\Orders->__construct()
 2 SYSTEMPATH/CodeIgniter.php(490): CodeIgniter\CodeIgniter->createController()
 3 SYSTEMPATH/CodeIgniter.php(368): CodeIgniter\CodeIgniter->handleRequest(null, Object(Config\Cache), false)
 4 FCPATH/index.php(67): CodeIgniter\CodeIgniter->run()
WARNING - 2025-07-28 12:52:29 --> [DEPRECATED] Creation of dynamic property App\Controllers\Orders::$User is deprecated in APPPATH/Controllers/Orders.php on line 48.
 1 SYSTEMPATH/CodeIgniter.php(906): App\Controllers\Orders->__construct()
 2 SYSTEMPATH/CodeIgniter.php(490): CodeIgniter\CodeIgniter->createController()
 3 SYSTEMPATH/CodeIgniter.php(368): CodeIgniter\CodeIgniter->handleRequest(null, Object(Config\Cache), false)
 4 FCPATH/index.php(67): CodeIgniter\CodeIgniter->run()
WARNING - 2025-07-28 12:52:29 --> [DEPRECATED] Creation of dynamic property App\Controllers\Orders::$shippingmethod is deprecated in APPPATH/Controllers/Orders.php on line 49.
 1 SYSTEMPATH/CodeIgniter.php(906): App\Controllers\Orders->__construct()
 2 SYSTEMPATH/CodeIgniter.php(490): CodeIgniter\CodeIgniter->createController()
 3 SYSTEMPATH/CodeIgniter.php(368): CodeIgniter\CodeIgniter->handleRequest(null, Object(Config\Cache), false)
 4 FCPATH/index.php(67): CodeIgniter\CodeIgniter->run()
WARNING - 2025-07-28 12:52:29 --> [DEPRECATED] Creation of dynamic property App\Controllers\Orders::$shippingrate is deprecated in APPPATH/Controllers/Orders.php on line 50.
 1 SYSTEMPATH/CodeIgniter.php(906): App\Controllers\Orders->__construct()
 2 SYSTEMPATH/CodeIgniter.php(490): CodeIgniter\CodeIgniter->createController()
 3 SYSTEMPATH/CodeIgniter.php(368): CodeIgniter\CodeIgniter->handleRequest(null, Object(Config\Cache), false)
 4 FCPATH/index.php(67): CodeIgniter\CodeIgniter->run()
WARNING - 2025-07-28 12:52:29 --> [DEPRECATED] Creation of dynamic property App\Controllers\Orders::$shippingzone is deprecated in APPPATH/Controllers/Orders.php on line 51.
 1 SYSTEMPATH/CodeIgniter.php(906): App\Controllers\Orders->__construct()
 2 SYSTEMPATH/CodeIgniter.php(490): CodeIgniter\CodeIgniter->createController()
 3 SYSTEMPATH/CodeIgniter.php(368): CodeIgniter\CodeIgniter->handleRequest(null, Object(Config\Cache), false)
 4 FCPATH/index.php(67): CodeIgniter\CodeIgniter->run()
WARNING - 2025-07-28 12:52:29 --> [DEPRECATED] Creation of dynamic property App\Controllers\Orders::$country is deprecated in APPPATH/Controllers/Orders.php on line 52.
 1 SYSTEMPATH/CodeIgniter.php(906): App\Controllers\Orders->__construct()
 2 SYSTEMPATH/CodeIgniter.php(490): CodeIgniter\CodeIgniter->createController()
 3 SYSTEMPATH/CodeIgniter.php(368): CodeIgniter\CodeIgniter->handleRequest(null, Object(Config\Cache), false)
 4 FCPATH/index.php(67): CodeIgniter\CodeIgniter->run()
WARNING - 2025-07-28 12:52:29 --> [DEPRECATED] Creation of dynamic property App\Controllers\Orders::$ChatModel is deprecated in APPPATH/Controllers/Orders.php on line 53.
 1 SYSTEMPATH/CodeIgniter.php(906): App\Controllers\Orders->__construct()
 2 SYSTEMPATH/CodeIgniter.php(490): CodeIgniter\CodeIgniter->createController()
 3 SYSTEMPATH/CodeIgniter.php(368): CodeIgniter\CodeIgniter->handleRequest(null, Object(Config\Cache), false)
 4 FCPATH/index.php(67): CodeIgniter\CodeIgniter->run()
WARNING - 2025-07-28 12:52:29 --> [DEPRECATED] Creation of dynamic property App\Controllers\Orders::$Allsettings is deprecated in APPPATH/Controllers/Orders.php on line 54.
 1 SYSTEMPATH/CodeIgniter.php(906): App\Controllers\Orders->__construct()
 2 SYSTEMPATH/CodeIgniter.php(490): CodeIgniter\CodeIgniter->createController()
 3 SYSTEMPATH/CodeIgniter.php(368): CodeIgniter\CodeIgniter->handleRequest(null, Object(Config\Cache), false)
 4 FCPATH/index.php(67): CodeIgniter\CodeIgniter->run()
WARNING - 2025-07-28 12:52:29 --> [DEPRECATED] Creation of dynamic property App\Controllers\Orders::$ShippingDataModel is deprecated in APPPATH/Controllers/Orders.php on line 55.
 1 SYSTEMPATH/CodeIgniter.php(906): App\Controllers\Orders->__construct()
 2 SYSTEMPATH/CodeIgniter.php(490): CodeIgniter\CodeIgniter->createController()
 3 SYSTEMPATH/CodeIgniter.php(368): CodeIgniter\CodeIgniter->handleRequest(null, Object(Config\Cache), false)
 4 FCPATH/index.php(67): CodeIgniter\CodeIgniter->run()
WARNING - 2025-07-28 12:52:29 --> [DEPRECATED] Creation of dynamic property App\Controllers\Orders::$cityModel is deprecated in APPPATH/Controllers/Orders.php on line 56.
 1 SYSTEMPATH/CodeIgniter.php(906): App\Controllers\Orders->__construct()
 2 SYSTEMPATH/CodeIgniter.php(490): CodeIgniter\CodeIgniter->createController()
 3 SYSTEMPATH/CodeIgniter.php(368): CodeIgniter\CodeIgniter->handleRequest(null, Object(Config\Cache), false)
 4 FCPATH/index.php(67): CodeIgniter\CodeIgniter->run()
WARNING - 2025-07-28 12:52:29 --> [DEPRECATED] Creation of dynamic property App\Controllers\Orders::$stateModel is deprecated in APPPATH/Controllers/Orders.php on line 57.
 1 SYSTEMPATH/CodeIgniter.php(906): App\Controllers\Orders->__construct()
 2 SYSTEMPATH/CodeIgniter.php(490): CodeIgniter\CodeIgniter->createController()
 3 SYSTEMPATH/CodeIgniter.php(368): CodeIgniter\CodeIgniter->handleRequest(null, Object(Config\Cache), false)
 4 FCPATH/index.php(67): CodeIgniter\CodeIgniter->run()
WARNING - 2025-07-28 12:52:29 --> [DEPRECATED] Creation of dynamic property App\Controllers\Orders::$taxModel is deprecated in APPPATH/Controllers/Orders.php on line 58.
 1 SYSTEMPATH/CodeIgniter.php(906): App\Controllers\Orders->__construct()
 2 SYSTEMPATH/CodeIgniter.php(490): CodeIgniter\CodeIgniter->createController()
 3 SYSTEMPATH/CodeIgniter.php(368): CodeIgniter\CodeIgniter->handleRequest(null, Object(Config\Cache), false)
 4 FCPATH/index.php(67): CodeIgniter\CodeIgniter->run()
INFO - 2025-07-28 12:52:30 --> Session: Class initialized using 'CodeIgniter\Session\Handlers\FileHandler' driver.
WARNING - 2025-07-28 12:52:30 --> [DEPRECATED] Creation of dynamic property App\Controllers\Home::$user_model is deprecated in APPPATH/Controllers/Home.php on line 35.
 1 SYSTEMPATH/CodeIgniter.php(906): App\Controllers\Home->__construct()
 2 SYSTEMPATH/CodeIgniter.php(490): CodeIgniter\CodeIgniter->createController()
 3 SYSTEMPATH/CodeIgniter.php(368): CodeIgniter\CodeIgniter->handleRequest(null, Object(Config\Cache), false)
 4 FCPATH/index.php(67): CodeIgniter\CodeIgniter->run()
WARNING - 2025-07-28 12:52:30 --> [DEPRECATED] Creation of dynamic property App\Controllers\Home::$BlogModel is deprecated in APPPATH/Controllers/Home.php on line 43.
 1 SYSTEMPATH/CodeIgniter.php(906): App\Controllers\Home->__construct()
 2 SYSTEMPATH/CodeIgniter.php(490): CodeIgniter\CodeIgniter->createController()
 3 SYSTEMPATH/CodeIgniter.php(368): CodeIgniter\CodeIgniter->handleRequest(null, Object(Config\Cache), false)
 4 FCPATH/index.php(67): CodeIgniter\CodeIgniter->run()
WARNING - 2025-07-28 12:52:30 --> [DEPRECATED] Creation of dynamic property App\Controllers\Home::$EnquiryModel is deprecated in APPPATH/Controllers/Home.php on line 44.
 1 SYSTEMPATH/CodeIgniter.php(906): App\Controllers\Home->__construct()
 2 SYSTEMPATH/CodeIgniter.php(490): CodeIgniter\CodeIgniter->createController()
 3 SYSTEMPATH/CodeIgniter.php(368): CodeIgniter\CodeIgniter->handleRequest(null, Object(Config\Cache), false)
 4 FCPATH/index.php(67): CodeIgniter\CodeIgniter->run()
WARNING - 2025-07-28 12:52:30 --> [DEPRECATED] Creation of dynamic property App\Controllers\Home::$Allsettingsmodel is deprecated in APPPATH/Controllers/Home.php on line 45.
 1 SYSTEMPATH/CodeIgniter.php(906): App\Controllers\Home->__construct()
 2 SYSTEMPATH/CodeIgniter.php(490): CodeIgniter\CodeIgniter->createController()
 3 SYSTEMPATH/CodeIgniter.php(368): CodeIgniter\CodeIgniter->handleRequest(null, Object(Config\Cache), false)
 4 FCPATH/index.php(67): CodeIgniter\CodeIgniter->run()
INFO - 2025-07-28 12:52:30 --> Session: Class initialized using 'CodeIgniter\Session\Handlers\FileHandler' driver.
WARNING - 2025-07-28 12:52:30 --> [DEPRECATED] Creation of dynamic property App\Controllers\Orders::$session is deprecated in APPPATH/Controllers/Orders.php on line 34.
 1 SYSTEMPATH/CodeIgniter.php(906): App\Controllers\Orders->__construct()
 2 SYSTEMPATH/CodeIgniter.php(490): CodeIgniter\CodeIgniter->createController()
 3 SYSTEMPATH/CodeIgniter.php(368): CodeIgniter\CodeIgniter->handleRequest(null, Object(Config\Cache), false)
 4 FCPATH/index.php(67): CodeIgniter\CodeIgniter->run()
WARNING - 2025-07-28 12:52:30 --> Session: Sessions is enabled, and one exists. Please don't $session->start();
WARNING - 2025-07-28 12:52:30 --> [DEPRECATED] Creation of dynamic property App\Controllers\Orders::$coupons is deprecated in APPPATH/Controllers/Orders.php on line 38.
 1 SYSTEMPATH/CodeIgniter.php(906): App\Controllers\Orders->__construct()
 2 SYSTEMPATH/CodeIgniter.php(490): CodeIgniter\CodeIgniter->createController()
 3 SYSTEMPATH/CodeIgniter.php(368): CodeIgniter\CodeIgniter->handleRequest(null, Object(Config\Cache), false)
 4 FCPATH/index.php(67): CodeIgniter\CodeIgniter->run()
WARNING - 2025-07-28 12:52:30 --> [DEPRECATED] Creation of dynamic property App\Controllers\Orders::$faqs is deprecated in APPPATH/Controllers/Orders.php on line 39.
 1 SYSTEMPATH/CodeIgniter.php(906): App\Controllers\Orders->__construct()
 2 SYSTEMPATH/CodeIgniter.php(490): CodeIgniter\CodeIgniter->createController()
 3 SYSTEMPATH/CodeIgniter.php(368): CodeIgniter\CodeIgniter->handleRequest(null, Object(Config\Cache), false)
 4 FCPATH/index.php(67): CodeIgniter\CodeIgniter->run()
WARNING - 2025-07-28 12:52:30 --> [DEPRECATED] Creation of dynamic property App\Controllers\Orders::$seo is deprecated in APPPATH/Controllers/Orders.php on line 40.
 1 SYSTEMPATH/CodeIgniter.php(906): App\Controllers\Orders->__construct()
 2 SYSTEMPATH/CodeIgniter.php(490): CodeIgniter\CodeIgniter->createController()
 3 SYSTEMPATH/CodeIgniter.php(368): CodeIgniter\CodeIgniter->handleRequest(null, Object(Config\Cache), false)
 4 FCPATH/index.php(67): CodeIgniter\CodeIgniter->run()
WARNING - 2025-07-28 12:52:30 --> [DEPRECATED] Creation of dynamic property App\Controllers\Orders::$Ordermodel is deprecated in APPPATH/Controllers/Orders.php on line 41.
 1 SYSTEMPATH/CodeIgniter.php(906): App\Controllers\Orders->__construct()
 2 SYSTEMPATH/CodeIgniter.php(490): CodeIgniter\CodeIgniter->createController()
 3 SYSTEMPATH/CodeIgniter.php(368): CodeIgniter\CodeIgniter->handleRequest(null, Object(Config\Cache), false)
 4 FCPATH/index.php(67): CodeIgniter\CodeIgniter->run()
WARNING - 2025-07-28 12:52:30 --> [DEPRECATED] Creation of dynamic property App\Controllers\Orders::$testimonial is deprecated in APPPATH/Controllers/Orders.php on line 42.
 1 SYSTEMPATH/CodeIgniter.php(906): App\Controllers\Orders->__construct()
 2 SYSTEMPATH/CodeIgniter.php(490): CodeIgniter\CodeIgniter->createController()
 3 SYSTEMPATH/CodeIgniter.php(368): CodeIgniter\CodeIgniter->handleRequest(null, Object(Config\Cache), false)
 4 FCPATH/index.php(67): CodeIgniter\CodeIgniter->run()
WARNING - 2025-07-28 12:52:30 --> [DEPRECATED] Creation of dynamic property App\Controllers\Orders::$enquiry is deprecated in APPPATH/Controllers/Orders.php on line 43.
 1 SYSTEMPATH/CodeIgniter.php(906): App\Controllers\Orders->__construct()
 2 SYSTEMPATH/CodeIgniter.php(490): CodeIgniter\CodeIgniter->createController()
 3 SYSTEMPATH/CodeIgniter.php(368): CodeIgniter\CodeIgniter->handleRequest(null, Object(Config\Cache), false)
 4 FCPATH/index.php(67): CodeIgniter\CodeIgniter->run()
WARNING - 2025-07-28 12:52:30 --> [DEPRECATED] Creation of dynamic property App\Controllers\Orders::$product is deprecated in APPPATH/Controllers/Orders.php on line 44.
 1 SYSTEMPATH/CodeIgniter.php(906): App\Controllers\Orders->__construct()
 2 SYSTEMPATH/CodeIgniter.php(490): CodeIgniter\CodeIgniter->createController()
 3 SYSTEMPATH/CodeIgniter.php(368): CodeIgniter\CodeIgniter->handleRequest(null, Object(Config\Cache), false)
 4 FCPATH/index.php(67): CodeIgniter\CodeIgniter->run()
WARNING - 2025-07-28 12:52:30 --> [DEPRECATED] Creation of dynamic property App\Controllers\Orders::$orderitem is deprecated in APPPATH/Controllers/Orders.php on line 45.
 1 SYSTEMPATH/CodeIgniter.php(906): App\Controllers\Orders->__construct()
 2 SYSTEMPATH/CodeIgniter.php(490): CodeIgniter\CodeIgniter->createController()
 3 SYSTEMPATH/CodeIgniter.php(368): CodeIgniter\CodeIgniter->handleRequest(null, Object(Config\Cache), false)
 4 FCPATH/index.php(67): CodeIgniter\CodeIgniter->run()
WARNING - 2025-07-28 12:52:30 --> [DEPRECATED] Creation of dynamic property App\Controllers\Orders::$Ordercomment is deprecated in APPPATH/Controllers/Orders.php on line 46.
 1 SYSTEMPATH/CodeIgniter.php(906): App\Controllers\Orders->__construct()
 2 SYSTEMPATH/CodeIgniter.php(490): CodeIgniter\CodeIgniter->createController()
 3 SYSTEMPATH/CodeIgniter.php(368): CodeIgniter\CodeIgniter->handleRequest(null, Object(Config\Cache), false)
 4 FCPATH/index.php(67): CodeIgniter\CodeIgniter->run()
WARNING - 2025-07-28 12:52:30 --> [DEPRECATED] Creation of dynamic property App\Controllers\Orders::$catagory is deprecated in APPPATH/Controllers/Orders.php on line 47.
 1 SYSTEMPATH/CodeIgniter.php(906): App\Controllers\Orders->__construct()
 2 SYSTEMPATH/CodeIgniter.php(490): CodeIgniter\CodeIgniter->createController()
 3 SYSTEMPATH/CodeIgniter.php(368): CodeIgniter\CodeIgniter->handleRequest(null, Object(Config\Cache), false)
 4 FCPATH/index.php(67): CodeIgniter\CodeIgniter->run()
WARNING - 2025-07-28 12:52:30 --> [DEPRECATED] Creation of dynamic property App\Controllers\Orders::$User is deprecated in APPPATH/Controllers/Orders.php on line 48.
 1 SYSTEMPATH/CodeIgniter.php(906): App\Controllers\Orders->__construct()
 2 SYSTEMPATH/CodeIgniter.php(490): CodeIgniter\CodeIgniter->createController()
 3 SYSTEMPATH/CodeIgniter.php(368): CodeIgniter\CodeIgniter->handleRequest(null, Object(Config\Cache), false)
 4 FCPATH/index.php(67): CodeIgniter\CodeIgniter->run()
WARNING - 2025-07-28 12:52:30 --> [DEPRECATED] Creation of dynamic property App\Controllers\Orders::$shippingmethod is deprecated in APPPATH/Controllers/Orders.php on line 49.
 1 SYSTEMPATH/CodeIgniter.php(906): App\Controllers\Orders->__construct()
 2 SYSTEMPATH/CodeIgniter.php(490): CodeIgniter\CodeIgniter->createController()
 3 SYSTEMPATH/CodeIgniter.php(368): CodeIgniter\CodeIgniter->handleRequest(null, Object(Config\Cache), false)
 4 FCPATH/index.php(67): CodeIgniter\CodeIgniter->run()
WARNING - 2025-07-28 12:52:30 --> [DEPRECATED] Creation of dynamic property App\Controllers\Orders::$shippingrate is deprecated in APPPATH/Controllers/Orders.php on line 50.
 1 SYSTEMPATH/CodeIgniter.php(906): App\Controllers\Orders->__construct()
 2 SYSTEMPATH/CodeIgniter.php(490): CodeIgniter\CodeIgniter->createController()
 3 SYSTEMPATH/CodeIgniter.php(368): CodeIgniter\CodeIgniter->handleRequest(null, Object(Config\Cache), false)
 4 FCPATH/index.php(67): CodeIgniter\CodeIgniter->run()
WARNING - 2025-07-28 12:52:30 --> [DEPRECATED] Creation of dynamic property App\Controllers\Orders::$shippingzone is deprecated in APPPATH/Controllers/Orders.php on line 51.
 1 SYSTEMPATH/CodeIgniter.php(906): App\Controllers\Orders->__construct()
 2 SYSTEMPATH/CodeIgniter.php(490): CodeIgniter\CodeIgniter->createController()
 3 SYSTEMPATH/CodeIgniter.php(368): CodeIgniter\CodeIgniter->handleRequest(null, Object(Config\Cache), false)
 4 FCPATH/index.php(67): CodeIgniter\CodeIgniter->run()
WARNING - 2025-07-28 12:52:30 --> [DEPRECATED] Creation of dynamic property App\Controllers\Orders::$country is deprecated in APPPATH/Controllers/Orders.php on line 52.
 1 SYSTEMPATH/CodeIgniter.php(906): App\Controllers\Orders->__construct()
 2 SYSTEMPATH/CodeIgniter.php(490): CodeIgniter\CodeIgniter->createController()
 3 SYSTEMPATH/CodeIgniter.php(368): CodeIgniter\CodeIgniter->handleRequest(null, Object(Config\Cache), false)
 4 FCPATH/index.php(67): CodeIgniter\CodeIgniter->run()
WARNING - 2025-07-28 12:52:30 --> [DEPRECATED] Creation of dynamic property App\Controllers\Orders::$ChatModel is deprecated in APPPATH/Controllers/Orders.php on line 53.
 1 SYSTEMPATH/CodeIgniter.php(906): App\Controllers\Orders->__construct()
 2 SYSTEMPATH/CodeIgniter.php(490): CodeIgniter\CodeIgniter->createController()
 3 SYSTEMPATH/CodeIgniter.php(368): CodeIgniter\CodeIgniter->handleRequest(null, Object(Config\Cache), false)
 4 FCPATH/index.php(67): CodeIgniter\CodeIgniter->run()
WARNING - 2025-07-28 12:52:30 --> [DEPRECATED] Creation of dynamic property App\Controllers\Orders::$Allsettings is deprecated in APPPATH/Controllers/Orders.php on line 54.
 1 SYSTEMPATH/CodeIgniter.php(906): App\Controllers\Orders->__construct()
 2 SYSTEMPATH/CodeIgniter.php(490): CodeIgniter\CodeIgniter->createController()
 3 SYSTEMPATH/CodeIgniter.php(368): CodeIgniter\CodeIgniter->handleRequest(null, Object(Config\Cache), false)
 4 FCPATH/index.php(67): CodeIgniter\CodeIgniter->run()
WARNING - 2025-07-28 12:52:30 --> [DEPRECATED] Creation of dynamic property App\Controllers\Orders::$ShippingDataModel is deprecated in APPPATH/Controllers/Orders.php on line 55.
 1 SYSTEMPATH/CodeIgniter.php(906): App\Controllers\Orders->__construct()
 2 SYSTEMPATH/CodeIgniter.php(490): CodeIgniter\CodeIgniter->createController()
 3 SYSTEMPATH/CodeIgniter.php(368): CodeIgniter\CodeIgniter->handleRequest(null, Object(Config\Cache), false)
 4 FCPATH/index.php(67): CodeIgniter\CodeIgniter->run()
WARNING - 2025-07-28 12:52:30 --> [DEPRECATED] Creation of dynamic property App\Controllers\Orders::$cityModel is deprecated in APPPATH/Controllers/Orders.php on line 56.
 1 SYSTEMPATH/CodeIgniter.php(906): App\Controllers\Orders->__construct()
 2 SYSTEMPATH/CodeIgniter.php(490): CodeIgniter\CodeIgniter->createController()
 3 SYSTEMPATH/CodeIgniter.php(368): CodeIgniter\CodeIgniter->handleRequest(null, Object(Config\Cache), false)
 4 FCPATH/index.php(67): CodeIgniter\CodeIgniter->run()
WARNING - 2025-07-28 12:52:30 --> [DEPRECATED] Creation of dynamic property App\Controllers\Orders::$stateModel is deprecated in APPPATH/Controllers/Orders.php on line 57.
 1 SYSTEMPATH/CodeIgniter.php(906): App\Controllers\Orders->__construct()
 2 SYSTEMPATH/CodeIgniter.php(490): CodeIgniter\CodeIgniter->createController()
 3 SYSTEMPATH/CodeIgniter.php(368): CodeIgniter\CodeIgniter->handleRequest(null, Object(Config\Cache), false)
 4 FCPATH/index.php(67): CodeIgniter\CodeIgniter->run()
WARNING - 2025-07-28 12:52:30 --> [DEPRECATED] Creation of dynamic property App\Controllers\Orders::$taxModel is deprecated in APPPATH/Controllers/Orders.php on line 58.
 1 SYSTEMPATH/CodeIgniter.php(906): App\Controllers\Orders->__construct()
 2 SYSTEMPATH/CodeIgniter.php(490): CodeIgniter\CodeIgniter->createController()
 3 SYSTEMPATH/CodeIgniter.php(368): CodeIgniter\CodeIgniter->handleRequest(null, Object(Config\Cache), false)
 4 FCPATH/index.php(67): CodeIgniter\CodeIgniter->run()
INFO - 2025-07-28 12:52:39 --> Session: Class initialized using 'CodeIgniter\Session\Handlers\FileHandler' driver.
WARNING - 2025-07-28 12:52:39 --> [DEPRECATED] Creation of dynamic property App\Controllers\Home::$user_model is deprecated in APPPATH/Controllers/Home.php on line 35.
 1 SYSTEMPATH/CodeIgniter.php(906): App\Controllers\Home->__construct()
 2 SYSTEMPATH/CodeIgniter.php(490): CodeIgniter\CodeIgniter->createController()
 3 SYSTEMPATH/CodeIgniter.php(368): CodeIgniter\CodeIgniter->handleRequest(null, Object(Config\Cache), false)
 4 FCPATH/index.php(67): CodeIgniter\CodeIgniter->run()
WARNING - 2025-07-28 12:52:39 --> [DEPRECATED] Creation of dynamic property App\Controllers\Home::$BlogModel is deprecated in APPPATH/Controllers/Home.php on line 43.
 1 SYSTEMPATH/CodeIgniter.php(906): App\Controllers\Home->__construct()
 2 SYSTEMPATH/CodeIgniter.php(490): CodeIgniter\CodeIgniter->createController()
 3 SYSTEMPATH/CodeIgniter.php(368): CodeIgniter\CodeIgniter->handleRequest(null, Object(Config\Cache), false)
 4 FCPATH/index.php(67): CodeIgniter\CodeIgniter->run()
WARNING - 2025-07-28 12:52:39 --> [DEPRECATED] Creation of dynamic property App\Controllers\Home::$EnquiryModel is deprecated in APPPATH/Controllers/Home.php on line 44.
 1 SYSTEMPATH/CodeIgniter.php(906): App\Controllers\Home->__construct()
 2 SYSTEMPATH/CodeIgniter.php(490): CodeIgniter\CodeIgniter->createController()
 3 SYSTEMPATH/CodeIgniter.php(368): CodeIgniter\CodeIgniter->handleRequest(null, Object(Config\Cache), false)
 4 FCPATH/index.php(67): CodeIgniter\CodeIgniter->run()
WARNING - 2025-07-28 12:52:39 --> [DEPRECATED] Creation of dynamic property App\Controllers\Home::$Allsettingsmodel is deprecated in APPPATH/Controllers/Home.php on line 45.
 1 SYSTEMPATH/CodeIgniter.php(906): App\Controllers\Home->__construct()
 2 SYSTEMPATH/CodeIgniter.php(490): CodeIgniter\CodeIgniter->createController()
 3 SYSTEMPATH/CodeIgniter.php(368): CodeIgniter\CodeIgniter->handleRequest(null, Object(Config\Cache), false)
 4 FCPATH/index.php(67): CodeIgniter\CodeIgniter->run()
INFO - 2025-07-28 12:52:43 --> Session: Class initialized using 'CodeIgniter\Session\Handlers\FileHandler' driver.
WARNING - 2025-07-28 12:52:43 --> [DEPRECATED] Creation of dynamic property App\Controllers\Orders::$session is deprecated in APPPATH/Controllers/Orders.php on line 34.
 1 SYSTEMPATH/CodeIgniter.php(906): App\Controllers\Orders->__construct()
 2 SYSTEMPATH/CodeIgniter.php(490): CodeIgniter\CodeIgniter->createController()
 3 SYSTEMPATH/CodeIgniter.php(368): CodeIgniter\CodeIgniter->handleRequest(null, Object(Config\Cache), false)
 4 FCPATH/index.php(67): CodeIgniter\CodeIgniter->run()
WARNING - 2025-07-28 12:52:43 --> Session: Sessions is enabled, and one exists. Please don't $session->start();
WARNING - 2025-07-28 12:52:43 --> [DEPRECATED] Creation of dynamic property App\Controllers\Orders::$coupons is deprecated in APPPATH/Controllers/Orders.php on line 38.
 1 SYSTEMPATH/CodeIgniter.php(906): App\Controllers\Orders->__construct()
 2 SYSTEMPATH/CodeIgniter.php(490): CodeIgniter\CodeIgniter->createController()
 3 SYSTEMPATH/CodeIgniter.php(368): CodeIgniter\CodeIgniter->handleRequest(null, Object(Config\Cache), false)
 4 FCPATH/index.php(67): CodeIgniter\CodeIgniter->run()
WARNING - 2025-07-28 12:52:43 --> [DEPRECATED] Creation of dynamic property App\Controllers\Orders::$faqs is deprecated in APPPATH/Controllers/Orders.php on line 39.
 1 SYSTEMPATH/CodeIgniter.php(906): App\Controllers\Orders->__construct()
 2 SYSTEMPATH/CodeIgniter.php(490): CodeIgniter\CodeIgniter->createController()
 3 SYSTEMPATH/CodeIgniter.php(368): CodeIgniter\CodeIgniter->handleRequest(null, Object(Config\Cache), false)
 4 FCPATH/index.php(67): CodeIgniter\CodeIgniter->run()
WARNING - 2025-07-28 12:52:43 --> [DEPRECATED] Creation of dynamic property App\Controllers\Orders::$seo is deprecated in APPPATH/Controllers/Orders.php on line 40.
 1 SYSTEMPATH/CodeIgniter.php(906): App\Controllers\Orders->__construct()
 2 SYSTEMPATH/CodeIgniter.php(490): CodeIgniter\CodeIgniter->createController()
 3 SYSTEMPATH/CodeIgniter.php(368): CodeIgniter\CodeIgniter->handleRequest(null, Object(Config\Cache), false)
 4 FCPATH/index.php(67): CodeIgniter\CodeIgniter->run()
WARNING - 2025-07-28 12:52:43 --> [DEPRECATED] Creation of dynamic property App\Controllers\Orders::$Ordermodel is deprecated in APPPATH/Controllers/Orders.php on line 41.
 1 SYSTEMPATH/CodeIgniter.php(906): App\Controllers\Orders->__construct()
 2 SYSTEMPATH/CodeIgniter.php(490): CodeIgniter\CodeIgniter->createController()
 3 SYSTEMPATH/CodeIgniter.php(368): CodeIgniter\CodeIgniter->handleRequest(null, Object(Config\Cache), false)
 4 FCPATH/index.php(67): CodeIgniter\CodeIgniter->run()
WARNING - 2025-07-28 12:52:43 --> [DEPRECATED] Creation of dynamic property App\Controllers\Orders::$testimonial is deprecated in APPPATH/Controllers/Orders.php on line 42.
 1 SYSTEMPATH/CodeIgniter.php(906): App\Controllers\Orders->__construct()
 2 SYSTEMPATH/CodeIgniter.php(490): CodeIgniter\CodeIgniter->createController()
 3 SYSTEMPATH/CodeIgniter.php(368): CodeIgniter\CodeIgniter->handleRequest(null, Object(Config\Cache), false)
 4 FCPATH/index.php(67): CodeIgniter\CodeIgniter->run()
WARNING - 2025-07-28 12:52:43 --> [DEPRECATED] Creation of dynamic property App\Controllers\Orders::$enquiry is deprecated in APPPATH/Controllers/Orders.php on line 43.
 1 SYSTEMPATH/CodeIgniter.php(906): App\Controllers\Orders->__construct()
 2 SYSTEMPATH/CodeIgniter.php(490): CodeIgniter\CodeIgniter->createController()
 3 SYSTEMPATH/CodeIgniter.php(368): CodeIgniter\CodeIgniter->handleRequest(null, Object(Config\Cache), false)
 4 FCPATH/index.php(67): CodeIgniter\CodeIgniter->run()
WARNING - 2025-07-28 12:52:43 --> [DEPRECATED] Creation of dynamic property App\Controllers\Orders::$product is deprecated in APPPATH/Controllers/Orders.php on line 44.
 1 SYSTEMPATH/CodeIgniter.php(906): App\Controllers\Orders->__construct()
 2 SYSTEMPATH/CodeIgniter.php(490): CodeIgniter\CodeIgniter->createController()
 3 SYSTEMPATH/CodeIgniter.php(368): CodeIgniter\CodeIgniter->handleRequest(null, Object(Config\Cache), false)
 4 FCPATH/index.php(67): CodeIgniter\CodeIgniter->run()
WARNING - 2025-07-28 12:52:43 --> [DEPRECATED] Creation of dynamic property App\Controllers\Orders::$orderitem is deprecated in APPPATH/Controllers/Orders.php on line 45.
 1 SYSTEMPATH/CodeIgniter.php(906): App\Controllers\Orders->__construct()
 2 SYSTEMPATH/CodeIgniter.php(490): CodeIgniter\CodeIgniter->createController()
 3 SYSTEMPATH/CodeIgniter.php(368): CodeIgniter\CodeIgniter->handleRequest(null, Object(Config\Cache), false)
 4 FCPATH/index.php(67): CodeIgniter\CodeIgniter->run()
WARNING - 2025-07-28 12:52:43 --> [DEPRECATED] Creation of dynamic property App\Controllers\Orders::$Ordercomment is deprecated in APPPATH/Controllers/Orders.php on line 46.
 1 SYSTEMPATH/CodeIgniter.php(906): App\Controllers\Orders->__construct()
 2 SYSTEMPATH/CodeIgniter.php(490): CodeIgniter\CodeIgniter->createController()
 3 SYSTEMPATH/CodeIgniter.php(368): CodeIgniter\CodeIgniter->handleRequest(null, Object(Config\Cache), false)
 4 FCPATH/index.php(67): CodeIgniter\CodeIgniter->run()
WARNING - 2025-07-28 12:52:43 --> [DEPRECATED] Creation of dynamic property App\Controllers\Orders::$catagory is deprecated in APPPATH/Controllers/Orders.php on line 47.
 1 SYSTEMPATH/CodeIgniter.php(906): App\Controllers\Orders->__construct()
 2 SYSTEMPATH/CodeIgniter.php(490): CodeIgniter\CodeIgniter->createController()
 3 SYSTEMPATH/CodeIgniter.php(368): CodeIgniter\CodeIgniter->handleRequest(null, Object(Config\Cache), false)
 4 FCPATH/index.php(67): CodeIgniter\CodeIgniter->run()
WARNING - 2025-07-28 12:52:43 --> [DEPRECATED] Creation of dynamic property App\Controllers\Orders::$User is deprecated in APPPATH/Controllers/Orders.php on line 48.
 1 SYSTEMPATH/CodeIgniter.php(906): App\Controllers\Orders->__construct()
 2 SYSTEMPATH/CodeIgniter.php(490): CodeIgniter\CodeIgniter->createController()
 3 SYSTEMPATH/CodeIgniter.php(368): CodeIgniter\CodeIgniter->handleRequest(null, Object(Config\Cache), false)
 4 FCPATH/index.php(67): CodeIgniter\CodeIgniter->run()
WARNING - 2025-07-28 12:52:43 --> [DEPRECATED] Creation of dynamic property App\Controllers\Orders::$shippingmethod is deprecated in APPPATH/Controllers/Orders.php on line 49.
 1 SYSTEMPATH/CodeIgniter.php(906): App\Controllers\Orders->__construct()
 2 SYSTEMPATH/CodeIgniter.php(490): CodeIgniter\CodeIgniter->createController()
 3 SYSTEMPATH/CodeIgniter.php(368): CodeIgniter\CodeIgniter->handleRequest(null, Object(Config\Cache), false)
 4 FCPATH/index.php(67): CodeIgniter\CodeIgniter->run()
WARNING - 2025-07-28 12:52:43 --> [DEPRECATED] Creation of dynamic property App\Controllers\Orders::$shippingrate is deprecated in APPPATH/Controllers/Orders.php on line 50.
 1 SYSTEMPATH/CodeIgniter.php(906): App\Controllers\Orders->__construct()
 2 SYSTEMPATH/CodeIgniter.php(490): CodeIgniter\CodeIgniter->createController()
 3 SYSTEMPATH/CodeIgniter.php(368): CodeIgniter\CodeIgniter->handleRequest(null, Object(Config\Cache), false)
 4 FCPATH/index.php(67): CodeIgniter\CodeIgniter->run()
WARNING - 2025-07-28 12:52:43 --> [DEPRECATED] Creation of dynamic property App\Controllers\Orders::$shippingzone is deprecated in APPPATH/Controllers/Orders.php on line 51.
 1 SYSTEMPATH/CodeIgniter.php(906): App\Controllers\Orders->__construct()
 2 SYSTEMPATH/CodeIgniter.php(490): CodeIgniter\CodeIgniter->createController()
 3 SYSTEMPATH/CodeIgniter.php(368): CodeIgniter\CodeIgniter->handleRequest(null, Object(Config\Cache), false)
 4 FCPATH/index.php(67): CodeIgniter\CodeIgniter->run()
WARNING - 2025-07-28 12:52:43 --> [DEPRECATED] Creation of dynamic property App\Controllers\Orders::$country is deprecated in APPPATH/Controllers/Orders.php on line 52.
 1 SYSTEMPATH/CodeIgniter.php(906): App\Controllers\Orders->__construct()
 2 SYSTEMPATH/CodeIgniter.php(490): CodeIgniter\CodeIgniter->createController()
 3 SYSTEMPATH/CodeIgniter.php(368): CodeIgniter\CodeIgniter->handleRequest(null, Object(Config\Cache), false)
 4 FCPATH/index.php(67): CodeIgniter\CodeIgniter->run()
WARNING - 2025-07-28 12:52:43 --> [DEPRECATED] Creation of dynamic property App\Controllers\Orders::$ChatModel is deprecated in APPPATH/Controllers/Orders.php on line 53.
 1 SYSTEMPATH/CodeIgniter.php(906): App\Controllers\Orders->__construct()
 2 SYSTEMPATH/CodeIgniter.php(490): CodeIgniter\CodeIgniter->createController()
 3 SYSTEMPATH/CodeIgniter.php(368): CodeIgniter\CodeIgniter->handleRequest(null, Object(Config\Cache), false)
 4 FCPATH/index.php(67): CodeIgniter\CodeIgniter->run()
WARNING - 2025-07-28 12:52:43 --> [DEPRECATED] Creation of dynamic property App\Controllers\Orders::$Allsettings is deprecated in APPPATH/Controllers/Orders.php on line 54.
 1 SYSTEMPATH/CodeIgniter.php(906): App\Controllers\Orders->__construct()
 2 SYSTEMPATH/CodeIgniter.php(490): CodeIgniter\CodeIgniter->createController()
 3 SYSTEMPATH/CodeIgniter.php(368): CodeIgniter\CodeIgniter->handleRequest(null, Object(Config\Cache), false)
 4 FCPATH/index.php(67): CodeIgniter\CodeIgniter->run()
WARNING - 2025-07-28 12:52:43 --> [DEPRECATED] Creation of dynamic property App\Controllers\Orders::$ShippingDataModel is deprecated in APPPATH/Controllers/Orders.php on line 55.
 1 SYSTEMPATH/CodeIgniter.php(906): App\Controllers\Orders->__construct()
 2 SYSTEMPATH/CodeIgniter.php(490): CodeIgniter\CodeIgniter->createController()
 3 SYSTEMPATH/CodeIgniter.php(368): CodeIgniter\CodeIgniter->handleRequest(null, Object(Config\Cache), false)
 4 FCPATH/index.php(67): CodeIgniter\CodeIgniter->run()
WARNING - 2025-07-28 12:52:43 --> [DEPRECATED] Creation of dynamic property App\Controllers\Orders::$cityModel is deprecated in APPPATH/Controllers/Orders.php on line 56.
 1 SYSTEMPATH/CodeIgniter.php(906): App\Controllers\Orders->__construct()
 2 SYSTEMPATH/CodeIgniter.php(490): CodeIgniter\CodeIgniter->createController()
 3 SYSTEMPATH/CodeIgniter.php(368): CodeIgniter\CodeIgniter->handleRequest(null, Object(Config\Cache), false)
 4 FCPATH/index.php(67): CodeIgniter\CodeIgniter->run()
WARNING - 2025-07-28 12:52:43 --> [DEPRECATED] Creation of dynamic property App\Controllers\Orders::$stateModel is deprecated in APPPATH/Controllers/Orders.php on line 57.
 1 SYSTEMPATH/CodeIgniter.php(906): App\Controllers\Orders->__construct()
 2 SYSTEMPATH/CodeIgniter.php(490): CodeIgniter\CodeIgniter->createController()
 3 SYSTEMPATH/CodeIgniter.php(368): CodeIgniter\CodeIgniter->handleRequest(null, Object(Config\Cache), false)
 4 FCPATH/index.php(67): CodeIgniter\CodeIgniter->run()
WARNING - 2025-07-28 12:52:43 --> [DEPRECATED] Creation of dynamic property App\Controllers\Orders::$taxModel is deprecated in APPPATH/Controllers/Orders.php on line 58.
 1 SYSTEMPATH/CodeIgniter.php(906): App\Controllers\Orders->__construct()
 2 SYSTEMPATH/CodeIgniter.php(490): CodeIgniter\CodeIgniter->createController()
 3 SYSTEMPATH/CodeIgniter.php(368): CodeIgniter\CodeIgniter->handleRequest(null, Object(Config\Cache), false)
 4 FCPATH/index.php(67): CodeIgniter\CodeIgniter->run()
INFO - 2025-07-28 12:52:44 --> Session: Class initialized using 'CodeIgniter\Session\Handlers\FileHandler' driver.
WARNING - 2025-07-28 12:52:44 --> [DEPRECATED] Creation of dynamic property App\Controllers\Home::$user_model is deprecated in APPPATH/Controllers/Home.php on line 35.
 1 SYSTEMPATH/CodeIgniter.php(906): App\Controllers\Home->__construct()
 2 SYSTEMPATH/CodeIgniter.php(490): CodeIgniter\CodeIgniter->createController()
 3 SYSTEMPATH/CodeIgniter.php(368): CodeIgniter\CodeIgniter->handleRequest(null, Object(Config\Cache), false)
 4 FCPATH/index.php(67): CodeIgniter\CodeIgniter->run()
WARNING - 2025-07-28 12:52:44 --> [DEPRECATED] Creation of dynamic property App\Controllers\Home::$BlogModel is deprecated in APPPATH/Controllers/Home.php on line 43.
 1 SYSTEMPATH/CodeIgniter.php(906): App\Controllers\Home->__construct()
 2 SYSTEMPATH/CodeIgniter.php(490): CodeIgniter\CodeIgniter->createController()
 3 SYSTEMPATH/CodeIgniter.php(368): CodeIgniter\CodeIgniter->handleRequest(null, Object(Config\Cache), false)
 4 FCPATH/index.php(67): CodeIgniter\CodeIgniter->run()
WARNING - 2025-07-28 12:52:44 --> [DEPRECATED] Creation of dynamic property App\Controllers\Home::$EnquiryModel is deprecated in APPPATH/Controllers/Home.php on line 44.
 1 SYSTEMPATH/CodeIgniter.php(906): App\Controllers\Home->__construct()
 2 SYSTEMPATH/CodeIgniter.php(490): CodeIgniter\CodeIgniter->createController()
 3 SYSTEMPATH/CodeIgniter.php(368): CodeIgniter\CodeIgniter->handleRequest(null, Object(Config\Cache), false)
 4 FCPATH/index.php(67): CodeIgniter\CodeIgniter->run()
WARNING - 2025-07-28 12:52:44 --> [DEPRECATED] Creation of dynamic property App\Controllers\Home::$Allsettingsmodel is deprecated in APPPATH/Controllers/Home.php on line 45.
 1 SYSTEMPATH/CodeIgniter.php(906): App\Controllers\Home->__construct()
 2 SYSTEMPATH/CodeIgniter.php(490): CodeIgniter\CodeIgniter->createController()
 3 SYSTEMPATH/CodeIgniter.php(368): CodeIgniter\CodeIgniter->handleRequest(null, Object(Config\Cache), false)
 4 FCPATH/index.php(67): CodeIgniter\CodeIgniter->run()
INFO - 2025-07-28 12:52:47 --> Session: Class initialized using 'CodeIgniter\Session\Handlers\FileHandler' driver.
WARNING - 2025-07-28 12:52:47 --> [DEPRECATED] Creation of dynamic property App\Controllers\Customers::$session is deprecated in APPPATH/Controllers/Customers.php on line 19.
 1 SYSTEMPATH/CodeIgniter.php(906): App\Controllers\Customers->__construct()
 2 SYSTEMPATH/CodeIgniter.php(490): CodeIgniter\CodeIgniter->createController()
 3 SYSTEMPATH/CodeIgniter.php(368): CodeIgniter\CodeIgniter->handleRequest(null, Object(Config\Cache), false)
 4 FCPATH/index.php(67): CodeIgniter\CodeIgniter->run()
WARNING - 2025-07-28 12:52:47 --> Session: Sessions is enabled, and one exists. Please don't $session->start();
WARNING - 2025-07-28 12:52:47 --> [DEPRECATED] Creation of dynamic property App\Controllers\Customers::$country is deprecated in APPPATH/Controllers/Customers.php on line 23.
 1 SYSTEMPATH/CodeIgniter.php(906): App\Controllers\Customers->__construct()
 2 SYSTEMPATH/CodeIgniter.php(490): CodeIgniter\CodeIgniter->createController()
 3 SYSTEMPATH/CodeIgniter.php(368): CodeIgniter\CodeIgniter->handleRequest(null, Object(Config\Cache), false)
 4 FCPATH/index.php(67): CodeIgniter\CodeIgniter->run()
WARNING - 2025-07-28 12:52:47 --> [DEPRECATED] Creation of dynamic property App\Controllers\Customers::$state is deprecated in APPPATH/Controllers/Customers.php on line 24.
 1 SYSTEMPATH/CodeIgniter.php(906): App\Controllers\Customers->__construct()
 2 SYSTEMPATH/CodeIgniter.php(490): CodeIgniter\CodeIgniter->createController()
 3 SYSTEMPATH/CodeIgniter.php(368): CodeIgniter\CodeIgniter->handleRequest(null, Object(Config\Cache), false)
 4 FCPATH/index.php(67): CodeIgniter\CodeIgniter->run()
WARNING - 2025-07-28 12:52:47 --> [DEPRECATED] Creation of dynamic property App\Controllers\Customers::$city is deprecated in APPPATH/Controllers/Customers.php on line 25.
 1 SYSTEMPATH/CodeIgniter.php(906): App\Controllers\Customers->__construct()
 2 SYSTEMPATH/CodeIgniter.php(490): CodeIgniter\CodeIgniter->createController()
 3 SYSTEMPATH/CodeIgniter.php(368): CodeIgniter\CodeIgniter->handleRequest(null, Object(Config\Cache), false)
 4 FCPATH/index.php(67): CodeIgniter\CodeIgniter->run()
WARNING - 2025-07-28 12:52:47 --> [DEPRECATED] Creation of dynamic property App\Controllers\Customers::$users is deprecated in APPPATH/Controllers/Customers.php on line 26.
 1 SYSTEMPATH/CodeIgniter.php(906): App\Controllers\Customers->__construct()
 2 SYSTEMPATH/CodeIgniter.php(490): CodeIgniter\CodeIgniter->createController()
 3 SYSTEMPATH/CodeIgniter.php(368): CodeIgniter\CodeIgniter->handleRequest(null, Object(Config\Cache), false)
 4 FCPATH/index.php(67): CodeIgniter\CodeIgniter->run()
WARNING - 2025-07-28 12:52:47 --> [DEPRECATED] Creation of dynamic property App\Controllers\Customers::$variation is deprecated in APPPATH/Controllers/Customers.php on line 27.
 1 SYSTEMPATH/CodeIgniter.php(906): App\Controllers\Customers->__construct()
 2 SYSTEMPATH/CodeIgniter.php(490): CodeIgniter\CodeIgniter->createController()
 3 SYSTEMPATH/CodeIgniter.php(368): CodeIgniter\CodeIgniter->handleRequest(null, Object(Config\Cache), false)
 4 FCPATH/index.php(67): CodeIgniter\CodeIgniter->run()
WARNING - 2025-07-28 12:52:47 --> [DEPRECATED] Creation of dynamic property App\Controllers\Customers::$variationtype is deprecated in APPPATH/Controllers/Customers.php on line 28.
 1 SYSTEMPATH/CodeIgniter.php(906): App\Controllers\Customers->__construct()
 2 SYSTEMPATH/CodeIgniter.php(490): CodeIgniter\CodeIgniter->createController()
 3 SYSTEMPATH/CodeIgniter.php(368): CodeIgniter\CodeIgniter->handleRequest(null, Object(Config\Cache), false)
 4 FCPATH/index.php(67): CodeIgniter\CodeIgniter->run()
WARNING - 2025-07-28 12:52:47 --> [DEPRECATED] Creation of dynamic property App\Controllers\Customers::$brand is deprecated in APPPATH/Controllers/Customers.php on line 29.
 1 SYSTEMPATH/CodeIgniter.php(906): App\Controllers\Customers->__construct()
 2 SYSTEMPATH/CodeIgniter.php(490): CodeIgniter\CodeIgniter->createController()
 3 SYSTEMPATH/CodeIgniter.php(368): CodeIgniter\CodeIgniter->handleRequest(null, Object(Config\Cache), false)
 4 FCPATH/index.php(67): CodeIgniter\CodeIgniter->run()
WARNING - 2025-07-28 12:52:47 --> [DEPRECATED] Creation of dynamic property App\Controllers\Customers::$User_shipping_addressmodel is deprecated in APPPATH/Controllers/Customers.php on line 30.
 1 SYSTEMPATH/CodeIgniter.php(906): App\Controllers\Customers->__construct()
 2 SYSTEMPATH/CodeIgniter.php(490): CodeIgniter\CodeIgniter->createController()
 3 SYSTEMPATH/CodeIgniter.php(368): CodeIgniter\CodeIgniter->handleRequest(null, Object(Config\Cache), false)
 4 FCPATH/index.php(67): CodeIgniter\CodeIgniter->run()
INFO - 2025-07-28 12:52:49 --> Session: Class initialized using 'CodeIgniter\Session\Handlers\FileHandler' driver.
WARNING - 2025-07-28 12:52:49 --> [DEPRECATED] Creation of dynamic property App\Controllers\Customers::$session is deprecated in APPPATH/Controllers/Customers.php on line 19.
 1 SYSTEMPATH/CodeIgniter.php(906): App\Controllers\Customers->__construct()
 2 SYSTEMPATH/CodeIgniter.php(490): CodeIgniter\CodeIgniter->createController()
 3 SYSTEMPATH/CodeIgniter.php(368): CodeIgniter\CodeIgniter->handleRequest(null, Object(Config\Cache), false)
 4 FCPATH/index.php(67): CodeIgniter\CodeIgniter->run()
WARNING - 2025-07-28 12:52:49 --> Session: Sessions is enabled, and one exists. Please don't $session->start();
WARNING - 2025-07-28 12:52:49 --> [DEPRECATED] Creation of dynamic property App\Controllers\Customers::$country is deprecated in APPPATH/Controllers/Customers.php on line 23.
 1 SYSTEMPATH/CodeIgniter.php(906): App\Controllers\Customers->__construct()
 2 SYSTEMPATH/CodeIgniter.php(490): CodeIgniter\CodeIgniter->createController()
 3 SYSTEMPATH/CodeIgniter.php(368): CodeIgniter\CodeIgniter->handleRequest(null, Object(Config\Cache), false)
 4 FCPATH/index.php(67): CodeIgniter\CodeIgniter->run()
WARNING - 2025-07-28 12:52:49 --> [DEPRECATED] Creation of dynamic property App\Controllers\Customers::$state is deprecated in APPPATH/Controllers/Customers.php on line 24.
 1 SYSTEMPATH/CodeIgniter.php(906): App\Controllers\Customers->__construct()
 2 SYSTEMPATH/CodeIgniter.php(490): CodeIgniter\CodeIgniter->createController()
 3 SYSTEMPATH/CodeIgniter.php(368): CodeIgniter\CodeIgniter->handleRequest(null, Object(Config\Cache), false)
 4 FCPATH/index.php(67): CodeIgniter\CodeIgniter->run()
WARNING - 2025-07-28 12:52:49 --> [DEPRECATED] Creation of dynamic property App\Controllers\Customers::$city is deprecated in APPPATH/Controllers/Customers.php on line 25.
 1 SYSTEMPATH/CodeIgniter.php(906): App\Controllers\Customers->__construct()
 2 SYSTEMPATH/CodeIgniter.php(490): CodeIgniter\CodeIgniter->createController()
 3 SYSTEMPATH/CodeIgniter.php(368): CodeIgniter\CodeIgniter->handleRequest(null, Object(Config\Cache), false)
 4 FCPATH/index.php(67): CodeIgniter\CodeIgniter->run()
WARNING - 2025-07-28 12:52:49 --> [DEPRECATED] Creation of dynamic property App\Controllers\Customers::$users is deprecated in APPPATH/Controllers/Customers.php on line 26.
 1 SYSTEMPATH/CodeIgniter.php(906): App\Controllers\Customers->__construct()
 2 SYSTEMPATH/CodeIgniter.php(490): CodeIgniter\CodeIgniter->createController()
 3 SYSTEMPATH/CodeIgniter.php(368): CodeIgniter\CodeIgniter->handleRequest(null, Object(Config\Cache), false)
 4 FCPATH/index.php(67): CodeIgniter\CodeIgniter->run()
WARNING - 2025-07-28 12:52:49 --> [DEPRECATED] Creation of dynamic property App\Controllers\Customers::$variation is deprecated in APPPATH/Controllers/Customers.php on line 27.
 1 SYSTEMPATH/CodeIgniter.php(906): App\Controllers\Customers->__construct()
 2 SYSTEMPATH/CodeIgniter.php(490): CodeIgniter\CodeIgniter->createController()
 3 SYSTEMPATH/CodeIgniter.php(368): CodeIgniter\CodeIgniter->handleRequest(null, Object(Config\Cache), false)
 4 FCPATH/index.php(67): CodeIgniter\CodeIgniter->run()
WARNING - 2025-07-28 12:52:49 --> [DEPRECATED] Creation of dynamic property App\Controllers\Customers::$variationtype is deprecated in APPPATH/Controllers/Customers.php on line 28.
 1 SYSTEMPATH/CodeIgniter.php(906): App\Controllers\Customers->__construct()
 2 SYSTEMPATH/CodeIgniter.php(490): CodeIgniter\CodeIgniter->createController()
 3 SYSTEMPATH/CodeIgniter.php(368): CodeIgniter\CodeIgniter->handleRequest(null, Object(Config\Cache), false)
 4 FCPATH/index.php(67): CodeIgniter\CodeIgniter->run()
WARNING - 2025-07-28 12:52:49 --> [DEPRECATED] Creation of dynamic property App\Controllers\Customers::$brand is deprecated in APPPATH/Controllers/Customers.php on line 29.
 1 SYSTEMPATH/CodeIgniter.php(906): App\Controllers\Customers->__construct()
 2 SYSTEMPATH/CodeIgniter.php(490): CodeIgniter\CodeIgniter->createController()
 3 SYSTEMPATH/CodeIgniter.php(368): CodeIgniter\CodeIgniter->handleRequest(null, Object(Config\Cache), false)
 4 FCPATH/index.php(67): CodeIgniter\CodeIgniter->run()
WARNING - 2025-07-28 12:52:49 --> [DEPRECATED] Creation of dynamic property App\Controllers\Customers::$User_shipping_addressmodel is deprecated in APPPATH/Controllers/Customers.php on line 30.
 1 SYSTEMPATH/CodeIgniter.php(906): App\Controllers\Customers->__construct()
 2 SYSTEMPATH/CodeIgniter.php(490): CodeIgniter\CodeIgniter->createController()
 3 SYSTEMPATH/CodeIgniter.php(368): CodeIgniter\CodeIgniter->handleRequest(null, Object(Config\Cache), false)
 4 FCPATH/index.php(67): CodeIgniter\CodeIgniter->run()
WARNING - 2025-07-28 12:52:50 --> [DEPRECATED] Creation of dynamic property App\Controllers\Home::$user_model is deprecated in APPPATH/Controllers/Home.php on line 35.
 1 SYSTEMPATH/CodeIgniter.php(906): App\Controllers\Home->__construct()
 2 SYSTEMPATH/CodeIgniter.php(490): CodeIgniter\CodeIgniter->createController()
 3 SYSTEMPATH/CodeIgniter.php(368): CodeIgniter\CodeIgniter->handleRequest(null, Object(Config\Cache), false)
 4 FCPATH/index.php(67): CodeIgniter\CodeIgniter->run()
WARNING - 2025-07-28 12:52:50 --> [DEPRECATED] Creation of dynamic property App\Controllers\Home::$BlogModel is deprecated in APPPATH/Controllers/Home.php on line 43.
 1 SYSTEMPATH/CodeIgniter.php(906): App\Controllers\Home->__construct()
 2 SYSTEMPATH/CodeIgniter.php(490): CodeIgniter\CodeIgniter->createController()
 3 SYSTEMPATH/CodeIgniter.php(368): CodeIgniter\CodeIgniter->handleRequest(null, Object(Config\Cache), false)
 4 FCPATH/index.php(67): CodeIgniter\CodeIgniter->run()
WARNING - 2025-07-28 12:52:50 --> [DEPRECATED] Creation of dynamic property App\Controllers\Home::$EnquiryModel is deprecated in APPPATH/Controllers/Home.php on line 44.
 1 SYSTEMPATH/CodeIgniter.php(906): App\Controllers\Home->__construct()
 2 SYSTEMPATH/CodeIgniter.php(490): CodeIgniter\CodeIgniter->createController()
 3 SYSTEMPATH/CodeIgniter.php(368): CodeIgniter\CodeIgniter->handleRequest(null, Object(Config\Cache), false)
 4 FCPATH/index.php(67): CodeIgniter\CodeIgniter->run()
WARNING - 2025-07-28 12:52:50 --> [DEPRECATED] Creation of dynamic property App\Controllers\Home::$Allsettingsmodel is deprecated in APPPATH/Controllers/Home.php on line 45.
 1 SYSTEMPATH/CodeIgniter.php(906): App\Controllers\Home->__construct()
 2 SYSTEMPATH/CodeIgniter.php(490): CodeIgniter\CodeIgniter->createController()
 3 SYSTEMPATH/CodeIgniter.php(368): CodeIgniter\CodeIgniter->handleRequest(null, Object(Config\Cache), false)
 4 FCPATH/index.php(67): CodeIgniter\CodeIgniter->run()
INFO - 2025-07-28 12:52:50 --> Session: Class initialized using 'CodeIgniter\Session\Handlers\FileHandler' driver.
WARNING - 2025-07-28 12:53:09 --> [DEPRECATED] Creation of dynamic property App\Controllers\Home::$user_model is deprecated in APPPATH/Controllers/Home.php on line 35.
 1 SYSTEMPATH/CodeIgniter.php(906): App\Controllers\Home->__construct()
 2 SYSTEMPATH/CodeIgniter.php(490): CodeIgniter\CodeIgniter->createController()
 3 SYSTEMPATH/CodeIgniter.php(368): CodeIgniter\CodeIgniter->handleRequest(null, Object(Config\Cache), false)
 4 FCPATH/index.php(67): CodeIgniter\CodeIgniter->run()
WARNING - 2025-07-28 12:53:09 --> [DEPRECATED] Creation of dynamic property App\Controllers\Home::$BlogModel is deprecated in APPPATH/Controllers/Home.php on line 43.
 1 SYSTEMPATH/CodeIgniter.php(906): App\Controllers\Home->__construct()
 2 SYSTEMPATH/CodeIgniter.php(490): CodeIgniter\CodeIgniter->createController()
 3 SYSTEMPATH/CodeIgniter.php(368): CodeIgniter\CodeIgniter->handleRequest(null, Object(Config\Cache), false)
 4 FCPATH/index.php(67): CodeIgniter\CodeIgniter->run()
WARNING - 2025-07-28 12:53:09 --> [DEPRECATED] Creation of dynamic property App\Controllers\Home::$EnquiryModel is deprecated in APPPATH/Controllers/Home.php on line 44.
 1 SYSTEMPATH/CodeIgniter.php(906): App\Controllers\Home->__construct()
 2 SYSTEMPATH/CodeIgniter.php(490): CodeIgniter\CodeIgniter->createController()
 3 SYSTEMPATH/CodeIgniter.php(368): CodeIgniter\CodeIgniter->handleRequest(null, Object(Config\Cache), false)
 4 FCPATH/index.php(67): CodeIgniter\CodeIgniter->run()
WARNING - 2025-07-28 12:53:09 --> [DEPRECATED] Creation of dynamic property App\Controllers\Home::$Allsettingsmodel is deprecated in APPPATH/Controllers/Home.php on line 45.
 1 SYSTEMPATH/CodeIgniter.php(906): App\Controllers\Home->__construct()
 2 SYSTEMPATH/CodeIgniter.php(490): CodeIgniter\CodeIgniter->createController()
 3 SYSTEMPATH/CodeIgniter.php(368): CodeIgniter\CodeIgniter->handleRequest(null, Object(Config\Cache), false)
 4 FCPATH/index.php(67): CodeIgniter\CodeIgniter->run()
INFO - 2025-07-28 12:53:09 --> Session: Class initialized using 'CodeIgniter\Session\Handlers\FileHandler' driver.
INFO - 2025-07-28 12:53:14 --> Session: Class initialized using 'CodeIgniter\Session\Handlers\FileHandler' driver.
WARNING - 2025-07-28 12:53:14 --> [DEPRECATED] Creation of dynamic property App\Controllers\Home::$user_model is deprecated in APPPATH/Controllers/Home.php on line 35.
 1 SYSTEMPATH/CodeIgniter.php(906): App\Controllers\Home->__construct()
 2 SYSTEMPATH/CodeIgniter.php(490): CodeIgniter\CodeIgniter->createController()
 3 SYSTEMPATH/CodeIgniter.php(368): CodeIgniter\CodeIgniter->handleRequest(null, Object(Config\Cache), false)
 4 FCPATH/index.php(67): CodeIgniter\CodeIgniter->run()
WARNING - 2025-07-28 12:53:14 --> [DEPRECATED] Creation of dynamic property App\Controllers\Home::$BlogModel is deprecated in APPPATH/Controllers/Home.php on line 43.
 1 SYSTEMPATH/CodeIgniter.php(906): App\Controllers\Home->__construct()
 2 SYSTEMPATH/CodeIgniter.php(490): CodeIgniter\CodeIgniter->createController()
 3 SYSTEMPATH/CodeIgniter.php(368): CodeIgniter\CodeIgniter->handleRequest(null, Object(Config\Cache), false)
 4 FCPATH/index.php(67): CodeIgniter\CodeIgniter->run()
WARNING - 2025-07-28 12:53:14 --> [DEPRECATED] Creation of dynamic property App\Controllers\Home::$EnquiryModel is deprecated in APPPATH/Controllers/Home.php on line 44.
 1 SYSTEMPATH/CodeIgniter.php(906): App\Controllers\Home->__construct()
 2 SYSTEMPATH/CodeIgniter.php(490): CodeIgniter\CodeIgniter->createController()
 3 SYSTEMPATH/CodeIgniter.php(368): CodeIgniter\CodeIgniter->handleRequest(null, Object(Config\Cache), false)
 4 FCPATH/index.php(67): CodeIgniter\CodeIgniter->run()
WARNING - 2025-07-28 12:53:14 --> [DEPRECATED] Creation of dynamic property App\Controllers\Home::$Allsettingsmodel is deprecated in APPPATH/Controllers/Home.php on line 45.
 1 SYSTEMPATH/CodeIgniter.php(906): App\Controllers\Home->__construct()
 2 SYSTEMPATH/CodeIgniter.php(490): CodeIgniter\CodeIgniter->createController()
 3 SYSTEMPATH/CodeIgniter.php(368): CodeIgniter\CodeIgniter->handleRequest(null, Object(Config\Cache), false)
 4 FCPATH/index.php(67): CodeIgniter\CodeIgniter->run()
INFO - 2025-07-28 12:53:15 --> Session: Class initialized using 'CodeIgniter\Session\Handlers\FileHandler' driver.
WARNING - 2025-07-28 12:53:15 --> [DEPRECATED] Creation of dynamic property App\Controllers\Home::$user_model is deprecated in APPPATH/Controllers/Home.php on line 35.
 1 SYSTEMPATH/CodeIgniter.php(906): App\Controllers\Home->__construct()
 2 SYSTEMPATH/CodeIgniter.php(490): CodeIgniter\CodeIgniter->createController()
 3 SYSTEMPATH/CodeIgniter.php(368): CodeIgniter\CodeIgniter->handleRequest(null, Object(Config\Cache), false)
 4 FCPATH/index.php(67): CodeIgniter\CodeIgniter->run()
WARNING - 2025-07-28 12:53:15 --> [DEPRECATED] Creation of dynamic property App\Controllers\Home::$BlogModel is deprecated in APPPATH/Controllers/Home.php on line 43.
 1 SYSTEMPATH/CodeIgniter.php(906): App\Controllers\Home->__construct()
 2 SYSTEMPATH/CodeIgniter.php(490): CodeIgniter\CodeIgniter->createController()
 3 SYSTEMPATH/CodeIgniter.php(368): CodeIgniter\CodeIgniter->handleRequest(null, Object(Config\Cache), false)
 4 FCPATH/index.php(67): CodeIgniter\CodeIgniter->run()
WARNING - 2025-07-28 12:53:15 --> [DEPRECATED] Creation of dynamic property App\Controllers\Home::$EnquiryModel is deprecated in APPPATH/Controllers/Home.php on line 44.
 1 SYSTEMPATH/CodeIgniter.php(906): App\Controllers\Home->__construct()
 2 SYSTEMPATH/CodeIgniter.php(490): CodeIgniter\CodeIgniter->createController()
 3 SYSTEMPATH/CodeIgniter.php(368): CodeIgniter\CodeIgniter->handleRequest(null, Object(Config\Cache), false)
 4 FCPATH/index.php(67): CodeIgniter\CodeIgniter->run()
WARNING - 2025-07-28 12:53:15 --> [DEPRECATED] Creation of dynamic property App\Controllers\Home::$Allsettingsmodel is deprecated in APPPATH/Controllers/Home.php on line 45.
 1 SYSTEMPATH/CodeIgniter.php(906): App\Controllers\Home->__construct()
 2 SYSTEMPATH/CodeIgniter.php(490): CodeIgniter\CodeIgniter->createController()
 3 SYSTEMPATH/CodeIgniter.php(368): CodeIgniter\CodeIgniter->handleRequest(null, Object(Config\Cache), false)
 4 FCPATH/index.php(67): CodeIgniter\CodeIgniter->run()
INFO - 2025-07-28 12:53:25 --> Session: Class initialized using 'CodeIgniter\Session\Handlers\FileHandler' driver.
INFO - 2025-07-28 12:53:25 --> Session: Class initialized using 'CodeIgniter\Session\Handlers\FileHandler' driver.
WARNING - 2025-07-28 12:53:25 --> [DEPRECATED] Creation of dynamic property App\Controllers\Home::$user_model is deprecated in APPPATH/Controllers/Home.php on line 35.
 1 SYSTEMPATH/CodeIgniter.php(906): App\Controllers\Home->__construct()
 2 SYSTEMPATH/CodeIgniter.php(490): CodeIgniter\CodeIgniter->createController()
 3 SYSTEMPATH/CodeIgniter.php(368): CodeIgniter\CodeIgniter->handleRequest(null, Object(Config\Cache), false)
 4 FCPATH/index.php(67): CodeIgniter\CodeIgniter->run()
WARNING - 2025-07-28 12:53:25 --> [DEPRECATED] Creation of dynamic property App\Controllers\Home::$BlogModel is deprecated in APPPATH/Controllers/Home.php on line 43.
 1 SYSTEMPATH/CodeIgniter.php(906): App\Controllers\Home->__construct()
 2 SYSTEMPATH/CodeIgniter.php(490): CodeIgniter\CodeIgniter->createController()
 3 SYSTEMPATH/CodeIgniter.php(368): CodeIgniter\CodeIgniter->handleRequest(null, Object(Config\Cache), false)
 4 FCPATH/index.php(67): CodeIgniter\CodeIgniter->run()
WARNING - 2025-07-28 12:53:25 --> [DEPRECATED] Creation of dynamic property App\Controllers\Home::$EnquiryModel is deprecated in APPPATH/Controllers/Home.php on line 44.
 1 SYSTEMPATH/CodeIgniter.php(906): App\Controllers\Home->__construct()
 2 SYSTEMPATH/CodeIgniter.php(490): CodeIgniter\CodeIgniter->createController()
 3 SYSTEMPATH/CodeIgniter.php(368): CodeIgniter\CodeIgniter->handleRequest(null, Object(Config\Cache), false)
 4 FCPATH/index.php(67): CodeIgniter\CodeIgniter->run()
WARNING - 2025-07-28 12:53:25 --> [DEPRECATED] Creation of dynamic property App\Controllers\Home::$Allsettingsmodel is deprecated in APPPATH/Controllers/Home.php on line 45.
 1 SYSTEMPATH/CodeIgniter.php(906): App\Controllers\Home->__construct()
 2 SYSTEMPATH/CodeIgniter.php(490): CodeIgniter\CodeIgniter->createController()
 3 SYSTEMPATH/CodeIgniter.php(368): CodeIgniter\CodeIgniter->handleRequest(null, Object(Config\Cache), false)
 4 FCPATH/index.php(67): CodeIgniter\CodeIgniter->run()
WARNING - 2025-07-28 12:54:35 --> [DEPRECATED] Creation of dynamic property App\Controllers\Home::$user_model is deprecated in APPPATH/Controllers/Home.php on line 35.
 1 SYSTEMPATH/CodeIgniter.php(906): App\Controllers\Home->__construct()
 2 SYSTEMPATH/CodeIgniter.php(490): CodeIgniter\CodeIgniter->createController()
 3 SYSTEMPATH/CodeIgniter.php(368): CodeIgniter\CodeIgniter->handleRequest(null, Object(Config\Cache), false)
 4 FCPATH/index.php(67): CodeIgniter\CodeIgniter->run()
WARNING - 2025-07-28 12:54:35 --> [DEPRECATED] Creation of dynamic property App\Controllers\Home::$BlogModel is deprecated in APPPATH/Controllers/Home.php on line 43.
 1 SYSTEMPATH/CodeIgniter.php(906): App\Controllers\Home->__construct()
 2 SYSTEMPATH/CodeIgniter.php(490): CodeIgniter\CodeIgniter->createController()
 3 SYSTEMPATH/CodeIgniter.php(368): CodeIgniter\CodeIgniter->handleRequest(null, Object(Config\Cache), false)
 4 FCPATH/index.php(67): CodeIgniter\CodeIgniter->run()
WARNING - 2025-07-28 12:54:35 --> [DEPRECATED] Creation of dynamic property App\Controllers\Home::$EnquiryModel is deprecated in APPPATH/Controllers/Home.php on line 44.
 1 SYSTEMPATH/CodeIgniter.php(906): App\Controllers\Home->__construct()
 2 SYSTEMPATH/CodeIgniter.php(490): CodeIgniter\CodeIgniter->createController()
 3 SYSTEMPATH/CodeIgniter.php(368): CodeIgniter\CodeIgniter->handleRequest(null, Object(Config\Cache), false)
 4 FCPATH/index.php(67): CodeIgniter\CodeIgniter->run()
WARNING - 2025-07-28 12:54:35 --> [DEPRECATED] Creation of dynamic property App\Controllers\Home::$Allsettingsmodel is deprecated in APPPATH/Controllers/Home.php on line 45.
 1 SYSTEMPATH/CodeIgniter.php(906): App\Controllers\Home->__construct()
 2 SYSTEMPATH/CodeIgniter.php(490): CodeIgniter\CodeIgniter->createController()
 3 SYSTEMPATH/CodeIgniter.php(368): CodeIgniter\CodeIgniter->handleRequest(null, Object(Config\Cache), false)
 4 FCPATH/index.php(67): CodeIgniter\CodeIgniter->run()
INFO - 2025-07-28 12:54:35 --> Session: Class initialized using 'CodeIgniter\Session\Handlers\FileHandler' driver.
INFO - 2025-07-28 12:54:37 --> Session: Class initialized using 'CodeIgniter\Session\Handlers\FileHandler' driver.
WARNING - 2025-07-28 12:54:37 --> [DEPRECATED] Creation of dynamic property App\Controllers\Home::$user_model is deprecated in APPPATH/Controllers/Home.php on line 35.
 1 SYSTEMPATH/CodeIgniter.php(906): App\Controllers\Home->__construct()
 2 SYSTEMPATH/CodeIgniter.php(490): CodeIgniter\CodeIgniter->createController()
 3 SYSTEMPATH/CodeIgniter.php(368): CodeIgniter\CodeIgniter->handleRequest(null, Object(Config\Cache), false)
 4 FCPATH/index.php(67): CodeIgniter\CodeIgniter->run()
WARNING - 2025-07-28 12:54:37 --> [DEPRECATED] Creation of dynamic property App\Controllers\Home::$BlogModel is deprecated in APPPATH/Controllers/Home.php on line 43.
 1 SYSTEMPATH/CodeIgniter.php(906): App\Controllers\Home->__construct()
 2 SYSTEMPATH/CodeIgniter.php(490): CodeIgniter\CodeIgniter->createController()
 3 SYSTEMPATH/CodeIgniter.php(368): CodeIgniter\CodeIgniter->handleRequest(null, Object(Config\Cache), false)
 4 FCPATH/index.php(67): CodeIgniter\CodeIgniter->run()
WARNING - 2025-07-28 12:54:37 --> [DEPRECATED] Creation of dynamic property App\Controllers\Home::$EnquiryModel is deprecated in APPPATH/Controllers/Home.php on line 44.
 1 SYSTEMPATH/CodeIgniter.php(906): App\Controllers\Home->__construct()
 2 SYSTEMPATH/CodeIgniter.php(490): CodeIgniter\CodeIgniter->createController()
 3 SYSTEMPATH/CodeIgniter.php(368): CodeIgniter\CodeIgniter->handleRequest(null, Object(Config\Cache), false)
 4 FCPATH/index.php(67): CodeIgniter\CodeIgniter->run()
WARNING - 2025-07-28 12:54:37 --> [DEPRECATED] Creation of dynamic property App\Controllers\Home::$Allsettingsmodel is deprecated in APPPATH/Controllers/Home.php on line 45.
 1 SYSTEMPATH/CodeIgniter.php(906): App\Controllers\Home->__construct()
 2 SYSTEMPATH/CodeIgniter.php(490): CodeIgniter\CodeIgniter->createController()
 3 SYSTEMPATH/CodeIgniter.php(368): CodeIgniter\CodeIgniter->handleRequest(null, Object(Config\Cache), false)
 4 FCPATH/index.php(67): CodeIgniter\CodeIgniter->run()
INFO - 2025-07-28 12:54:39 --> Session: Class initialized using 'CodeIgniter\Session\Handlers\FileHandler' driver.
WARNING - 2025-07-28 12:54:39 --> [DEPRECATED] Creation of dynamic property App\Controllers\Home::$user_model is deprecated in APPPATH/Controllers/Home.php on line 35.
 1 SYSTEMPATH/CodeIgniter.php(906): App\Controllers\Home->__construct()
 2 SYSTEMPATH/CodeIgniter.php(490): CodeIgniter\CodeIgniter->createController()
 3 SYSTEMPATH/CodeIgniter.php(368): CodeIgniter\CodeIgniter->handleRequest(null, Object(Config\Cache), false)
 4 FCPATH/index.php(67): CodeIgniter\CodeIgniter->run()
WARNING - 2025-07-28 12:54:39 --> [DEPRECATED] Creation of dynamic property App\Controllers\Home::$BlogModel is deprecated in APPPATH/Controllers/Home.php on line 43.
 1 SYSTEMPATH/CodeIgniter.php(906): App\Controllers\Home->__construct()
 2 SYSTEMPATH/CodeIgniter.php(490): CodeIgniter\CodeIgniter->createController()
 3 SYSTEMPATH/CodeIgniter.php(368): CodeIgniter\CodeIgniter->handleRequest(null, Object(Config\Cache), false)
 4 FCPATH/index.php(67): CodeIgniter\CodeIgniter->run()
WARNING - 2025-07-28 12:54:39 --> [DEPRECATED] Creation of dynamic property App\Controllers\Home::$EnquiryModel is deprecated in APPPATH/Controllers/Home.php on line 44.
 1 SYSTEMPATH/CodeIgniter.php(906): App\Controllers\Home->__construct()
 2 SYSTEMPATH/CodeIgniter.php(490): CodeIgniter\CodeIgniter->createController()
 3 SYSTEMPATH/CodeIgniter.php(368): CodeIgniter\CodeIgniter->handleRequest(null, Object(Config\Cache), false)
 4 FCPATH/index.php(67): CodeIgniter\CodeIgniter->run()
WARNING - 2025-07-28 12:54:39 --> [DEPRECATED] Creation of dynamic property App\Controllers\Home::$Allsettingsmodel is deprecated in APPPATH/Controllers/Home.php on line 45.
 1 SYSTEMPATH/CodeIgniter.php(906): App\Controllers\Home->__construct()
 2 SYSTEMPATH/CodeIgniter.php(490): CodeIgniter\CodeIgniter->createController()
 3 SYSTEMPATH/CodeIgniter.php(368): CodeIgniter\CodeIgniter->handleRequest(null, Object(Config\Cache), false)
 4 FCPATH/index.php(67): CodeIgniter\CodeIgniter->run()
INFO - 2025-07-28 12:54:45 --> Session: Class initialized using 'CodeIgniter\Session\Handlers\FileHandler' driver.
WARNING - 2025-07-28 12:54:45 --> [DEPRECATED] Creation of dynamic property App\Controllers\Customers::$session is deprecated in APPPATH/Controllers/Customers.php on line 19.
 1 SYSTEMPATH/CodeIgniter.php(906): App\Controllers\Customers->__construct()
 2 SYSTEMPATH/CodeIgniter.php(490): CodeIgniter\CodeIgniter->createController()
 3 SYSTEMPATH/CodeIgniter.php(368): CodeIgniter\CodeIgniter->handleRequest(null, Object(Config\Cache), false)
 4 FCPATH/index.php(67): CodeIgniter\CodeIgniter->run()
WARNING - 2025-07-28 12:54:45 --> Session: Sessions is enabled, and one exists. Please don't $session->start();
WARNING - 2025-07-28 12:54:45 --> [DEPRECATED] Creation of dynamic property App\Controllers\Customers::$country is deprecated in APPPATH/Controllers/Customers.php on line 23.
 1 SYSTEMPATH/CodeIgniter.php(906): App\Controllers\Customers->__construct()
 2 SYSTEMPATH/CodeIgniter.php(490): CodeIgniter\CodeIgniter->createController()
 3 SYSTEMPATH/CodeIgniter.php(368): CodeIgniter\CodeIgniter->handleRequest(null, Object(Config\Cache), false)
 4 FCPATH/index.php(67): CodeIgniter\CodeIgniter->run()
WARNING - 2025-07-28 12:54:45 --> [DEPRECATED] Creation of dynamic property App\Controllers\Customers::$state is deprecated in APPPATH/Controllers/Customers.php on line 24.
 1 SYSTEMPATH/CodeIgniter.php(906): App\Controllers\Customers->__construct()
 2 SYSTEMPATH/CodeIgniter.php(490): CodeIgniter\CodeIgniter->createController()
 3 SYSTEMPATH/CodeIgniter.php(368): CodeIgniter\CodeIgniter->handleRequest(null, Object(Config\Cache), false)
 4 FCPATH/index.php(67): CodeIgniter\CodeIgniter->run()
WARNING - 2025-07-28 12:54:45 --> [DEPRECATED] Creation of dynamic property App\Controllers\Customers::$city is deprecated in APPPATH/Controllers/Customers.php on line 25.
 1 SYSTEMPATH/CodeIgniter.php(906): App\Controllers\Customers->__construct()
 2 SYSTEMPATH/CodeIgniter.php(490): CodeIgniter\CodeIgniter->createController()
 3 SYSTEMPATH/CodeIgniter.php(368): CodeIgniter\CodeIgniter->handleRequest(null, Object(Config\Cache), false)
 4 FCPATH/index.php(67): CodeIgniter\CodeIgniter->run()
WARNING - 2025-07-28 12:54:45 --> [DEPRECATED] Creation of dynamic property App\Controllers\Customers::$users is deprecated in APPPATH/Controllers/Customers.php on line 26.
 1 SYSTEMPATH/CodeIgniter.php(906): App\Controllers\Customers->__construct()
 2 SYSTEMPATH/CodeIgniter.php(490): CodeIgniter\CodeIgniter->createController()
 3 SYSTEMPATH/CodeIgniter.php(368): CodeIgniter\CodeIgniter->handleRequest(null, Object(Config\Cache), false)
 4 FCPATH/index.php(67): CodeIgniter\CodeIgniter->run()
WARNING - 2025-07-28 12:54:45 --> [DEPRECATED] Creation of dynamic property App\Controllers\Customers::$variation is deprecated in APPPATH/Controllers/Customers.php on line 27.
 1 SYSTEMPATH/CodeIgniter.php(906): App\Controllers\Customers->__construct()
 2 SYSTEMPATH/CodeIgniter.php(490): CodeIgniter\CodeIgniter->createController()
 3 SYSTEMPATH/CodeIgniter.php(368): CodeIgniter\CodeIgniter->handleRequest(null, Object(Config\Cache), false)
 4 FCPATH/index.php(67): CodeIgniter\CodeIgniter->run()
WARNING - 2025-07-28 12:54:45 --> [DEPRECATED] Creation of dynamic property App\Controllers\Customers::$variationtype is deprecated in APPPATH/Controllers/Customers.php on line 28.
 1 SYSTEMPATH/CodeIgniter.php(906): App\Controllers\Customers->__construct()
 2 SYSTEMPATH/CodeIgniter.php(490): CodeIgniter\CodeIgniter->createController()
 3 SYSTEMPATH/CodeIgniter.php(368): CodeIgniter\CodeIgniter->handleRequest(null, Object(Config\Cache), false)
 4 FCPATH/index.php(67): CodeIgniter\CodeIgniter->run()
WARNING - 2025-07-28 12:54:45 --> [DEPRECATED] Creation of dynamic property App\Controllers\Customers::$brand is deprecated in APPPATH/Controllers/Customers.php on line 29.
 1 SYSTEMPATH/CodeIgniter.php(906): App\Controllers\Customers->__construct()
 2 SYSTEMPATH/CodeIgniter.php(490): CodeIgniter\CodeIgniter->createController()
 3 SYSTEMPATH/CodeIgniter.php(368): CodeIgniter\CodeIgniter->handleRequest(null, Object(Config\Cache), false)
 4 FCPATH/index.php(67): CodeIgniter\CodeIgniter->run()
WARNING - 2025-07-28 12:54:45 --> [DEPRECATED] Creation of dynamic property App\Controllers\Customers::$User_shipping_addressmodel is deprecated in APPPATH/Controllers/Customers.php on line 30.
 1 SYSTEMPATH/CodeIgniter.php(906): App\Controllers\Customers->__construct()
 2 SYSTEMPATH/CodeIgniter.php(490): CodeIgniter\CodeIgniter->createController()
 3 SYSTEMPATH/CodeIgniter.php(368): CodeIgniter\CodeIgniter->handleRequest(null, Object(Config\Cache), false)
 4 FCPATH/index.php(67): CodeIgniter\CodeIgniter->run()
INFO - 2025-07-28 12:54:45 --> Session: Class initialized using 'CodeIgniter\Session\Handlers\FileHandler' driver.
WARNING - 2025-07-28 12:54:45 --> [DEPRECATED] Creation of dynamic property App\Controllers\Home::$user_model is deprecated in APPPATH/Controllers/Home.php on line 35.
 1 SYSTEMPATH/CodeIgniter.php(906): App\Controllers\Home->__construct()
 2 SYSTEMPATH/CodeIgniter.php(490): CodeIgniter\CodeIgniter->createController()
 3 SYSTEMPATH/CodeIgniter.php(368): CodeIgniter\CodeIgniter->handleRequest(null, Object(Config\Cache), false)
 4 FCPATH/index.php(67): CodeIgniter\CodeIgniter->run()
WARNING - 2025-07-28 12:54:45 --> [DEPRECATED] Creation of dynamic property App\Controllers\Home::$BlogModel is deprecated in APPPATH/Controllers/Home.php on line 43.
 1 SYSTEMPATH/CodeIgniter.php(906): App\Controllers\Home->__construct()
 2 SYSTEMPATH/CodeIgniter.php(490): CodeIgniter\CodeIgniter->createController()
 3 SYSTEMPATH/CodeIgniter.php(368): CodeIgniter\CodeIgniter->handleRequest(null, Object(Config\Cache), false)
 4 FCPATH/index.php(67): CodeIgniter\CodeIgniter->run()
WARNING - 2025-07-28 12:54:45 --> [DEPRECATED] Creation of dynamic property App\Controllers\Home::$EnquiryModel is deprecated in APPPATH/Controllers/Home.php on line 44.
 1 SYSTEMPATH/CodeIgniter.php(906): App\Controllers\Home->__construct()
 2 SYSTEMPATH/CodeIgniter.php(490): CodeIgniter\CodeIgniter->createController()
 3 SYSTEMPATH/CodeIgniter.php(368): CodeIgniter\CodeIgniter->handleRequest(null, Object(Config\Cache), false)
 4 FCPATH/index.php(67): CodeIgniter\CodeIgniter->run()
WARNING - 2025-07-28 12:54:45 --> [DEPRECATED] Creation of dynamic property App\Controllers\Home::$Allsettingsmodel is deprecated in APPPATH/Controllers/Home.php on line 45.
 1 SYSTEMPATH/CodeIgniter.php(906): App\Controllers\Home->__construct()
 2 SYSTEMPATH/CodeIgniter.php(490): CodeIgniter\CodeIgniter->createController()
 3 SYSTEMPATH/CodeIgniter.php(368): CodeIgniter\CodeIgniter->handleRequest(null, Object(Config\Cache), false)
 4 FCPATH/index.php(67): CodeIgniter\CodeIgniter->run()
INFO - 2025-07-28 12:56:07 --> Session: Class initialized using 'CodeIgniter\Session\Handlers\FileHandler' driver.
WARNING - 2025-07-28 12:56:07 --> [DEPRECATED] Creation of dynamic property App\Controllers\Home::$user_model is deprecated in APPPATH/Controllers/Home.php on line 35.
 1 SYSTEMPATH/CodeIgniter.php(906): App\Controllers\Home->__construct()
 2 SYSTEMPATH/CodeIgniter.php(490): CodeIgniter\CodeIgniter->createController()
 3 SYSTEMPATH/CodeIgniter.php(368): CodeIgniter\CodeIgniter->handleRequest(null, Object(Config\Cache), false)
 4 FCPATH/index.php(67): CodeIgniter\CodeIgniter->run()
WARNING - 2025-07-28 12:56:07 --> [DEPRECATED] Creation of dynamic property App\Controllers\Home::$BlogModel is deprecated in APPPATH/Controllers/Home.php on line 43.
 1 SYSTEMPATH/CodeIgniter.php(906): App\Controllers\Home->__construct()
 2 SYSTEMPATH/CodeIgniter.php(490): CodeIgniter\CodeIgniter->createController()
 3 SYSTEMPATH/CodeIgniter.php(368): CodeIgniter\CodeIgniter->handleRequest(null, Object(Config\Cache), false)
 4 FCPATH/index.php(67): CodeIgniter\CodeIgniter->run()
WARNING - 2025-07-28 12:56:07 --> [DEPRECATED] Creation of dynamic property App\Controllers\Home::$EnquiryModel is deprecated in APPPATH/Controllers/Home.php on line 44.
 1 SYSTEMPATH/CodeIgniter.php(906): App\Controllers\Home->__construct()
 2 SYSTEMPATH/CodeIgniter.php(490): CodeIgniter\CodeIgniter->createController()
 3 SYSTEMPATH/CodeIgniter.php(368): CodeIgniter\CodeIgniter->handleRequest(null, Object(Config\Cache), false)
 4 FCPATH/index.php(67): CodeIgniter\CodeIgniter->run()
WARNING - 2025-07-28 12:56:07 --> [DEPRECATED] Creation of dynamic property App\Controllers\Home::$Allsettingsmodel is deprecated in APPPATH/Controllers/Home.php on line 45.
 1 SYSTEMPATH/CodeIgniter.php(906): App\Controllers\Home->__construct()
 2 SYSTEMPATH/CodeIgniter.php(490): CodeIgniter\CodeIgniter->createController()
 3 SYSTEMPATH/CodeIgniter.php(368): CodeIgniter\CodeIgniter->handleRequest(null, Object(Config\Cache), false)
 4 FCPATH/index.php(67): CodeIgniter\CodeIgniter->run()
INFO - 2025-07-28 12:56:08 --> Session: Class initialized using 'CodeIgniter\Session\Handlers\FileHandler' driver.
WARNING - 2025-07-28 12:56:08 --> [DEPRECATED] Creation of dynamic property App\Controllers\Home::$user_model is deprecated in APPPATH/Controllers/Home.php on line 35.
 1 SYSTEMPATH/CodeIgniter.php(906): App\Controllers\Home->__construct()
 2 SYSTEMPATH/CodeIgniter.php(490): CodeIgniter\CodeIgniter->createController()
 3 SYSTEMPATH/CodeIgniter.php(368): CodeIgniter\CodeIgniter->handleRequest(null, Object(Config\Cache), false)
 4 FCPATH/index.php(67): CodeIgniter\CodeIgniter->run()
WARNING - 2025-07-28 12:56:08 --> [DEPRECATED] Creation of dynamic property App\Controllers\Home::$BlogModel is deprecated in APPPATH/Controllers/Home.php on line 43.
 1 SYSTEMPATH/CodeIgniter.php(906): App\Controllers\Home->__construct()
 2 SYSTEMPATH/CodeIgniter.php(490): CodeIgniter\CodeIgniter->createController()
 3 SYSTEMPATH/CodeIgniter.php(368): CodeIgniter\CodeIgniter->handleRequest(null, Object(Config\Cache), false)
 4 FCPATH/index.php(67): CodeIgniter\CodeIgniter->run()
WARNING - 2025-07-28 12:56:08 --> [DEPRECATED] Creation of dynamic property App\Controllers\Home::$EnquiryModel is deprecated in APPPATH/Controllers/Home.php on line 44.
 1 SYSTEMPATH/CodeIgniter.php(906): App\Controllers\Home->__construct()
 2 SYSTEMPATH/CodeIgniter.php(490): CodeIgniter\CodeIgniter->createController()
 3 SYSTEMPATH/CodeIgniter.php(368): CodeIgniter\CodeIgniter->handleRequest(null, Object(Config\Cache), false)
 4 FCPATH/index.php(67): CodeIgniter\CodeIgniter->run()
WARNING - 2025-07-28 12:56:08 --> [DEPRECATED] Creation of dynamic property App\Controllers\Home::$Allsettingsmodel is deprecated in APPPATH/Controllers/Home.php on line 45.
 1 SYSTEMPATH/CodeIgniter.php(906): App\Controllers\Home->__construct()
 2 SYSTEMPATH/CodeIgniter.php(490): CodeIgniter\CodeIgniter->createController()
 3 SYSTEMPATH/CodeIgniter.php(368): CodeIgniter\CodeIgniter->handleRequest(null, Object(Config\Cache), false)
 4 FCPATH/index.php(67): CodeIgniter\CodeIgniter->run()
INFO - 2025-07-28 12:59:12 --> Session: Class initialized using 'CodeIgniter\Session\Handlers\FileHandler' driver.
WARNING - 2025-07-28 12:59:12 --> [DEPRECATED] Creation of dynamic property App\Controllers\Home::$user_model is deprecated in APPPATH/Controllers/Home.php on line 35.
 1 SYSTEMPATH/CodeIgniter.php(906): App\Controllers\Home->__construct()
 2 SYSTEMPATH/CodeIgniter.php(490): CodeIgniter\CodeIgniter->createController()
 3 SYSTEMPATH/CodeIgniter.php(368): CodeIgniter\CodeIgniter->handleRequest(null, Object(Config\Cache), false)
 4 FCPATH/index.php(67): CodeIgniter\CodeIgniter->run()
WARNING - 2025-07-28 12:59:12 --> [DEPRECATED] Creation of dynamic property App\Controllers\Home::$BlogModel is deprecated in APPPATH/Controllers/Home.php on line 43.
 1 SYSTEMPATH/CodeIgniter.php(906): App\Controllers\Home->__construct()
 2 SYSTEMPATH/CodeIgniter.php(490): CodeIgniter\CodeIgniter->createController()
 3 SYSTEMPATH/CodeIgniter.php(368): CodeIgniter\CodeIgniter->handleRequest(null, Object(Config\Cache), false)
 4 FCPATH/index.php(67): CodeIgniter\CodeIgniter->run()
WARNING - 2025-07-28 12:59:12 --> [DEPRECATED] Creation of dynamic property App\Controllers\Home::$EnquiryModel is deprecated in APPPATH/Controllers/Home.php on line 44.
 1 SYSTEMPATH/CodeIgniter.php(906): App\Controllers\Home->__construct()
 2 SYSTEMPATH/CodeIgniter.php(490): CodeIgniter\CodeIgniter->createController()
 3 SYSTEMPATH/CodeIgniter.php(368): CodeIgniter\CodeIgniter->handleRequest(null, Object(Config\Cache), false)
 4 FCPATH/index.php(67): CodeIgniter\CodeIgniter->run()
WARNING - 2025-07-28 12:59:12 --> [DEPRECATED] Creation of dynamic property App\Controllers\Home::$Allsettingsmodel is deprecated in APPPATH/Controllers/Home.php on line 45.
 1 SYSTEMPATH/CodeIgniter.php(906): App\Controllers\Home->__construct()
 2 SYSTEMPATH/CodeIgniter.php(490): CodeIgniter\CodeIgniter->createController()
 3 SYSTEMPATH/CodeIgniter.php(368): CodeIgniter\CodeIgniter->handleRequest(null, Object(Config\Cache), false)
 4 FCPATH/index.php(67): CodeIgniter\CodeIgniter->run()
INFO - 2025-07-28 12:59:13 --> Session: Class initialized using 'CodeIgniter\Session\Handlers\FileHandler' driver.
WARNING - 2025-07-28 12:59:13 --> [DEPRECATED] Creation of dynamic property App\Controllers\Home::$user_model is deprecated in APPPATH/Controllers/Home.php on line 35.
 1 SYSTEMPATH/CodeIgniter.php(906): App\Controllers\Home->__construct()
 2 SYSTEMPATH/CodeIgniter.php(490): CodeIgniter\CodeIgniter->createController()
 3 SYSTEMPATH/CodeIgniter.php(368): CodeIgniter\CodeIgniter->handleRequest(null, Object(Config\Cache), false)
 4 FCPATH/index.php(67): CodeIgniter\CodeIgniter->run()
WARNING - 2025-07-28 12:59:13 --> [DEPRECATED] Creation of dynamic property App\Controllers\Home::$BlogModel is deprecated in APPPATH/Controllers/Home.php on line 43.
 1 SYSTEMPATH/CodeIgniter.php(906): App\Controllers\Home->__construct()
 2 SYSTEMPATH/CodeIgniter.php(490): CodeIgniter\CodeIgniter->createController()
 3 SYSTEMPATH/CodeIgniter.php(368): CodeIgniter\CodeIgniter->handleRequest(null, Object(Config\Cache), false)
 4 FCPATH/index.php(67): CodeIgniter\CodeIgniter->run()
WARNING - 2025-07-28 12:59:13 --> [DEPRECATED] Creation of dynamic property App\Controllers\Home::$EnquiryModel is deprecated in APPPATH/Controllers/Home.php on line 44.
 1 SYSTEMPATH/CodeIgniter.php(906): App\Controllers\Home->__construct()
 2 SYSTEMPATH/CodeIgniter.php(490): CodeIgniter\CodeIgniter->createController()
 3 SYSTEMPATH/CodeIgniter.php(368): CodeIgniter\CodeIgniter->handleRequest(null, Object(Config\Cache), false)
 4 FCPATH/index.php(67): CodeIgniter\CodeIgniter->run()
WARNING - 2025-07-28 12:59:13 --> [DEPRECATED] Creation of dynamic property App\Controllers\Home::$Allsettingsmodel is deprecated in APPPATH/Controllers/Home.php on line 45.
 1 SYSTEMPATH/CodeIgniter.php(906): App\Controllers\Home->__construct()
 2 SYSTEMPATH/CodeIgniter.php(490): CodeIgniter\CodeIgniter->createController()
 3 SYSTEMPATH/CodeIgniter.php(368): CodeIgniter\CodeIgniter->handleRequest(null, Object(Config\Cache), false)
 4 FCPATH/index.php(67): CodeIgniter\CodeIgniter->run()
WARNING - 2025-07-28 12:59:37 --> [DEPRECATED] Creation of dynamic property App\Controllers\Home::$user_model is deprecated in APPPATH/Controllers/Home.php on line 35.
 1 SYSTEMPATH/CodeIgniter.php(906): App\Controllers\Home->__construct()
 2 SYSTEMPATH/CodeIgniter.php(490): CodeIgniter\CodeIgniter->createController()
 3 SYSTEMPATH/CodeIgniter.php(368): CodeIgniter\CodeIgniter->handleRequest(null, Object(Config\Cache), false)
 4 FCPATH/index.php(67): CodeIgniter\CodeIgniter->run()
WARNING - 2025-07-28 12:59:37 --> [DEPRECATED] Creation of dynamic property App\Controllers\Home::$BlogModel is deprecated in APPPATH/Controllers/Home.php on line 43.
 1 SYSTEMPATH/CodeIgniter.php(906): App\Controllers\Home->__construct()
 2 SYSTEMPATH/CodeIgniter.php(490): CodeIgniter\CodeIgniter->createController()
 3 SYSTEMPATH/CodeIgniter.php(368): CodeIgniter\CodeIgniter->handleRequest(null, Object(Config\Cache), false)
 4 FCPATH/index.php(67): CodeIgniter\CodeIgniter->run()
WARNING - 2025-07-28 12:59:37 --> [DEPRECATED] Creation of dynamic property App\Controllers\Home::$EnquiryModel is deprecated in APPPATH/Controllers/Home.php on line 44.
 1 SYSTEMPATH/CodeIgniter.php(906): App\Controllers\Home->__construct()
 2 SYSTEMPATH/CodeIgniter.php(490): CodeIgniter\CodeIgniter->createController()
 3 SYSTEMPATH/CodeIgniter.php(368): CodeIgniter\CodeIgniter->handleRequest(null, Object(Config\Cache), false)
 4 FCPATH/index.php(67): CodeIgniter\CodeIgniter->run()
WARNING - 2025-07-28 12:59:37 --> [DEPRECATED] Creation of dynamic property App\Controllers\Home::$Allsettingsmodel is deprecated in APPPATH/Controllers/Home.php on line 45.
 1 SYSTEMPATH/CodeIgniter.php(906): App\Controllers\Home->__construct()
 2 SYSTEMPATH/CodeIgniter.php(490): CodeIgniter\CodeIgniter->createController()
 3 SYSTEMPATH/CodeIgniter.php(368): CodeIgniter\CodeIgniter->handleRequest(null, Object(Config\Cache), false)
 4 FCPATH/index.php(67): CodeIgniter\CodeIgniter->run()
INFO - 2025-07-28 12:59:37 --> Session: Class initialized using 'CodeIgniter\Session\Handlers\FileHandler' driver.
INFO - 2025-07-28 12:59:38 --> Session: Class initialized using 'CodeIgniter\Session\Handlers\FileHandler' driver.
WARNING - 2025-07-28 12:59:38 --> [DEPRECATED] Creation of dynamic property App\Controllers\Home::$user_model is deprecated in APPPATH/Controllers/Home.php on line 35.
 1 SYSTEMPATH/CodeIgniter.php(906): App\Controllers\Home->__construct()
 2 SYSTEMPATH/CodeIgniter.php(490): CodeIgniter\CodeIgniter->createController()
 3 SYSTEMPATH/CodeIgniter.php(368): CodeIgniter\CodeIgniter->handleRequest(null, Object(Config\Cache), false)
 4 FCPATH/index.php(67): CodeIgniter\CodeIgniter->run()
WARNING - 2025-07-28 12:59:38 --> [DEPRECATED] Creation of dynamic property App\Controllers\Home::$BlogModel is deprecated in APPPATH/Controllers/Home.php on line 43.
 1 SYSTEMPATH/CodeIgniter.php(906): App\Controllers\Home->__construct()
 2 SYSTEMPATH/CodeIgniter.php(490): CodeIgniter\CodeIgniter->createController()
 3 SYSTEMPATH/CodeIgniter.php(368): CodeIgniter\CodeIgniter->handleRequest(null, Object(Config\Cache), false)
 4 FCPATH/index.php(67): CodeIgniter\CodeIgniter->run()
WARNING - 2025-07-28 12:59:38 --> [DEPRECATED] Creation of dynamic property App\Controllers\Home::$EnquiryModel is deprecated in APPPATH/Controllers/Home.php on line 44.
 1 SYSTEMPATH/CodeIgniter.php(906): App\Controllers\Home->__construct()
 2 SYSTEMPATH/CodeIgniter.php(490): CodeIgniter\CodeIgniter->createController()
 3 SYSTEMPATH/CodeIgniter.php(368): CodeIgniter\CodeIgniter->handleRequest(null, Object(Config\Cache), false)
 4 FCPATH/index.php(67): CodeIgniter\CodeIgniter->run()
WARNING - 2025-07-28 12:59:38 --> [DEPRECATED] Creation of dynamic property App\Controllers\Home::$Allsettingsmodel is deprecated in APPPATH/Controllers/Home.php on line 45.
 1 SYSTEMPATH/CodeIgniter.php(906): App\Controllers\Home->__construct()
 2 SYSTEMPATH/CodeIgniter.php(490): CodeIgniter\CodeIgniter->createController()
 3 SYSTEMPATH/CodeIgniter.php(368): CodeIgniter\CodeIgniter->handleRequest(null, Object(Config\Cache), false)
 4 FCPATH/index.php(67): CodeIgniter\CodeIgniter->run()
INFO - 2025-07-28 13:00:48 --> Session: Class initialized using 'CodeIgniter\Session\Handlers\FileHandler' driver.
INFO - 2025-07-28 13:00:48 --> Session: Class initialized using 'CodeIgniter\Session\Handlers\FileHandler' driver.
WARNING - 2025-07-28 13:00:48 --> [DEPRECATED] Creation of dynamic property App\Controllers\Home::$user_model is deprecated in APPPATH/Controllers/Home.php on line 35.
 1 SYSTEMPATH/CodeIgniter.php(906): App\Controllers\Home->__construct()
 2 SYSTEMPATH/CodeIgniter.php(490): CodeIgniter\CodeIgniter->createController()
 3 SYSTEMPATH/CodeIgniter.php(368): CodeIgniter\CodeIgniter->handleRequest(null, Object(Config\Cache), false)
 4 FCPATH/index.php(67): CodeIgniter\CodeIgniter->run()
WARNING - 2025-07-28 13:00:48 --> [DEPRECATED] Creation of dynamic property App\Controllers\Home::$BlogModel is deprecated in APPPATH/Controllers/Home.php on line 43.
 1 SYSTEMPATH/CodeIgniter.php(906): App\Controllers\Home->__construct()
 2 SYSTEMPATH/CodeIgniter.php(490): CodeIgniter\CodeIgniter->createController()
 3 SYSTEMPATH/CodeIgniter.php(368): CodeIgniter\CodeIgniter->handleRequest(null, Object(Config\Cache), false)
 4 FCPATH/index.php(67): CodeIgniter\CodeIgniter->run()
WARNING - 2025-07-28 13:00:48 --> [DEPRECATED] Creation of dynamic property App\Controllers\Home::$EnquiryModel is deprecated in APPPATH/Controllers/Home.php on line 44.
 1 SYSTEMPATH/CodeIgniter.php(906): App\Controllers\Home->__construct()
 2 SYSTEMPATH/CodeIgniter.php(490): CodeIgniter\CodeIgniter->createController()
 3 SYSTEMPATH/CodeIgniter.php(368): CodeIgniter\CodeIgniter->handleRequest(null, Object(Config\Cache), false)
 4 FCPATH/index.php(67): CodeIgniter\CodeIgniter->run()
WARNING - 2025-07-28 13:00:48 --> [DEPRECATED] Creation of dynamic property App\Controllers\Home::$Allsettingsmodel is deprecated in APPPATH/Controllers/Home.php on line 45.
 1 SYSTEMPATH/CodeIgniter.php(906): App\Controllers\Home->__construct()
 2 SYSTEMPATH/CodeIgniter.php(490): CodeIgniter\CodeIgniter->createController()
 3 SYSTEMPATH/CodeIgniter.php(368): CodeIgniter\CodeIgniter->handleRequest(null, Object(Config\Cache), false)
 4 FCPATH/index.php(67): CodeIgniter\CodeIgniter->run()
WARNING - 2025-07-28 13:00:56 --> [DEPRECATED] Creation of dynamic property App\Controllers\Home::$user_model is deprecated in APPPATH/Controllers/Home.php on line 35.
 1 SYSTEMPATH/CodeIgniter.php(906): App\Controllers\Home->__construct()
 2 SYSTEMPATH/CodeIgniter.php(490): CodeIgniter\CodeIgniter->createController()
 3 SYSTEMPATH/CodeIgniter.php(368): CodeIgniter\CodeIgniter->handleRequest(null, Object(Config\Cache), false)
 4 FCPATH/index.php(67): CodeIgniter\CodeIgniter->run()
WARNING - 2025-07-28 13:00:56 --> [DEPRECATED] Creation of dynamic property App\Controllers\Home::$BlogModel is deprecated in APPPATH/Controllers/Home.php on line 43.
 1 SYSTEMPATH/CodeIgniter.php(906): App\Controllers\Home->__construct()
 2 SYSTEMPATH/CodeIgniter.php(490): CodeIgniter\CodeIgniter->createController()
 3 SYSTEMPATH/CodeIgniter.php(368): CodeIgniter\CodeIgniter->handleRequest(null, Object(Config\Cache), false)
 4 FCPATH/index.php(67): CodeIgniter\CodeIgniter->run()
WARNING - 2025-07-28 13:00:56 --> [DEPRECATED] Creation of dynamic property App\Controllers\Home::$EnquiryModel is deprecated in APPPATH/Controllers/Home.php on line 44.
 1 SYSTEMPATH/CodeIgniter.php(906): App\Controllers\Home->__construct()
 2 SYSTEMPATH/CodeIgniter.php(490): CodeIgniter\CodeIgniter->createController()
 3 SYSTEMPATH/CodeIgniter.php(368): CodeIgniter\CodeIgniter->handleRequest(null, Object(Config\Cache), false)
 4 FCPATH/index.php(67): CodeIgniter\CodeIgniter->run()
WARNING - 2025-07-28 13:00:56 --> [DEPRECATED] Creation of dynamic property App\Controllers\Home::$Allsettingsmodel is deprecated in APPPATH/Controllers/Home.php on line 45.
 1 SYSTEMPATH/CodeIgniter.php(906): App\Controllers\Home->__construct()
 2 SYSTEMPATH/CodeIgniter.php(490): CodeIgniter\CodeIgniter->createController()
 3 SYSTEMPATH/CodeIgniter.php(368): CodeIgniter\CodeIgniter->handleRequest(null, Object(Config\Cache), false)
 4 FCPATH/index.php(67): CodeIgniter\CodeIgniter->run()
INFO - 2025-07-28 13:00:56 --> Session: Class initialized using 'CodeIgniter\Session\Handlers\FileHandler' driver.
INFO - 2025-07-28 13:00:58 --> Session: Class initialized using 'CodeIgniter\Session\Handlers\FileHandler' driver.
WARNING - 2025-07-28 13:00:58 --> [DEPRECATED] Creation of dynamic property App\Controllers\Home::$user_model is deprecated in APPPATH/Controllers/Home.php on line 35.
 1 SYSTEMPATH/CodeIgniter.php(906): App\Controllers\Home->__construct()
 2 SYSTEMPATH/CodeIgniter.php(490): CodeIgniter\CodeIgniter->createController()
 3 SYSTEMPATH/CodeIgniter.php(368): CodeIgniter\CodeIgniter->handleRequest(null, Object(Config\Cache), false)
 4 FCPATH/index.php(67): CodeIgniter\CodeIgniter->run()
WARNING - 2025-07-28 13:00:58 --> [DEPRECATED] Creation of dynamic property App\Controllers\Home::$BlogModel is deprecated in APPPATH/Controllers/Home.php on line 43.
 1 SYSTEMPATH/CodeIgniter.php(906): App\Controllers\Home->__construct()
 2 SYSTEMPATH/CodeIgniter.php(490): CodeIgniter\CodeIgniter->createController()
 3 SYSTEMPATH/CodeIgniter.php(368): CodeIgniter\CodeIgniter->handleRequest(null, Object(Config\Cache), false)
 4 FCPATH/index.php(67): CodeIgniter\CodeIgniter->run()
WARNING - 2025-07-28 13:00:58 --> [DEPRECATED] Creation of dynamic property App\Controllers\Home::$EnquiryModel is deprecated in APPPATH/Controllers/Home.php on line 44.
 1 SYSTEMPATH/CodeIgniter.php(906): App\Controllers\Home->__construct()
 2 SYSTEMPATH/CodeIgniter.php(490): CodeIgniter\CodeIgniter->createController()
 3 SYSTEMPATH/CodeIgniter.php(368): CodeIgniter\CodeIgniter->handleRequest(null, Object(Config\Cache), false)
 4 FCPATH/index.php(67): CodeIgniter\CodeIgniter->run()
WARNING - 2025-07-28 13:00:58 --> [DEPRECATED] Creation of dynamic property App\Controllers\Home::$Allsettingsmodel is deprecated in APPPATH/Controllers/Home.php on line 45.
 1 SYSTEMPATH/CodeIgniter.php(906): App\Controllers\Home->__construct()
 2 SYSTEMPATH/CodeIgniter.php(490): CodeIgniter\CodeIgniter->createController()
 3 SYSTEMPATH/CodeIgniter.php(368): CodeIgniter\CodeIgniter->handleRequest(null, Object(Config\Cache), false)
 4 FCPATH/index.php(67): CodeIgniter\CodeIgniter->run()
INFO - 2025-07-28 13:01:00 --> Session: Class initialized using 'CodeIgniter\Session\Handlers\FileHandler' driver.
WARNING - 2025-07-28 13:01:00 --> [DEPRECATED] Creation of dynamic property App\Controllers\Home::$user_model is deprecated in APPPATH/Controllers/Home.php on line 35.
 1 SYSTEMPATH/CodeIgniter.php(906): App\Controllers\Home->__construct()
 2 SYSTEMPATH/CodeIgniter.php(490): CodeIgniter\CodeIgniter->createController()
 3 SYSTEMPATH/CodeIgniter.php(368): CodeIgniter\CodeIgniter->handleRequest(null, Object(Config\Cache), false)
 4 FCPATH/index.php(67): CodeIgniter\CodeIgniter->run()
WARNING - 2025-07-28 13:01:00 --> [DEPRECATED] Creation of dynamic property App\Controllers\Home::$BlogModel is deprecated in APPPATH/Controllers/Home.php on line 43.
 1 SYSTEMPATH/CodeIgniter.php(906): App\Controllers\Home->__construct()
 2 SYSTEMPATH/CodeIgniter.php(490): CodeIgniter\CodeIgniter->createController()
 3 SYSTEMPATH/CodeIgniter.php(368): CodeIgniter\CodeIgniter->handleRequest(null, Object(Config\Cache), false)
 4 FCPATH/index.php(67): CodeIgniter\CodeIgniter->run()
WARNING - 2025-07-28 13:01:00 --> [DEPRECATED] Creation of dynamic property App\Controllers\Home::$EnquiryModel is deprecated in APPPATH/Controllers/Home.php on line 44.
 1 SYSTEMPATH/CodeIgniter.php(906): App\Controllers\Home->__construct()
 2 SYSTEMPATH/CodeIgniter.php(490): CodeIgniter\CodeIgniter->createController()
 3 SYSTEMPATH/CodeIgniter.php(368): CodeIgniter\CodeIgniter->handleRequest(null, Object(Config\Cache), false)
 4 FCPATH/index.php(67): CodeIgniter\CodeIgniter->run()
WARNING - 2025-07-28 13:01:00 --> [DEPRECATED] Creation of dynamic property App\Controllers\Home::$Allsettingsmodel is deprecated in APPPATH/Controllers/Home.php on line 45.
 1 SYSTEMPATH/CodeIgniter.php(906): App\Controllers\Home->__construct()
 2 SYSTEMPATH/CodeIgniter.php(490): CodeIgniter\CodeIgniter->createController()
 3 SYSTEMPATH/CodeIgniter.php(368): CodeIgniter\CodeIgniter->handleRequest(null, Object(Config\Cache), false)
 4 FCPATH/index.php(67): CodeIgniter\CodeIgniter->run()
INFO - 2025-07-28 13:01:07 --> Session: Class initialized using 'CodeIgniter\Session\Handlers\FileHandler' driver.
WARNING - 2025-07-28 13:01:07 --> [DEPRECATED] Creation of dynamic property App\Controllers\Products::$session is deprecated in APPPATH/Controllers/Products.php on line 30.
 1 SYSTEMPATH/CodeIgniter.php(906): App\Controllers\Products->__construct()
 2 SYSTEMPATH/CodeIgniter.php(490): CodeIgniter\CodeIgniter->createController()
 3 SYSTEMPATH/CodeIgniter.php(368): CodeIgniter\CodeIgniter->handleRequest(null, Object(Config\Cache), false)
 4 FCPATH/index.php(67): CodeIgniter\CodeIgniter->run()
WARNING - 2025-07-28 13:01:07 --> Session: Sessions is enabled, and one exists. Please don't $session->start();
WARNING - 2025-07-28 13:01:07 --> [DEPRECATED] Creation of dynamic property App\Controllers\Products::$catagory is deprecated in APPPATH/Controllers/Products.php on line 33.
 1 SYSTEMPATH/CodeIgniter.php(906): App\Controllers\Products->__construct()
 2 SYSTEMPATH/CodeIgniter.php(490): CodeIgniter\CodeIgniter->createController()
 3 SYSTEMPATH/CodeIgniter.php(368): CodeIgniter\CodeIgniter->handleRequest(null, Object(Config\Cache), false)
 4 FCPATH/index.php(67): CodeIgniter\CodeIgniter->run()
WARNING - 2025-07-28 13:01:07 --> [DEPRECATED] Creation of dynamic property App\Controllers\Products::$variation is deprecated in APPPATH/Controllers/Products.php on line 34.
 1 SYSTEMPATH/CodeIgniter.php(906): App\Controllers\Products->__construct()
 2 SYSTEMPATH/CodeIgniter.php(490): CodeIgniter\CodeIgniter->createController()
 3 SYSTEMPATH/CodeIgniter.php(368): CodeIgniter\CodeIgniter->handleRequest(null, Object(Config\Cache), false)
 4 FCPATH/index.php(67): CodeIgniter\CodeIgniter->run()
WARNING - 2025-07-28 13:01:07 --> [DEPRECATED] Creation of dynamic property App\Controllers\Products::$variationtype is deprecated in APPPATH/Controllers/Products.php on line 35.
 1 SYSTEMPATH/CodeIgniter.php(906): App\Controllers\Products->__construct()
 2 SYSTEMPATH/CodeIgniter.php(490): CodeIgniter\CodeIgniter->createController()
 3 SYSTEMPATH/CodeIgniter.php(368): CodeIgniter\CodeIgniter->handleRequest(null, Object(Config\Cache), false)
 4 FCPATH/index.php(67): CodeIgniter\CodeIgniter->run()
WARNING - 2025-07-28 13:01:07 --> [DEPRECATED] Creation of dynamic property App\Controllers\Products::$subcategory is deprecated in APPPATH/Controllers/Products.php on line 36.
 1 SYSTEMPATH/CodeIgniter.php(906): App\Controllers\Products->__construct()
 2 SYSTEMPATH/CodeIgniter.php(490): CodeIgniter\CodeIgniter->createController()
 3 SYSTEMPATH/CodeIgniter.php(368): CodeIgniter\CodeIgniter->handleRequest(null, Object(Config\Cache), false)
 4 FCPATH/index.php(67): CodeIgniter\CodeIgniter->run()
WARNING - 2025-07-28 13:01:07 --> [DEPRECATED] Creation of dynamic property App\Controllers\Products::$product is deprecated in APPPATH/Controllers/Products.php on line 37.
 1 SYSTEMPATH/CodeIgniter.php(906): App\Controllers\Products->__construct()
 2 SYSTEMPATH/CodeIgniter.php(490): CodeIgniter\CodeIgniter->createController()
 3 SYSTEMPATH/CodeIgniter.php(368): CodeIgniter\CodeIgniter->handleRequest(null, Object(Config\Cache), false)
 4 FCPATH/index.php(67): CodeIgniter\CodeIgniter->run()
WARNING - 2025-07-28 13:01:07 --> [DEPRECATED] Creation of dynamic property App\Controllers\Products::$tags is deprecated in APPPATH/Controllers/Products.php on line 38.
 1 SYSTEMPATH/CodeIgniter.php(906): App\Controllers\Products->__construct()
 2 SYSTEMPATH/CodeIgniter.php(490): CodeIgniter\CodeIgniter->createController()
 3 SYSTEMPATH/CodeIgniter.php(368): CodeIgniter\CodeIgniter->handleRequest(null, Object(Config\Cache), false)
 4 FCPATH/index.php(67): CodeIgniter\CodeIgniter->run()
WARNING - 2025-07-28 13:01:07 --> [DEPRECATED] Creation of dynamic property App\Controllers\Products::$shippingmethod is deprecated in APPPATH/Controllers/Products.php on line 39.
 1 SYSTEMPATH/CodeIgniter.php(906): App\Controllers\Products->__construct()
 2 SYSTEMPATH/CodeIgniter.php(490): CodeIgniter\CodeIgniter->createController()
 3 SYSTEMPATH/CodeIgniter.php(368): CodeIgniter\CodeIgniter->handleRequest(null, Object(Config\Cache), false)
 4 FCPATH/index.php(67): CodeIgniter\CodeIgniter->run()
WARNING - 2025-07-28 13:01:07 --> [DEPRECATED] Creation of dynamic property App\Controllers\Products::$optionvalue is deprecated in APPPATH/Controllers/Products.php on line 40.
 1 SYSTEMPATH/CodeIgniter.php(906): App\Controllers\Products->__construct()
 2 SYSTEMPATH/CodeIgniter.php(490): CodeIgniter\CodeIgniter->createController()
 3 SYSTEMPATH/CodeIgniter.php(368): CodeIgniter\CodeIgniter->handleRequest(null, Object(Config\Cache), false)
 4 FCPATH/index.php(67): CodeIgniter\CodeIgniter->run()
WARNING - 2025-07-28 13:01:07 --> [DEPRECATED] Creation of dynamic property App\Controllers\Products::$brand is deprecated in APPPATH/Controllers/Products.php on line 41.
 1 SYSTEMPATH/CodeIgniter.php(906): App\Controllers\Products->__construct()
 2 SYSTEMPATH/CodeIgniter.php(490): CodeIgniter\CodeIgniter->createController()
 3 SYSTEMPATH/CodeIgniter.php(368): CodeIgniter\CodeIgniter->handleRequest(null, Object(Config\Cache), false)
 4 FCPATH/index.php(67): CodeIgniter\CodeIgniter->run()
WARNING - 2025-07-28 13:01:07 --> [DEPRECATED] Creation of dynamic property App\Controllers\Products::$Allsettings is deprecated in APPPATH/Controllers/Products.php on line 42.
 1 SYSTEMPATH/CodeIgniter.php(906): App\Controllers\Products->__construct()
 2 SYSTEMPATH/CodeIgniter.php(490): CodeIgniter\CodeIgniter->createController()
 3 SYSTEMPATH/CodeIgniter.php(368): CodeIgniter\CodeIgniter->handleRequest(null, Object(Config\Cache), false)
 4 FCPATH/index.php(67): CodeIgniter\CodeIgniter->run()
WARNING - 2025-07-28 13:01:07 --> [DEPRECATED] Creation of dynamic property App\Controllers\Products::$Orderitemmodel is deprecated in APPPATH/Controllers/Products.php on line 43.
 1 SYSTEMPATH/CodeIgniter.php(906): App\Controllers\Products->__construct()
 2 SYSTEMPATH/CodeIgniter.php(490): CodeIgniter\CodeIgniter->createController()
 3 SYSTEMPATH/CodeIgniter.php(368): CodeIgniter\CodeIgniter->handleRequest(null, Object(Config\Cache), false)
 4 FCPATH/index.php(67): CodeIgniter\CodeIgniter->run()
WARNING - 2025-07-28 13:01:07 --> [DEPRECATED] Creation of dynamic property App\Controllers\Products::$Ordermodel is deprecated in APPPATH/Controllers/Products.php on line 44.
 1 SYSTEMPATH/CodeIgniter.php(906): App\Controllers\Products->__construct()
 2 SYSTEMPATH/CodeIgniter.php(490): CodeIgniter\CodeIgniter->createController()
 3 SYSTEMPATH/CodeIgniter.php(368): CodeIgniter\CodeIgniter->handleRequest(null, Object(Config\Cache), false)
 4 FCPATH/index.php(67): CodeIgniter\CodeIgniter->run()
WARNING - 2025-07-28 13:01:07 --> [DEPRECATED] Creation of dynamic property App\Controllers\Products::$CartModel is deprecated in APPPATH/Controllers/Products.php on line 45.
 1 SYSTEMPATH/CodeIgniter.php(906): App\Controllers\Products->__construct()
 2 SYSTEMPATH/CodeIgniter.php(490): CodeIgniter\CodeIgniter->createController()
 3 SYSTEMPATH/CodeIgniter.php(368): CodeIgniter\CodeIgniter->handleRequest(null, Object(Config\Cache), false)
 4 FCPATH/index.php(67): CodeIgniter\CodeIgniter->run()
WARNING - 2025-07-28 13:01:07 --> [DEPRECATED] Creation of dynamic property App\Controllers\Products::$Reviewmodel is deprecated in APPPATH/Controllers/Products.php on line 46.
 1 SYSTEMPATH/CodeIgniter.php(906): App\Controllers\Products->__construct()
 2 SYSTEMPATH/CodeIgniter.php(490): CodeIgniter\CodeIgniter->createController()
 3 SYSTEMPATH/CodeIgniter.php(368): CodeIgniter\CodeIgniter->handleRequest(null, Object(Config\Cache), false)
 4 FCPATH/index.php(67): CodeIgniter\CodeIgniter->run()
WARNING - 2025-07-28 13:01:07 --> [DEPRECATED] Creation of dynamic property App\Controllers\Products::$TaxesclassModel is deprecated in APPPATH/Controllers/Products.php on line 47.
 1 SYSTEMPATH/CodeIgniter.php(906): App\Controllers\Products->__construct()
 2 SYSTEMPATH/CodeIgniter.php(490): CodeIgniter\CodeIgniter->createController()
 3 SYSTEMPATH/CodeIgniter.php(368): CodeIgniter\CodeIgniter->handleRequest(null, Object(Config\Cache), false)
 4 FCPATH/index.php(67): CodeIgniter\CodeIgniter->run()
WARNING - 2025-07-28 13:01:07 --> [DEPRECATED] Creation of dynamic property App\Controllers\Products::$cms is deprecated in APPPATH/Controllers/Products.php on line 48.
 1 SYSTEMPATH/CodeIgniter.php(906): App\Controllers\Products->__construct()
 2 SYSTEMPATH/CodeIgniter.php(490): CodeIgniter\CodeIgniter->createController()
 3 SYSTEMPATH/CodeIgniter.php(368): CodeIgniter\CodeIgniter->handleRequest(null, Object(Config\Cache), false)
 4 FCPATH/index.php(67): CodeIgniter\CodeIgniter->run()
INFO - 2025-07-28 13:01:08 --> Session: Class initialized using 'CodeIgniter\Session\Handlers\FileHandler' driver.
WARNING - 2025-07-28 13:01:08 --> [DEPRECATED] Creation of dynamic property App\Controllers\Home::$user_model is deprecated in APPPATH/Controllers/Home.php on line 35.
 1 SYSTEMPATH/CodeIgniter.php(906): App\Controllers\Home->__construct()
 2 SYSTEMPATH/CodeIgniter.php(490): CodeIgniter\CodeIgniter->createController()
 3 SYSTEMPATH/CodeIgniter.php(368): CodeIgniter\CodeIgniter->handleRequest(null, Object(Config\Cache), false)
 4 FCPATH/index.php(67): CodeIgniter\CodeIgniter->run()
WARNING - 2025-07-28 13:01:08 --> [DEPRECATED] Creation of dynamic property App\Controllers\Home::$BlogModel is deprecated in APPPATH/Controllers/Home.php on line 43.
 1 SYSTEMPATH/CodeIgniter.php(906): App\Controllers\Home->__construct()
 2 SYSTEMPATH/CodeIgniter.php(490): CodeIgniter\CodeIgniter->createController()
 3 SYSTEMPATH/CodeIgniter.php(368): CodeIgniter\CodeIgniter->handleRequest(null, Object(Config\Cache), false)
 4 FCPATH/index.php(67): CodeIgniter\CodeIgniter->run()
WARNING - 2025-07-28 13:01:08 --> [DEPRECATED] Creation of dynamic property App\Controllers\Home::$EnquiryModel is deprecated in APPPATH/Controllers/Home.php on line 44.
 1 SYSTEMPATH/CodeIgniter.php(906): App\Controllers\Home->__construct()
 2 SYSTEMPATH/CodeIgniter.php(490): CodeIgniter\CodeIgniter->createController()
 3 SYSTEMPATH/CodeIgniter.php(368): CodeIgniter\CodeIgniter->handleRequest(null, Object(Config\Cache), false)
 4 FCPATH/index.php(67): CodeIgniter\CodeIgniter->run()
WARNING - 2025-07-28 13:01:08 --> [DEPRECATED] Creation of dynamic property App\Controllers\Home::$Allsettingsmodel is deprecated in APPPATH/Controllers/Home.php on line 45.
 1 SYSTEMPATH/CodeIgniter.php(906): App\Controllers\Home->__construct()
 2 SYSTEMPATH/CodeIgniter.php(490): CodeIgniter\CodeIgniter->createController()
 3 SYSTEMPATH/CodeIgniter.php(368): CodeIgniter\CodeIgniter->handleRequest(null, Object(Config\Cache), false)
 4 FCPATH/index.php(67): CodeIgniter\CodeIgniter->run()
INFO - 2025-07-28 13:01:21 --> Session: Class initialized using 'CodeIgniter\Session\Handlers\FileHandler' driver.
WARNING - 2025-07-28 13:01:21 --> [DEPRECATED] Creation of dynamic property App\Controllers\Products::$session is deprecated in APPPATH/Controllers/Products.php on line 30.
 1 SYSTEMPATH/CodeIgniter.php(906): App\Controllers\Products->__construct()
 2 SYSTEMPATH/CodeIgniter.php(490): CodeIgniter\CodeIgniter->createController()
 3 SYSTEMPATH/CodeIgniter.php(368): CodeIgniter\CodeIgniter->handleRequest(null, Object(Config\Cache), false)
 4 FCPATH/index.php(67): CodeIgniter\CodeIgniter->run()
WARNING - 2025-07-28 13:01:21 --> Session: Sessions is enabled, and one exists. Please don't $session->start();
WARNING - 2025-07-28 13:01:21 --> [DEPRECATED] Creation of dynamic property App\Controllers\Products::$catagory is deprecated in APPPATH/Controllers/Products.php on line 33.
 1 SYSTEMPATH/CodeIgniter.php(906): App\Controllers\Products->__construct()
 2 SYSTEMPATH/CodeIgniter.php(490): CodeIgniter\CodeIgniter->createController()
 3 SYSTEMPATH/CodeIgniter.php(368): CodeIgniter\CodeIgniter->handleRequest(null, Object(Config\Cache), false)
 4 FCPATH/index.php(67): CodeIgniter\CodeIgniter->run()
WARNING - 2025-07-28 13:01:21 --> [DEPRECATED] Creation of dynamic property App\Controllers\Products::$variation is deprecated in APPPATH/Controllers/Products.php on line 34.
 1 SYSTEMPATH/CodeIgniter.php(906): App\Controllers\Products->__construct()
 2 SYSTEMPATH/CodeIgniter.php(490): CodeIgniter\CodeIgniter->createController()
 3 SYSTEMPATH/CodeIgniter.php(368): CodeIgniter\CodeIgniter->handleRequest(null, Object(Config\Cache), false)
 4 FCPATH/index.php(67): CodeIgniter\CodeIgniter->run()
WARNING - 2025-07-28 13:01:21 --> [DEPRECATED] Creation of dynamic property App\Controllers\Products::$variationtype is deprecated in APPPATH/Controllers/Products.php on line 35.
 1 SYSTEMPATH/CodeIgniter.php(906): App\Controllers\Products->__construct()
 2 SYSTEMPATH/CodeIgniter.php(490): CodeIgniter\CodeIgniter->createController()
 3 SYSTEMPATH/CodeIgniter.php(368): CodeIgniter\CodeIgniter->handleRequest(null, Object(Config\Cache), false)
 4 FCPATH/index.php(67): CodeIgniter\CodeIgniter->run()
WARNING - 2025-07-28 13:01:21 --> [DEPRECATED] Creation of dynamic property App\Controllers\Products::$subcategory is deprecated in APPPATH/Controllers/Products.php on line 36.
 1 SYSTEMPATH/CodeIgniter.php(906): App\Controllers\Products->__construct()
 2 SYSTEMPATH/CodeIgniter.php(490): CodeIgniter\CodeIgniter->createController()
 3 SYSTEMPATH/CodeIgniter.php(368): CodeIgniter\CodeIgniter->handleRequest(null, Object(Config\Cache), false)
 4 FCPATH/index.php(67): CodeIgniter\CodeIgniter->run()
WARNING - 2025-07-28 13:01:21 --> [DEPRECATED] Creation of dynamic property App\Controllers\Products::$product is deprecated in APPPATH/Controllers/Products.php on line 37.
 1 SYSTEMPATH/CodeIgniter.php(906): App\Controllers\Products->__construct()
 2 SYSTEMPATH/CodeIgniter.php(490): CodeIgniter\CodeIgniter->createController()
 3 SYSTEMPATH/CodeIgniter.php(368): CodeIgniter\CodeIgniter->handleRequest(null, Object(Config\Cache), false)
 4 FCPATH/index.php(67): CodeIgniter\CodeIgniter->run()
WARNING - 2025-07-28 13:01:21 --> [DEPRECATED] Creation of dynamic property App\Controllers\Products::$tags is deprecated in APPPATH/Controllers/Products.php on line 38.
 1 SYSTEMPATH/CodeIgniter.php(906): App\Controllers\Products->__construct()
 2 SYSTEMPATH/CodeIgniter.php(490): CodeIgniter\CodeIgniter->createController()
 3 SYSTEMPATH/CodeIgniter.php(368): CodeIgniter\CodeIgniter->handleRequest(null, Object(Config\Cache), false)
 4 FCPATH/index.php(67): CodeIgniter\CodeIgniter->run()
WARNING - 2025-07-28 13:01:21 --> [DEPRECATED] Creation of dynamic property App\Controllers\Products::$shippingmethod is deprecated in APPPATH/Controllers/Products.php on line 39.
 1 SYSTEMPATH/CodeIgniter.php(906): App\Controllers\Products->__construct()
 2 SYSTEMPATH/CodeIgniter.php(490): CodeIgniter\CodeIgniter->createController()
 3 SYSTEMPATH/CodeIgniter.php(368): CodeIgniter\CodeIgniter->handleRequest(null, Object(Config\Cache), false)
 4 FCPATH/index.php(67): CodeIgniter\CodeIgniter->run()
WARNING - 2025-07-28 13:01:21 --> [DEPRECATED] Creation of dynamic property App\Controllers\Products::$optionvalue is deprecated in APPPATH/Controllers/Products.php on line 40.
 1 SYSTEMPATH/CodeIgniter.php(906): App\Controllers\Products->__construct()
 2 SYSTEMPATH/CodeIgniter.php(490): CodeIgniter\CodeIgniter->createController()
 3 SYSTEMPATH/CodeIgniter.php(368): CodeIgniter\CodeIgniter->handleRequest(null, Object(Config\Cache), false)
 4 FCPATH/index.php(67): CodeIgniter\CodeIgniter->run()
WARNING - 2025-07-28 13:01:21 --> [DEPRECATED] Creation of dynamic property App\Controllers\Products::$brand is deprecated in APPPATH/Controllers/Products.php on line 41.
 1 SYSTEMPATH/CodeIgniter.php(906): App\Controllers\Products->__construct()
 2 SYSTEMPATH/CodeIgniter.php(490): CodeIgniter\CodeIgniter->createController()
 3 SYSTEMPATH/CodeIgniter.php(368): CodeIgniter\CodeIgniter->handleRequest(null, Object(Config\Cache), false)
 4 FCPATH/index.php(67): CodeIgniter\CodeIgniter->run()
WARNING - 2025-07-28 13:01:21 --> [DEPRECATED] Creation of dynamic property App\Controllers\Products::$Allsettings is deprecated in APPPATH/Controllers/Products.php on line 42.
 1 SYSTEMPATH/CodeIgniter.php(906): App\Controllers\Products->__construct()
 2 SYSTEMPATH/CodeIgniter.php(490): CodeIgniter\CodeIgniter->createController()
 3 SYSTEMPATH/CodeIgniter.php(368): CodeIgniter\CodeIgniter->handleRequest(null, Object(Config\Cache), false)
 4 FCPATH/index.php(67): CodeIgniter\CodeIgniter->run()
WARNING - 2025-07-28 13:01:21 --> [DEPRECATED] Creation of dynamic property App\Controllers\Products::$Orderitemmodel is deprecated in APPPATH/Controllers/Products.php on line 43.
 1 SYSTEMPATH/CodeIgniter.php(906): App\Controllers\Products->__construct()
 2 SYSTEMPATH/CodeIgniter.php(490): CodeIgniter\CodeIgniter->createController()
 3 SYSTEMPATH/CodeIgniter.php(368): CodeIgniter\CodeIgniter->handleRequest(null, Object(Config\Cache), false)
 4 FCPATH/index.php(67): CodeIgniter\CodeIgniter->run()
WARNING - 2025-07-28 13:01:21 --> [DEPRECATED] Creation of dynamic property App\Controllers\Products::$Ordermodel is deprecated in APPPATH/Controllers/Products.php on line 44.
 1 SYSTEMPATH/CodeIgniter.php(906): App\Controllers\Products->__construct()
 2 SYSTEMPATH/CodeIgniter.php(490): CodeIgniter\CodeIgniter->createController()
 3 SYSTEMPATH/CodeIgniter.php(368): CodeIgniter\CodeIgniter->handleRequest(null, Object(Config\Cache), false)
 4 FCPATH/index.php(67): CodeIgniter\CodeIgniter->run()
WARNING - 2025-07-28 13:01:21 --> [DEPRECATED] Creation of dynamic property App\Controllers\Products::$CartModel is deprecated in APPPATH/Controllers/Products.php on line 45.
 1 SYSTEMPATH/CodeIgniter.php(906): App\Controllers\Products->__construct()
 2 SYSTEMPATH/CodeIgniter.php(490): CodeIgniter\CodeIgniter->createController()
 3 SYSTEMPATH/CodeIgniter.php(368): CodeIgniter\CodeIgniter->handleRequest(null, Object(Config\Cache), false)
 4 FCPATH/index.php(67): CodeIgniter\CodeIgniter->run()
WARNING - 2025-07-28 13:01:21 --> [DEPRECATED] Creation of dynamic property App\Controllers\Products::$Reviewmodel is deprecated in APPPATH/Controllers/Products.php on line 46.
 1 SYSTEMPATH/CodeIgniter.php(906): App\Controllers\Products->__construct()
 2 SYSTEMPATH/CodeIgniter.php(490): CodeIgniter\CodeIgniter->createController()
 3 SYSTEMPATH/CodeIgniter.php(368): CodeIgniter\CodeIgniter->handleRequest(null, Object(Config\Cache), false)
 4 FCPATH/index.php(67): CodeIgniter\CodeIgniter->run()
WARNING - 2025-07-28 13:01:21 --> [DEPRECATED] Creation of dynamic property App\Controllers\Products::$TaxesclassModel is deprecated in APPPATH/Controllers/Products.php on line 47.
 1 SYSTEMPATH/CodeIgniter.php(906): App\Controllers\Products->__construct()
 2 SYSTEMPATH/CodeIgniter.php(490): CodeIgniter\CodeIgniter->createController()
 3 SYSTEMPATH/CodeIgniter.php(368): CodeIgniter\CodeIgniter->handleRequest(null, Object(Config\Cache), false)
 4 FCPATH/index.php(67): CodeIgniter\CodeIgniter->run()
WARNING - 2025-07-28 13:01:21 --> [DEPRECATED] Creation of dynamic property App\Controllers\Products::$cms is deprecated in APPPATH/Controllers/Products.php on line 48.
 1 SYSTEMPATH/CodeIgniter.php(906): App\Controllers\Products->__construct()
 2 SYSTEMPATH/CodeIgniter.php(490): CodeIgniter\CodeIgniter->createController()
 3 SYSTEMPATH/CodeIgniter.php(368): CodeIgniter\CodeIgniter->handleRequest(null, Object(Config\Cache), false)
 4 FCPATH/index.php(67): CodeIgniter\CodeIgniter->run()
INFO - 2025-07-28 13:01:23 --> Session: Class initialized using 'CodeIgniter\Session\Handlers\FileHandler' driver.
WARNING - 2025-07-28 13:01:23 --> [DEPRECATED] Creation of dynamic property App\Controllers\Products::$session is deprecated in APPPATH/Controllers/Products.php on line 30.
 1 SYSTEMPATH/CodeIgniter.php(906): App\Controllers\Products->__construct()
 2 SYSTEMPATH/CodeIgniter.php(490): CodeIgniter\CodeIgniter->createController()
 3 SYSTEMPATH/CodeIgniter.php(368): CodeIgniter\CodeIgniter->handleRequest(null, Object(Config\Cache), false)
 4 FCPATH/index.php(67): CodeIgniter\CodeIgniter->run()
WARNING - 2025-07-28 13:01:23 --> Session: Sessions is enabled, and one exists. Please don't $session->start();
WARNING - 2025-07-28 13:01:23 --> [DEPRECATED] Creation of dynamic property App\Controllers\Products::$catagory is deprecated in APPPATH/Controllers/Products.php on line 33.
 1 SYSTEMPATH/CodeIgniter.php(906): App\Controllers\Products->__construct()
 2 SYSTEMPATH/CodeIgniter.php(490): CodeIgniter\CodeIgniter->createController()
 3 SYSTEMPATH/CodeIgniter.php(368): CodeIgniter\CodeIgniter->handleRequest(null, Object(Config\Cache), false)
 4 FCPATH/index.php(67): CodeIgniter\CodeIgniter->run()
WARNING - 2025-07-28 13:01:23 --> [DEPRECATED] Creation of dynamic property App\Controllers\Products::$variation is deprecated in APPPATH/Controllers/Products.php on line 34.
 1 SYSTEMPATH/CodeIgniter.php(906): App\Controllers\Products->__construct()
 2 SYSTEMPATH/CodeIgniter.php(490): CodeIgniter\CodeIgniter->createController()
 3 SYSTEMPATH/CodeIgniter.php(368): CodeIgniter\CodeIgniter->handleRequest(null, Object(Config\Cache), false)
 4 FCPATH/index.php(67): CodeIgniter\CodeIgniter->run()
WARNING - 2025-07-28 13:01:23 --> [DEPRECATED] Creation of dynamic property App\Controllers\Products::$variationtype is deprecated in APPPATH/Controllers/Products.php on line 35.
 1 SYSTEMPATH/CodeIgniter.php(906): App\Controllers\Products->__construct()
 2 SYSTEMPATH/CodeIgniter.php(490): CodeIgniter\CodeIgniter->createController()
 3 SYSTEMPATH/CodeIgniter.php(368): CodeIgniter\CodeIgniter->handleRequest(null, Object(Config\Cache), false)
 4 FCPATH/index.php(67): CodeIgniter\CodeIgniter->run()
WARNING - 2025-07-28 13:01:23 --> [DEPRECATED] Creation of dynamic property App\Controllers\Products::$subcategory is deprecated in APPPATH/Controllers/Products.php on line 36.
 1 SYSTEMPATH/CodeIgniter.php(906): App\Controllers\Products->__construct()
 2 SYSTEMPATH/CodeIgniter.php(490): CodeIgniter\CodeIgniter->createController()
 3 SYSTEMPATH/CodeIgniter.php(368): CodeIgniter\CodeIgniter->handleRequest(null, Object(Config\Cache), false)
 4 FCPATH/index.php(67): CodeIgniter\CodeIgniter->run()
WARNING - 2025-07-28 13:01:23 --> [DEPRECATED] Creation of dynamic property App\Controllers\Products::$product is deprecated in APPPATH/Controllers/Products.php on line 37.
 1 SYSTEMPATH/CodeIgniter.php(906): App\Controllers\Products->__construct()
 2 SYSTEMPATH/CodeIgniter.php(490): CodeIgniter\CodeIgniter->createController()
 3 SYSTEMPATH/CodeIgniter.php(368): CodeIgniter\CodeIgniter->handleRequest(null, Object(Config\Cache), false)
 4 FCPATH/index.php(67): CodeIgniter\CodeIgniter->run()
WARNING - 2025-07-28 13:01:23 --> [DEPRECATED] Creation of dynamic property App\Controllers\Products::$tags is deprecated in APPPATH/Controllers/Products.php on line 38.
 1 SYSTEMPATH/CodeIgniter.php(906): App\Controllers\Products->__construct()
 2 SYSTEMPATH/CodeIgniter.php(490): CodeIgniter\CodeIgniter->createController()
 3 SYSTEMPATH/CodeIgniter.php(368): CodeIgniter\CodeIgniter->handleRequest(null, Object(Config\Cache), false)
 4 FCPATH/index.php(67): CodeIgniter\CodeIgniter->run()
WARNING - 2025-07-28 13:01:23 --> [DEPRECATED] Creation of dynamic property App\Controllers\Products::$shippingmethod is deprecated in APPPATH/Controllers/Products.php on line 39.
 1 SYSTEMPATH/CodeIgniter.php(906): App\Controllers\Products->__construct()
 2 SYSTEMPATH/CodeIgniter.php(490): CodeIgniter\CodeIgniter->createController()
 3 SYSTEMPATH/CodeIgniter.php(368): CodeIgniter\CodeIgniter->handleRequest(null, Object(Config\Cache), false)
 4 FCPATH/index.php(67): CodeIgniter\CodeIgniter->run()
WARNING - 2025-07-28 13:01:23 --> [DEPRECATED] Creation of dynamic property App\Controllers\Products::$optionvalue is deprecated in APPPATH/Controllers/Products.php on line 40.
 1 SYSTEMPATH/CodeIgniter.php(906): App\Controllers\Products->__construct()
 2 SYSTEMPATH/CodeIgniter.php(490): CodeIgniter\CodeIgniter->createController()
 3 SYSTEMPATH/CodeIgniter.php(368): CodeIgniter\CodeIgniter->handleRequest(null, Object(Config\Cache), false)
 4 FCPATH/index.php(67): CodeIgniter\CodeIgniter->run()
WARNING - 2025-07-28 13:01:23 --> [DEPRECATED] Creation of dynamic property App\Controllers\Products::$brand is deprecated in APPPATH/Controllers/Products.php on line 41.
 1 SYSTEMPATH/CodeIgniter.php(906): App\Controllers\Products->__construct()
 2 SYSTEMPATH/CodeIgniter.php(490): CodeIgniter\CodeIgniter->createController()
 3 SYSTEMPATH/CodeIgniter.php(368): CodeIgniter\CodeIgniter->handleRequest(null, Object(Config\Cache), false)
 4 FCPATH/index.php(67): CodeIgniter\CodeIgniter->run()
WARNING - 2025-07-28 13:01:23 --> [DEPRECATED] Creation of dynamic property App\Controllers\Products::$Allsettings is deprecated in APPPATH/Controllers/Products.php on line 42.
 1 SYSTEMPATH/CodeIgniter.php(906): App\Controllers\Products->__construct()
 2 SYSTEMPATH/CodeIgniter.php(490): CodeIgniter\CodeIgniter->createController()
 3 SYSTEMPATH/CodeIgniter.php(368): CodeIgniter\CodeIgniter->handleRequest(null, Object(Config\Cache), false)
 4 FCPATH/index.php(67): CodeIgniter\CodeIgniter->run()
WARNING - 2025-07-28 13:01:23 --> [DEPRECATED] Creation of dynamic property App\Controllers\Products::$Orderitemmodel is deprecated in APPPATH/Controllers/Products.php on line 43.
 1 SYSTEMPATH/CodeIgniter.php(906): App\Controllers\Products->__construct()
 2 SYSTEMPATH/CodeIgniter.php(490): CodeIgniter\CodeIgniter->createController()
 3 SYSTEMPATH/CodeIgniter.php(368): CodeIgniter\CodeIgniter->handleRequest(null, Object(Config\Cache), false)
 4 FCPATH/index.php(67): CodeIgniter\CodeIgniter->run()
WARNING - 2025-07-28 13:01:23 --> [DEPRECATED] Creation of dynamic property App\Controllers\Products::$Ordermodel is deprecated in APPPATH/Controllers/Products.php on line 44.
 1 SYSTEMPATH/CodeIgniter.php(906): App\Controllers\Products->__construct()
 2 SYSTEMPATH/CodeIgniter.php(490): CodeIgniter\CodeIgniter->createController()
 3 SYSTEMPATH/CodeIgniter.php(368): CodeIgniter\CodeIgniter->handleRequest(null, Object(Config\Cache), false)
 4 FCPATH/index.php(67): CodeIgniter\CodeIgniter->run()
WARNING - 2025-07-28 13:01:23 --> [DEPRECATED] Creation of dynamic property App\Controllers\Products::$CartModel is deprecated in APPPATH/Controllers/Products.php on line 45.
 1 SYSTEMPATH/CodeIgniter.php(906): App\Controllers\Products->__construct()
 2 SYSTEMPATH/CodeIgniter.php(490): CodeIgniter\CodeIgniter->createController()
 3 SYSTEMPATH/CodeIgniter.php(368): CodeIgniter\CodeIgniter->handleRequest(null, Object(Config\Cache), false)
 4 FCPATH/index.php(67): CodeIgniter\CodeIgniter->run()
WARNING - 2025-07-28 13:01:23 --> [DEPRECATED] Creation of dynamic property App\Controllers\Products::$Reviewmodel is deprecated in APPPATH/Controllers/Products.php on line 46.
 1 SYSTEMPATH/CodeIgniter.php(906): App\Controllers\Products->__construct()
 2 SYSTEMPATH/CodeIgniter.php(490): CodeIgniter\CodeIgniter->createController()
 3 SYSTEMPATH/CodeIgniter.php(368): CodeIgniter\CodeIgniter->handleRequest(null, Object(Config\Cache), false)
 4 FCPATH/index.php(67): CodeIgniter\CodeIgniter->run()
WARNING - 2025-07-28 13:01:23 --> [DEPRECATED] Creation of dynamic property App\Controllers\Products::$TaxesclassModel is deprecated in APPPATH/Controllers/Products.php on line 47.
 1 SYSTEMPATH/CodeIgniter.php(906): App\Controllers\Products->__construct()
 2 SYSTEMPATH/CodeIgniter.php(490): CodeIgniter\CodeIgniter->createController()
 3 SYSTEMPATH/CodeIgniter.php(368): CodeIgniter\CodeIgniter->handleRequest(null, Object(Config\Cache), false)
 4 FCPATH/index.php(67): CodeIgniter\CodeIgniter->run()
WARNING - 2025-07-28 13:01:23 --> [DEPRECATED] Creation of dynamic property App\Controllers\Products::$cms is deprecated in APPPATH/Controllers/Products.php on line 48.
 1 SYSTEMPATH/CodeIgniter.php(906): App\Controllers\Products->__construct()
 2 SYSTEMPATH/CodeIgniter.php(490): CodeIgniter\CodeIgniter->createController()
 3 SYSTEMPATH/CodeIgniter.php(368): CodeIgniter\CodeIgniter->handleRequest(null, Object(Config\Cache), false)
 4 FCPATH/index.php(67): CodeIgniter\CodeIgniter->run()
INFO - 2025-07-28 13:01:24 --> Session: Class initialized using 'CodeIgniter\Session\Handlers\FileHandler' driver.
WARNING - 2025-07-28 13:01:24 --> [DEPRECATED] Creation of dynamic property App\Controllers\Home::$user_model is deprecated in APPPATH/Controllers/Home.php on line 35.
 1 SYSTEMPATH/CodeIgniter.php(906): App\Controllers\Home->__construct()
 2 SYSTEMPATH/CodeIgniter.php(490): CodeIgniter\CodeIgniter->createController()
 3 SYSTEMPATH/CodeIgniter.php(368): CodeIgniter\CodeIgniter->handleRequest(null, Object(Config\Cache), false)
 4 FCPATH/index.php(67): CodeIgniter\CodeIgniter->run()
WARNING - 2025-07-28 13:01:24 --> [DEPRECATED] Creation of dynamic property App\Controllers\Home::$BlogModel is deprecated in APPPATH/Controllers/Home.php on line 43.
 1 SYSTEMPATH/CodeIgniter.php(906): App\Controllers\Home->__construct()
 2 SYSTEMPATH/CodeIgniter.php(490): CodeIgniter\CodeIgniter->createController()
 3 SYSTEMPATH/CodeIgniter.php(368): CodeIgniter\CodeIgniter->handleRequest(null, Object(Config\Cache), false)
 4 FCPATH/index.php(67): CodeIgniter\CodeIgniter->run()
WARNING - 2025-07-28 13:01:24 --> [DEPRECATED] Creation of dynamic property App\Controllers\Home::$EnquiryModel is deprecated in APPPATH/Controllers/Home.php on line 44.
 1 SYSTEMPATH/CodeIgniter.php(906): App\Controllers\Home->__construct()
 2 SYSTEMPATH/CodeIgniter.php(490): CodeIgniter\CodeIgniter->createController()
 3 SYSTEMPATH/CodeIgniter.php(368): CodeIgniter\CodeIgniter->handleRequest(null, Object(Config\Cache), false)
 4 FCPATH/index.php(67): CodeIgniter\CodeIgniter->run()
WARNING - 2025-07-28 13:01:24 --> [DEPRECATED] Creation of dynamic property App\Controllers\Home::$Allsettingsmodel is deprecated in APPPATH/Controllers/Home.php on line 45.
 1 SYSTEMPATH/CodeIgniter.php(906): App\Controllers\Home->__construct()
 2 SYSTEMPATH/CodeIgniter.php(490): CodeIgniter\CodeIgniter->createController()
 3 SYSTEMPATH/CodeIgniter.php(368): CodeIgniter\CodeIgniter->handleRequest(null, Object(Config\Cache), false)
 4 FCPATH/index.php(67): CodeIgniter\CodeIgniter->run()
INFO - 2025-07-28 13:03:01 --> Session: Class initialized using 'CodeIgniter\Session\Handlers\FileHandler' driver.
WARNING - 2025-07-28 13:03:01 --> [DEPRECATED] Creation of dynamic property App\Controllers\Orders::$session is deprecated in APPPATH/Controllers/Orders.php on line 34.
 1 SYSTEMPATH/CodeIgniter.php(906): App\Controllers\Orders->__construct()
 2 SYSTEMPATH/CodeIgniter.php(490): CodeIgniter\CodeIgniter->createController()
 3 SYSTEMPATH/CodeIgniter.php(368): CodeIgniter\CodeIgniter->handleRequest(null, Object(Config\Cache), false)
 4 FCPATH/index.php(67): CodeIgniter\CodeIgniter->run()
WARNING - 2025-07-28 13:03:01 --> Session: Sessions is enabled, and one exists. Please don't $session->start();
WARNING - 2025-07-28 13:03:01 --> [DEPRECATED] Creation of dynamic property App\Controllers\Orders::$coupons is deprecated in APPPATH/Controllers/Orders.php on line 38.
 1 SYSTEMPATH/CodeIgniter.php(906): App\Controllers\Orders->__construct()
 2 SYSTEMPATH/CodeIgniter.php(490): CodeIgniter\CodeIgniter->createController()
 3 SYSTEMPATH/CodeIgniter.php(368): CodeIgniter\CodeIgniter->handleRequest(null, Object(Config\Cache), false)
 4 FCPATH/index.php(67): CodeIgniter\CodeIgniter->run()
WARNING - 2025-07-28 13:03:01 --> [DEPRECATED] Creation of dynamic property App\Controllers\Orders::$faqs is deprecated in APPPATH/Controllers/Orders.php on line 39.
 1 SYSTEMPATH/CodeIgniter.php(906): App\Controllers\Orders->__construct()
 2 SYSTEMPATH/CodeIgniter.php(490): CodeIgniter\CodeIgniter->createController()
 3 SYSTEMPATH/CodeIgniter.php(368): CodeIgniter\CodeIgniter->handleRequest(null, Object(Config\Cache), false)
 4 FCPATH/index.php(67): CodeIgniter\CodeIgniter->run()
WARNING - 2025-07-28 13:03:01 --> [DEPRECATED] Creation of dynamic property App\Controllers\Orders::$seo is deprecated in APPPATH/Controllers/Orders.php on line 40.
 1 SYSTEMPATH/CodeIgniter.php(906): App\Controllers\Orders->__construct()
 2 SYSTEMPATH/CodeIgniter.php(490): CodeIgniter\CodeIgniter->createController()
 3 SYSTEMPATH/CodeIgniter.php(368): CodeIgniter\CodeIgniter->handleRequest(null, Object(Config\Cache), false)
 4 FCPATH/index.php(67): CodeIgniter\CodeIgniter->run()
WARNING - 2025-07-28 13:03:01 --> [DEPRECATED] Creation of dynamic property App\Controllers\Orders::$Ordermodel is deprecated in APPPATH/Controllers/Orders.php on line 41.
 1 SYSTEMPATH/CodeIgniter.php(906): App\Controllers\Orders->__construct()
 2 SYSTEMPATH/CodeIgniter.php(490): CodeIgniter\CodeIgniter->createController()
 3 SYSTEMPATH/CodeIgniter.php(368): CodeIgniter\CodeIgniter->handleRequest(null, Object(Config\Cache), false)
 4 FCPATH/index.php(67): CodeIgniter\CodeIgniter->run()
WARNING - 2025-07-28 13:03:01 --> [DEPRECATED] Creation of dynamic property App\Controllers\Orders::$testimonial is deprecated in APPPATH/Controllers/Orders.php on line 42.
 1 SYSTEMPATH/CodeIgniter.php(906): App\Controllers\Orders->__construct()
 2 SYSTEMPATH/CodeIgniter.php(490): CodeIgniter\CodeIgniter->createController()
 3 SYSTEMPATH/CodeIgniter.php(368): CodeIgniter\CodeIgniter->handleRequest(null, Object(Config\Cache), false)
 4 FCPATH/index.php(67): CodeIgniter\CodeIgniter->run()
WARNING - 2025-07-28 13:03:01 --> [DEPRECATED] Creation of dynamic property App\Controllers\Orders::$enquiry is deprecated in APPPATH/Controllers/Orders.php on line 43.
 1 SYSTEMPATH/CodeIgniter.php(906): App\Controllers\Orders->__construct()
 2 SYSTEMPATH/CodeIgniter.php(490): CodeIgniter\CodeIgniter->createController()
 3 SYSTEMPATH/CodeIgniter.php(368): CodeIgniter\CodeIgniter->handleRequest(null, Object(Config\Cache), false)
 4 FCPATH/index.php(67): CodeIgniter\CodeIgniter->run()
WARNING - 2025-07-28 13:03:01 --> [DEPRECATED] Creation of dynamic property App\Controllers\Orders::$product is deprecated in APPPATH/Controllers/Orders.php on line 44.
 1 SYSTEMPATH/CodeIgniter.php(906): App\Controllers\Orders->__construct()
 2 SYSTEMPATH/CodeIgniter.php(490): CodeIgniter\CodeIgniter->createController()
 3 SYSTEMPATH/CodeIgniter.php(368): CodeIgniter\CodeIgniter->handleRequest(null, Object(Config\Cache), false)
 4 FCPATH/index.php(67): CodeIgniter\CodeIgniter->run()
WARNING - 2025-07-28 13:03:01 --> [DEPRECATED] Creation of dynamic property App\Controllers\Orders::$orderitem is deprecated in APPPATH/Controllers/Orders.php on line 45.
 1 SYSTEMPATH/CodeIgniter.php(906): App\Controllers\Orders->__construct()
 2 SYSTEMPATH/CodeIgniter.php(490): CodeIgniter\CodeIgniter->createController()
 3 SYSTEMPATH/CodeIgniter.php(368): CodeIgniter\CodeIgniter->handleRequest(null, Object(Config\Cache), false)
 4 FCPATH/index.php(67): CodeIgniter\CodeIgniter->run()
WARNING - 2025-07-28 13:03:01 --> [DEPRECATED] Creation of dynamic property App\Controllers\Orders::$Ordercomment is deprecated in APPPATH/Controllers/Orders.php on line 46.
 1 SYSTEMPATH/CodeIgniter.php(906): App\Controllers\Orders->__construct()
 2 SYSTEMPATH/CodeIgniter.php(490): CodeIgniter\CodeIgniter->createController()
 3 SYSTEMPATH/CodeIgniter.php(368): CodeIgniter\CodeIgniter->handleRequest(null, Object(Config\Cache), false)
 4 FCPATH/index.php(67): CodeIgniter\CodeIgniter->run()
WARNING - 2025-07-28 13:03:01 --> [DEPRECATED] Creation of dynamic property App\Controllers\Orders::$catagory is deprecated in APPPATH/Controllers/Orders.php on line 47.
 1 SYSTEMPATH/CodeIgniter.php(906): App\Controllers\Orders->__construct()
 2 SYSTEMPATH/CodeIgniter.php(490): CodeIgniter\CodeIgniter->createController()
 3 SYSTEMPATH/CodeIgniter.php(368): CodeIgniter\CodeIgniter->handleRequest(null, Object(Config\Cache), false)
 4 FCPATH/index.php(67): CodeIgniter\CodeIgniter->run()
WARNING - 2025-07-28 13:03:01 --> [DEPRECATED] Creation of dynamic property App\Controllers\Orders::$User is deprecated in APPPATH/Controllers/Orders.php on line 48.
 1 SYSTEMPATH/CodeIgniter.php(906): App\Controllers\Orders->__construct()
 2 SYSTEMPATH/CodeIgniter.php(490): CodeIgniter\CodeIgniter->createController()
 3 SYSTEMPATH/CodeIgniter.php(368): CodeIgniter\CodeIgniter->handleRequest(null, Object(Config\Cache), false)
 4 FCPATH/index.php(67): CodeIgniter\CodeIgniter->run()
WARNING - 2025-07-28 13:03:01 --> [DEPRECATED] Creation of dynamic property App\Controllers\Orders::$shippingmethod is deprecated in APPPATH/Controllers/Orders.php on line 49.
 1 SYSTEMPATH/CodeIgniter.php(906): App\Controllers\Orders->__construct()
 2 SYSTEMPATH/CodeIgniter.php(490): CodeIgniter\CodeIgniter->createController()
 3 SYSTEMPATH/CodeIgniter.php(368): CodeIgniter\CodeIgniter->handleRequest(null, Object(Config\Cache), false)
 4 FCPATH/index.php(67): CodeIgniter\CodeIgniter->run()
WARNING - 2025-07-28 13:03:01 --> [DEPRECATED] Creation of dynamic property App\Controllers\Orders::$shippingrate is deprecated in APPPATH/Controllers/Orders.php on line 50.
 1 SYSTEMPATH/CodeIgniter.php(906): App\Controllers\Orders->__construct()
 2 SYSTEMPATH/CodeIgniter.php(490): CodeIgniter\CodeIgniter->createController()
 3 SYSTEMPATH/CodeIgniter.php(368): CodeIgniter\CodeIgniter->handleRequest(null, Object(Config\Cache), false)
 4 FCPATH/index.php(67): CodeIgniter\CodeIgniter->run()
WARNING - 2025-07-28 13:03:01 --> [DEPRECATED] Creation of dynamic property App\Controllers\Orders::$shippingzone is deprecated in APPPATH/Controllers/Orders.php on line 51.
 1 SYSTEMPATH/CodeIgniter.php(906): App\Controllers\Orders->__construct()
 2 SYSTEMPATH/CodeIgniter.php(490): CodeIgniter\CodeIgniter->createController()
 3 SYSTEMPATH/CodeIgniter.php(368): CodeIgniter\CodeIgniter->handleRequest(null, Object(Config\Cache), false)
 4 FCPATH/index.php(67): CodeIgniter\CodeIgniter->run()
WARNING - 2025-07-28 13:03:01 --> [DEPRECATED] Creation of dynamic property App\Controllers\Orders::$country is deprecated in APPPATH/Controllers/Orders.php on line 52.
 1 SYSTEMPATH/CodeIgniter.php(906): App\Controllers\Orders->__construct()
 2 SYSTEMPATH/CodeIgniter.php(490): CodeIgniter\CodeIgniter->createController()
 3 SYSTEMPATH/CodeIgniter.php(368): CodeIgniter\CodeIgniter->handleRequest(null, Object(Config\Cache), false)
 4 FCPATH/index.php(67): CodeIgniter\CodeIgniter->run()
WARNING - 2025-07-28 13:03:01 --> [DEPRECATED] Creation of dynamic property App\Controllers\Orders::$ChatModel is deprecated in APPPATH/Controllers/Orders.php on line 53.
 1 SYSTEMPATH/CodeIgniter.php(906): App\Controllers\Orders->__construct()
 2 SYSTEMPATH/CodeIgniter.php(490): CodeIgniter\CodeIgniter->createController()
 3 SYSTEMPATH/CodeIgniter.php(368): CodeIgniter\CodeIgniter->handleRequest(null, Object(Config\Cache), false)
 4 FCPATH/index.php(67): CodeIgniter\CodeIgniter->run()
WARNING - 2025-07-28 13:03:01 --> [DEPRECATED] Creation of dynamic property App\Controllers\Orders::$Allsettings is deprecated in APPPATH/Controllers/Orders.php on line 54.
 1 SYSTEMPATH/CodeIgniter.php(906): App\Controllers\Orders->__construct()
 2 SYSTEMPATH/CodeIgniter.php(490): CodeIgniter\CodeIgniter->createController()
 3 SYSTEMPATH/CodeIgniter.php(368): CodeIgniter\CodeIgniter->handleRequest(null, Object(Config\Cache), false)
 4 FCPATH/index.php(67): CodeIgniter\CodeIgniter->run()
WARNING - 2025-07-28 13:03:01 --> [DEPRECATED] Creation of dynamic property App\Controllers\Orders::$ShippingDataModel is deprecated in APPPATH/Controllers/Orders.php on line 55.
 1 SYSTEMPATH/CodeIgniter.php(906): App\Controllers\Orders->__construct()
 2 SYSTEMPATH/CodeIgniter.php(490): CodeIgniter\CodeIgniter->createController()
 3 SYSTEMPATH/CodeIgniter.php(368): CodeIgniter\CodeIgniter->handleRequest(null, Object(Config\Cache), false)
 4 FCPATH/index.php(67): CodeIgniter\CodeIgniter->run()
WARNING - 2025-07-28 13:03:01 --> [DEPRECATED] Creation of dynamic property App\Controllers\Orders::$cityModel is deprecated in APPPATH/Controllers/Orders.php on line 56.
 1 SYSTEMPATH/CodeIgniter.php(906): App\Controllers\Orders->__construct()
 2 SYSTEMPATH/CodeIgniter.php(490): CodeIgniter\CodeIgniter->createController()
 3 SYSTEMPATH/CodeIgniter.php(368): CodeIgniter\CodeIgniter->handleRequest(null, Object(Config\Cache), false)
 4 FCPATH/index.php(67): CodeIgniter\CodeIgniter->run()
WARNING - 2025-07-28 13:03:01 --> [DEPRECATED] Creation of dynamic property App\Controllers\Orders::$stateModel is deprecated in APPPATH/Controllers/Orders.php on line 57.
 1 SYSTEMPATH/CodeIgniter.php(906): App\Controllers\Orders->__construct()
 2 SYSTEMPATH/CodeIgniter.php(490): CodeIgniter\CodeIgniter->createController()
 3 SYSTEMPATH/CodeIgniter.php(368): CodeIgniter\CodeIgniter->handleRequest(null, Object(Config\Cache), false)
 4 FCPATH/index.php(67): CodeIgniter\CodeIgniter->run()
WARNING - 2025-07-28 13:03:01 --> [DEPRECATED] Creation of dynamic property App\Controllers\Orders::$taxModel is deprecated in APPPATH/Controllers/Orders.php on line 58.
 1 SYSTEMPATH/CodeIgniter.php(906): App\Controllers\Orders->__construct()
 2 SYSTEMPATH/CodeIgniter.php(490): CodeIgniter\CodeIgniter->createController()
 3 SYSTEMPATH/CodeIgniter.php(368): CodeIgniter\CodeIgniter->handleRequest(null, Object(Config\Cache), false)
 4 FCPATH/index.php(67): CodeIgniter\CodeIgniter->run()
INFO - 2025-07-28 13:03:05 --> Session: Class initialized using 'CodeIgniter\Session\Handlers\FileHandler' driver.
WARNING - 2025-07-28 13:03:05 --> [DEPRECATED] Creation of dynamic property App\Controllers\Home::$user_model is deprecated in APPPATH/Controllers/Home.php on line 35.
 1 SYSTEMPATH/CodeIgniter.php(906): App\Controllers\Home->__construct()
 2 SYSTEMPATH/CodeIgniter.php(490): CodeIgniter\CodeIgniter->createController()
 3 SYSTEMPATH/CodeIgniter.php(368): CodeIgniter\CodeIgniter->handleRequest(null, Object(Config\Cache), false)
 4 FCPATH/index.php(67): CodeIgniter\CodeIgniter->run()
WARNING - 2025-07-28 13:03:05 --> [DEPRECATED] Creation of dynamic property App\Controllers\Home::$BlogModel is deprecated in APPPATH/Controllers/Home.php on line 43.
 1 SYSTEMPATH/CodeIgniter.php(906): App\Controllers\Home->__construct()
 2 SYSTEMPATH/CodeIgniter.php(490): CodeIgniter\CodeIgniter->createController()
 3 SYSTEMPATH/CodeIgniter.php(368): CodeIgniter\CodeIgniter->handleRequest(null, Object(Config\Cache), false)
 4 FCPATH/index.php(67): CodeIgniter\CodeIgniter->run()
WARNING - 2025-07-28 13:03:05 --> [DEPRECATED] Creation of dynamic property App\Controllers\Home::$EnquiryModel is deprecated in APPPATH/Controllers/Home.php on line 44.
 1 SYSTEMPATH/CodeIgniter.php(906): App\Controllers\Home->__construct()
 2 SYSTEMPATH/CodeIgniter.php(490): CodeIgniter\CodeIgniter->createController()
 3 SYSTEMPATH/CodeIgniter.php(368): CodeIgniter\CodeIgniter->handleRequest(null, Object(Config\Cache), false)
 4 FCPATH/index.php(67): CodeIgniter\CodeIgniter->run()
WARNING - 2025-07-28 13:03:05 --> [DEPRECATED] Creation of dynamic property App\Controllers\Home::$Allsettingsmodel is deprecated in APPPATH/Controllers/Home.php on line 45.
 1 SYSTEMPATH/CodeIgniter.php(906): App\Controllers\Home->__construct()
 2 SYSTEMPATH/CodeIgniter.php(490): CodeIgniter\CodeIgniter->createController()
 3 SYSTEMPATH/CodeIgniter.php(368): CodeIgniter\CodeIgniter->handleRequest(null, Object(Config\Cache), false)
 4 FCPATH/index.php(67): CodeIgniter\CodeIgniter->run()
INFO - 2025-07-28 13:03:09 --> Session: Class initialized using 'CodeIgniter\Session\Handlers\FileHandler' driver.
WARNING - 2025-07-28 13:03:09 --> [DEPRECATED] Creation of dynamic property App\Controllers\Orders::$session is deprecated in APPPATH/Controllers/Orders.php on line 34.
 1 SYSTEMPATH/CodeIgniter.php(906): App\Controllers\Orders->__construct()
 2 SYSTEMPATH/CodeIgniter.php(490): CodeIgniter\CodeIgniter->createController()
 3 SYSTEMPATH/CodeIgniter.php(368): CodeIgniter\CodeIgniter->handleRequest(null, Object(Config\Cache), false)
 4 FCPATH/index.php(67): CodeIgniter\CodeIgniter->run()
WARNING - 2025-07-28 13:03:09 --> Session: Sessions is enabled, and one exists. Please don't $session->start();
WARNING - 2025-07-28 13:03:09 --> [DEPRECATED] Creation of dynamic property App\Controllers\Orders::$coupons is deprecated in APPPATH/Controllers/Orders.php on line 38.
 1 SYSTEMPATH/CodeIgniter.php(906): App\Controllers\Orders->__construct()
 2 SYSTEMPATH/CodeIgniter.php(490): CodeIgniter\CodeIgniter->createController()
 3 SYSTEMPATH/CodeIgniter.php(368): CodeIgniter\CodeIgniter->handleRequest(null, Object(Config\Cache), false)
 4 FCPATH/index.php(67): CodeIgniter\CodeIgniter->run()
WARNING - 2025-07-28 13:03:09 --> [DEPRECATED] Creation of dynamic property App\Controllers\Orders::$faqs is deprecated in APPPATH/Controllers/Orders.php on line 39.
 1 SYSTEMPATH/CodeIgniter.php(906): App\Controllers\Orders->__construct()
 2 SYSTEMPATH/CodeIgniter.php(490): CodeIgniter\CodeIgniter->createController()
 3 SYSTEMPATH/CodeIgniter.php(368): CodeIgniter\CodeIgniter->handleRequest(null, Object(Config\Cache), false)
 4 FCPATH/index.php(67): CodeIgniter\CodeIgniter->run()
WARNING - 2025-07-28 13:03:09 --> [DEPRECATED] Creation of dynamic property App\Controllers\Orders::$seo is deprecated in APPPATH/Controllers/Orders.php on line 40.
 1 SYSTEMPATH/CodeIgniter.php(906): App\Controllers\Orders->__construct()
 2 SYSTEMPATH/CodeIgniter.php(490): CodeIgniter\CodeIgniter->createController()
 3 SYSTEMPATH/CodeIgniter.php(368): CodeIgniter\CodeIgniter->handleRequest(null, Object(Config\Cache), false)
 4 FCPATH/index.php(67): CodeIgniter\CodeIgniter->run()
WARNING - 2025-07-28 13:03:09 --> [DEPRECATED] Creation of dynamic property App\Controllers\Orders::$Ordermodel is deprecated in APPPATH/Controllers/Orders.php on line 41.
 1 SYSTEMPATH/CodeIgniter.php(906): App\Controllers\Orders->__construct()
 2 SYSTEMPATH/CodeIgniter.php(490): CodeIgniter\CodeIgniter->createController()
 3 SYSTEMPATH/CodeIgniter.php(368): CodeIgniter\CodeIgniter->handleRequest(null, Object(Config\Cache), false)
 4 FCPATH/index.php(67): CodeIgniter\CodeIgniter->run()
WARNING - 2025-07-28 13:03:09 --> [DEPRECATED] Creation of dynamic property App\Controllers\Orders::$testimonial is deprecated in APPPATH/Controllers/Orders.php on line 42.
 1 SYSTEMPATH/CodeIgniter.php(906): App\Controllers\Orders->__construct()
 2 SYSTEMPATH/CodeIgniter.php(490): CodeIgniter\CodeIgniter->createController()
 3 SYSTEMPATH/CodeIgniter.php(368): CodeIgniter\CodeIgniter->handleRequest(null, Object(Config\Cache), false)
 4 FCPATH/index.php(67): CodeIgniter\CodeIgniter->run()
WARNING - 2025-07-28 13:03:09 --> [DEPRECATED] Creation of dynamic property App\Controllers\Orders::$enquiry is deprecated in APPPATH/Controllers/Orders.php on line 43.
 1 SYSTEMPATH/CodeIgniter.php(906): App\Controllers\Orders->__construct()
 2 SYSTEMPATH/CodeIgniter.php(490): CodeIgniter\CodeIgniter->createController()
 3 SYSTEMPATH/CodeIgniter.php(368): CodeIgniter\CodeIgniter->handleRequest(null, Object(Config\Cache), false)
 4 FCPATH/index.php(67): CodeIgniter\CodeIgniter->run()
WARNING - 2025-07-28 13:03:09 --> [DEPRECATED] Creation of dynamic property App\Controllers\Orders::$product is deprecated in APPPATH/Controllers/Orders.php on line 44.
 1 SYSTEMPATH/CodeIgniter.php(906): App\Controllers\Orders->__construct()
 2 SYSTEMPATH/CodeIgniter.php(490): CodeIgniter\CodeIgniter->createController()
 3 SYSTEMPATH/CodeIgniter.php(368): CodeIgniter\CodeIgniter->handleRequest(null, Object(Config\Cache), false)
 4 FCPATH/index.php(67): CodeIgniter\CodeIgniter->run()
WARNING - 2025-07-28 13:03:09 --> [DEPRECATED] Creation of dynamic property App\Controllers\Orders::$orderitem is deprecated in APPPATH/Controllers/Orders.php on line 45.
 1 SYSTEMPATH/CodeIgniter.php(906): App\Controllers\Orders->__construct()
 2 SYSTEMPATH/CodeIgniter.php(490): CodeIgniter\CodeIgniter->createController()
 3 SYSTEMPATH/CodeIgniter.php(368): CodeIgniter\CodeIgniter->handleRequest(null, Object(Config\Cache), false)
 4 FCPATH/index.php(67): CodeIgniter\CodeIgniter->run()
WARNING - 2025-07-28 13:03:09 --> [DEPRECATED] Creation of dynamic property App\Controllers\Orders::$Ordercomment is deprecated in APPPATH/Controllers/Orders.php on line 46.
 1 SYSTEMPATH/CodeIgniter.php(906): App\Controllers\Orders->__construct()
 2 SYSTEMPATH/CodeIgniter.php(490): CodeIgniter\CodeIgniter->createController()
 3 SYSTEMPATH/CodeIgniter.php(368): CodeIgniter\CodeIgniter->handleRequest(null, Object(Config\Cache), false)
 4 FCPATH/index.php(67): CodeIgniter\CodeIgniter->run()
WARNING - 2025-07-28 13:03:09 --> [DEPRECATED] Creation of dynamic property App\Controllers\Orders::$catagory is deprecated in APPPATH/Controllers/Orders.php on line 47.
 1 SYSTEMPATH/CodeIgniter.php(906): App\Controllers\Orders->__construct()
 2 SYSTEMPATH/CodeIgniter.php(490): CodeIgniter\CodeIgniter->createController()
 3 SYSTEMPATH/CodeIgniter.php(368): CodeIgniter\CodeIgniter->handleRequest(null, Object(Config\Cache), false)
 4 FCPATH/index.php(67): CodeIgniter\CodeIgniter->run()
WARNING - 2025-07-28 13:03:09 --> [DEPRECATED] Creation of dynamic property App\Controllers\Orders::$User is deprecated in APPPATH/Controllers/Orders.php on line 48.
 1 SYSTEMPATH/CodeIgniter.php(906): App\Controllers\Orders->__construct()
 2 SYSTEMPATH/CodeIgniter.php(490): CodeIgniter\CodeIgniter->createController()
 3 SYSTEMPATH/CodeIgniter.php(368): CodeIgniter\CodeIgniter->handleRequest(null, Object(Config\Cache), false)
 4 FCPATH/index.php(67): CodeIgniter\CodeIgniter->run()
WARNING - 2025-07-28 13:03:09 --> [DEPRECATED] Creation of dynamic property App\Controllers\Orders::$shippingmethod is deprecated in APPPATH/Controllers/Orders.php on line 49.
 1 SYSTEMPATH/CodeIgniter.php(906): App\Controllers\Orders->__construct()
 2 SYSTEMPATH/CodeIgniter.php(490): CodeIgniter\CodeIgniter->createController()
 3 SYSTEMPATH/CodeIgniter.php(368): CodeIgniter\CodeIgniter->handleRequest(null, Object(Config\Cache), false)
 4 FCPATH/index.php(67): CodeIgniter\CodeIgniter->run()
WARNING - 2025-07-28 13:03:09 --> [DEPRECATED] Creation of dynamic property App\Controllers\Orders::$shippingrate is deprecated in APPPATH/Controllers/Orders.php on line 50.
 1 SYSTEMPATH/CodeIgniter.php(906): App\Controllers\Orders->__construct()
 2 SYSTEMPATH/CodeIgniter.php(490): CodeIgniter\CodeIgniter->createController()
 3 SYSTEMPATH/CodeIgniter.php(368): CodeIgniter\CodeIgniter->handleRequest(null, Object(Config\Cache), false)
 4 FCPATH/index.php(67): CodeIgniter\CodeIgniter->run()
WARNING - 2025-07-28 13:03:09 --> [DEPRECATED] Creation of dynamic property App\Controllers\Orders::$shippingzone is deprecated in APPPATH/Controllers/Orders.php on line 51.
 1 SYSTEMPATH/CodeIgniter.php(906): App\Controllers\Orders->__construct()
 2 SYSTEMPATH/CodeIgniter.php(490): CodeIgniter\CodeIgniter->createController()
 3 SYSTEMPATH/CodeIgniter.php(368): CodeIgniter\CodeIgniter->handleRequest(null, Object(Config\Cache), false)
 4 FCPATH/index.php(67): CodeIgniter\CodeIgniter->run()
WARNING - 2025-07-28 13:03:09 --> [DEPRECATED] Creation of dynamic property App\Controllers\Orders::$country is deprecated in APPPATH/Controllers/Orders.php on line 52.
 1 SYSTEMPATH/CodeIgniter.php(906): App\Controllers\Orders->__construct()
 2 SYSTEMPATH/CodeIgniter.php(490): CodeIgniter\CodeIgniter->createController()
 3 SYSTEMPATH/CodeIgniter.php(368): CodeIgniter\CodeIgniter->handleRequest(null, Object(Config\Cache), false)
 4 FCPATH/index.php(67): CodeIgniter\CodeIgniter->run()
WARNING - 2025-07-28 13:03:09 --> [DEPRECATED] Creation of dynamic property App\Controllers\Orders::$ChatModel is deprecated in APPPATH/Controllers/Orders.php on line 53.
 1 SYSTEMPATH/CodeIgniter.php(906): App\Controllers\Orders->__construct()
 2 SYSTEMPATH/CodeIgniter.php(490): CodeIgniter\CodeIgniter->createController()
 3 SYSTEMPATH/CodeIgniter.php(368): CodeIgniter\CodeIgniter->handleRequest(null, Object(Config\Cache), false)
 4 FCPATH/index.php(67): CodeIgniter\CodeIgniter->run()
WARNING - 2025-07-28 13:03:09 --> [DEPRECATED] Creation of dynamic property App\Controllers\Orders::$Allsettings is deprecated in APPPATH/Controllers/Orders.php on line 54.
 1 SYSTEMPATH/CodeIgniter.php(906): App\Controllers\Orders->__construct()
 2 SYSTEMPATH/CodeIgniter.php(490): CodeIgniter\CodeIgniter->createController()
 3 SYSTEMPATH/CodeIgniter.php(368): CodeIgniter\CodeIgniter->handleRequest(null, Object(Config\Cache), false)
 4 FCPATH/index.php(67): CodeIgniter\CodeIgniter->run()
WARNING - 2025-07-28 13:03:09 --> [DEPRECATED] Creation of dynamic property App\Controllers\Orders::$ShippingDataModel is deprecated in APPPATH/Controllers/Orders.php on line 55.
 1 SYSTEMPATH/CodeIgniter.php(906): App\Controllers\Orders->__construct()
 2 SYSTEMPATH/CodeIgniter.php(490): CodeIgniter\CodeIgniter->createController()
 3 SYSTEMPATH/CodeIgniter.php(368): CodeIgniter\CodeIgniter->handleRequest(null, Object(Config\Cache), false)
 4 FCPATH/index.php(67): CodeIgniter\CodeIgniter->run()
WARNING - 2025-07-28 13:03:09 --> [DEPRECATED] Creation of dynamic property App\Controllers\Orders::$cityModel is deprecated in APPPATH/Controllers/Orders.php on line 56.
 1 SYSTEMPATH/CodeIgniter.php(906): App\Controllers\Orders->__construct()
 2 SYSTEMPATH/CodeIgniter.php(490): CodeIgniter\CodeIgniter->createController()
 3 SYSTEMPATH/CodeIgniter.php(368): CodeIgniter\CodeIgniter->handleRequest(null, Object(Config\Cache), false)
 4 FCPATH/index.php(67): CodeIgniter\CodeIgniter->run()
WARNING - 2025-07-28 13:03:09 --> [DEPRECATED] Creation of dynamic property App\Controllers\Orders::$stateModel is deprecated in APPPATH/Controllers/Orders.php on line 57.
 1 SYSTEMPATH/CodeIgniter.php(906): App\Controllers\Orders->__construct()
 2 SYSTEMPATH/CodeIgniter.php(490): CodeIgniter\CodeIgniter->createController()
 3 SYSTEMPATH/CodeIgniter.php(368): CodeIgniter\CodeIgniter->handleRequest(null, Object(Config\Cache), false)
 4 FCPATH/index.php(67): CodeIgniter\CodeIgniter->run()
WARNING - 2025-07-28 13:03:09 --> [DEPRECATED] Creation of dynamic property App\Controllers\Orders::$taxModel is deprecated in APPPATH/Controllers/Orders.php on line 58.
 1 SYSTEMPATH/CodeIgniter.php(906): App\Controllers\Orders->__construct()
 2 SYSTEMPATH/CodeIgniter.php(490): CodeIgniter\CodeIgniter->createController()
 3 SYSTEMPATH/CodeIgniter.php(368): CodeIgniter\CodeIgniter->handleRequest(null, Object(Config\Cache), false)
 4 FCPATH/index.php(67): CodeIgniter\CodeIgniter->run()
