INFO - 2025-07-04 06:07:22 --> Session: Class initialized using 'CodeIgniter\Session\Handlers\FileHandler' driver.
INFO - 2025-07-04 06:07:22 --> Session: Class initialized using 'CodeIgniter\Session\Handlers\FileHandler' driver.
WARNING - 2025-07-04 06:07:22 --> [DEPRECATED] Creation of dynamic property App\Controllers\Home::$user_model is deprecated in APPPATH/Controllers/Home.php on line 35.
 1 SYSTEMPATH/CodeIgniter.php(906): App\Controllers\Home->__construct()
 2 SYSTEMPATH/CodeIgniter.php(490): CodeIgniter\CodeIgniter->createController()
 3 SYSTEMPATH/CodeIgniter.php(368): CodeIgniter\CodeIgniter->handleRequest(null, Object(Config\Cache), false)
 4 FCPATH/index.php(67): CodeIgniter\CodeIgniter->run()
WARNING - 2025-07-04 06:07:22 --> [DEPRECATED] Creation of dynamic property App\Controllers\Home::$BlogModel is deprecated in APPPATH/Controllers/Home.php on line 43.
 1 SYSTEMPATH/CodeIgniter.php(906): App\Controllers\Home->__construct()
 2 SYSTEMPATH/CodeIgniter.php(490): CodeIgniter\CodeIgniter->createController()
 3 SYSTEMPATH/CodeIgniter.php(368): CodeIgniter\CodeIgniter->handleRequest(null, Object(Config\Cache), false)
 4 FCPATH/index.php(67): CodeIgniter\CodeIgniter->run()
WARNING - 2025-07-04 06:07:22 --> [DEPRECATED] Creation of dynamic property App\Controllers\Home::$EnquiryModel is deprecated in APPPATH/Controllers/Home.php on line 44.
 1 SYSTEMPATH/CodeIgniter.php(906): App\Controllers\Home->__construct()
 2 SYSTEMPATH/CodeIgniter.php(490): CodeIgniter\CodeIgniter->createController()
 3 SYSTEMPATH/CodeIgniter.php(368): CodeIgniter\CodeIgniter->handleRequest(null, Object(Config\Cache), false)
 4 FCPATH/index.php(67): CodeIgniter\CodeIgniter->run()
WARNING - 2025-07-04 06:07:22 --> [DEPRECATED] Creation of dynamic property App\Controllers\Home::$Allsettingsmodel is deprecated in APPPATH/Controllers/Home.php on line 45.
 1 SYSTEMPATH/CodeIgniter.php(906): App\Controllers\Home->__construct()
 2 SYSTEMPATH/CodeIgniter.php(490): CodeIgniter\CodeIgniter->createController()
 3 SYSTEMPATH/CodeIgniter.php(368): CodeIgniter\CodeIgniter->handleRequest(null, Object(Config\Cache), false)
 4 FCPATH/index.php(67): CodeIgniter\CodeIgniter->run()
WARNING - 2025-07-04 06:07:24 --> [DEPRECATED] Creation of dynamic property App\Controllers\Home::$user_model is deprecated in APPPATH/Controllers/Home.php on line 35.
 1 SYSTEMPATH/CodeIgniter.php(906): App\Controllers\Home->__construct()
 2 SYSTEMPATH/CodeIgniter.php(490): CodeIgniter\CodeIgniter->createController()
 3 SYSTEMPATH/CodeIgniter.php(368): CodeIgniter\CodeIgniter->handleRequest(null, Object(Config\Cache), false)
 4 FCPATH/index.php(67): CodeIgniter\CodeIgniter->run()
WARNING - 2025-07-04 06:07:24 --> [DEPRECATED] Creation of dynamic property App\Controllers\Home::$BlogModel is deprecated in APPPATH/Controllers/Home.php on line 43.
 1 SYSTEMPATH/CodeIgniter.php(906): App\Controllers\Home->__construct()
 2 SYSTEMPATH/CodeIgniter.php(490): CodeIgniter\CodeIgniter->createController()
 3 SYSTEMPATH/CodeIgniter.php(368): CodeIgniter\CodeIgniter->handleRequest(null, Object(Config\Cache), false)
 4 FCPATH/index.php(67): CodeIgniter\CodeIgniter->run()
WARNING - 2025-07-04 06:07:24 --> [DEPRECATED] Creation of dynamic property App\Controllers\Home::$EnquiryModel is deprecated in APPPATH/Controllers/Home.php on line 44.
 1 SYSTEMPATH/CodeIgniter.php(906): App\Controllers\Home->__construct()
 2 SYSTEMPATH/CodeIgniter.php(490): CodeIgniter\CodeIgniter->createController()
 3 SYSTEMPATH/CodeIgniter.php(368): CodeIgniter\CodeIgniter->handleRequest(null, Object(Config\Cache), false)
 4 FCPATH/index.php(67): CodeIgniter\CodeIgniter->run()
WARNING - 2025-07-04 06:07:24 --> [DEPRECATED] Creation of dynamic property App\Controllers\Home::$Allsettingsmodel is deprecated in APPPATH/Controllers/Home.php on line 45.
 1 SYSTEMPATH/CodeIgniter.php(906): App\Controllers\Home->__construct()
 2 SYSTEMPATH/CodeIgniter.php(490): CodeIgniter\CodeIgniter->createController()
 3 SYSTEMPATH/CodeIgniter.php(368): CodeIgniter\CodeIgniter->handleRequest(null, Object(Config\Cache), false)
 4 FCPATH/index.php(67): CodeIgniter\CodeIgniter->run()
INFO - 2025-07-04 06:07:24 --> Session: Class initialized using 'CodeIgniter\Session\Handlers\FileHandler' driver.
INFO - 2025-07-04 06:07:26 --> Session: Class initialized using 'CodeIgniter\Session\Handlers\FileHandler' driver.
WARNING - 2025-07-04 06:07:26 --> [DEPRECATED] Creation of dynamic property App\Controllers\Home::$user_model is deprecated in APPPATH/Controllers/Home.php on line 35.
 1 SYSTEMPATH/CodeIgniter.php(906): App\Controllers\Home->__construct()
 2 SYSTEMPATH/CodeIgniter.php(490): CodeIgniter\CodeIgniter->createController()
 3 SYSTEMPATH/CodeIgniter.php(368): CodeIgniter\CodeIgniter->handleRequest(null, Object(Config\Cache), false)
 4 FCPATH/index.php(67): CodeIgniter\CodeIgniter->run()
WARNING - 2025-07-04 06:07:26 --> [DEPRECATED] Creation of dynamic property App\Controllers\Home::$BlogModel is deprecated in APPPATH/Controllers/Home.php on line 43.
 1 SYSTEMPATH/CodeIgniter.php(906): App\Controllers\Home->__construct()
 2 SYSTEMPATH/CodeIgniter.php(490): CodeIgniter\CodeIgniter->createController()
 3 SYSTEMPATH/CodeIgniter.php(368): CodeIgniter\CodeIgniter->handleRequest(null, Object(Config\Cache), false)
 4 FCPATH/index.php(67): CodeIgniter\CodeIgniter->run()
WARNING - 2025-07-04 06:07:26 --> [DEPRECATED] Creation of dynamic property App\Controllers\Home::$EnquiryModel is deprecated in APPPATH/Controllers/Home.php on line 44.
 1 SYSTEMPATH/CodeIgniter.php(906): App\Controllers\Home->__construct()
 2 SYSTEMPATH/CodeIgniter.php(490): CodeIgniter\CodeIgniter->createController()
 3 SYSTEMPATH/CodeIgniter.php(368): CodeIgniter\CodeIgniter->handleRequest(null, Object(Config\Cache), false)
 4 FCPATH/index.php(67): CodeIgniter\CodeIgniter->run()
WARNING - 2025-07-04 06:07:26 --> [DEPRECATED] Creation of dynamic property App\Controllers\Home::$Allsettingsmodel is deprecated in APPPATH/Controllers/Home.php on line 45.
 1 SYSTEMPATH/CodeIgniter.php(906): App\Controllers\Home->__construct()
 2 SYSTEMPATH/CodeIgniter.php(490): CodeIgniter\CodeIgniter->createController()
 3 SYSTEMPATH/CodeIgniter.php(368): CodeIgniter\CodeIgniter->handleRequest(null, Object(Config\Cache), false)
 4 FCPATH/index.php(67): CodeIgniter\CodeIgniter->run()
INFO - 2025-07-04 06:07:27 --> Session: Class initialized using 'CodeIgniter\Session\Handlers\FileHandler' driver.
WARNING - 2025-07-04 06:07:27 --> [DEPRECATED] Creation of dynamic property App\Controllers\Home::$user_model is deprecated in APPPATH/Controllers/Home.php on line 35.
 1 SYSTEMPATH/CodeIgniter.php(906): App\Controllers\Home->__construct()
 2 SYSTEMPATH/CodeIgniter.php(490): CodeIgniter\CodeIgniter->createController()
 3 SYSTEMPATH/CodeIgniter.php(368): CodeIgniter\CodeIgniter->handleRequest(null, Object(Config\Cache), false)
 4 FCPATH/index.php(67): CodeIgniter\CodeIgniter->run()
WARNING - 2025-07-04 06:07:27 --> [DEPRECATED] Creation of dynamic property App\Controllers\Home::$BlogModel is deprecated in APPPATH/Controllers/Home.php on line 43.
 1 SYSTEMPATH/CodeIgniter.php(906): App\Controllers\Home->__construct()
 2 SYSTEMPATH/CodeIgniter.php(490): CodeIgniter\CodeIgniter->createController()
 3 SYSTEMPATH/CodeIgniter.php(368): CodeIgniter\CodeIgniter->handleRequest(null, Object(Config\Cache), false)
 4 FCPATH/index.php(67): CodeIgniter\CodeIgniter->run()
WARNING - 2025-07-04 06:07:27 --> [DEPRECATED] Creation of dynamic property App\Controllers\Home::$EnquiryModel is deprecated in APPPATH/Controllers/Home.php on line 44.
 1 SYSTEMPATH/CodeIgniter.php(906): App\Controllers\Home->__construct()
 2 SYSTEMPATH/CodeIgniter.php(490): CodeIgniter\CodeIgniter->createController()
 3 SYSTEMPATH/CodeIgniter.php(368): CodeIgniter\CodeIgniter->handleRequest(null, Object(Config\Cache), false)
 4 FCPATH/index.php(67): CodeIgniter\CodeIgniter->run()
WARNING - 2025-07-04 06:07:27 --> [DEPRECATED] Creation of dynamic property App\Controllers\Home::$Allsettingsmodel is deprecated in APPPATH/Controllers/Home.php on line 45.
 1 SYSTEMPATH/CodeIgniter.php(906): App\Controllers\Home->__construct()
 2 SYSTEMPATH/CodeIgniter.php(490): CodeIgniter\CodeIgniter->createController()
 3 SYSTEMPATH/CodeIgniter.php(368): CodeIgniter\CodeIgniter->handleRequest(null, Object(Config\Cache), false)
 4 FCPATH/index.php(67): CodeIgniter\CodeIgniter->run()
INFO - 2025-07-04 06:07:30 --> Session: Class initialized using 'CodeIgniter\Session\Handlers\FileHandler' driver.
WARNING - 2025-07-04 06:07:30 --> [DEPRECATED] Creation of dynamic property App\Controllers\Home::$user_model is deprecated in APPPATH/Controllers/Home.php on line 35.
 1 SYSTEMPATH/CodeIgniter.php(906): App\Controllers\Home->__construct()
 2 SYSTEMPATH/CodeIgniter.php(490): CodeIgniter\CodeIgniter->createController()
 3 SYSTEMPATH/CodeIgniter.php(368): CodeIgniter\CodeIgniter->handleRequest(null, Object(Config\Cache), false)
 4 FCPATH/index.php(67): CodeIgniter\CodeIgniter->run()
WARNING - 2025-07-04 06:07:30 --> [DEPRECATED] Creation of dynamic property App\Controllers\Home::$BlogModel is deprecated in APPPATH/Controllers/Home.php on line 43.
 1 SYSTEMPATH/CodeIgniter.php(906): App\Controllers\Home->__construct()
 2 SYSTEMPATH/CodeIgniter.php(490): CodeIgniter\CodeIgniter->createController()
 3 SYSTEMPATH/CodeIgniter.php(368): CodeIgniter\CodeIgniter->handleRequest(null, Object(Config\Cache), false)
 4 FCPATH/index.php(67): CodeIgniter\CodeIgniter->run()
WARNING - 2025-07-04 06:07:30 --> [DEPRECATED] Creation of dynamic property App\Controllers\Home::$EnquiryModel is deprecated in APPPATH/Controllers/Home.php on line 44.
 1 SYSTEMPATH/CodeIgniter.php(906): App\Controllers\Home->__construct()
 2 SYSTEMPATH/CodeIgniter.php(490): CodeIgniter\CodeIgniter->createController()
 3 SYSTEMPATH/CodeIgniter.php(368): CodeIgniter\CodeIgniter->handleRequest(null, Object(Config\Cache), false)
 4 FCPATH/index.php(67): CodeIgniter\CodeIgniter->run()
WARNING - 2025-07-04 06:07:30 --> [DEPRECATED] Creation of dynamic property App\Controllers\Home::$Allsettingsmodel is deprecated in APPPATH/Controllers/Home.php on line 45.
 1 SYSTEMPATH/CodeIgniter.php(906): App\Controllers\Home->__construct()
 2 SYSTEMPATH/CodeIgniter.php(490): CodeIgniter\CodeIgniter->createController()
 3 SYSTEMPATH/CodeIgniter.php(368): CodeIgniter\CodeIgniter->handleRequest(null, Object(Config\Cache), false)
 4 FCPATH/index.php(67): CodeIgniter\CodeIgniter->run()
INFO - 2025-07-04 06:07:30 --> Session: Class initialized using 'CodeIgniter\Session\Handlers\FileHandler' driver.
WARNING - 2025-07-04 06:07:30 --> [DEPRECATED] Creation of dynamic property App\Controllers\Home::$user_model is deprecated in APPPATH/Controllers/Home.php on line 35.
 1 SYSTEMPATH/CodeIgniter.php(906): App\Controllers\Home->__construct()
 2 SYSTEMPATH/CodeIgniter.php(490): CodeIgniter\CodeIgniter->createController()
 3 SYSTEMPATH/CodeIgniter.php(368): CodeIgniter\CodeIgniter->handleRequest(null, Object(Config\Cache), false)
 4 FCPATH/index.php(67): CodeIgniter\CodeIgniter->run()
WARNING - 2025-07-04 06:07:30 --> [DEPRECATED] Creation of dynamic property App\Controllers\Home::$BlogModel is deprecated in APPPATH/Controllers/Home.php on line 43.
 1 SYSTEMPATH/CodeIgniter.php(906): App\Controllers\Home->__construct()
 2 SYSTEMPATH/CodeIgniter.php(490): CodeIgniter\CodeIgniter->createController()
 3 SYSTEMPATH/CodeIgniter.php(368): CodeIgniter\CodeIgniter->handleRequest(null, Object(Config\Cache), false)
 4 FCPATH/index.php(67): CodeIgniter\CodeIgniter->run()
WARNING - 2025-07-04 06:07:30 --> [DEPRECATED] Creation of dynamic property App\Controllers\Home::$EnquiryModel is deprecated in APPPATH/Controllers/Home.php on line 44.
 1 SYSTEMPATH/CodeIgniter.php(906): App\Controllers\Home->__construct()
 2 SYSTEMPATH/CodeIgniter.php(490): CodeIgniter\CodeIgniter->createController()
 3 SYSTEMPATH/CodeIgniter.php(368): CodeIgniter\CodeIgniter->handleRequest(null, Object(Config\Cache), false)
 4 FCPATH/index.php(67): CodeIgniter\CodeIgniter->run()
WARNING - 2025-07-04 06:07:30 --> [DEPRECATED] Creation of dynamic property App\Controllers\Home::$Allsettingsmodel is deprecated in APPPATH/Controllers/Home.php on line 45.
 1 SYSTEMPATH/CodeIgniter.php(906): App\Controllers\Home->__construct()
 2 SYSTEMPATH/CodeIgniter.php(490): CodeIgniter\CodeIgniter->createController()
 3 SYSTEMPATH/CodeIgniter.php(368): CodeIgniter\CodeIgniter->handleRequest(null, Object(Config\Cache), false)
 4 FCPATH/index.php(67): CodeIgniter\CodeIgniter->run()
INFO - 2025-07-04 06:07:32 --> Session: Class initialized using 'CodeIgniter\Session\Handlers\FileHandler' driver.
WARNING - 2025-07-04 06:07:32 --> [DEPRECATED] Creation of dynamic property App\Controllers\Home::$user_model is deprecated in APPPATH/Controllers/Home.php on line 35.
 1 SYSTEMPATH/CodeIgniter.php(906): App\Controllers\Home->__construct()
 2 SYSTEMPATH/CodeIgniter.php(490): CodeIgniter\CodeIgniter->createController()
 3 SYSTEMPATH/CodeIgniter.php(368): CodeIgniter\CodeIgniter->handleRequest(null, Object(Config\Cache), false)
 4 FCPATH/index.php(67): CodeIgniter\CodeIgniter->run()
WARNING - 2025-07-04 06:07:32 --> [DEPRECATED] Creation of dynamic property App\Controllers\Home::$BlogModel is deprecated in APPPATH/Controllers/Home.php on line 43.
 1 SYSTEMPATH/CodeIgniter.php(906): App\Controllers\Home->__construct()
 2 SYSTEMPATH/CodeIgniter.php(490): CodeIgniter\CodeIgniter->createController()
 3 SYSTEMPATH/CodeIgniter.php(368): CodeIgniter\CodeIgniter->handleRequest(null, Object(Config\Cache), false)
 4 FCPATH/index.php(67): CodeIgniter\CodeIgniter->run()
WARNING - 2025-07-04 06:07:32 --> [DEPRECATED] Creation of dynamic property App\Controllers\Home::$EnquiryModel is deprecated in APPPATH/Controllers/Home.php on line 44.
 1 SYSTEMPATH/CodeIgniter.php(906): App\Controllers\Home->__construct()
 2 SYSTEMPATH/CodeIgniter.php(490): CodeIgniter\CodeIgniter->createController()
 3 SYSTEMPATH/CodeIgniter.php(368): CodeIgniter\CodeIgniter->handleRequest(null, Object(Config\Cache), false)
 4 FCPATH/index.php(67): CodeIgniter\CodeIgniter->run()
WARNING - 2025-07-04 06:07:32 --> [DEPRECATED] Creation of dynamic property App\Controllers\Home::$Allsettingsmodel is deprecated in APPPATH/Controllers/Home.php on line 45.
 1 SYSTEMPATH/CodeIgniter.php(906): App\Controllers\Home->__construct()
 2 SYSTEMPATH/CodeIgniter.php(490): CodeIgniter\CodeIgniter->createController()
 3 SYSTEMPATH/CodeIgniter.php(368): CodeIgniter\CodeIgniter->handleRequest(null, Object(Config\Cache), false)
 4 FCPATH/index.php(67): CodeIgniter\CodeIgniter->run()
INFO - 2025-07-04 06:07:33 --> Session: Class initialized using 'CodeIgniter\Session\Handlers\FileHandler' driver.
WARNING - 2025-07-04 06:07:33 --> [DEPRECATED] Creation of dynamic property App\Controllers\Home::$user_model is deprecated in APPPATH/Controllers/Home.php on line 35.
 1 SYSTEMPATH/CodeIgniter.php(906): App\Controllers\Home->__construct()
 2 SYSTEMPATH/CodeIgniter.php(490): CodeIgniter\CodeIgniter->createController()
 3 SYSTEMPATH/CodeIgniter.php(368): CodeIgniter\CodeIgniter->handleRequest(null, Object(Config\Cache), false)
 4 FCPATH/index.php(67): CodeIgniter\CodeIgniter->run()
WARNING - 2025-07-04 06:07:33 --> [DEPRECATED] Creation of dynamic property App\Controllers\Home::$BlogModel is deprecated in APPPATH/Controllers/Home.php on line 43.
 1 SYSTEMPATH/CodeIgniter.php(906): App\Controllers\Home->__construct()
 2 SYSTEMPATH/CodeIgniter.php(490): CodeIgniter\CodeIgniter->createController()
 3 SYSTEMPATH/CodeIgniter.php(368): CodeIgniter\CodeIgniter->handleRequest(null, Object(Config\Cache), false)
 4 FCPATH/index.php(67): CodeIgniter\CodeIgniter->run()
WARNING - 2025-07-04 06:07:33 --> [DEPRECATED] Creation of dynamic property App\Controllers\Home::$EnquiryModel is deprecated in APPPATH/Controllers/Home.php on line 44.
 1 SYSTEMPATH/CodeIgniter.php(906): App\Controllers\Home->__construct()
 2 SYSTEMPATH/CodeIgniter.php(490): CodeIgniter\CodeIgniter->createController()
 3 SYSTEMPATH/CodeIgniter.php(368): CodeIgniter\CodeIgniter->handleRequest(null, Object(Config\Cache), false)
 4 FCPATH/index.php(67): CodeIgniter\CodeIgniter->run()
WARNING - 2025-07-04 06:07:33 --> [DEPRECATED] Creation of dynamic property App\Controllers\Home::$Allsettingsmodel is deprecated in APPPATH/Controllers/Home.php on line 45.
 1 SYSTEMPATH/CodeIgniter.php(906): App\Controllers\Home->__construct()
 2 SYSTEMPATH/CodeIgniter.php(490): CodeIgniter\CodeIgniter->createController()
 3 SYSTEMPATH/CodeIgniter.php(368): CodeIgniter\CodeIgniter->handleRequest(null, Object(Config\Cache), false)
 4 FCPATH/index.php(67): CodeIgniter\CodeIgniter->run()
INFO - 2025-07-04 06:09:00 --> Session: Class initialized using 'CodeIgniter\Session\Handlers\FileHandler' driver.
WARNING - 2025-07-04 06:09:00 --> [DEPRECATED] Creation of dynamic property App\Controllers\Home::$user_model is deprecated in APPPATH/Controllers/Home.php on line 35.
 1 SYSTEMPATH/CodeIgniter.php(906): App\Controllers\Home->__construct()
 2 SYSTEMPATH/CodeIgniter.php(490): CodeIgniter\CodeIgniter->createController()
 3 SYSTEMPATH/CodeIgniter.php(368): CodeIgniter\CodeIgniter->handleRequest(null, Object(Config\Cache), false)
 4 FCPATH/index.php(67): CodeIgniter\CodeIgniter->run()
WARNING - 2025-07-04 06:09:00 --> [DEPRECATED] Creation of dynamic property App\Controllers\Home::$BlogModel is deprecated in APPPATH/Controllers/Home.php on line 43.
 1 SYSTEMPATH/CodeIgniter.php(906): App\Controllers\Home->__construct()
 2 SYSTEMPATH/CodeIgniter.php(490): CodeIgniter\CodeIgniter->createController()
 3 SYSTEMPATH/CodeIgniter.php(368): CodeIgniter\CodeIgniter->handleRequest(null, Object(Config\Cache), false)
 4 FCPATH/index.php(67): CodeIgniter\CodeIgniter->run()
WARNING - 2025-07-04 06:09:00 --> [DEPRECATED] Creation of dynamic property App\Controllers\Home::$EnquiryModel is deprecated in APPPATH/Controllers/Home.php on line 44.
 1 SYSTEMPATH/CodeIgniter.php(906): App\Controllers\Home->__construct()
 2 SYSTEMPATH/CodeIgniter.php(490): CodeIgniter\CodeIgniter->createController()
 3 SYSTEMPATH/CodeIgniter.php(368): CodeIgniter\CodeIgniter->handleRequest(null, Object(Config\Cache), false)
 4 FCPATH/index.php(67): CodeIgniter\CodeIgniter->run()
WARNING - 2025-07-04 06:09:00 --> [DEPRECATED] Creation of dynamic property App\Controllers\Home::$Allsettingsmodel is deprecated in APPPATH/Controllers/Home.php on line 45.
 1 SYSTEMPATH/CodeIgniter.php(906): App\Controllers\Home->__construct()
 2 SYSTEMPATH/CodeIgniter.php(490): CodeIgniter\CodeIgniter->createController()
 3 SYSTEMPATH/CodeIgniter.php(368): CodeIgniter\CodeIgniter->handleRequest(null, Object(Config\Cache), false)
 4 FCPATH/index.php(67): CodeIgniter\CodeIgniter->run()
INFO - 2025-07-04 06:09:01 --> Session: Class initialized using 'CodeIgniter\Session\Handlers\FileHandler' driver.
WARNING - 2025-07-04 06:09:01 --> [DEPRECATED] Creation of dynamic property App\Controllers\Home::$user_model is deprecated in APPPATH/Controllers/Home.php on line 35.
 1 SYSTEMPATH/CodeIgniter.php(906): App\Controllers\Home->__construct()
 2 SYSTEMPATH/CodeIgniter.php(490): CodeIgniter\CodeIgniter->createController()
 3 SYSTEMPATH/CodeIgniter.php(368): CodeIgniter\CodeIgniter->handleRequest(null, Object(Config\Cache), false)
 4 FCPATH/index.php(67): CodeIgniter\CodeIgniter->run()
WARNING - 2025-07-04 06:09:01 --> [DEPRECATED] Creation of dynamic property App\Controllers\Home::$BlogModel is deprecated in APPPATH/Controllers/Home.php on line 43.
 1 SYSTEMPATH/CodeIgniter.php(906): App\Controllers\Home->__construct()
 2 SYSTEMPATH/CodeIgniter.php(490): CodeIgniter\CodeIgniter->createController()
 3 SYSTEMPATH/CodeIgniter.php(368): CodeIgniter\CodeIgniter->handleRequest(null, Object(Config\Cache), false)
 4 FCPATH/index.php(67): CodeIgniter\CodeIgniter->run()
WARNING - 2025-07-04 06:09:01 --> [DEPRECATED] Creation of dynamic property App\Controllers\Home::$EnquiryModel is deprecated in APPPATH/Controllers/Home.php on line 44.
 1 SYSTEMPATH/CodeIgniter.php(906): App\Controllers\Home->__construct()
 2 SYSTEMPATH/CodeIgniter.php(490): CodeIgniter\CodeIgniter->createController()
 3 SYSTEMPATH/CodeIgniter.php(368): CodeIgniter\CodeIgniter->handleRequest(null, Object(Config\Cache), false)
 4 FCPATH/index.php(67): CodeIgniter\CodeIgniter->run()
WARNING - 2025-07-04 06:09:01 --> [DEPRECATED] Creation of dynamic property App\Controllers\Home::$Allsettingsmodel is deprecated in APPPATH/Controllers/Home.php on line 45.
 1 SYSTEMPATH/CodeIgniter.php(906): App\Controllers\Home->__construct()
 2 SYSTEMPATH/CodeIgniter.php(490): CodeIgniter\CodeIgniter->createController()
 3 SYSTEMPATH/CodeIgniter.php(368): CodeIgniter\CodeIgniter->handleRequest(null, Object(Config\Cache), false)
 4 FCPATH/index.php(67): CodeIgniter\CodeIgniter->run()
INFO - 2025-07-04 06:13:10 --> Session: Class initialized using 'CodeIgniter\Session\Handlers\FileHandler' driver.
INFO - 2025-07-04 06:13:11 --> Session: Class initialized using 'CodeIgniter\Session\Handlers\FileHandler' driver.
WARNING - 2025-07-04 06:13:11 --> [DEPRECATED] Creation of dynamic property App\Controllers\Home::$user_model is deprecated in APPPATH/Controllers/Home.php on line 35.
 1 SYSTEMPATH/CodeIgniter.php(906): App\Controllers\Home->__construct()
 2 SYSTEMPATH/CodeIgniter.php(490): CodeIgniter\CodeIgniter->createController()
 3 SYSTEMPATH/CodeIgniter.php(368): CodeIgniter\CodeIgniter->handleRequest(null, Object(Config\Cache), false)
 4 FCPATH/index.php(67): CodeIgniter\CodeIgniter->run()
WARNING - 2025-07-04 06:13:11 --> [DEPRECATED] Creation of dynamic property App\Controllers\Home::$BlogModel is deprecated in APPPATH/Controllers/Home.php on line 43.
 1 SYSTEMPATH/CodeIgniter.php(906): App\Controllers\Home->__construct()
 2 SYSTEMPATH/CodeIgniter.php(490): CodeIgniter\CodeIgniter->createController()
 3 SYSTEMPATH/CodeIgniter.php(368): CodeIgniter\CodeIgniter->handleRequest(null, Object(Config\Cache), false)
 4 FCPATH/index.php(67): CodeIgniter\CodeIgniter->run()
WARNING - 2025-07-04 06:13:11 --> [DEPRECATED] Creation of dynamic property App\Controllers\Home::$EnquiryModel is deprecated in APPPATH/Controllers/Home.php on line 44.
 1 SYSTEMPATH/CodeIgniter.php(906): App\Controllers\Home->__construct()
 2 SYSTEMPATH/CodeIgniter.php(490): CodeIgniter\CodeIgniter->createController()
 3 SYSTEMPATH/CodeIgniter.php(368): CodeIgniter\CodeIgniter->handleRequest(null, Object(Config\Cache), false)
 4 FCPATH/index.php(67): CodeIgniter\CodeIgniter->run()
WARNING - 2025-07-04 06:13:11 --> [DEPRECATED] Creation of dynamic property App\Controllers\Home::$Allsettingsmodel is deprecated in APPPATH/Controllers/Home.php on line 45.
 1 SYSTEMPATH/CodeIgniter.php(906): App\Controllers\Home->__construct()
 2 SYSTEMPATH/CodeIgniter.php(490): CodeIgniter\CodeIgniter->createController()
 3 SYSTEMPATH/CodeIgniter.php(368): CodeIgniter\CodeIgniter->handleRequest(null, Object(Config\Cache), false)
 4 FCPATH/index.php(67): CodeIgniter\CodeIgniter->run()
WARNING - 2025-07-04 06:13:16 --> [DEPRECATED] Creation of dynamic property App\Controllers\Home::$user_model is deprecated in APPPATH/Controllers/Home.php on line 35.
 1 SYSTEMPATH/CodeIgniter.php(906): App\Controllers\Home->__construct()
 2 SYSTEMPATH/CodeIgniter.php(490): CodeIgniter\CodeIgniter->createController()
 3 SYSTEMPATH/CodeIgniter.php(368): CodeIgniter\CodeIgniter->handleRequest(null, Object(Config\Cache), false)
 4 FCPATH/index.php(67): CodeIgniter\CodeIgniter->run()
WARNING - 2025-07-04 06:13:16 --> [DEPRECATED] Creation of dynamic property App\Controllers\Home::$BlogModel is deprecated in APPPATH/Controllers/Home.php on line 43.
 1 SYSTEMPATH/CodeIgniter.php(906): App\Controllers\Home->__construct()
 2 SYSTEMPATH/CodeIgniter.php(490): CodeIgniter\CodeIgniter->createController()
 3 SYSTEMPATH/CodeIgniter.php(368): CodeIgniter\CodeIgniter->handleRequest(null, Object(Config\Cache), false)
 4 FCPATH/index.php(67): CodeIgniter\CodeIgniter->run()
WARNING - 2025-07-04 06:13:16 --> [DEPRECATED] Creation of dynamic property App\Controllers\Home::$EnquiryModel is deprecated in APPPATH/Controllers/Home.php on line 44.
 1 SYSTEMPATH/CodeIgniter.php(906): App\Controllers\Home->__construct()
 2 SYSTEMPATH/CodeIgniter.php(490): CodeIgniter\CodeIgniter->createController()
 3 SYSTEMPATH/CodeIgniter.php(368): CodeIgniter\CodeIgniter->handleRequest(null, Object(Config\Cache), false)
 4 FCPATH/index.php(67): CodeIgniter\CodeIgniter->run()
WARNING - 2025-07-04 06:13:16 --> [DEPRECATED] Creation of dynamic property App\Controllers\Home::$Allsettingsmodel is deprecated in APPPATH/Controllers/Home.php on line 45.
 1 SYSTEMPATH/CodeIgniter.php(906): App\Controllers\Home->__construct()
 2 SYSTEMPATH/CodeIgniter.php(490): CodeIgniter\CodeIgniter->createController()
 3 SYSTEMPATH/CodeIgniter.php(368): CodeIgniter\CodeIgniter->handleRequest(null, Object(Config\Cache), false)
 4 FCPATH/index.php(67): CodeIgniter\CodeIgniter->run()
INFO - 2025-07-04 06:13:16 --> Session: Class initialized using 'CodeIgniter\Session\Handlers\FileHandler' driver.
INFO - 2025-07-04 06:13:18 --> Session: Class initialized using 'CodeIgniter\Session\Handlers\FileHandler' driver.
WARNING - 2025-07-04 06:13:18 --> [DEPRECATED] Creation of dynamic property App\Controllers\Home::$user_model is deprecated in APPPATH/Controllers/Home.php on line 35.
 1 SYSTEMPATH/CodeIgniter.php(906): App\Controllers\Home->__construct()
 2 SYSTEMPATH/CodeIgniter.php(490): CodeIgniter\CodeIgniter->createController()
 3 SYSTEMPATH/CodeIgniter.php(368): CodeIgniter\CodeIgniter->handleRequest(null, Object(Config\Cache), false)
 4 FCPATH/index.php(67): CodeIgniter\CodeIgniter->run()
WARNING - 2025-07-04 06:13:18 --> [DEPRECATED] Creation of dynamic property App\Controllers\Home::$BlogModel is deprecated in APPPATH/Controllers/Home.php on line 43.
 1 SYSTEMPATH/CodeIgniter.php(906): App\Controllers\Home->__construct()
 2 SYSTEMPATH/CodeIgniter.php(490): CodeIgniter\CodeIgniter->createController()
 3 SYSTEMPATH/CodeIgniter.php(368): CodeIgniter\CodeIgniter->handleRequest(null, Object(Config\Cache), false)
 4 FCPATH/index.php(67): CodeIgniter\CodeIgniter->run()
WARNING - 2025-07-04 06:13:18 --> [DEPRECATED] Creation of dynamic property App\Controllers\Home::$EnquiryModel is deprecated in APPPATH/Controllers/Home.php on line 44.
 1 SYSTEMPATH/CodeIgniter.php(906): App\Controllers\Home->__construct()
 2 SYSTEMPATH/CodeIgniter.php(490): CodeIgniter\CodeIgniter->createController()
 3 SYSTEMPATH/CodeIgniter.php(368): CodeIgniter\CodeIgniter->handleRequest(null, Object(Config\Cache), false)
 4 FCPATH/index.php(67): CodeIgniter\CodeIgniter->run()
WARNING - 2025-07-04 06:13:18 --> [DEPRECATED] Creation of dynamic property App\Controllers\Home::$Allsettingsmodel is deprecated in APPPATH/Controllers/Home.php on line 45.
 1 SYSTEMPATH/CodeIgniter.php(906): App\Controllers\Home->__construct()
 2 SYSTEMPATH/CodeIgniter.php(490): CodeIgniter\CodeIgniter->createController()
 3 SYSTEMPATH/CodeIgniter.php(368): CodeIgniter\CodeIgniter->handleRequest(null, Object(Config\Cache), false)
 4 FCPATH/index.php(67): CodeIgniter\CodeIgniter->run()
INFO - 2025-07-04 06:13:19 --> Session: Class initialized using 'CodeIgniter\Session\Handlers\FileHandler' driver.
WARNING - 2025-07-04 06:13:19 --> [DEPRECATED] Creation of dynamic property App\Controllers\Home::$user_model is deprecated in APPPATH/Controllers/Home.php on line 35.
 1 SYSTEMPATH/CodeIgniter.php(906): App\Controllers\Home->__construct()
 2 SYSTEMPATH/CodeIgniter.php(490): CodeIgniter\CodeIgniter->createController()
 3 SYSTEMPATH/CodeIgniter.php(368): CodeIgniter\CodeIgniter->handleRequest(null, Object(Config\Cache), false)
 4 FCPATH/index.php(67): CodeIgniter\CodeIgniter->run()
WARNING - 2025-07-04 06:13:19 --> [DEPRECATED] Creation of dynamic property App\Controllers\Home::$BlogModel is deprecated in APPPATH/Controllers/Home.php on line 43.
 1 SYSTEMPATH/CodeIgniter.php(906): App\Controllers\Home->__construct()
 2 SYSTEMPATH/CodeIgniter.php(490): CodeIgniter\CodeIgniter->createController()
 3 SYSTEMPATH/CodeIgniter.php(368): CodeIgniter\CodeIgniter->handleRequest(null, Object(Config\Cache), false)
 4 FCPATH/index.php(67): CodeIgniter\CodeIgniter->run()
WARNING - 2025-07-04 06:13:19 --> [DEPRECATED] Creation of dynamic property App\Controllers\Home::$EnquiryModel is deprecated in APPPATH/Controllers/Home.php on line 44.
 1 SYSTEMPATH/CodeIgniter.php(906): App\Controllers\Home->__construct()
 2 SYSTEMPATH/CodeIgniter.php(490): CodeIgniter\CodeIgniter->createController()
 3 SYSTEMPATH/CodeIgniter.php(368): CodeIgniter\CodeIgniter->handleRequest(null, Object(Config\Cache), false)
 4 FCPATH/index.php(67): CodeIgniter\CodeIgniter->run()
WARNING - 2025-07-04 06:13:19 --> [DEPRECATED] Creation of dynamic property App\Controllers\Home::$Allsettingsmodel is deprecated in APPPATH/Controllers/Home.php on line 45.
 1 SYSTEMPATH/CodeIgniter.php(906): App\Controllers\Home->__construct()
 2 SYSTEMPATH/CodeIgniter.php(490): CodeIgniter\CodeIgniter->createController()
 3 SYSTEMPATH/CodeIgniter.php(368): CodeIgniter\CodeIgniter->handleRequest(null, Object(Config\Cache), false)
 4 FCPATH/index.php(67): CodeIgniter\CodeIgniter->run()
INFO - 2025-07-04 06:15:56 --> Session: Class initialized using 'CodeIgniter\Session\Handlers\FileHandler' driver.
WARNING - 2025-07-04 06:15:56 --> [DEPRECATED] Creation of dynamic property App\Controllers\Home::$user_model is deprecated in APPPATH/Controllers/Home.php on line 35.
 1 SYSTEMPATH/CodeIgniter.php(906): App\Controllers\Home->__construct()
 2 SYSTEMPATH/CodeIgniter.php(490): CodeIgniter\CodeIgniter->createController()
 3 SYSTEMPATH/CodeIgniter.php(368): CodeIgniter\CodeIgniter->handleRequest(null, Object(Config\Cache), false)
 4 FCPATH/index.php(67): CodeIgniter\CodeIgniter->run()
WARNING - 2025-07-04 06:15:56 --> [DEPRECATED] Creation of dynamic property App\Controllers\Home::$BlogModel is deprecated in APPPATH/Controllers/Home.php on line 43.
 1 SYSTEMPATH/CodeIgniter.php(906): App\Controllers\Home->__construct()
 2 SYSTEMPATH/CodeIgniter.php(490): CodeIgniter\CodeIgniter->createController()
 3 SYSTEMPATH/CodeIgniter.php(368): CodeIgniter\CodeIgniter->handleRequest(null, Object(Config\Cache), false)
 4 FCPATH/index.php(67): CodeIgniter\CodeIgniter->run()
WARNING - 2025-07-04 06:15:56 --> [DEPRECATED] Creation of dynamic property App\Controllers\Home::$EnquiryModel is deprecated in APPPATH/Controllers/Home.php on line 44.
 1 SYSTEMPATH/CodeIgniter.php(906): App\Controllers\Home->__construct()
 2 SYSTEMPATH/CodeIgniter.php(490): CodeIgniter\CodeIgniter->createController()
 3 SYSTEMPATH/CodeIgniter.php(368): CodeIgniter\CodeIgniter->handleRequest(null, Object(Config\Cache), false)
 4 FCPATH/index.php(67): CodeIgniter\CodeIgniter->run()
WARNING - 2025-07-04 06:15:56 --> [DEPRECATED] Creation of dynamic property App\Controllers\Home::$Allsettingsmodel is deprecated in APPPATH/Controllers/Home.php on line 45.
 1 SYSTEMPATH/CodeIgniter.php(906): App\Controllers\Home->__construct()
 2 SYSTEMPATH/CodeIgniter.php(490): CodeIgniter\CodeIgniter->createController()
 3 SYSTEMPATH/CodeIgniter.php(368): CodeIgniter\CodeIgniter->handleRequest(null, Object(Config\Cache), false)
 4 FCPATH/index.php(67): CodeIgniter\CodeIgniter->run()
INFO - 2025-07-04 06:15:57 --> Session: Class initialized using 'CodeIgniter\Session\Handlers\FileHandler' driver.
WARNING - 2025-07-04 06:15:57 --> [DEPRECATED] Creation of dynamic property App\Controllers\Home::$user_model is deprecated in APPPATH/Controllers/Home.php on line 35.
 1 SYSTEMPATH/CodeIgniter.php(906): App\Controllers\Home->__construct()
 2 SYSTEMPATH/CodeIgniter.php(490): CodeIgniter\CodeIgniter->createController()
 3 SYSTEMPATH/CodeIgniter.php(368): CodeIgniter\CodeIgniter->handleRequest(null, Object(Config\Cache), false)
 4 FCPATH/index.php(67): CodeIgniter\CodeIgniter->run()
WARNING - 2025-07-04 06:15:57 --> [DEPRECATED] Creation of dynamic property App\Controllers\Home::$BlogModel is deprecated in APPPATH/Controllers/Home.php on line 43.
 1 SYSTEMPATH/CodeIgniter.php(906): App\Controllers\Home->__construct()
 2 SYSTEMPATH/CodeIgniter.php(490): CodeIgniter\CodeIgniter->createController()
 3 SYSTEMPATH/CodeIgniter.php(368): CodeIgniter\CodeIgniter->handleRequest(null, Object(Config\Cache), false)
 4 FCPATH/index.php(67): CodeIgniter\CodeIgniter->run()
WARNING - 2025-07-04 06:15:57 --> [DEPRECATED] Creation of dynamic property App\Controllers\Home::$EnquiryModel is deprecated in APPPATH/Controllers/Home.php on line 44.
 1 SYSTEMPATH/CodeIgniter.php(906): App\Controllers\Home->__construct()
 2 SYSTEMPATH/CodeIgniter.php(490): CodeIgniter\CodeIgniter->createController()
 3 SYSTEMPATH/CodeIgniter.php(368): CodeIgniter\CodeIgniter->handleRequest(null, Object(Config\Cache), false)
 4 FCPATH/index.php(67): CodeIgniter\CodeIgniter->run()
WARNING - 2025-07-04 06:15:57 --> [DEPRECATED] Creation of dynamic property App\Controllers\Home::$Allsettingsmodel is deprecated in APPPATH/Controllers/Home.php on line 45.
 1 SYSTEMPATH/CodeIgniter.php(906): App\Controllers\Home->__construct()
 2 SYSTEMPATH/CodeIgniter.php(490): CodeIgniter\CodeIgniter->createController()
 3 SYSTEMPATH/CodeIgniter.php(368): CodeIgniter\CodeIgniter->handleRequest(null, Object(Config\Cache), false)
 4 FCPATH/index.php(67): CodeIgniter\CodeIgniter->run()
INFO - 2025-07-04 06:26:51 --> Session: Class initialized using 'CodeIgniter\Session\Handlers\FileHandler' driver.
INFO - 2025-07-04 06:26:51 --> Session: Class initialized using 'CodeIgniter\Session\Handlers\FileHandler' driver.
WARNING - 2025-07-04 06:26:51 --> [DEPRECATED] Creation of dynamic property App\Controllers\Home::$user_model is deprecated in APPPATH/Controllers/Home.php on line 35.
 1 SYSTEMPATH/CodeIgniter.php(906): App\Controllers\Home->__construct()
 2 SYSTEMPATH/CodeIgniter.php(490): CodeIgniter\CodeIgniter->createController()
 3 SYSTEMPATH/CodeIgniter.php(368): CodeIgniter\CodeIgniter->handleRequest(null, Object(Config\Cache), false)
 4 FCPATH/index.php(67): CodeIgniter\CodeIgniter->run()
WARNING - 2025-07-04 06:26:51 --> [DEPRECATED] Creation of dynamic property App\Controllers\Home::$BlogModel is deprecated in APPPATH/Controllers/Home.php on line 43.
 1 SYSTEMPATH/CodeIgniter.php(906): App\Controllers\Home->__construct()
 2 SYSTEMPATH/CodeIgniter.php(490): CodeIgniter\CodeIgniter->createController()
 3 SYSTEMPATH/CodeIgniter.php(368): CodeIgniter\CodeIgniter->handleRequest(null, Object(Config\Cache), false)
 4 FCPATH/index.php(67): CodeIgniter\CodeIgniter->run()
WARNING - 2025-07-04 06:26:51 --> [DEPRECATED] Creation of dynamic property App\Controllers\Home::$EnquiryModel is deprecated in APPPATH/Controllers/Home.php on line 44.
 1 SYSTEMPATH/CodeIgniter.php(906): App\Controllers\Home->__construct()
 2 SYSTEMPATH/CodeIgniter.php(490): CodeIgniter\CodeIgniter->createController()
 3 SYSTEMPATH/CodeIgniter.php(368): CodeIgniter\CodeIgniter->handleRequest(null, Object(Config\Cache), false)
 4 FCPATH/index.php(67): CodeIgniter\CodeIgniter->run()
WARNING - 2025-07-04 06:26:51 --> [DEPRECATED] Creation of dynamic property App\Controllers\Home::$Allsettingsmodel is deprecated in APPPATH/Controllers/Home.php on line 45.
 1 SYSTEMPATH/CodeIgniter.php(906): App\Controllers\Home->__construct()
 2 SYSTEMPATH/CodeIgniter.php(490): CodeIgniter\CodeIgniter->createController()
 3 SYSTEMPATH/CodeIgniter.php(368): CodeIgniter\CodeIgniter->handleRequest(null, Object(Config\Cache), false)
 4 FCPATH/index.php(67): CodeIgniter\CodeIgniter->run()
WARNING - 2025-07-04 06:27:12 --> [DEPRECATED] Creation of dynamic property App\Controllers\Home::$user_model is deprecated in APPPATH/Controllers/Home.php on line 35.
 1 SYSTEMPATH/CodeIgniter.php(906): App\Controllers\Home->__construct()
 2 SYSTEMPATH/CodeIgniter.php(490): CodeIgniter\CodeIgniter->createController()
 3 SYSTEMPATH/CodeIgniter.php(368): CodeIgniter\CodeIgniter->handleRequest(null, Object(Config\Cache), false)
 4 FCPATH/index.php(67): CodeIgniter\CodeIgniter->run()
WARNING - 2025-07-04 06:27:12 --> [DEPRECATED] Creation of dynamic property App\Controllers\Home::$BlogModel is deprecated in APPPATH/Controllers/Home.php on line 43.
 1 SYSTEMPATH/CodeIgniter.php(906): App\Controllers\Home->__construct()
 2 SYSTEMPATH/CodeIgniter.php(490): CodeIgniter\CodeIgniter->createController()
 3 SYSTEMPATH/CodeIgniter.php(368): CodeIgniter\CodeIgniter->handleRequest(null, Object(Config\Cache), false)
 4 FCPATH/index.php(67): CodeIgniter\CodeIgniter->run()
WARNING - 2025-07-04 06:27:12 --> [DEPRECATED] Creation of dynamic property App\Controllers\Home::$EnquiryModel is deprecated in APPPATH/Controllers/Home.php on line 44.
 1 SYSTEMPATH/CodeIgniter.php(906): App\Controllers\Home->__construct()
 2 SYSTEMPATH/CodeIgniter.php(490): CodeIgniter\CodeIgniter->createController()
 3 SYSTEMPATH/CodeIgniter.php(368): CodeIgniter\CodeIgniter->handleRequest(null, Object(Config\Cache), false)
 4 FCPATH/index.php(67): CodeIgniter\CodeIgniter->run()
WARNING - 2025-07-04 06:27:12 --> [DEPRECATED] Creation of dynamic property App\Controllers\Home::$Allsettingsmodel is deprecated in APPPATH/Controllers/Home.php on line 45.
 1 SYSTEMPATH/CodeIgniter.php(906): App\Controllers\Home->__construct()
 2 SYSTEMPATH/CodeIgniter.php(490): CodeIgniter\CodeIgniter->createController()
 3 SYSTEMPATH/CodeIgniter.php(368): CodeIgniter\CodeIgniter->handleRequest(null, Object(Config\Cache), false)
 4 FCPATH/index.php(67): CodeIgniter\CodeIgniter->run()
INFO - 2025-07-04 06:27:12 --> Session: Class initialized using 'CodeIgniter\Session\Handlers\FileHandler' driver.
INFO - 2025-07-04 06:27:14 --> Session: Class initialized using 'CodeIgniter\Session\Handlers\FileHandler' driver.
WARNING - 2025-07-04 06:27:14 --> [DEPRECATED] Creation of dynamic property App\Controllers\Home::$user_model is deprecated in APPPATH/Controllers/Home.php on line 35.
 1 SYSTEMPATH/CodeIgniter.php(906): App\Controllers\Home->__construct()
 2 SYSTEMPATH/CodeIgniter.php(490): CodeIgniter\CodeIgniter->createController()
 3 SYSTEMPATH/CodeIgniter.php(368): CodeIgniter\CodeIgniter->handleRequest(null, Object(Config\Cache), false)
 4 FCPATH/index.php(67): CodeIgniter\CodeIgniter->run()
WARNING - 2025-07-04 06:27:14 --> [DEPRECATED] Creation of dynamic property App\Controllers\Home::$BlogModel is deprecated in APPPATH/Controllers/Home.php on line 43.
 1 SYSTEMPATH/CodeIgniter.php(906): App\Controllers\Home->__construct()
 2 SYSTEMPATH/CodeIgniter.php(490): CodeIgniter\CodeIgniter->createController()
 3 SYSTEMPATH/CodeIgniter.php(368): CodeIgniter\CodeIgniter->handleRequest(null, Object(Config\Cache), false)
 4 FCPATH/index.php(67): CodeIgniter\CodeIgniter->run()
WARNING - 2025-07-04 06:27:14 --> [DEPRECATED] Creation of dynamic property App\Controllers\Home::$EnquiryModel is deprecated in APPPATH/Controllers/Home.php on line 44.
 1 SYSTEMPATH/CodeIgniter.php(906): App\Controllers\Home->__construct()
 2 SYSTEMPATH/CodeIgniter.php(490): CodeIgniter\CodeIgniter->createController()
 3 SYSTEMPATH/CodeIgniter.php(368): CodeIgniter\CodeIgniter->handleRequest(null, Object(Config\Cache), false)
 4 FCPATH/index.php(67): CodeIgniter\CodeIgniter->run()
WARNING - 2025-07-04 06:27:14 --> [DEPRECATED] Creation of dynamic property App\Controllers\Home::$Allsettingsmodel is deprecated in APPPATH/Controllers/Home.php on line 45.
 1 SYSTEMPATH/CodeIgniter.php(906): App\Controllers\Home->__construct()
 2 SYSTEMPATH/CodeIgniter.php(490): CodeIgniter\CodeIgniter->createController()
 3 SYSTEMPATH/CodeIgniter.php(368): CodeIgniter\CodeIgniter->handleRequest(null, Object(Config\Cache), false)
 4 FCPATH/index.php(67): CodeIgniter\CodeIgniter->run()
INFO - 2025-07-04 06:27:15 --> Session: Class initialized using 'CodeIgniter\Session\Handlers\FileHandler' driver.
WARNING - 2025-07-04 06:27:15 --> [DEPRECATED] Creation of dynamic property App\Controllers\Home::$user_model is deprecated in APPPATH/Controllers/Home.php on line 35.
 1 SYSTEMPATH/CodeIgniter.php(906): App\Controllers\Home->__construct()
 2 SYSTEMPATH/CodeIgniter.php(490): CodeIgniter\CodeIgniter->createController()
 3 SYSTEMPATH/CodeIgniter.php(368): CodeIgniter\CodeIgniter->handleRequest(null, Object(Config\Cache), false)
 4 FCPATH/index.php(67): CodeIgniter\CodeIgniter->run()
WARNING - 2025-07-04 06:27:15 --> [DEPRECATED] Creation of dynamic property App\Controllers\Home::$BlogModel is deprecated in APPPATH/Controllers/Home.php on line 43.
 1 SYSTEMPATH/CodeIgniter.php(906): App\Controllers\Home->__construct()
 2 SYSTEMPATH/CodeIgniter.php(490): CodeIgniter\CodeIgniter->createController()
 3 SYSTEMPATH/CodeIgniter.php(368): CodeIgniter\CodeIgniter->handleRequest(null, Object(Config\Cache), false)
 4 FCPATH/index.php(67): CodeIgniter\CodeIgniter->run()
WARNING - 2025-07-04 06:27:15 --> [DEPRECATED] Creation of dynamic property App\Controllers\Home::$EnquiryModel is deprecated in APPPATH/Controllers/Home.php on line 44.
 1 SYSTEMPATH/CodeIgniter.php(906): App\Controllers\Home->__construct()
 2 SYSTEMPATH/CodeIgniter.php(490): CodeIgniter\CodeIgniter->createController()
 3 SYSTEMPATH/CodeIgniter.php(368): CodeIgniter\CodeIgniter->handleRequest(null, Object(Config\Cache), false)
 4 FCPATH/index.php(67): CodeIgniter\CodeIgniter->run()
WARNING - 2025-07-04 06:27:15 --> [DEPRECATED] Creation of dynamic property App\Controllers\Home::$Allsettingsmodel is deprecated in APPPATH/Controllers/Home.php on line 45.
 1 SYSTEMPATH/CodeIgniter.php(906): App\Controllers\Home->__construct()
 2 SYSTEMPATH/CodeIgniter.php(490): CodeIgniter\CodeIgniter->createController()
 3 SYSTEMPATH/CodeIgniter.php(368): CodeIgniter\CodeIgniter->handleRequest(null, Object(Config\Cache), false)
 4 FCPATH/index.php(67): CodeIgniter\CodeIgniter->run()
INFO - 2025-07-04 06:37:30 --> Session: Class initialized using 'CodeIgniter\Session\Handlers\FileHandler' driver.
WARNING - 2025-07-04 06:37:30 --> [DEPRECATED] Creation of dynamic property App\Controllers\Home::$user_model is deprecated in APPPATH/Controllers/Home.php on line 35.
 1 SYSTEMPATH/CodeIgniter.php(906): App\Controllers\Home->__construct()
 2 SYSTEMPATH/CodeIgniter.php(490): CodeIgniter\CodeIgniter->createController()
 3 SYSTEMPATH/CodeIgniter.php(368): CodeIgniter\CodeIgniter->handleRequest(null, Object(Config\Cache), false)
 4 FCPATH/index.php(67): CodeIgniter\CodeIgniter->run()
WARNING - 2025-07-04 06:37:30 --> [DEPRECATED] Creation of dynamic property App\Controllers\Home::$BlogModel is deprecated in APPPATH/Controllers/Home.php on line 43.
 1 SYSTEMPATH/CodeIgniter.php(906): App\Controllers\Home->__construct()
 2 SYSTEMPATH/CodeIgniter.php(490): CodeIgniter\CodeIgniter->createController()
 3 SYSTEMPATH/CodeIgniter.php(368): CodeIgniter\CodeIgniter->handleRequest(null, Object(Config\Cache), false)
 4 FCPATH/index.php(67): CodeIgniter\CodeIgniter->run()
WARNING - 2025-07-04 06:37:30 --> [DEPRECATED] Creation of dynamic property App\Controllers\Home::$EnquiryModel is deprecated in APPPATH/Controllers/Home.php on line 44.
 1 SYSTEMPATH/CodeIgniter.php(906): App\Controllers\Home->__construct()
 2 SYSTEMPATH/CodeIgniter.php(490): CodeIgniter\CodeIgniter->createController()
 3 SYSTEMPATH/CodeIgniter.php(368): CodeIgniter\CodeIgniter->handleRequest(null, Object(Config\Cache), false)
 4 FCPATH/index.php(67): CodeIgniter\CodeIgniter->run()
WARNING - 2025-07-04 06:37:30 --> [DEPRECATED] Creation of dynamic property App\Controllers\Home::$Allsettingsmodel is deprecated in APPPATH/Controllers/Home.php on line 45.
 1 SYSTEMPATH/CodeIgniter.php(906): App\Controllers\Home->__construct()
 2 SYSTEMPATH/CodeIgniter.php(490): CodeIgniter\CodeIgniter->createController()
 3 SYSTEMPATH/CodeIgniter.php(368): CodeIgniter\CodeIgniter->handleRequest(null, Object(Config\Cache), false)
 4 FCPATH/index.php(67): CodeIgniter\CodeIgniter->run()
INFO - 2025-07-04 06:37:31 --> Session: Class initialized using 'CodeIgniter\Session\Handlers\FileHandler' driver.
WARNING - 2025-07-04 06:37:31 --> [DEPRECATED] Creation of dynamic property App\Controllers\Home::$user_model is deprecated in APPPATH/Controllers/Home.php on line 35.
 1 SYSTEMPATH/CodeIgniter.php(906): App\Controllers\Home->__construct()
 2 SYSTEMPATH/CodeIgniter.php(490): CodeIgniter\CodeIgniter->createController()
 3 SYSTEMPATH/CodeIgniter.php(368): CodeIgniter\CodeIgniter->handleRequest(null, Object(Config\Cache), false)
 4 FCPATH/index.php(67): CodeIgniter\CodeIgniter->run()
WARNING - 2025-07-04 06:37:31 --> [DEPRECATED] Creation of dynamic property App\Controllers\Home::$BlogModel is deprecated in APPPATH/Controllers/Home.php on line 43.
 1 SYSTEMPATH/CodeIgniter.php(906): App\Controllers\Home->__construct()
 2 SYSTEMPATH/CodeIgniter.php(490): CodeIgniter\CodeIgniter->createController()
 3 SYSTEMPATH/CodeIgniter.php(368): CodeIgniter\CodeIgniter->handleRequest(null, Object(Config\Cache), false)
 4 FCPATH/index.php(67): CodeIgniter\CodeIgniter->run()
WARNING - 2025-07-04 06:37:31 --> [DEPRECATED] Creation of dynamic property App\Controllers\Home::$EnquiryModel is deprecated in APPPATH/Controllers/Home.php on line 44.
 1 SYSTEMPATH/CodeIgniter.php(906): App\Controllers\Home->__construct()
 2 SYSTEMPATH/CodeIgniter.php(490): CodeIgniter\CodeIgniter->createController()
 3 SYSTEMPATH/CodeIgniter.php(368): CodeIgniter\CodeIgniter->handleRequest(null, Object(Config\Cache), false)
 4 FCPATH/index.php(67): CodeIgniter\CodeIgniter->run()
WARNING - 2025-07-04 06:37:31 --> [DEPRECATED] Creation of dynamic property App\Controllers\Home::$Allsettingsmodel is deprecated in APPPATH/Controllers/Home.php on line 45.
 1 SYSTEMPATH/CodeIgniter.php(906): App\Controllers\Home->__construct()
 2 SYSTEMPATH/CodeIgniter.php(490): CodeIgniter\CodeIgniter->createController()
 3 SYSTEMPATH/CodeIgniter.php(368): CodeIgniter\CodeIgniter->handleRequest(null, Object(Config\Cache), false)
 4 FCPATH/index.php(67): CodeIgniter\CodeIgniter->run()
INFO - 2025-07-04 06:39:26 --> Session: Class initialized using 'CodeIgniter\Session\Handlers\FileHandler' driver.
WARNING - 2025-07-04 06:39:26 --> [DEPRECATED] Creation of dynamic property App\Controllers\Home::$user_model is deprecated in APPPATH/Controllers/Home.php on line 35.
 1 SYSTEMPATH/CodeIgniter.php(906): App\Controllers\Home->__construct()
 2 SYSTEMPATH/CodeIgniter.php(490): CodeIgniter\CodeIgniter->createController()
 3 SYSTEMPATH/CodeIgniter.php(368): CodeIgniter\CodeIgniter->handleRequest(null, Object(Config\Cache), false)
 4 FCPATH/index.php(67): CodeIgniter\CodeIgniter->run()
WARNING - 2025-07-04 06:39:26 --> [DEPRECATED] Creation of dynamic property App\Controllers\Home::$BlogModel is deprecated in APPPATH/Controllers/Home.php on line 43.
 1 SYSTEMPATH/CodeIgniter.php(906): App\Controllers\Home->__construct()
 2 SYSTEMPATH/CodeIgniter.php(490): CodeIgniter\CodeIgniter->createController()
 3 SYSTEMPATH/CodeIgniter.php(368): CodeIgniter\CodeIgniter->handleRequest(null, Object(Config\Cache), false)
 4 FCPATH/index.php(67): CodeIgniter\CodeIgniter->run()
WARNING - 2025-07-04 06:39:26 --> [DEPRECATED] Creation of dynamic property App\Controllers\Home::$EnquiryModel is deprecated in APPPATH/Controllers/Home.php on line 44.
 1 SYSTEMPATH/CodeIgniter.php(906): App\Controllers\Home->__construct()
 2 SYSTEMPATH/CodeIgniter.php(490): CodeIgniter\CodeIgniter->createController()
 3 SYSTEMPATH/CodeIgniter.php(368): CodeIgniter\CodeIgniter->handleRequest(null, Object(Config\Cache), false)
 4 FCPATH/index.php(67): CodeIgniter\CodeIgniter->run()
WARNING - 2025-07-04 06:39:26 --> [DEPRECATED] Creation of dynamic property App\Controllers\Home::$Allsettingsmodel is deprecated in APPPATH/Controllers/Home.php on line 45.
 1 SYSTEMPATH/CodeIgniter.php(906): App\Controllers\Home->__construct()
 2 SYSTEMPATH/CodeIgniter.php(490): CodeIgniter\CodeIgniter->createController()
 3 SYSTEMPATH/CodeIgniter.php(368): CodeIgniter\CodeIgniter->handleRequest(null, Object(Config\Cache), false)
 4 FCPATH/index.php(67): CodeIgniter\CodeIgniter->run()
INFO - 2025-07-04 06:39:26 --> Session: Class initialized using 'CodeIgniter\Session\Handlers\FileHandler' driver.
WARNING - 2025-07-04 06:39:26 --> [DEPRECATED] Creation of dynamic property App\Controllers\Home::$user_model is deprecated in APPPATH/Controllers/Home.php on line 35.
 1 SYSTEMPATH/CodeIgniter.php(906): App\Controllers\Home->__construct()
 2 SYSTEMPATH/CodeIgniter.php(490): CodeIgniter\CodeIgniter->createController()
 3 SYSTEMPATH/CodeIgniter.php(368): CodeIgniter\CodeIgniter->handleRequest(null, Object(Config\Cache), false)
 4 FCPATH/index.php(67): CodeIgniter\CodeIgniter->run()
WARNING - 2025-07-04 06:39:26 --> [DEPRECATED] Creation of dynamic property App\Controllers\Home::$BlogModel is deprecated in APPPATH/Controllers/Home.php on line 43.
 1 SYSTEMPATH/CodeIgniter.php(906): App\Controllers\Home->__construct()
 2 SYSTEMPATH/CodeIgniter.php(490): CodeIgniter\CodeIgniter->createController()
 3 SYSTEMPATH/CodeIgniter.php(368): CodeIgniter\CodeIgniter->handleRequest(null, Object(Config\Cache), false)
 4 FCPATH/index.php(67): CodeIgniter\CodeIgniter->run()
WARNING - 2025-07-04 06:39:26 --> [DEPRECATED] Creation of dynamic property App\Controllers\Home::$EnquiryModel is deprecated in APPPATH/Controllers/Home.php on line 44.
 1 SYSTEMPATH/CodeIgniter.php(906): App\Controllers\Home->__construct()
 2 SYSTEMPATH/CodeIgniter.php(490): CodeIgniter\CodeIgniter->createController()
 3 SYSTEMPATH/CodeIgniter.php(368): CodeIgniter\CodeIgniter->handleRequest(null, Object(Config\Cache), false)
 4 FCPATH/index.php(67): CodeIgniter\CodeIgniter->run()
WARNING - 2025-07-04 06:39:26 --> [DEPRECATED] Creation of dynamic property App\Controllers\Home::$Allsettingsmodel is deprecated in APPPATH/Controllers/Home.php on line 45.
 1 SYSTEMPATH/CodeIgniter.php(906): App\Controllers\Home->__construct()
 2 SYSTEMPATH/CodeIgniter.php(490): CodeIgniter\CodeIgniter->createController()
 3 SYSTEMPATH/CodeIgniter.php(368): CodeIgniter\CodeIgniter->handleRequest(null, Object(Config\Cache), false)
 4 FCPATH/index.php(67): CodeIgniter\CodeIgniter->run()
INFO - 2025-07-04 06:44:18 --> Session: Class initialized using 'CodeIgniter\Session\Handlers\FileHandler' driver.
WARNING - 2025-07-04 06:44:18 --> [DEPRECATED] Creation of dynamic property App\Controllers\Home::$user_model is deprecated in APPPATH/Controllers/Home.php on line 35.
 1 SYSTEMPATH/CodeIgniter.php(906): App\Controllers\Home->__construct()
 2 SYSTEMPATH/CodeIgniter.php(490): CodeIgniter\CodeIgniter->createController()
 3 SYSTEMPATH/CodeIgniter.php(368): CodeIgniter\CodeIgniter->handleRequest(null, Object(Config\Cache), false)
 4 FCPATH/index.php(67): CodeIgniter\CodeIgniter->run()
WARNING - 2025-07-04 06:44:18 --> [DEPRECATED] Creation of dynamic property App\Controllers\Home::$BlogModel is deprecated in APPPATH/Controllers/Home.php on line 43.
 1 SYSTEMPATH/CodeIgniter.php(906): App\Controllers\Home->__construct()
 2 SYSTEMPATH/CodeIgniter.php(490): CodeIgniter\CodeIgniter->createController()
 3 SYSTEMPATH/CodeIgniter.php(368): CodeIgniter\CodeIgniter->handleRequest(null, Object(Config\Cache), false)
 4 FCPATH/index.php(67): CodeIgniter\CodeIgniter->run()
WARNING - 2025-07-04 06:44:18 --> [DEPRECATED] Creation of dynamic property App\Controllers\Home::$EnquiryModel is deprecated in APPPATH/Controllers/Home.php on line 44.
 1 SYSTEMPATH/CodeIgniter.php(906): App\Controllers\Home->__construct()
 2 SYSTEMPATH/CodeIgniter.php(490): CodeIgniter\CodeIgniter->createController()
 3 SYSTEMPATH/CodeIgniter.php(368): CodeIgniter\CodeIgniter->handleRequest(null, Object(Config\Cache), false)
 4 FCPATH/index.php(67): CodeIgniter\CodeIgniter->run()
WARNING - 2025-07-04 06:44:18 --> [DEPRECATED] Creation of dynamic property App\Controllers\Home::$Allsettingsmodel is deprecated in APPPATH/Controllers/Home.php on line 45.
 1 SYSTEMPATH/CodeIgniter.php(906): App\Controllers\Home->__construct()
 2 SYSTEMPATH/CodeIgniter.php(490): CodeIgniter\CodeIgniter->createController()
 3 SYSTEMPATH/CodeIgniter.php(368): CodeIgniter\CodeIgniter->handleRequest(null, Object(Config\Cache), false)
 4 FCPATH/index.php(67): CodeIgniter\CodeIgniter->run()
INFO - 2025-07-04 06:44:19 --> Session: Class initialized using 'CodeIgniter\Session\Handlers\FileHandler' driver.
WARNING - 2025-07-04 06:44:19 --> [DEPRECATED] Creation of dynamic property App\Controllers\Home::$user_model is deprecated in APPPATH/Controllers/Home.php on line 35.
 1 SYSTEMPATH/CodeIgniter.php(906): App\Controllers\Home->__construct()
 2 SYSTEMPATH/CodeIgniter.php(490): CodeIgniter\CodeIgniter->createController()
 3 SYSTEMPATH/CodeIgniter.php(368): CodeIgniter\CodeIgniter->handleRequest(null, Object(Config\Cache), false)
 4 FCPATH/index.php(67): CodeIgniter\CodeIgniter->run()
WARNING - 2025-07-04 06:44:19 --> [DEPRECATED] Creation of dynamic property App\Controllers\Home::$BlogModel is deprecated in APPPATH/Controllers/Home.php on line 43.
 1 SYSTEMPATH/CodeIgniter.php(906): App\Controllers\Home->__construct()
 2 SYSTEMPATH/CodeIgniter.php(490): CodeIgniter\CodeIgniter->createController()
 3 SYSTEMPATH/CodeIgniter.php(368): CodeIgniter\CodeIgniter->handleRequest(null, Object(Config\Cache), false)
 4 FCPATH/index.php(67): CodeIgniter\CodeIgniter->run()
WARNING - 2025-07-04 06:44:19 --> [DEPRECATED] Creation of dynamic property App\Controllers\Home::$EnquiryModel is deprecated in APPPATH/Controllers/Home.php on line 44.
 1 SYSTEMPATH/CodeIgniter.php(906): App\Controllers\Home->__construct()
 2 SYSTEMPATH/CodeIgniter.php(490): CodeIgniter\CodeIgniter->createController()
 3 SYSTEMPATH/CodeIgniter.php(368): CodeIgniter\CodeIgniter->handleRequest(null, Object(Config\Cache), false)
 4 FCPATH/index.php(67): CodeIgniter\CodeIgniter->run()
WARNING - 2025-07-04 06:44:19 --> [DEPRECATED] Creation of dynamic property App\Controllers\Home::$Allsettingsmodel is deprecated in APPPATH/Controllers/Home.php on line 45.
 1 SYSTEMPATH/CodeIgniter.php(906): App\Controllers\Home->__construct()
 2 SYSTEMPATH/CodeIgniter.php(490): CodeIgniter\CodeIgniter->createController()
 3 SYSTEMPATH/CodeIgniter.php(368): CodeIgniter\CodeIgniter->handleRequest(null, Object(Config\Cache), false)
 4 FCPATH/index.php(67): CodeIgniter\CodeIgniter->run()
INFO - 2025-07-04 06:47:26 --> Session: Class initialized using 'CodeIgniter\Session\Handlers\FileHandler' driver.
WARNING - 2025-07-04 06:47:26 --> [DEPRECATED] Creation of dynamic property App\Controllers\Home::$user_model is deprecated in APPPATH/Controllers/Home.php on line 35.
 1 SYSTEMPATH/CodeIgniter.php(906): App\Controllers\Home->__construct()
 2 SYSTEMPATH/CodeIgniter.php(490): CodeIgniter\CodeIgniter->createController()
 3 SYSTEMPATH/CodeIgniter.php(368): CodeIgniter\CodeIgniter->handleRequest(null, Object(Config\Cache), false)
 4 FCPATH/index.php(67): CodeIgniter\CodeIgniter->run()
WARNING - 2025-07-04 06:47:26 --> [DEPRECATED] Creation of dynamic property App\Controllers\Home::$BlogModel is deprecated in APPPATH/Controllers/Home.php on line 43.
 1 SYSTEMPATH/CodeIgniter.php(906): App\Controllers\Home->__construct()
 2 SYSTEMPATH/CodeIgniter.php(490): CodeIgniter\CodeIgniter->createController()
 3 SYSTEMPATH/CodeIgniter.php(368): CodeIgniter\CodeIgniter->handleRequest(null, Object(Config\Cache), false)
 4 FCPATH/index.php(67): CodeIgniter\CodeIgniter->run()
WARNING - 2025-07-04 06:47:26 --> [DEPRECATED] Creation of dynamic property App\Controllers\Home::$EnquiryModel is deprecated in APPPATH/Controllers/Home.php on line 44.
 1 SYSTEMPATH/CodeIgniter.php(906): App\Controllers\Home->__construct()
 2 SYSTEMPATH/CodeIgniter.php(490): CodeIgniter\CodeIgniter->createController()
 3 SYSTEMPATH/CodeIgniter.php(368): CodeIgniter\CodeIgniter->handleRequest(null, Object(Config\Cache), false)
 4 FCPATH/index.php(67): CodeIgniter\CodeIgniter->run()
WARNING - 2025-07-04 06:47:26 --> [DEPRECATED] Creation of dynamic property App\Controllers\Home::$Allsettingsmodel is deprecated in APPPATH/Controllers/Home.php on line 45.
 1 SYSTEMPATH/CodeIgniter.php(906): App\Controllers\Home->__construct()
 2 SYSTEMPATH/CodeIgniter.php(490): CodeIgniter\CodeIgniter->createController()
 3 SYSTEMPATH/CodeIgniter.php(368): CodeIgniter\CodeIgniter->handleRequest(null, Object(Config\Cache), false)
 4 FCPATH/index.php(67): CodeIgniter\CodeIgniter->run()
INFO - 2025-07-04 06:47:27 --> Session: Class initialized using 'CodeIgniter\Session\Handlers\FileHandler' driver.
WARNING - 2025-07-04 06:47:27 --> [DEPRECATED] Creation of dynamic property App\Controllers\Home::$user_model is deprecated in APPPATH/Controllers/Home.php on line 35.
 1 SYSTEMPATH/CodeIgniter.php(906): App\Controllers\Home->__construct()
 2 SYSTEMPATH/CodeIgniter.php(490): CodeIgniter\CodeIgniter->createController()
 3 SYSTEMPATH/CodeIgniter.php(368): CodeIgniter\CodeIgniter->handleRequest(null, Object(Config\Cache), false)
 4 FCPATH/index.php(67): CodeIgniter\CodeIgniter->run()
WARNING - 2025-07-04 06:47:27 --> [DEPRECATED] Creation of dynamic property App\Controllers\Home::$BlogModel is deprecated in APPPATH/Controllers/Home.php on line 43.
 1 SYSTEMPATH/CodeIgniter.php(906): App\Controllers\Home->__construct()
 2 SYSTEMPATH/CodeIgniter.php(490): CodeIgniter\CodeIgniter->createController()
 3 SYSTEMPATH/CodeIgniter.php(368): CodeIgniter\CodeIgniter->handleRequest(null, Object(Config\Cache), false)
 4 FCPATH/index.php(67): CodeIgniter\CodeIgniter->run()
WARNING - 2025-07-04 06:47:27 --> [DEPRECATED] Creation of dynamic property App\Controllers\Home::$EnquiryModel is deprecated in APPPATH/Controllers/Home.php on line 44.
 1 SYSTEMPATH/CodeIgniter.php(906): App\Controllers\Home->__construct()
 2 SYSTEMPATH/CodeIgniter.php(490): CodeIgniter\CodeIgniter->createController()
 3 SYSTEMPATH/CodeIgniter.php(368): CodeIgniter\CodeIgniter->handleRequest(null, Object(Config\Cache), false)
 4 FCPATH/index.php(67): CodeIgniter\CodeIgniter->run()
WARNING - 2025-07-04 06:47:27 --> [DEPRECATED] Creation of dynamic property App\Controllers\Home::$Allsettingsmodel is deprecated in APPPATH/Controllers/Home.php on line 45.
 1 SYSTEMPATH/CodeIgniter.php(906): App\Controllers\Home->__construct()
 2 SYSTEMPATH/CodeIgniter.php(490): CodeIgniter\CodeIgniter->createController()
 3 SYSTEMPATH/CodeIgniter.php(368): CodeIgniter\CodeIgniter->handleRequest(null, Object(Config\Cache), false)
 4 FCPATH/index.php(67): CodeIgniter\CodeIgniter->run()
INFO - 2025-07-04 06:48:32 --> Session: Class initialized using 'CodeIgniter\Session\Handlers\FileHandler' driver.
WARNING - 2025-07-04 06:48:32 --> [DEPRECATED] Creation of dynamic property App\Controllers\Home::$user_model is deprecated in APPPATH/Controllers/Home.php on line 35.
 1 SYSTEMPATH/CodeIgniter.php(906): App\Controllers\Home->__construct()
 2 SYSTEMPATH/CodeIgniter.php(490): CodeIgniter\CodeIgniter->createController()
 3 SYSTEMPATH/CodeIgniter.php(368): CodeIgniter\CodeIgniter->handleRequest(null, Object(Config\Cache), false)
 4 FCPATH/index.php(67): CodeIgniter\CodeIgniter->run()
WARNING - 2025-07-04 06:48:32 --> [DEPRECATED] Creation of dynamic property App\Controllers\Home::$BlogModel is deprecated in APPPATH/Controllers/Home.php on line 43.
 1 SYSTEMPATH/CodeIgniter.php(906): App\Controllers\Home->__construct()
 2 SYSTEMPATH/CodeIgniter.php(490): CodeIgniter\CodeIgniter->createController()
 3 SYSTEMPATH/CodeIgniter.php(368): CodeIgniter\CodeIgniter->handleRequest(null, Object(Config\Cache), false)
 4 FCPATH/index.php(67): CodeIgniter\CodeIgniter->run()
WARNING - 2025-07-04 06:48:32 --> [DEPRECATED] Creation of dynamic property App\Controllers\Home::$EnquiryModel is deprecated in APPPATH/Controllers/Home.php on line 44.
 1 SYSTEMPATH/CodeIgniter.php(906): App\Controllers\Home->__construct()
 2 SYSTEMPATH/CodeIgniter.php(490): CodeIgniter\CodeIgniter->createController()
 3 SYSTEMPATH/CodeIgniter.php(368): CodeIgniter\CodeIgniter->handleRequest(null, Object(Config\Cache), false)
 4 FCPATH/index.php(67): CodeIgniter\CodeIgniter->run()
WARNING - 2025-07-04 06:48:32 --> [DEPRECATED] Creation of dynamic property App\Controllers\Home::$Allsettingsmodel is deprecated in APPPATH/Controllers/Home.php on line 45.
 1 SYSTEMPATH/CodeIgniter.php(906): App\Controllers\Home->__construct()
 2 SYSTEMPATH/CodeIgniter.php(490): CodeIgniter\CodeIgniter->createController()
 3 SYSTEMPATH/CodeIgniter.php(368): CodeIgniter\CodeIgniter->handleRequest(null, Object(Config\Cache), false)
 4 FCPATH/index.php(67): CodeIgniter\CodeIgniter->run()
INFO - 2025-07-04 06:48:32 --> Session: Class initialized using 'CodeIgniter\Session\Handlers\FileHandler' driver.
WARNING - 2025-07-04 06:48:32 --> [DEPRECATED] Creation of dynamic property App\Controllers\Home::$user_model is deprecated in APPPATH/Controllers/Home.php on line 35.
 1 SYSTEMPATH/CodeIgniter.php(906): App\Controllers\Home->__construct()
 2 SYSTEMPATH/CodeIgniter.php(490): CodeIgniter\CodeIgniter->createController()
 3 SYSTEMPATH/CodeIgniter.php(368): CodeIgniter\CodeIgniter->handleRequest(null, Object(Config\Cache), false)
 4 FCPATH/index.php(67): CodeIgniter\CodeIgniter->run()
WARNING - 2025-07-04 06:48:32 --> [DEPRECATED] Creation of dynamic property App\Controllers\Home::$BlogModel is deprecated in APPPATH/Controllers/Home.php on line 43.
 1 SYSTEMPATH/CodeIgniter.php(906): App\Controllers\Home->__construct()
 2 SYSTEMPATH/CodeIgniter.php(490): CodeIgniter\CodeIgniter->createController()
 3 SYSTEMPATH/CodeIgniter.php(368): CodeIgniter\CodeIgniter->handleRequest(null, Object(Config\Cache), false)
 4 FCPATH/index.php(67): CodeIgniter\CodeIgniter->run()
WARNING - 2025-07-04 06:48:32 --> [DEPRECATED] Creation of dynamic property App\Controllers\Home::$EnquiryModel is deprecated in APPPATH/Controllers/Home.php on line 44.
 1 SYSTEMPATH/CodeIgniter.php(906): App\Controllers\Home->__construct()
 2 SYSTEMPATH/CodeIgniter.php(490): CodeIgniter\CodeIgniter->createController()
 3 SYSTEMPATH/CodeIgniter.php(368): CodeIgniter\CodeIgniter->handleRequest(null, Object(Config\Cache), false)
 4 FCPATH/index.php(67): CodeIgniter\CodeIgniter->run()
WARNING - 2025-07-04 06:48:32 --> [DEPRECATED] Creation of dynamic property App\Controllers\Home::$Allsettingsmodel is deprecated in APPPATH/Controllers/Home.php on line 45.
 1 SYSTEMPATH/CodeIgniter.php(906): App\Controllers\Home->__construct()
 2 SYSTEMPATH/CodeIgniter.php(490): CodeIgniter\CodeIgniter->createController()
 3 SYSTEMPATH/CodeIgniter.php(368): CodeIgniter\CodeIgniter->handleRequest(null, Object(Config\Cache), false)
 4 FCPATH/index.php(67): CodeIgniter\CodeIgniter->run()
INFO - 2025-07-04 06:49:30 --> Session: Class initialized using 'CodeIgniter\Session\Handlers\FileHandler' driver.
WARNING - 2025-07-04 06:49:30 --> [DEPRECATED] Creation of dynamic property App\Controllers\Home::$user_model is deprecated in APPPATH/Controllers/Home.php on line 35.
 1 SYSTEMPATH/CodeIgniter.php(906): App\Controllers\Home->__construct()
 2 SYSTEMPATH/CodeIgniter.php(490): CodeIgniter\CodeIgniter->createController()
 3 SYSTEMPATH/CodeIgniter.php(368): CodeIgniter\CodeIgniter->handleRequest(null, Object(Config\Cache), false)
 4 FCPATH/index.php(67): CodeIgniter\CodeIgniter->run()
WARNING - 2025-07-04 06:49:30 --> [DEPRECATED] Creation of dynamic property App\Controllers\Home::$BlogModel is deprecated in APPPATH/Controllers/Home.php on line 43.
 1 SYSTEMPATH/CodeIgniter.php(906): App\Controllers\Home->__construct()
 2 SYSTEMPATH/CodeIgniter.php(490): CodeIgniter\CodeIgniter->createController()
 3 SYSTEMPATH/CodeIgniter.php(368): CodeIgniter\CodeIgniter->handleRequest(null, Object(Config\Cache), false)
 4 FCPATH/index.php(67): CodeIgniter\CodeIgniter->run()
WARNING - 2025-07-04 06:49:30 --> [DEPRECATED] Creation of dynamic property App\Controllers\Home::$EnquiryModel is deprecated in APPPATH/Controllers/Home.php on line 44.
 1 SYSTEMPATH/CodeIgniter.php(906): App\Controllers\Home->__construct()
 2 SYSTEMPATH/CodeIgniter.php(490): CodeIgniter\CodeIgniter->createController()
 3 SYSTEMPATH/CodeIgniter.php(368): CodeIgniter\CodeIgniter->handleRequest(null, Object(Config\Cache), false)
 4 FCPATH/index.php(67): CodeIgniter\CodeIgniter->run()
WARNING - 2025-07-04 06:49:30 --> [DEPRECATED] Creation of dynamic property App\Controllers\Home::$Allsettingsmodel is deprecated in APPPATH/Controllers/Home.php on line 45.
 1 SYSTEMPATH/CodeIgniter.php(906): App\Controllers\Home->__construct()
 2 SYSTEMPATH/CodeIgniter.php(490): CodeIgniter\CodeIgniter->createController()
 3 SYSTEMPATH/CodeIgniter.php(368): CodeIgniter\CodeIgniter->handleRequest(null, Object(Config\Cache), false)
 4 FCPATH/index.php(67): CodeIgniter\CodeIgniter->run()
INFO - 2025-07-04 06:49:30 --> Session: Class initialized using 'CodeIgniter\Session\Handlers\FileHandler' driver.
WARNING - 2025-07-04 06:49:30 --> [DEPRECATED] Creation of dynamic property App\Controllers\Home::$user_model is deprecated in APPPATH/Controllers/Home.php on line 35.
 1 SYSTEMPATH/CodeIgniter.php(906): App\Controllers\Home->__construct()
 2 SYSTEMPATH/CodeIgniter.php(490): CodeIgniter\CodeIgniter->createController()
 3 SYSTEMPATH/CodeIgniter.php(368): CodeIgniter\CodeIgniter->handleRequest(null, Object(Config\Cache), false)
 4 FCPATH/index.php(67): CodeIgniter\CodeIgniter->run()
WARNING - 2025-07-04 06:49:30 --> [DEPRECATED] Creation of dynamic property App\Controllers\Home::$BlogModel is deprecated in APPPATH/Controllers/Home.php on line 43.
 1 SYSTEMPATH/CodeIgniter.php(906): App\Controllers\Home->__construct()
 2 SYSTEMPATH/CodeIgniter.php(490): CodeIgniter\CodeIgniter->createController()
 3 SYSTEMPATH/CodeIgniter.php(368): CodeIgniter\CodeIgniter->handleRequest(null, Object(Config\Cache), false)
 4 FCPATH/index.php(67): CodeIgniter\CodeIgniter->run()
WARNING - 2025-07-04 06:49:30 --> [DEPRECATED] Creation of dynamic property App\Controllers\Home::$EnquiryModel is deprecated in APPPATH/Controllers/Home.php on line 44.
 1 SYSTEMPATH/CodeIgniter.php(906): App\Controllers\Home->__construct()
 2 SYSTEMPATH/CodeIgniter.php(490): CodeIgniter\CodeIgniter->createController()
 3 SYSTEMPATH/CodeIgniter.php(368): CodeIgniter\CodeIgniter->handleRequest(null, Object(Config\Cache), false)
 4 FCPATH/index.php(67): CodeIgniter\CodeIgniter->run()
WARNING - 2025-07-04 06:49:30 --> [DEPRECATED] Creation of dynamic property App\Controllers\Home::$Allsettingsmodel is deprecated in APPPATH/Controllers/Home.php on line 45.
 1 SYSTEMPATH/CodeIgniter.php(906): App\Controllers\Home->__construct()
 2 SYSTEMPATH/CodeIgniter.php(490): CodeIgniter\CodeIgniter->createController()
 3 SYSTEMPATH/CodeIgniter.php(368): CodeIgniter\CodeIgniter->handleRequest(null, Object(Config\Cache), false)
 4 FCPATH/index.php(67): CodeIgniter\CodeIgniter->run()
INFO - 2025-07-04 06:50:32 --> Session: Class initialized using 'CodeIgniter\Session\Handlers\FileHandler' driver.
WARNING - 2025-07-04 06:50:32 --> [DEPRECATED] Creation of dynamic property App\Controllers\Home::$user_model is deprecated in APPPATH/Controllers/Home.php on line 35.
 1 SYSTEMPATH/CodeIgniter.php(906): App\Controllers\Home->__construct()
 2 SYSTEMPATH/CodeIgniter.php(490): CodeIgniter\CodeIgniter->createController()
 3 SYSTEMPATH/CodeIgniter.php(368): CodeIgniter\CodeIgniter->handleRequest(null, Object(Config\Cache), false)
 4 FCPATH/index.php(67): CodeIgniter\CodeIgniter->run()
WARNING - 2025-07-04 06:50:32 --> [DEPRECATED] Creation of dynamic property App\Controllers\Home::$BlogModel is deprecated in APPPATH/Controllers/Home.php on line 43.
 1 SYSTEMPATH/CodeIgniter.php(906): App\Controllers\Home->__construct()
 2 SYSTEMPATH/CodeIgniter.php(490): CodeIgniter\CodeIgniter->createController()
 3 SYSTEMPATH/CodeIgniter.php(368): CodeIgniter\CodeIgniter->handleRequest(null, Object(Config\Cache), false)
 4 FCPATH/index.php(67): CodeIgniter\CodeIgniter->run()
WARNING - 2025-07-04 06:50:32 --> [DEPRECATED] Creation of dynamic property App\Controllers\Home::$EnquiryModel is deprecated in APPPATH/Controllers/Home.php on line 44.
 1 SYSTEMPATH/CodeIgniter.php(906): App\Controllers\Home->__construct()
 2 SYSTEMPATH/CodeIgniter.php(490): CodeIgniter\CodeIgniter->createController()
 3 SYSTEMPATH/CodeIgniter.php(368): CodeIgniter\CodeIgniter->handleRequest(null, Object(Config\Cache), false)
 4 FCPATH/index.php(67): CodeIgniter\CodeIgniter->run()
WARNING - 2025-07-04 06:50:32 --> [DEPRECATED] Creation of dynamic property App\Controllers\Home::$Allsettingsmodel is deprecated in APPPATH/Controllers/Home.php on line 45.
 1 SYSTEMPATH/CodeIgniter.php(906): App\Controllers\Home->__construct()
 2 SYSTEMPATH/CodeIgniter.php(490): CodeIgniter\CodeIgniter->createController()
 3 SYSTEMPATH/CodeIgniter.php(368): CodeIgniter\CodeIgniter->handleRequest(null, Object(Config\Cache), false)
 4 FCPATH/index.php(67): CodeIgniter\CodeIgniter->run()
INFO - 2025-07-04 06:50:33 --> Session: Class initialized using 'CodeIgniter\Session\Handlers\FileHandler' driver.
WARNING - 2025-07-04 06:50:33 --> [DEPRECATED] Creation of dynamic property App\Controllers\Home::$user_model is deprecated in APPPATH/Controllers/Home.php on line 35.
 1 SYSTEMPATH/CodeIgniter.php(906): App\Controllers\Home->__construct()
 2 SYSTEMPATH/CodeIgniter.php(490): CodeIgniter\CodeIgniter->createController()
 3 SYSTEMPATH/CodeIgniter.php(368): CodeIgniter\CodeIgniter->handleRequest(null, Object(Config\Cache), false)
 4 FCPATH/index.php(67): CodeIgniter\CodeIgniter->run()
WARNING - 2025-07-04 06:50:33 --> [DEPRECATED] Creation of dynamic property App\Controllers\Home::$BlogModel is deprecated in APPPATH/Controllers/Home.php on line 43.
 1 SYSTEMPATH/CodeIgniter.php(906): App\Controllers\Home->__construct()
 2 SYSTEMPATH/CodeIgniter.php(490): CodeIgniter\CodeIgniter->createController()
 3 SYSTEMPATH/CodeIgniter.php(368): CodeIgniter\CodeIgniter->handleRequest(null, Object(Config\Cache), false)
 4 FCPATH/index.php(67): CodeIgniter\CodeIgniter->run()
WARNING - 2025-07-04 06:50:33 --> [DEPRECATED] Creation of dynamic property App\Controllers\Home::$EnquiryModel is deprecated in APPPATH/Controllers/Home.php on line 44.
 1 SYSTEMPATH/CodeIgniter.php(906): App\Controllers\Home->__construct()
 2 SYSTEMPATH/CodeIgniter.php(490): CodeIgniter\CodeIgniter->createController()
 3 SYSTEMPATH/CodeIgniter.php(368): CodeIgniter\CodeIgniter->handleRequest(null, Object(Config\Cache), false)
 4 FCPATH/index.php(67): CodeIgniter\CodeIgniter->run()
WARNING - 2025-07-04 06:50:33 --> [DEPRECATED] Creation of dynamic property App\Controllers\Home::$Allsettingsmodel is deprecated in APPPATH/Controllers/Home.php on line 45.
 1 SYSTEMPATH/CodeIgniter.php(906): App\Controllers\Home->__construct()
 2 SYSTEMPATH/CodeIgniter.php(490): CodeIgniter\CodeIgniter->createController()
 3 SYSTEMPATH/CodeIgniter.php(368): CodeIgniter\CodeIgniter->handleRequest(null, Object(Config\Cache), false)
 4 FCPATH/index.php(67): CodeIgniter\CodeIgniter->run()
INFO - 2025-07-04 06:51:14 --> Session: Class initialized using 'CodeIgniter\Session\Handlers\FileHandler' driver.
WARNING - 2025-07-04 06:51:14 --> [DEPRECATED] Creation of dynamic property App\Controllers\Home::$user_model is deprecated in APPPATH/Controllers/Home.php on line 35.
 1 SYSTEMPATH/CodeIgniter.php(906): App\Controllers\Home->__construct()
 2 SYSTEMPATH/CodeIgniter.php(490): CodeIgniter\CodeIgniter->createController()
 3 SYSTEMPATH/CodeIgniter.php(368): CodeIgniter\CodeIgniter->handleRequest(null, Object(Config\Cache), false)
 4 FCPATH/index.php(67): CodeIgniter\CodeIgniter->run()
WARNING - 2025-07-04 06:51:14 --> [DEPRECATED] Creation of dynamic property App\Controllers\Home::$BlogModel is deprecated in APPPATH/Controllers/Home.php on line 43.
 1 SYSTEMPATH/CodeIgniter.php(906): App\Controllers\Home->__construct()
 2 SYSTEMPATH/CodeIgniter.php(490): CodeIgniter\CodeIgniter->createController()
 3 SYSTEMPATH/CodeIgniter.php(368): CodeIgniter\CodeIgniter->handleRequest(null, Object(Config\Cache), false)
 4 FCPATH/index.php(67): CodeIgniter\CodeIgniter->run()
WARNING - 2025-07-04 06:51:14 --> [DEPRECATED] Creation of dynamic property App\Controllers\Home::$EnquiryModel is deprecated in APPPATH/Controllers/Home.php on line 44.
 1 SYSTEMPATH/CodeIgniter.php(906): App\Controllers\Home->__construct()
 2 SYSTEMPATH/CodeIgniter.php(490): CodeIgniter\CodeIgniter->createController()
 3 SYSTEMPATH/CodeIgniter.php(368): CodeIgniter\CodeIgniter->handleRequest(null, Object(Config\Cache), false)
 4 FCPATH/index.php(67): CodeIgniter\CodeIgniter->run()
WARNING - 2025-07-04 06:51:14 --> [DEPRECATED] Creation of dynamic property App\Controllers\Home::$Allsettingsmodel is deprecated in APPPATH/Controllers/Home.php on line 45.
 1 SYSTEMPATH/CodeIgniter.php(906): App\Controllers\Home->__construct()
 2 SYSTEMPATH/CodeIgniter.php(490): CodeIgniter\CodeIgniter->createController()
 3 SYSTEMPATH/CodeIgniter.php(368): CodeIgniter\CodeIgniter->handleRequest(null, Object(Config\Cache), false)
 4 FCPATH/index.php(67): CodeIgniter\CodeIgniter->run()
INFO - 2025-07-04 06:51:14 --> Session: Class initialized using 'CodeIgniter\Session\Handlers\FileHandler' driver.
WARNING - 2025-07-04 06:51:14 --> [DEPRECATED] Creation of dynamic property App\Controllers\Home::$user_model is deprecated in APPPATH/Controllers/Home.php on line 35.
 1 SYSTEMPATH/CodeIgniter.php(906): App\Controllers\Home->__construct()
 2 SYSTEMPATH/CodeIgniter.php(490): CodeIgniter\CodeIgniter->createController()
 3 SYSTEMPATH/CodeIgniter.php(368): CodeIgniter\CodeIgniter->handleRequest(null, Object(Config\Cache), false)
 4 FCPATH/index.php(67): CodeIgniter\CodeIgniter->run()
WARNING - 2025-07-04 06:51:14 --> [DEPRECATED] Creation of dynamic property App\Controllers\Home::$BlogModel is deprecated in APPPATH/Controllers/Home.php on line 43.
 1 SYSTEMPATH/CodeIgniter.php(906): App\Controllers\Home->__construct()
 2 SYSTEMPATH/CodeIgniter.php(490): CodeIgniter\CodeIgniter->createController()
 3 SYSTEMPATH/CodeIgniter.php(368): CodeIgniter\CodeIgniter->handleRequest(null, Object(Config\Cache), false)
 4 FCPATH/index.php(67): CodeIgniter\CodeIgniter->run()
WARNING - 2025-07-04 06:51:14 --> [DEPRECATED] Creation of dynamic property App\Controllers\Home::$EnquiryModel is deprecated in APPPATH/Controllers/Home.php on line 44.
 1 SYSTEMPATH/CodeIgniter.php(906): App\Controllers\Home->__construct()
 2 SYSTEMPATH/CodeIgniter.php(490): CodeIgniter\CodeIgniter->createController()
 3 SYSTEMPATH/CodeIgniter.php(368): CodeIgniter\CodeIgniter->handleRequest(null, Object(Config\Cache), false)
 4 FCPATH/index.php(67): CodeIgniter\CodeIgniter->run()
WARNING - 2025-07-04 06:51:14 --> [DEPRECATED] Creation of dynamic property App\Controllers\Home::$Allsettingsmodel is deprecated in APPPATH/Controllers/Home.php on line 45.
 1 SYSTEMPATH/CodeIgniter.php(906): App\Controllers\Home->__construct()
 2 SYSTEMPATH/CodeIgniter.php(490): CodeIgniter\CodeIgniter->createController()
 3 SYSTEMPATH/CodeIgniter.php(368): CodeIgniter\CodeIgniter->handleRequest(null, Object(Config\Cache), false)
 4 FCPATH/index.php(67): CodeIgniter\CodeIgniter->run()
INFO - 2025-07-04 06:51:45 --> Session: Class initialized using 'CodeIgniter\Session\Handlers\FileHandler' driver.
WARNING - 2025-07-04 06:51:45 --> [DEPRECATED] Creation of dynamic property App\Controllers\Home::$user_model is deprecated in APPPATH/Controllers/Home.php on line 35.
 1 SYSTEMPATH/CodeIgniter.php(906): App\Controllers\Home->__construct()
 2 SYSTEMPATH/CodeIgniter.php(490): CodeIgniter\CodeIgniter->createController()
 3 SYSTEMPATH/CodeIgniter.php(368): CodeIgniter\CodeIgniter->handleRequest(null, Object(Config\Cache), false)
 4 FCPATH/index.php(67): CodeIgniter\CodeIgniter->run()
WARNING - 2025-07-04 06:51:45 --> [DEPRECATED] Creation of dynamic property App\Controllers\Home::$BlogModel is deprecated in APPPATH/Controllers/Home.php on line 43.
 1 SYSTEMPATH/CodeIgniter.php(906): App\Controllers\Home->__construct()
 2 SYSTEMPATH/CodeIgniter.php(490): CodeIgniter\CodeIgniter->createController()
 3 SYSTEMPATH/CodeIgniter.php(368): CodeIgniter\CodeIgniter->handleRequest(null, Object(Config\Cache), false)
 4 FCPATH/index.php(67): CodeIgniter\CodeIgniter->run()
WARNING - 2025-07-04 06:51:45 --> [DEPRECATED] Creation of dynamic property App\Controllers\Home::$EnquiryModel is deprecated in APPPATH/Controllers/Home.php on line 44.
 1 SYSTEMPATH/CodeIgniter.php(906): App\Controllers\Home->__construct()
 2 SYSTEMPATH/CodeIgniter.php(490): CodeIgniter\CodeIgniter->createController()
 3 SYSTEMPATH/CodeIgniter.php(368): CodeIgniter\CodeIgniter->handleRequest(null, Object(Config\Cache), false)
 4 FCPATH/index.php(67): CodeIgniter\CodeIgniter->run()
WARNING - 2025-07-04 06:51:45 --> [DEPRECATED] Creation of dynamic property App\Controllers\Home::$Allsettingsmodel is deprecated in APPPATH/Controllers/Home.php on line 45.
 1 SYSTEMPATH/CodeIgniter.php(906): App\Controllers\Home->__construct()
 2 SYSTEMPATH/CodeIgniter.php(490): CodeIgniter\CodeIgniter->createController()
 3 SYSTEMPATH/CodeIgniter.php(368): CodeIgniter\CodeIgniter->handleRequest(null, Object(Config\Cache), false)
 4 FCPATH/index.php(67): CodeIgniter\CodeIgniter->run()
INFO - 2025-07-04 06:51:46 --> Session: Class initialized using 'CodeIgniter\Session\Handlers\FileHandler' driver.
WARNING - 2025-07-04 06:51:46 --> [DEPRECATED] Creation of dynamic property App\Controllers\Home::$user_model is deprecated in APPPATH/Controllers/Home.php on line 35.
 1 SYSTEMPATH/CodeIgniter.php(906): App\Controllers\Home->__construct()
 2 SYSTEMPATH/CodeIgniter.php(490): CodeIgniter\CodeIgniter->createController()
 3 SYSTEMPATH/CodeIgniter.php(368): CodeIgniter\CodeIgniter->handleRequest(null, Object(Config\Cache), false)
 4 FCPATH/index.php(67): CodeIgniter\CodeIgniter->run()
WARNING - 2025-07-04 06:51:46 --> [DEPRECATED] Creation of dynamic property App\Controllers\Home::$BlogModel is deprecated in APPPATH/Controllers/Home.php on line 43.
 1 SYSTEMPATH/CodeIgniter.php(906): App\Controllers\Home->__construct()
 2 SYSTEMPATH/CodeIgniter.php(490): CodeIgniter\CodeIgniter->createController()
 3 SYSTEMPATH/CodeIgniter.php(368): CodeIgniter\CodeIgniter->handleRequest(null, Object(Config\Cache), false)
 4 FCPATH/index.php(67): CodeIgniter\CodeIgniter->run()
WARNING - 2025-07-04 06:51:46 --> [DEPRECATED] Creation of dynamic property App\Controllers\Home::$EnquiryModel is deprecated in APPPATH/Controllers/Home.php on line 44.
 1 SYSTEMPATH/CodeIgniter.php(906): App\Controllers\Home->__construct()
 2 SYSTEMPATH/CodeIgniter.php(490): CodeIgniter\CodeIgniter->createController()
 3 SYSTEMPATH/CodeIgniter.php(368): CodeIgniter\CodeIgniter->handleRequest(null, Object(Config\Cache), false)
 4 FCPATH/index.php(67): CodeIgniter\CodeIgniter->run()
WARNING - 2025-07-04 06:51:46 --> [DEPRECATED] Creation of dynamic property App\Controllers\Home::$Allsettingsmodel is deprecated in APPPATH/Controllers/Home.php on line 45.
 1 SYSTEMPATH/CodeIgniter.php(906): App\Controllers\Home->__construct()
 2 SYSTEMPATH/CodeIgniter.php(490): CodeIgniter\CodeIgniter->createController()
 3 SYSTEMPATH/CodeIgniter.php(368): CodeIgniter\CodeIgniter->handleRequest(null, Object(Config\Cache), false)
 4 FCPATH/index.php(67): CodeIgniter\CodeIgniter->run()
INFO - 2025-07-04 06:54:20 --> Session: Class initialized using 'CodeIgniter\Session\Handlers\FileHandler' driver.
WARNING - 2025-07-04 06:54:20 --> [DEPRECATED] Creation of dynamic property App\Controllers\Home::$user_model is deprecated in APPPATH/Controllers/Home.php on line 35.
 1 SYSTEMPATH/CodeIgniter.php(906): App\Controllers\Home->__construct()
 2 SYSTEMPATH/CodeIgniter.php(490): CodeIgniter\CodeIgniter->createController()
 3 SYSTEMPATH/CodeIgniter.php(368): CodeIgniter\CodeIgniter->handleRequest(null, Object(Config\Cache), false)
 4 FCPATH/index.php(67): CodeIgniter\CodeIgniter->run()
WARNING - 2025-07-04 06:54:20 --> [DEPRECATED] Creation of dynamic property App\Controllers\Home::$BlogModel is deprecated in APPPATH/Controllers/Home.php on line 43.
 1 SYSTEMPATH/CodeIgniter.php(906): App\Controllers\Home->__construct()
 2 SYSTEMPATH/CodeIgniter.php(490): CodeIgniter\CodeIgniter->createController()
 3 SYSTEMPATH/CodeIgniter.php(368): CodeIgniter\CodeIgniter->handleRequest(null, Object(Config\Cache), false)
 4 FCPATH/index.php(67): CodeIgniter\CodeIgniter->run()
WARNING - 2025-07-04 06:54:20 --> [DEPRECATED] Creation of dynamic property App\Controllers\Home::$EnquiryModel is deprecated in APPPATH/Controllers/Home.php on line 44.
 1 SYSTEMPATH/CodeIgniter.php(906): App\Controllers\Home->__construct()
 2 SYSTEMPATH/CodeIgniter.php(490): CodeIgniter\CodeIgniter->createController()
 3 SYSTEMPATH/CodeIgniter.php(368): CodeIgniter\CodeIgniter->handleRequest(null, Object(Config\Cache), false)
 4 FCPATH/index.php(67): CodeIgniter\CodeIgniter->run()
WARNING - 2025-07-04 06:54:20 --> [DEPRECATED] Creation of dynamic property App\Controllers\Home::$Allsettingsmodel is deprecated in APPPATH/Controllers/Home.php on line 45.
 1 SYSTEMPATH/CodeIgniter.php(906): App\Controllers\Home->__construct()
 2 SYSTEMPATH/CodeIgniter.php(490): CodeIgniter\CodeIgniter->createController()
 3 SYSTEMPATH/CodeIgniter.php(368): CodeIgniter\CodeIgniter->handleRequest(null, Object(Config\Cache), false)
 4 FCPATH/index.php(67): CodeIgniter\CodeIgniter->run()
INFO - 2025-07-04 06:54:21 --> Session: Class initialized using 'CodeIgniter\Session\Handlers\FileHandler' driver.
WARNING - 2025-07-04 06:54:21 --> [DEPRECATED] Creation of dynamic property App\Controllers\Home::$user_model is deprecated in APPPATH/Controllers/Home.php on line 35.
 1 SYSTEMPATH/CodeIgniter.php(906): App\Controllers\Home->__construct()
 2 SYSTEMPATH/CodeIgniter.php(490): CodeIgniter\CodeIgniter->createController()
 3 SYSTEMPATH/CodeIgniter.php(368): CodeIgniter\CodeIgniter->handleRequest(null, Object(Config\Cache), false)
 4 FCPATH/index.php(67): CodeIgniter\CodeIgniter->run()
WARNING - 2025-07-04 06:54:21 --> [DEPRECATED] Creation of dynamic property App\Controllers\Home::$BlogModel is deprecated in APPPATH/Controllers/Home.php on line 43.
 1 SYSTEMPATH/CodeIgniter.php(906): App\Controllers\Home->__construct()
 2 SYSTEMPATH/CodeIgniter.php(490): CodeIgniter\CodeIgniter->createController()
 3 SYSTEMPATH/CodeIgniter.php(368): CodeIgniter\CodeIgniter->handleRequest(null, Object(Config\Cache), false)
 4 FCPATH/index.php(67): CodeIgniter\CodeIgniter->run()
WARNING - 2025-07-04 06:54:21 --> [DEPRECATED] Creation of dynamic property App\Controllers\Home::$EnquiryModel is deprecated in APPPATH/Controllers/Home.php on line 44.
 1 SYSTEMPATH/CodeIgniter.php(906): App\Controllers\Home->__construct()
 2 SYSTEMPATH/CodeIgniter.php(490): CodeIgniter\CodeIgniter->createController()
 3 SYSTEMPATH/CodeIgniter.php(368): CodeIgniter\CodeIgniter->handleRequest(null, Object(Config\Cache), false)
 4 FCPATH/index.php(67): CodeIgniter\CodeIgniter->run()
WARNING - 2025-07-04 06:54:21 --> [DEPRECATED] Creation of dynamic property App\Controllers\Home::$Allsettingsmodel is deprecated in APPPATH/Controllers/Home.php on line 45.
 1 SYSTEMPATH/CodeIgniter.php(906): App\Controllers\Home->__construct()
 2 SYSTEMPATH/CodeIgniter.php(490): CodeIgniter\CodeIgniter->createController()
 3 SYSTEMPATH/CodeIgniter.php(368): CodeIgniter\CodeIgniter->handleRequest(null, Object(Config\Cache), false)
 4 FCPATH/index.php(67): CodeIgniter\CodeIgniter->run()
INFO - 2025-07-04 06:56:03 --> Session: Class initialized using 'CodeIgniter\Session\Handlers\FileHandler' driver.
WARNING - 2025-07-04 06:56:03 --> [DEPRECATED] Creation of dynamic property App\Controllers\Home::$user_model is deprecated in APPPATH/Controllers/Home.php on line 35.
 1 SYSTEMPATH/CodeIgniter.php(906): App\Controllers\Home->__construct()
 2 SYSTEMPATH/CodeIgniter.php(490): CodeIgniter\CodeIgniter->createController()
 3 SYSTEMPATH/CodeIgniter.php(368): CodeIgniter\CodeIgniter->handleRequest(null, Object(Config\Cache), false)
 4 FCPATH/index.php(67): CodeIgniter\CodeIgniter->run()
WARNING - 2025-07-04 06:56:03 --> [DEPRECATED] Creation of dynamic property App\Controllers\Home::$BlogModel is deprecated in APPPATH/Controllers/Home.php on line 43.
 1 SYSTEMPATH/CodeIgniter.php(906): App\Controllers\Home->__construct()
 2 SYSTEMPATH/CodeIgniter.php(490): CodeIgniter\CodeIgniter->createController()
 3 SYSTEMPATH/CodeIgniter.php(368): CodeIgniter\CodeIgniter->handleRequest(null, Object(Config\Cache), false)
 4 FCPATH/index.php(67): CodeIgniter\CodeIgniter->run()
WARNING - 2025-07-04 06:56:03 --> [DEPRECATED] Creation of dynamic property App\Controllers\Home::$EnquiryModel is deprecated in APPPATH/Controllers/Home.php on line 44.
 1 SYSTEMPATH/CodeIgniter.php(906): App\Controllers\Home->__construct()
 2 SYSTEMPATH/CodeIgniter.php(490): CodeIgniter\CodeIgniter->createController()
 3 SYSTEMPATH/CodeIgniter.php(368): CodeIgniter\CodeIgniter->handleRequest(null, Object(Config\Cache), false)
 4 FCPATH/index.php(67): CodeIgniter\CodeIgniter->run()
WARNING - 2025-07-04 06:56:03 --> [DEPRECATED] Creation of dynamic property App\Controllers\Home::$Allsettingsmodel is deprecated in APPPATH/Controllers/Home.php on line 45.
 1 SYSTEMPATH/CodeIgniter.php(906): App\Controllers\Home->__construct()
 2 SYSTEMPATH/CodeIgniter.php(490): CodeIgniter\CodeIgniter->createController()
 3 SYSTEMPATH/CodeIgniter.php(368): CodeIgniter\CodeIgniter->handleRequest(null, Object(Config\Cache), false)
 4 FCPATH/index.php(67): CodeIgniter\CodeIgniter->run()
INFO - 2025-07-04 06:56:03 --> Session: Class initialized using 'CodeIgniter\Session\Handlers\FileHandler' driver.
WARNING - 2025-07-04 06:56:03 --> [DEPRECATED] Creation of dynamic property App\Controllers\Home::$user_model is deprecated in APPPATH/Controllers/Home.php on line 35.
 1 SYSTEMPATH/CodeIgniter.php(906): App\Controllers\Home->__construct()
 2 SYSTEMPATH/CodeIgniter.php(490): CodeIgniter\CodeIgniter->createController()
 3 SYSTEMPATH/CodeIgniter.php(368): CodeIgniter\CodeIgniter->handleRequest(null, Object(Config\Cache), false)
 4 FCPATH/index.php(67): CodeIgniter\CodeIgniter->run()
WARNING - 2025-07-04 06:56:03 --> [DEPRECATED] Creation of dynamic property App\Controllers\Home::$BlogModel is deprecated in APPPATH/Controllers/Home.php on line 43.
 1 SYSTEMPATH/CodeIgniter.php(906): App\Controllers\Home->__construct()
 2 SYSTEMPATH/CodeIgniter.php(490): CodeIgniter\CodeIgniter->createController()
 3 SYSTEMPATH/CodeIgniter.php(368): CodeIgniter\CodeIgniter->handleRequest(null, Object(Config\Cache), false)
 4 FCPATH/index.php(67): CodeIgniter\CodeIgniter->run()
WARNING - 2025-07-04 06:56:03 --> [DEPRECATED] Creation of dynamic property App\Controllers\Home::$EnquiryModel is deprecated in APPPATH/Controllers/Home.php on line 44.
 1 SYSTEMPATH/CodeIgniter.php(906): App\Controllers\Home->__construct()
 2 SYSTEMPATH/CodeIgniter.php(490): CodeIgniter\CodeIgniter->createController()
 3 SYSTEMPATH/CodeIgniter.php(368): CodeIgniter\CodeIgniter->handleRequest(null, Object(Config\Cache), false)
 4 FCPATH/index.php(67): CodeIgniter\CodeIgniter->run()
WARNING - 2025-07-04 06:56:03 --> [DEPRECATED] Creation of dynamic property App\Controllers\Home::$Allsettingsmodel is deprecated in APPPATH/Controllers/Home.php on line 45.
 1 SYSTEMPATH/CodeIgniter.php(906): App\Controllers\Home->__construct()
 2 SYSTEMPATH/CodeIgniter.php(490): CodeIgniter\CodeIgniter->createController()
 3 SYSTEMPATH/CodeIgniter.php(368): CodeIgniter\CodeIgniter->handleRequest(null, Object(Config\Cache), false)
 4 FCPATH/index.php(67): CodeIgniter\CodeIgniter->run()
INFO - 2025-07-04 06:56:33 --> Session: Class initialized using 'CodeIgniter\Session\Handlers\FileHandler' driver.
WARNING - 2025-07-04 06:56:33 --> [DEPRECATED] Creation of dynamic property App\Controllers\Home::$user_model is deprecated in APPPATH/Controllers/Home.php on line 35.
 1 SYSTEMPATH/CodeIgniter.php(906): App\Controllers\Home->__construct()
 2 SYSTEMPATH/CodeIgniter.php(490): CodeIgniter\CodeIgniter->createController()
 3 SYSTEMPATH/CodeIgniter.php(368): CodeIgniter\CodeIgniter->handleRequest(null, Object(Config\Cache), false)
 4 FCPATH/index.php(67): CodeIgniter\CodeIgniter->run()
WARNING - 2025-07-04 06:56:33 --> [DEPRECATED] Creation of dynamic property App\Controllers\Home::$BlogModel is deprecated in APPPATH/Controllers/Home.php on line 43.
 1 SYSTEMPATH/CodeIgniter.php(906): App\Controllers\Home->__construct()
 2 SYSTEMPATH/CodeIgniter.php(490): CodeIgniter\CodeIgniter->createController()
 3 SYSTEMPATH/CodeIgniter.php(368): CodeIgniter\CodeIgniter->handleRequest(null, Object(Config\Cache), false)
 4 FCPATH/index.php(67): CodeIgniter\CodeIgniter->run()
WARNING - 2025-07-04 06:56:33 --> [DEPRECATED] Creation of dynamic property App\Controllers\Home::$EnquiryModel is deprecated in APPPATH/Controllers/Home.php on line 44.
 1 SYSTEMPATH/CodeIgniter.php(906): App\Controllers\Home->__construct()
 2 SYSTEMPATH/CodeIgniter.php(490): CodeIgniter\CodeIgniter->createController()
 3 SYSTEMPATH/CodeIgniter.php(368): CodeIgniter\CodeIgniter->handleRequest(null, Object(Config\Cache), false)
 4 FCPATH/index.php(67): CodeIgniter\CodeIgniter->run()
WARNING - 2025-07-04 06:56:33 --> [DEPRECATED] Creation of dynamic property App\Controllers\Home::$Allsettingsmodel is deprecated in APPPATH/Controllers/Home.php on line 45.
 1 SYSTEMPATH/CodeIgniter.php(906): App\Controllers\Home->__construct()
 2 SYSTEMPATH/CodeIgniter.php(490): CodeIgniter\CodeIgniter->createController()
 3 SYSTEMPATH/CodeIgniter.php(368): CodeIgniter\CodeIgniter->handleRequest(null, Object(Config\Cache), false)
 4 FCPATH/index.php(67): CodeIgniter\CodeIgniter->run()
INFO - 2025-07-04 06:56:33 --> Session: Class initialized using 'CodeIgniter\Session\Handlers\FileHandler' driver.
WARNING - 2025-07-04 06:56:33 --> [DEPRECATED] Creation of dynamic property App\Controllers\Home::$user_model is deprecated in APPPATH/Controllers/Home.php on line 35.
 1 SYSTEMPATH/CodeIgniter.php(906): App\Controllers\Home->__construct()
 2 SYSTEMPATH/CodeIgniter.php(490): CodeIgniter\CodeIgniter->createController()
 3 SYSTEMPATH/CodeIgniter.php(368): CodeIgniter\CodeIgniter->handleRequest(null, Object(Config\Cache), false)
 4 FCPATH/index.php(67): CodeIgniter\CodeIgniter->run()
WARNING - 2025-07-04 06:56:33 --> [DEPRECATED] Creation of dynamic property App\Controllers\Home::$BlogModel is deprecated in APPPATH/Controllers/Home.php on line 43.
 1 SYSTEMPATH/CodeIgniter.php(906): App\Controllers\Home->__construct()
 2 SYSTEMPATH/CodeIgniter.php(490): CodeIgniter\CodeIgniter->createController()
 3 SYSTEMPATH/CodeIgniter.php(368): CodeIgniter\CodeIgniter->handleRequest(null, Object(Config\Cache), false)
 4 FCPATH/index.php(67): CodeIgniter\CodeIgniter->run()
WARNING - 2025-07-04 06:56:33 --> [DEPRECATED] Creation of dynamic property App\Controllers\Home::$EnquiryModel is deprecated in APPPATH/Controllers/Home.php on line 44.
 1 SYSTEMPATH/CodeIgniter.php(906): App\Controllers\Home->__construct()
 2 SYSTEMPATH/CodeIgniter.php(490): CodeIgniter\CodeIgniter->createController()
 3 SYSTEMPATH/CodeIgniter.php(368): CodeIgniter\CodeIgniter->handleRequest(null, Object(Config\Cache), false)
 4 FCPATH/index.php(67): CodeIgniter\CodeIgniter->run()
WARNING - 2025-07-04 06:56:33 --> [DEPRECATED] Creation of dynamic property App\Controllers\Home::$Allsettingsmodel is deprecated in APPPATH/Controllers/Home.php on line 45.
 1 SYSTEMPATH/CodeIgniter.php(906): App\Controllers\Home->__construct()
 2 SYSTEMPATH/CodeIgniter.php(490): CodeIgniter\CodeIgniter->createController()
 3 SYSTEMPATH/CodeIgniter.php(368): CodeIgniter\CodeIgniter->handleRequest(null, Object(Config\Cache), false)
 4 FCPATH/index.php(67): CodeIgniter\CodeIgniter->run()
INFO - 2025-07-04 06:57:19 --> Session: Class initialized using 'CodeIgniter\Session\Handlers\FileHandler' driver.
WARNING - 2025-07-04 06:57:19 --> [DEPRECATED] Creation of dynamic property App\Controllers\Home::$user_model is deprecated in APPPATH/Controllers/Home.php on line 35.
 1 SYSTEMPATH/CodeIgniter.php(906): App\Controllers\Home->__construct()
 2 SYSTEMPATH/CodeIgniter.php(490): CodeIgniter\CodeIgniter->createController()
 3 SYSTEMPATH/CodeIgniter.php(368): CodeIgniter\CodeIgniter->handleRequest(null, Object(Config\Cache), false)
 4 FCPATH/index.php(67): CodeIgniter\CodeIgniter->run()
WARNING - 2025-07-04 06:57:19 --> [DEPRECATED] Creation of dynamic property App\Controllers\Home::$BlogModel is deprecated in APPPATH/Controllers/Home.php on line 43.
 1 SYSTEMPATH/CodeIgniter.php(906): App\Controllers\Home->__construct()
 2 SYSTEMPATH/CodeIgniter.php(490): CodeIgniter\CodeIgniter->createController()
 3 SYSTEMPATH/CodeIgniter.php(368): CodeIgniter\CodeIgniter->handleRequest(null, Object(Config\Cache), false)
 4 FCPATH/index.php(67): CodeIgniter\CodeIgniter->run()
WARNING - 2025-07-04 06:57:19 --> [DEPRECATED] Creation of dynamic property App\Controllers\Home::$EnquiryModel is deprecated in APPPATH/Controllers/Home.php on line 44.
 1 SYSTEMPATH/CodeIgniter.php(906): App\Controllers\Home->__construct()
 2 SYSTEMPATH/CodeIgniter.php(490): CodeIgniter\CodeIgniter->createController()
 3 SYSTEMPATH/CodeIgniter.php(368): CodeIgniter\CodeIgniter->handleRequest(null, Object(Config\Cache), false)
 4 FCPATH/index.php(67): CodeIgniter\CodeIgniter->run()
WARNING - 2025-07-04 06:57:19 --> [DEPRECATED] Creation of dynamic property App\Controllers\Home::$Allsettingsmodel is deprecated in APPPATH/Controllers/Home.php on line 45.
 1 SYSTEMPATH/CodeIgniter.php(906): App\Controllers\Home->__construct()
 2 SYSTEMPATH/CodeIgniter.php(490): CodeIgniter\CodeIgniter->createController()
 3 SYSTEMPATH/CodeIgniter.php(368): CodeIgniter\CodeIgniter->handleRequest(null, Object(Config\Cache), false)
 4 FCPATH/index.php(67): CodeIgniter\CodeIgniter->run()
INFO - 2025-07-04 06:57:20 --> Session: Class initialized using 'CodeIgniter\Session\Handlers\FileHandler' driver.
WARNING - 2025-07-04 06:57:20 --> [DEPRECATED] Creation of dynamic property App\Controllers\Home::$user_model is deprecated in APPPATH/Controllers/Home.php on line 35.
 1 SYSTEMPATH/CodeIgniter.php(906): App\Controllers\Home->__construct()
 2 SYSTEMPATH/CodeIgniter.php(490): CodeIgniter\CodeIgniter->createController()
 3 SYSTEMPATH/CodeIgniter.php(368): CodeIgniter\CodeIgniter->handleRequest(null, Object(Config\Cache), false)
 4 FCPATH/index.php(67): CodeIgniter\CodeIgniter->run()
WARNING - 2025-07-04 06:57:20 --> [DEPRECATED] Creation of dynamic property App\Controllers\Home::$BlogModel is deprecated in APPPATH/Controllers/Home.php on line 43.
 1 SYSTEMPATH/CodeIgniter.php(906): App\Controllers\Home->__construct()
 2 SYSTEMPATH/CodeIgniter.php(490): CodeIgniter\CodeIgniter->createController()
 3 SYSTEMPATH/CodeIgniter.php(368): CodeIgniter\CodeIgniter->handleRequest(null, Object(Config\Cache), false)
 4 FCPATH/index.php(67): CodeIgniter\CodeIgniter->run()
WARNING - 2025-07-04 06:57:20 --> [DEPRECATED] Creation of dynamic property App\Controllers\Home::$EnquiryModel is deprecated in APPPATH/Controllers/Home.php on line 44.
 1 SYSTEMPATH/CodeIgniter.php(906): App\Controllers\Home->__construct()
 2 SYSTEMPATH/CodeIgniter.php(490): CodeIgniter\CodeIgniter->createController()
 3 SYSTEMPATH/CodeIgniter.php(368): CodeIgniter\CodeIgniter->handleRequest(null, Object(Config\Cache), false)
 4 FCPATH/index.php(67): CodeIgniter\CodeIgniter->run()
WARNING - 2025-07-04 06:57:20 --> [DEPRECATED] Creation of dynamic property App\Controllers\Home::$Allsettingsmodel is deprecated in APPPATH/Controllers/Home.php on line 45.
 1 SYSTEMPATH/CodeIgniter.php(906): App\Controllers\Home->__construct()
 2 SYSTEMPATH/CodeIgniter.php(490): CodeIgniter\CodeIgniter->createController()
 3 SYSTEMPATH/CodeIgniter.php(368): CodeIgniter\CodeIgniter->handleRequest(null, Object(Config\Cache), false)
 4 FCPATH/index.php(67): CodeIgniter\CodeIgniter->run()
INFO - 2025-07-04 06:58:28 --> Session: Class initialized using 'CodeIgniter\Session\Handlers\FileHandler' driver.
WARNING - 2025-07-04 06:58:28 --> [DEPRECATED] Creation of dynamic property App\Controllers\Home::$user_model is deprecated in APPPATH/Controllers/Home.php on line 35.
 1 SYSTEMPATH/CodeIgniter.php(906): App\Controllers\Home->__construct()
 2 SYSTEMPATH/CodeIgniter.php(490): CodeIgniter\CodeIgniter->createController()
 3 SYSTEMPATH/CodeIgniter.php(368): CodeIgniter\CodeIgniter->handleRequest(null, Object(Config\Cache), false)
 4 FCPATH/index.php(67): CodeIgniter\CodeIgniter->run()
WARNING - 2025-07-04 06:58:28 --> [DEPRECATED] Creation of dynamic property App\Controllers\Home::$BlogModel is deprecated in APPPATH/Controllers/Home.php on line 43.
 1 SYSTEMPATH/CodeIgniter.php(906): App\Controllers\Home->__construct()
 2 SYSTEMPATH/CodeIgniter.php(490): CodeIgniter\CodeIgniter->createController()
 3 SYSTEMPATH/CodeIgniter.php(368): CodeIgniter\CodeIgniter->handleRequest(null, Object(Config\Cache), false)
 4 FCPATH/index.php(67): CodeIgniter\CodeIgniter->run()
WARNING - 2025-07-04 06:58:28 --> [DEPRECATED] Creation of dynamic property App\Controllers\Home::$EnquiryModel is deprecated in APPPATH/Controllers/Home.php on line 44.
 1 SYSTEMPATH/CodeIgniter.php(906): App\Controllers\Home->__construct()
 2 SYSTEMPATH/CodeIgniter.php(490): CodeIgniter\CodeIgniter->createController()
 3 SYSTEMPATH/CodeIgniter.php(368): CodeIgniter\CodeIgniter->handleRequest(null, Object(Config\Cache), false)
 4 FCPATH/index.php(67): CodeIgniter\CodeIgniter->run()
WARNING - 2025-07-04 06:58:28 --> [DEPRECATED] Creation of dynamic property App\Controllers\Home::$Allsettingsmodel is deprecated in APPPATH/Controllers/Home.php on line 45.
 1 SYSTEMPATH/CodeIgniter.php(906): App\Controllers\Home->__construct()
 2 SYSTEMPATH/CodeIgniter.php(490): CodeIgniter\CodeIgniter->createController()
 3 SYSTEMPATH/CodeIgniter.php(368): CodeIgniter\CodeIgniter->handleRequest(null, Object(Config\Cache), false)
 4 FCPATH/index.php(67): CodeIgniter\CodeIgniter->run()
INFO - 2025-07-04 06:58:29 --> Session: Class initialized using 'CodeIgniter\Session\Handlers\FileHandler' driver.
WARNING - 2025-07-04 06:58:29 --> [DEPRECATED] Creation of dynamic property App\Controllers\Home::$user_model is deprecated in APPPATH/Controllers/Home.php on line 35.
 1 SYSTEMPATH/CodeIgniter.php(906): App\Controllers\Home->__construct()
 2 SYSTEMPATH/CodeIgniter.php(490): CodeIgniter\CodeIgniter->createController()
 3 SYSTEMPATH/CodeIgniter.php(368): CodeIgniter\CodeIgniter->handleRequest(null, Object(Config\Cache), false)
 4 FCPATH/index.php(67): CodeIgniter\CodeIgniter->run()
WARNING - 2025-07-04 06:58:29 --> [DEPRECATED] Creation of dynamic property App\Controllers\Home::$BlogModel is deprecated in APPPATH/Controllers/Home.php on line 43.
 1 SYSTEMPATH/CodeIgniter.php(906): App\Controllers\Home->__construct()
 2 SYSTEMPATH/CodeIgniter.php(490): CodeIgniter\CodeIgniter->createController()
 3 SYSTEMPATH/CodeIgniter.php(368): CodeIgniter\CodeIgniter->handleRequest(null, Object(Config\Cache), false)
 4 FCPATH/index.php(67): CodeIgniter\CodeIgniter->run()
WARNING - 2025-07-04 06:58:29 --> [DEPRECATED] Creation of dynamic property App\Controllers\Home::$EnquiryModel is deprecated in APPPATH/Controllers/Home.php on line 44.
 1 SYSTEMPATH/CodeIgniter.php(906): App\Controllers\Home->__construct()
 2 SYSTEMPATH/CodeIgniter.php(490): CodeIgniter\CodeIgniter->createController()
 3 SYSTEMPATH/CodeIgniter.php(368): CodeIgniter\CodeIgniter->handleRequest(null, Object(Config\Cache), false)
 4 FCPATH/index.php(67): CodeIgniter\CodeIgniter->run()
WARNING - 2025-07-04 06:58:29 --> [DEPRECATED] Creation of dynamic property App\Controllers\Home::$Allsettingsmodel is deprecated in APPPATH/Controllers/Home.php on line 45.
 1 SYSTEMPATH/CodeIgniter.php(906): App\Controllers\Home->__construct()
 2 SYSTEMPATH/CodeIgniter.php(490): CodeIgniter\CodeIgniter->createController()
 3 SYSTEMPATH/CodeIgniter.php(368): CodeIgniter\CodeIgniter->handleRequest(null, Object(Config\Cache), false)
 4 FCPATH/index.php(67): CodeIgniter\CodeIgniter->run()
INFO - 2025-07-04 07:00:10 --> Session: Class initialized using 'CodeIgniter\Session\Handlers\FileHandler' driver.
WARNING - 2025-07-04 07:00:10 --> [DEPRECATED] Creation of dynamic property App\Controllers\Home::$user_model is deprecated in APPPATH/Controllers/Home.php on line 35.
 1 SYSTEMPATH/CodeIgniter.php(906): App\Controllers\Home->__construct()
 2 SYSTEMPATH/CodeIgniter.php(490): CodeIgniter\CodeIgniter->createController()
 3 SYSTEMPATH/CodeIgniter.php(368): CodeIgniter\CodeIgniter->handleRequest(null, Object(Config\Cache), false)
 4 FCPATH/index.php(67): CodeIgniter\CodeIgniter->run()
WARNING - 2025-07-04 07:00:10 --> [DEPRECATED] Creation of dynamic property App\Controllers\Home::$BlogModel is deprecated in APPPATH/Controllers/Home.php on line 43.
 1 SYSTEMPATH/CodeIgniter.php(906): App\Controllers\Home->__construct()
 2 SYSTEMPATH/CodeIgniter.php(490): CodeIgniter\CodeIgniter->createController()
 3 SYSTEMPATH/CodeIgniter.php(368): CodeIgniter\CodeIgniter->handleRequest(null, Object(Config\Cache), false)
 4 FCPATH/index.php(67): CodeIgniter\CodeIgniter->run()
WARNING - 2025-07-04 07:00:10 --> [DEPRECATED] Creation of dynamic property App\Controllers\Home::$EnquiryModel is deprecated in APPPATH/Controllers/Home.php on line 44.
 1 SYSTEMPATH/CodeIgniter.php(906): App\Controllers\Home->__construct()
 2 SYSTEMPATH/CodeIgniter.php(490): CodeIgniter\CodeIgniter->createController()
 3 SYSTEMPATH/CodeIgniter.php(368): CodeIgniter\CodeIgniter->handleRequest(null, Object(Config\Cache), false)
 4 FCPATH/index.php(67): CodeIgniter\CodeIgniter->run()
WARNING - 2025-07-04 07:00:10 --> [DEPRECATED] Creation of dynamic property App\Controllers\Home::$Allsettingsmodel is deprecated in APPPATH/Controllers/Home.php on line 45.
 1 SYSTEMPATH/CodeIgniter.php(906): App\Controllers\Home->__construct()
 2 SYSTEMPATH/CodeIgniter.php(490): CodeIgniter\CodeIgniter->createController()
 3 SYSTEMPATH/CodeIgniter.php(368): CodeIgniter\CodeIgniter->handleRequest(null, Object(Config\Cache), false)
 4 FCPATH/index.php(67): CodeIgniter\CodeIgniter->run()
INFO - 2025-07-04 07:00:11 --> Session: Class initialized using 'CodeIgniter\Session\Handlers\FileHandler' driver.
WARNING - 2025-07-04 07:00:11 --> [DEPRECATED] Creation of dynamic property App\Controllers\Home::$user_model is deprecated in APPPATH/Controllers/Home.php on line 35.
 1 SYSTEMPATH/CodeIgniter.php(906): App\Controllers\Home->__construct()
 2 SYSTEMPATH/CodeIgniter.php(490): CodeIgniter\CodeIgniter->createController()
 3 SYSTEMPATH/CodeIgniter.php(368): CodeIgniter\CodeIgniter->handleRequest(null, Object(Config\Cache), false)
 4 FCPATH/index.php(67): CodeIgniter\CodeIgniter->run()
WARNING - 2025-07-04 07:00:11 --> [DEPRECATED] Creation of dynamic property App\Controllers\Home::$BlogModel is deprecated in APPPATH/Controllers/Home.php on line 43.
 1 SYSTEMPATH/CodeIgniter.php(906): App\Controllers\Home->__construct()
 2 SYSTEMPATH/CodeIgniter.php(490): CodeIgniter\CodeIgniter->createController()
 3 SYSTEMPATH/CodeIgniter.php(368): CodeIgniter\CodeIgniter->handleRequest(null, Object(Config\Cache), false)
 4 FCPATH/index.php(67): CodeIgniter\CodeIgniter->run()
WARNING - 2025-07-04 07:00:11 --> [DEPRECATED] Creation of dynamic property App\Controllers\Home::$EnquiryModel is deprecated in APPPATH/Controllers/Home.php on line 44.
 1 SYSTEMPATH/CodeIgniter.php(906): App\Controllers\Home->__construct()
 2 SYSTEMPATH/CodeIgniter.php(490): CodeIgniter\CodeIgniter->createController()
 3 SYSTEMPATH/CodeIgniter.php(368): CodeIgniter\CodeIgniter->handleRequest(null, Object(Config\Cache), false)
 4 FCPATH/index.php(67): CodeIgniter\CodeIgniter->run()
WARNING - 2025-07-04 07:00:11 --> [DEPRECATED] Creation of dynamic property App\Controllers\Home::$Allsettingsmodel is deprecated in APPPATH/Controllers/Home.php on line 45.
 1 SYSTEMPATH/CodeIgniter.php(906): App\Controllers\Home->__construct()
 2 SYSTEMPATH/CodeIgniter.php(490): CodeIgniter\CodeIgniter->createController()
 3 SYSTEMPATH/CodeIgniter.php(368): CodeIgniter\CodeIgniter->handleRequest(null, Object(Config\Cache), false)
 4 FCPATH/index.php(67): CodeIgniter\CodeIgniter->run()
INFO - 2025-07-04 07:01:05 --> Session: Class initialized using 'CodeIgniter\Session\Handlers\FileHandler' driver.
WARNING - 2025-07-04 07:01:05 --> [DEPRECATED] Creation of dynamic property App\Controllers\Home::$user_model is deprecated in APPPATH/Controllers/Home.php on line 35.
 1 SYSTEMPATH/CodeIgniter.php(906): App\Controllers\Home->__construct()
 2 SYSTEMPATH/CodeIgniter.php(490): CodeIgniter\CodeIgniter->createController()
 3 SYSTEMPATH/CodeIgniter.php(368): CodeIgniter\CodeIgniter->handleRequest(null, Object(Config\Cache), false)
 4 FCPATH/index.php(67): CodeIgniter\CodeIgniter->run()
WARNING - 2025-07-04 07:01:05 --> [DEPRECATED] Creation of dynamic property App\Controllers\Home::$BlogModel is deprecated in APPPATH/Controllers/Home.php on line 43.
 1 SYSTEMPATH/CodeIgniter.php(906): App\Controllers\Home->__construct()
 2 SYSTEMPATH/CodeIgniter.php(490): CodeIgniter\CodeIgniter->createController()
 3 SYSTEMPATH/CodeIgniter.php(368): CodeIgniter\CodeIgniter->handleRequest(null, Object(Config\Cache), false)
 4 FCPATH/index.php(67): CodeIgniter\CodeIgniter->run()
WARNING - 2025-07-04 07:01:05 --> [DEPRECATED] Creation of dynamic property App\Controllers\Home::$EnquiryModel is deprecated in APPPATH/Controllers/Home.php on line 44.
 1 SYSTEMPATH/CodeIgniter.php(906): App\Controllers\Home->__construct()
 2 SYSTEMPATH/CodeIgniter.php(490): CodeIgniter\CodeIgniter->createController()
 3 SYSTEMPATH/CodeIgniter.php(368): CodeIgniter\CodeIgniter->handleRequest(null, Object(Config\Cache), false)
 4 FCPATH/index.php(67): CodeIgniter\CodeIgniter->run()
WARNING - 2025-07-04 07:01:05 --> [DEPRECATED] Creation of dynamic property App\Controllers\Home::$Allsettingsmodel is deprecated in APPPATH/Controllers/Home.php on line 45.
 1 SYSTEMPATH/CodeIgniter.php(906): App\Controllers\Home->__construct()
 2 SYSTEMPATH/CodeIgniter.php(490): CodeIgniter\CodeIgniter->createController()
 3 SYSTEMPATH/CodeIgniter.php(368): CodeIgniter\CodeIgniter->handleRequest(null, Object(Config\Cache), false)
 4 FCPATH/index.php(67): CodeIgniter\CodeIgniter->run()
INFO - 2025-07-04 07:01:06 --> Session: Class initialized using 'CodeIgniter\Session\Handlers\FileHandler' driver.
WARNING - 2025-07-04 07:01:06 --> [DEPRECATED] Creation of dynamic property App\Controllers\Home::$user_model is deprecated in APPPATH/Controllers/Home.php on line 35.
 1 SYSTEMPATH/CodeIgniter.php(906): App\Controllers\Home->__construct()
 2 SYSTEMPATH/CodeIgniter.php(490): CodeIgniter\CodeIgniter->createController()
 3 SYSTEMPATH/CodeIgniter.php(368): CodeIgniter\CodeIgniter->handleRequest(null, Object(Config\Cache), false)
 4 FCPATH/index.php(67): CodeIgniter\CodeIgniter->run()
WARNING - 2025-07-04 07:01:06 --> [DEPRECATED] Creation of dynamic property App\Controllers\Home::$BlogModel is deprecated in APPPATH/Controllers/Home.php on line 43.
 1 SYSTEMPATH/CodeIgniter.php(906): App\Controllers\Home->__construct()
 2 SYSTEMPATH/CodeIgniter.php(490): CodeIgniter\CodeIgniter->createController()
 3 SYSTEMPATH/CodeIgniter.php(368): CodeIgniter\CodeIgniter->handleRequest(null, Object(Config\Cache), false)
 4 FCPATH/index.php(67): CodeIgniter\CodeIgniter->run()
WARNING - 2025-07-04 07:01:06 --> [DEPRECATED] Creation of dynamic property App\Controllers\Home::$EnquiryModel is deprecated in APPPATH/Controllers/Home.php on line 44.
 1 SYSTEMPATH/CodeIgniter.php(906): App\Controllers\Home->__construct()
 2 SYSTEMPATH/CodeIgniter.php(490): CodeIgniter\CodeIgniter->createController()
 3 SYSTEMPATH/CodeIgniter.php(368): CodeIgniter\CodeIgniter->handleRequest(null, Object(Config\Cache), false)
 4 FCPATH/index.php(67): CodeIgniter\CodeIgniter->run()
WARNING - 2025-07-04 07:01:06 --> [DEPRECATED] Creation of dynamic property App\Controllers\Home::$Allsettingsmodel is deprecated in APPPATH/Controllers/Home.php on line 45.
 1 SYSTEMPATH/CodeIgniter.php(906): App\Controllers\Home->__construct()
 2 SYSTEMPATH/CodeIgniter.php(490): CodeIgniter\CodeIgniter->createController()
 3 SYSTEMPATH/CodeIgniter.php(368): CodeIgniter\CodeIgniter->handleRequest(null, Object(Config\Cache), false)
 4 FCPATH/index.php(67): CodeIgniter\CodeIgniter->run()
INFO - 2025-07-04 07:01:29 --> Session: Class initialized using 'CodeIgniter\Session\Handlers\FileHandler' driver.
WARNING - 2025-07-04 07:01:29 --> [DEPRECATED] Creation of dynamic property App\Controllers\Home::$user_model is deprecated in APPPATH/Controllers/Home.php on line 35.
 1 SYSTEMPATH/CodeIgniter.php(906): App\Controllers\Home->__construct()
 2 SYSTEMPATH/CodeIgniter.php(490): CodeIgniter\CodeIgniter->createController()
 3 SYSTEMPATH/CodeIgniter.php(368): CodeIgniter\CodeIgniter->handleRequest(null, Object(Config\Cache), false)
 4 FCPATH/index.php(67): CodeIgniter\CodeIgniter->run()
WARNING - 2025-07-04 07:01:29 --> [DEPRECATED] Creation of dynamic property App\Controllers\Home::$BlogModel is deprecated in APPPATH/Controllers/Home.php on line 43.
 1 SYSTEMPATH/CodeIgniter.php(906): App\Controllers\Home->__construct()
 2 SYSTEMPATH/CodeIgniter.php(490): CodeIgniter\CodeIgniter->createController()
 3 SYSTEMPATH/CodeIgniter.php(368): CodeIgniter\CodeIgniter->handleRequest(null, Object(Config\Cache), false)
 4 FCPATH/index.php(67): CodeIgniter\CodeIgniter->run()
WARNING - 2025-07-04 07:01:29 --> [DEPRECATED] Creation of dynamic property App\Controllers\Home::$EnquiryModel is deprecated in APPPATH/Controllers/Home.php on line 44.
 1 SYSTEMPATH/CodeIgniter.php(906): App\Controllers\Home->__construct()
 2 SYSTEMPATH/CodeIgniter.php(490): CodeIgniter\CodeIgniter->createController()
 3 SYSTEMPATH/CodeIgniter.php(368): CodeIgniter\CodeIgniter->handleRequest(null, Object(Config\Cache), false)
 4 FCPATH/index.php(67): CodeIgniter\CodeIgniter->run()
WARNING - 2025-07-04 07:01:29 --> [DEPRECATED] Creation of dynamic property App\Controllers\Home::$Allsettingsmodel is deprecated in APPPATH/Controllers/Home.php on line 45.
 1 SYSTEMPATH/CodeIgniter.php(906): App\Controllers\Home->__construct()
 2 SYSTEMPATH/CodeIgniter.php(490): CodeIgniter\CodeIgniter->createController()
 3 SYSTEMPATH/CodeIgniter.php(368): CodeIgniter\CodeIgniter->handleRequest(null, Object(Config\Cache), false)
 4 FCPATH/index.php(67): CodeIgniter\CodeIgniter->run()
INFO - 2025-07-04 07:01:30 --> Session: Class initialized using 'CodeIgniter\Session\Handlers\FileHandler' driver.
WARNING - 2025-07-04 07:01:30 --> [DEPRECATED] Creation of dynamic property App\Controllers\Home::$user_model is deprecated in APPPATH/Controllers/Home.php on line 35.
 1 SYSTEMPATH/CodeIgniter.php(906): App\Controllers\Home->__construct()
 2 SYSTEMPATH/CodeIgniter.php(490): CodeIgniter\CodeIgniter->createController()
 3 SYSTEMPATH/CodeIgniter.php(368): CodeIgniter\CodeIgniter->handleRequest(null, Object(Config\Cache), false)
 4 FCPATH/index.php(67): CodeIgniter\CodeIgniter->run()
WARNING - 2025-07-04 07:01:30 --> [DEPRECATED] Creation of dynamic property App\Controllers\Home::$BlogModel is deprecated in APPPATH/Controllers/Home.php on line 43.
 1 SYSTEMPATH/CodeIgniter.php(906): App\Controllers\Home->__construct()
 2 SYSTEMPATH/CodeIgniter.php(490): CodeIgniter\CodeIgniter->createController()
 3 SYSTEMPATH/CodeIgniter.php(368): CodeIgniter\CodeIgniter->handleRequest(null, Object(Config\Cache), false)
 4 FCPATH/index.php(67): CodeIgniter\CodeIgniter->run()
WARNING - 2025-07-04 07:01:30 --> [DEPRECATED] Creation of dynamic property App\Controllers\Home::$EnquiryModel is deprecated in APPPATH/Controllers/Home.php on line 44.
 1 SYSTEMPATH/CodeIgniter.php(906): App\Controllers\Home->__construct()
 2 SYSTEMPATH/CodeIgniter.php(490): CodeIgniter\CodeIgniter->createController()
 3 SYSTEMPATH/CodeIgniter.php(368): CodeIgniter\CodeIgniter->handleRequest(null, Object(Config\Cache), false)
 4 FCPATH/index.php(67): CodeIgniter\CodeIgniter->run()
WARNING - 2025-07-04 07:01:30 --> [DEPRECATED] Creation of dynamic property App\Controllers\Home::$Allsettingsmodel is deprecated in APPPATH/Controllers/Home.php on line 45.
 1 SYSTEMPATH/CodeIgniter.php(906): App\Controllers\Home->__construct()
 2 SYSTEMPATH/CodeIgniter.php(490): CodeIgniter\CodeIgniter->createController()
 3 SYSTEMPATH/CodeIgniter.php(368): CodeIgniter\CodeIgniter->handleRequest(null, Object(Config\Cache), false)
 4 FCPATH/index.php(67): CodeIgniter\CodeIgniter->run()
INFO - 2025-07-04 07:02:11 --> Session: Class initialized using 'CodeIgniter\Session\Handlers\FileHandler' driver.
WARNING - 2025-07-04 07:02:11 --> [DEPRECATED] Creation of dynamic property App\Controllers\Home::$user_model is deprecated in APPPATH/Controllers/Home.php on line 35.
 1 SYSTEMPATH/CodeIgniter.php(906): App\Controllers\Home->__construct()
 2 SYSTEMPATH/CodeIgniter.php(490): CodeIgniter\CodeIgniter->createController()
 3 SYSTEMPATH/CodeIgniter.php(368): CodeIgniter\CodeIgniter->handleRequest(null, Object(Config\Cache), false)
 4 FCPATH/index.php(67): CodeIgniter\CodeIgniter->run()
WARNING - 2025-07-04 07:02:11 --> [DEPRECATED] Creation of dynamic property App\Controllers\Home::$BlogModel is deprecated in APPPATH/Controllers/Home.php on line 43.
 1 SYSTEMPATH/CodeIgniter.php(906): App\Controllers\Home->__construct()
 2 SYSTEMPATH/CodeIgniter.php(490): CodeIgniter\CodeIgniter->createController()
 3 SYSTEMPATH/CodeIgniter.php(368): CodeIgniter\CodeIgniter->handleRequest(null, Object(Config\Cache), false)
 4 FCPATH/index.php(67): CodeIgniter\CodeIgniter->run()
WARNING - 2025-07-04 07:02:11 --> [DEPRECATED] Creation of dynamic property App\Controllers\Home::$EnquiryModel is deprecated in APPPATH/Controllers/Home.php on line 44.
 1 SYSTEMPATH/CodeIgniter.php(906): App\Controllers\Home->__construct()
 2 SYSTEMPATH/CodeIgniter.php(490): CodeIgniter\CodeIgniter->createController()
 3 SYSTEMPATH/CodeIgniter.php(368): CodeIgniter\CodeIgniter->handleRequest(null, Object(Config\Cache), false)
 4 FCPATH/index.php(67): CodeIgniter\CodeIgniter->run()
WARNING - 2025-07-04 07:02:11 --> [DEPRECATED] Creation of dynamic property App\Controllers\Home::$Allsettingsmodel is deprecated in APPPATH/Controllers/Home.php on line 45.
 1 SYSTEMPATH/CodeIgniter.php(906): App\Controllers\Home->__construct()
 2 SYSTEMPATH/CodeIgniter.php(490): CodeIgniter\CodeIgniter->createController()
 3 SYSTEMPATH/CodeIgniter.php(368): CodeIgniter\CodeIgniter->handleRequest(null, Object(Config\Cache), false)
 4 FCPATH/index.php(67): CodeIgniter\CodeIgniter->run()
INFO - 2025-07-04 07:02:12 --> Session: Class initialized using 'CodeIgniter\Session\Handlers\FileHandler' driver.
WARNING - 2025-07-04 07:02:12 --> [DEPRECATED] Creation of dynamic property App\Controllers\Home::$user_model is deprecated in APPPATH/Controllers/Home.php on line 35.
 1 SYSTEMPATH/CodeIgniter.php(906): App\Controllers\Home->__construct()
 2 SYSTEMPATH/CodeIgniter.php(490): CodeIgniter\CodeIgniter->createController()
 3 SYSTEMPATH/CodeIgniter.php(368): CodeIgniter\CodeIgniter->handleRequest(null, Object(Config\Cache), false)
 4 FCPATH/index.php(67): CodeIgniter\CodeIgniter->run()
WARNING - 2025-07-04 07:02:12 --> [DEPRECATED] Creation of dynamic property App\Controllers\Home::$BlogModel is deprecated in APPPATH/Controllers/Home.php on line 43.
 1 SYSTEMPATH/CodeIgniter.php(906): App\Controllers\Home->__construct()
 2 SYSTEMPATH/CodeIgniter.php(490): CodeIgniter\CodeIgniter->createController()
 3 SYSTEMPATH/CodeIgniter.php(368): CodeIgniter\CodeIgniter->handleRequest(null, Object(Config\Cache), false)
 4 FCPATH/index.php(67): CodeIgniter\CodeIgniter->run()
WARNING - 2025-07-04 07:02:12 --> [DEPRECATED] Creation of dynamic property App\Controllers\Home::$EnquiryModel is deprecated in APPPATH/Controllers/Home.php on line 44.
 1 SYSTEMPATH/CodeIgniter.php(906): App\Controllers\Home->__construct()
 2 SYSTEMPATH/CodeIgniter.php(490): CodeIgniter\CodeIgniter->createController()
 3 SYSTEMPATH/CodeIgniter.php(368): CodeIgniter\CodeIgniter->handleRequest(null, Object(Config\Cache), false)
 4 FCPATH/index.php(67): CodeIgniter\CodeIgniter->run()
WARNING - 2025-07-04 07:02:12 --> [DEPRECATED] Creation of dynamic property App\Controllers\Home::$Allsettingsmodel is deprecated in APPPATH/Controllers/Home.php on line 45.
 1 SYSTEMPATH/CodeIgniter.php(906): App\Controllers\Home->__construct()
 2 SYSTEMPATH/CodeIgniter.php(490): CodeIgniter\CodeIgniter->createController()
 3 SYSTEMPATH/CodeIgniter.php(368): CodeIgniter\CodeIgniter->handleRequest(null, Object(Config\Cache), false)
 4 FCPATH/index.php(67): CodeIgniter\CodeIgniter->run()
INFO - 2025-07-04 07:03:00 --> Session: Class initialized using 'CodeIgniter\Session\Handlers\FileHandler' driver.
WARNING - 2025-07-04 07:03:00 --> [DEPRECATED] Creation of dynamic property App\Controllers\Home::$user_model is deprecated in APPPATH/Controllers/Home.php on line 35.
 1 SYSTEMPATH/CodeIgniter.php(906): App\Controllers\Home->__construct()
 2 SYSTEMPATH/CodeIgniter.php(490): CodeIgniter\CodeIgniter->createController()
 3 SYSTEMPATH/CodeIgniter.php(368): CodeIgniter\CodeIgniter->handleRequest(null, Object(Config\Cache), false)
 4 FCPATH/index.php(67): CodeIgniter\CodeIgniter->run()
WARNING - 2025-07-04 07:03:00 --> [DEPRECATED] Creation of dynamic property App\Controllers\Home::$BlogModel is deprecated in APPPATH/Controllers/Home.php on line 43.
 1 SYSTEMPATH/CodeIgniter.php(906): App\Controllers\Home->__construct()
 2 SYSTEMPATH/CodeIgniter.php(490): CodeIgniter\CodeIgniter->createController()
 3 SYSTEMPATH/CodeIgniter.php(368): CodeIgniter\CodeIgniter->handleRequest(null, Object(Config\Cache), false)
 4 FCPATH/index.php(67): CodeIgniter\CodeIgniter->run()
WARNING - 2025-07-04 07:03:00 --> [DEPRECATED] Creation of dynamic property App\Controllers\Home::$EnquiryModel is deprecated in APPPATH/Controllers/Home.php on line 44.
 1 SYSTEMPATH/CodeIgniter.php(906): App\Controllers\Home->__construct()
 2 SYSTEMPATH/CodeIgniter.php(490): CodeIgniter\CodeIgniter->createController()
 3 SYSTEMPATH/CodeIgniter.php(368): CodeIgniter\CodeIgniter->handleRequest(null, Object(Config\Cache), false)
 4 FCPATH/index.php(67): CodeIgniter\CodeIgniter->run()
WARNING - 2025-07-04 07:03:00 --> [DEPRECATED] Creation of dynamic property App\Controllers\Home::$Allsettingsmodel is deprecated in APPPATH/Controllers/Home.php on line 45.
 1 SYSTEMPATH/CodeIgniter.php(906): App\Controllers\Home->__construct()
 2 SYSTEMPATH/CodeIgniter.php(490): CodeIgniter\CodeIgniter->createController()
 3 SYSTEMPATH/CodeIgniter.php(368): CodeIgniter\CodeIgniter->handleRequest(null, Object(Config\Cache), false)
 4 FCPATH/index.php(67): CodeIgniter\CodeIgniter->run()
INFO - 2025-07-04 07:03:01 --> Session: Class initialized using 'CodeIgniter\Session\Handlers\FileHandler' driver.
WARNING - 2025-07-04 07:03:01 --> [DEPRECATED] Creation of dynamic property App\Controllers\Home::$user_model is deprecated in APPPATH/Controllers/Home.php on line 35.
 1 SYSTEMPATH/CodeIgniter.php(906): App\Controllers\Home->__construct()
 2 SYSTEMPATH/CodeIgniter.php(490): CodeIgniter\CodeIgniter->createController()
 3 SYSTEMPATH/CodeIgniter.php(368): CodeIgniter\CodeIgniter->handleRequest(null, Object(Config\Cache), false)
 4 FCPATH/index.php(67): CodeIgniter\CodeIgniter->run()
WARNING - 2025-07-04 07:03:01 --> [DEPRECATED] Creation of dynamic property App\Controllers\Home::$BlogModel is deprecated in APPPATH/Controllers/Home.php on line 43.
 1 SYSTEMPATH/CodeIgniter.php(906): App\Controllers\Home->__construct()
 2 SYSTEMPATH/CodeIgniter.php(490): CodeIgniter\CodeIgniter->createController()
 3 SYSTEMPATH/CodeIgniter.php(368): CodeIgniter\CodeIgniter->handleRequest(null, Object(Config\Cache), false)
 4 FCPATH/index.php(67): CodeIgniter\CodeIgniter->run()
WARNING - 2025-07-04 07:03:01 --> [DEPRECATED] Creation of dynamic property App\Controllers\Home::$EnquiryModel is deprecated in APPPATH/Controllers/Home.php on line 44.
 1 SYSTEMPATH/CodeIgniter.php(906): App\Controllers\Home->__construct()
 2 SYSTEMPATH/CodeIgniter.php(490): CodeIgniter\CodeIgniter->createController()
 3 SYSTEMPATH/CodeIgniter.php(368): CodeIgniter\CodeIgniter->handleRequest(null, Object(Config\Cache), false)
 4 FCPATH/index.php(67): CodeIgniter\CodeIgniter->run()
WARNING - 2025-07-04 07:03:01 --> [DEPRECATED] Creation of dynamic property App\Controllers\Home::$Allsettingsmodel is deprecated in APPPATH/Controllers/Home.php on line 45.
 1 SYSTEMPATH/CodeIgniter.php(906): App\Controllers\Home->__construct()
 2 SYSTEMPATH/CodeIgniter.php(490): CodeIgniter\CodeIgniter->createController()
 3 SYSTEMPATH/CodeIgniter.php(368): CodeIgniter\CodeIgniter->handleRequest(null, Object(Config\Cache), false)
 4 FCPATH/index.php(67): CodeIgniter\CodeIgniter->run()
INFO - 2025-07-04 07:04:08 --> Session: Class initialized using 'CodeIgniter\Session\Handlers\FileHandler' driver.
WARNING - 2025-07-04 07:04:08 --> [DEPRECATED] Creation of dynamic property App\Controllers\Home::$user_model is deprecated in APPPATH/Controllers/Home.php on line 35.
 1 SYSTEMPATH/CodeIgniter.php(906): App\Controllers\Home->__construct()
 2 SYSTEMPATH/CodeIgniter.php(490): CodeIgniter\CodeIgniter->createController()
 3 SYSTEMPATH/CodeIgniter.php(368): CodeIgniter\CodeIgniter->handleRequest(null, Object(Config\Cache), false)
 4 FCPATH/index.php(67): CodeIgniter\CodeIgniter->run()
WARNING - 2025-07-04 07:04:08 --> [DEPRECATED] Creation of dynamic property App\Controllers\Home::$BlogModel is deprecated in APPPATH/Controllers/Home.php on line 43.
 1 SYSTEMPATH/CodeIgniter.php(906): App\Controllers\Home->__construct()
 2 SYSTEMPATH/CodeIgniter.php(490): CodeIgniter\CodeIgniter->createController()
 3 SYSTEMPATH/CodeIgniter.php(368): CodeIgniter\CodeIgniter->handleRequest(null, Object(Config\Cache), false)
 4 FCPATH/index.php(67): CodeIgniter\CodeIgniter->run()
WARNING - 2025-07-04 07:04:08 --> [DEPRECATED] Creation of dynamic property App\Controllers\Home::$EnquiryModel is deprecated in APPPATH/Controllers/Home.php on line 44.
 1 SYSTEMPATH/CodeIgniter.php(906): App\Controllers\Home->__construct()
 2 SYSTEMPATH/CodeIgniter.php(490): CodeIgniter\CodeIgniter->createController()
 3 SYSTEMPATH/CodeIgniter.php(368): CodeIgniter\CodeIgniter->handleRequest(null, Object(Config\Cache), false)
 4 FCPATH/index.php(67): CodeIgniter\CodeIgniter->run()
WARNING - 2025-07-04 07:04:08 --> [DEPRECATED] Creation of dynamic property App\Controllers\Home::$Allsettingsmodel is deprecated in APPPATH/Controllers/Home.php on line 45.
 1 SYSTEMPATH/CodeIgniter.php(906): App\Controllers\Home->__construct()
 2 SYSTEMPATH/CodeIgniter.php(490): CodeIgniter\CodeIgniter->createController()
 3 SYSTEMPATH/CodeIgniter.php(368): CodeIgniter\CodeIgniter->handleRequest(null, Object(Config\Cache), false)
 4 FCPATH/index.php(67): CodeIgniter\CodeIgniter->run()
INFO - 2025-07-04 07:04:09 --> Session: Class initialized using 'CodeIgniter\Session\Handlers\FileHandler' driver.
WARNING - 2025-07-04 07:04:09 --> [DEPRECATED] Creation of dynamic property App\Controllers\Home::$user_model is deprecated in APPPATH/Controllers/Home.php on line 35.
 1 SYSTEMPATH/CodeIgniter.php(906): App\Controllers\Home->__construct()
 2 SYSTEMPATH/CodeIgniter.php(490): CodeIgniter\CodeIgniter->createController()
 3 SYSTEMPATH/CodeIgniter.php(368): CodeIgniter\CodeIgniter->handleRequest(null, Object(Config\Cache), false)
 4 FCPATH/index.php(67): CodeIgniter\CodeIgniter->run()
WARNING - 2025-07-04 07:04:09 --> [DEPRECATED] Creation of dynamic property App\Controllers\Home::$BlogModel is deprecated in APPPATH/Controllers/Home.php on line 43.
 1 SYSTEMPATH/CodeIgniter.php(906): App\Controllers\Home->__construct()
 2 SYSTEMPATH/CodeIgniter.php(490): CodeIgniter\CodeIgniter->createController()
 3 SYSTEMPATH/CodeIgniter.php(368): CodeIgniter\CodeIgniter->handleRequest(null, Object(Config\Cache), false)
 4 FCPATH/index.php(67): CodeIgniter\CodeIgniter->run()
WARNING - 2025-07-04 07:04:09 --> [DEPRECATED] Creation of dynamic property App\Controllers\Home::$EnquiryModel is deprecated in APPPATH/Controllers/Home.php on line 44.
 1 SYSTEMPATH/CodeIgniter.php(906): App\Controllers\Home->__construct()
 2 SYSTEMPATH/CodeIgniter.php(490): CodeIgniter\CodeIgniter->createController()
 3 SYSTEMPATH/CodeIgniter.php(368): CodeIgniter\CodeIgniter->handleRequest(null, Object(Config\Cache), false)
 4 FCPATH/index.php(67): CodeIgniter\CodeIgniter->run()
WARNING - 2025-07-04 07:04:09 --> [DEPRECATED] Creation of dynamic property App\Controllers\Home::$Allsettingsmodel is deprecated in APPPATH/Controllers/Home.php on line 45.
 1 SYSTEMPATH/CodeIgniter.php(906): App\Controllers\Home->__construct()
 2 SYSTEMPATH/CodeIgniter.php(490): CodeIgniter\CodeIgniter->createController()
 3 SYSTEMPATH/CodeIgniter.php(368): CodeIgniter\CodeIgniter->handleRequest(null, Object(Config\Cache), false)
 4 FCPATH/index.php(67): CodeIgniter\CodeIgniter->run()
INFO - 2025-07-04 07:04:54 --> Session: Class initialized using 'CodeIgniter\Session\Handlers\FileHandler' driver.
WARNING - 2025-07-04 07:04:54 --> [DEPRECATED] Creation of dynamic property App\Controllers\Home::$user_model is deprecated in APPPATH/Controllers/Home.php on line 35.
 1 SYSTEMPATH/CodeIgniter.php(906): App\Controllers\Home->__construct()
 2 SYSTEMPATH/CodeIgniter.php(490): CodeIgniter\CodeIgniter->createController()
 3 SYSTEMPATH/CodeIgniter.php(368): CodeIgniter\CodeIgniter->handleRequest(null, Object(Config\Cache), false)
 4 FCPATH/index.php(67): CodeIgniter\CodeIgniter->run()
WARNING - 2025-07-04 07:04:54 --> [DEPRECATED] Creation of dynamic property App\Controllers\Home::$BlogModel is deprecated in APPPATH/Controllers/Home.php on line 43.
 1 SYSTEMPATH/CodeIgniter.php(906): App\Controllers\Home->__construct()
 2 SYSTEMPATH/CodeIgniter.php(490): CodeIgniter\CodeIgniter->createController()
 3 SYSTEMPATH/CodeIgniter.php(368): CodeIgniter\CodeIgniter->handleRequest(null, Object(Config\Cache), false)
 4 FCPATH/index.php(67): CodeIgniter\CodeIgniter->run()
WARNING - 2025-07-04 07:04:54 --> [DEPRECATED] Creation of dynamic property App\Controllers\Home::$EnquiryModel is deprecated in APPPATH/Controllers/Home.php on line 44.
 1 SYSTEMPATH/CodeIgniter.php(906): App\Controllers\Home->__construct()
 2 SYSTEMPATH/CodeIgniter.php(490): CodeIgniter\CodeIgniter->createController()
 3 SYSTEMPATH/CodeIgniter.php(368): CodeIgniter\CodeIgniter->handleRequest(null, Object(Config\Cache), false)
 4 FCPATH/index.php(67): CodeIgniter\CodeIgniter->run()
WARNING - 2025-07-04 07:04:54 --> [DEPRECATED] Creation of dynamic property App\Controllers\Home::$Allsettingsmodel is deprecated in APPPATH/Controllers/Home.php on line 45.
 1 SYSTEMPATH/CodeIgniter.php(906): App\Controllers\Home->__construct()
 2 SYSTEMPATH/CodeIgniter.php(490): CodeIgniter\CodeIgniter->createController()
 3 SYSTEMPATH/CodeIgniter.php(368): CodeIgniter\CodeIgniter->handleRequest(null, Object(Config\Cache), false)
 4 FCPATH/index.php(67): CodeIgniter\CodeIgniter->run()
INFO - 2025-07-04 07:04:54 --> Session: Class initialized using 'CodeIgniter\Session\Handlers\FileHandler' driver.
WARNING - 2025-07-04 07:04:54 --> [DEPRECATED] Creation of dynamic property App\Controllers\Home::$user_model is deprecated in APPPATH/Controllers/Home.php on line 35.
 1 SYSTEMPATH/CodeIgniter.php(906): App\Controllers\Home->__construct()
 2 SYSTEMPATH/CodeIgniter.php(490): CodeIgniter\CodeIgniter->createController()
 3 SYSTEMPATH/CodeIgniter.php(368): CodeIgniter\CodeIgniter->handleRequest(null, Object(Config\Cache), false)
 4 FCPATH/index.php(67): CodeIgniter\CodeIgniter->run()
WARNING - 2025-07-04 07:04:54 --> [DEPRECATED] Creation of dynamic property App\Controllers\Home::$BlogModel is deprecated in APPPATH/Controllers/Home.php on line 43.
 1 SYSTEMPATH/CodeIgniter.php(906): App\Controllers\Home->__construct()
 2 SYSTEMPATH/CodeIgniter.php(490): CodeIgniter\CodeIgniter->createController()
 3 SYSTEMPATH/CodeIgniter.php(368): CodeIgniter\CodeIgniter->handleRequest(null, Object(Config\Cache), false)
 4 FCPATH/index.php(67): CodeIgniter\CodeIgniter->run()
WARNING - 2025-07-04 07:04:54 --> [DEPRECATED] Creation of dynamic property App\Controllers\Home::$EnquiryModel is deprecated in APPPATH/Controllers/Home.php on line 44.
 1 SYSTEMPATH/CodeIgniter.php(906): App\Controllers\Home->__construct()
 2 SYSTEMPATH/CodeIgniter.php(490): CodeIgniter\CodeIgniter->createController()
 3 SYSTEMPATH/CodeIgniter.php(368): CodeIgniter\CodeIgniter->handleRequest(null, Object(Config\Cache), false)
 4 FCPATH/index.php(67): CodeIgniter\CodeIgniter->run()
WARNING - 2025-07-04 07:04:54 --> [DEPRECATED] Creation of dynamic property App\Controllers\Home::$Allsettingsmodel is deprecated in APPPATH/Controllers/Home.php on line 45.
 1 SYSTEMPATH/CodeIgniter.php(906): App\Controllers\Home->__construct()
 2 SYSTEMPATH/CodeIgniter.php(490): CodeIgniter\CodeIgniter->createController()
 3 SYSTEMPATH/CodeIgniter.php(368): CodeIgniter\CodeIgniter->handleRequest(null, Object(Config\Cache), false)
 4 FCPATH/index.php(67): CodeIgniter\CodeIgniter->run()
INFO - 2025-07-04 07:05:29 --> Session: Class initialized using 'CodeIgniter\Session\Handlers\FileHandler' driver.
WARNING - 2025-07-04 07:05:29 --> [DEPRECATED] Creation of dynamic property App\Controllers\Home::$user_model is deprecated in APPPATH/Controllers/Home.php on line 35.
 1 SYSTEMPATH/CodeIgniter.php(906): App\Controllers\Home->__construct()
 2 SYSTEMPATH/CodeIgniter.php(490): CodeIgniter\CodeIgniter->createController()
 3 SYSTEMPATH/CodeIgniter.php(368): CodeIgniter\CodeIgniter->handleRequest(null, Object(Config\Cache), false)
 4 FCPATH/index.php(67): CodeIgniter\CodeIgniter->run()
WARNING - 2025-07-04 07:05:29 --> [DEPRECATED] Creation of dynamic property App\Controllers\Home::$BlogModel is deprecated in APPPATH/Controllers/Home.php on line 43.
 1 SYSTEMPATH/CodeIgniter.php(906): App\Controllers\Home->__construct()
 2 SYSTEMPATH/CodeIgniter.php(490): CodeIgniter\CodeIgniter->createController()
 3 SYSTEMPATH/CodeIgniter.php(368): CodeIgniter\CodeIgniter->handleRequest(null, Object(Config\Cache), false)
 4 FCPATH/index.php(67): CodeIgniter\CodeIgniter->run()
WARNING - 2025-07-04 07:05:29 --> [DEPRECATED] Creation of dynamic property App\Controllers\Home::$EnquiryModel is deprecated in APPPATH/Controllers/Home.php on line 44.
 1 SYSTEMPATH/CodeIgniter.php(906): App\Controllers\Home->__construct()
 2 SYSTEMPATH/CodeIgniter.php(490): CodeIgniter\CodeIgniter->createController()
 3 SYSTEMPATH/CodeIgniter.php(368): CodeIgniter\CodeIgniter->handleRequest(null, Object(Config\Cache), false)
 4 FCPATH/index.php(67): CodeIgniter\CodeIgniter->run()
WARNING - 2025-07-04 07:05:29 --> [DEPRECATED] Creation of dynamic property App\Controllers\Home::$Allsettingsmodel is deprecated in APPPATH/Controllers/Home.php on line 45.
 1 SYSTEMPATH/CodeIgniter.php(906): App\Controllers\Home->__construct()
 2 SYSTEMPATH/CodeIgniter.php(490): CodeIgniter\CodeIgniter->createController()
 3 SYSTEMPATH/CodeIgniter.php(368): CodeIgniter\CodeIgniter->handleRequest(null, Object(Config\Cache), false)
 4 FCPATH/index.php(67): CodeIgniter\CodeIgniter->run()
INFO - 2025-07-04 07:05:30 --> Session: Class initialized using 'CodeIgniter\Session\Handlers\FileHandler' driver.
WARNING - 2025-07-04 07:05:30 --> [DEPRECATED] Creation of dynamic property App\Controllers\Home::$user_model is deprecated in APPPATH/Controllers/Home.php on line 35.
 1 SYSTEMPATH/CodeIgniter.php(906): App\Controllers\Home->__construct()
 2 SYSTEMPATH/CodeIgniter.php(490): CodeIgniter\CodeIgniter->createController()
 3 SYSTEMPATH/CodeIgniter.php(368): CodeIgniter\CodeIgniter->handleRequest(null, Object(Config\Cache), false)
 4 FCPATH/index.php(67): CodeIgniter\CodeIgniter->run()
WARNING - 2025-07-04 07:05:30 --> [DEPRECATED] Creation of dynamic property App\Controllers\Home::$BlogModel is deprecated in APPPATH/Controllers/Home.php on line 43.
 1 SYSTEMPATH/CodeIgniter.php(906): App\Controllers\Home->__construct()
 2 SYSTEMPATH/CodeIgniter.php(490): CodeIgniter\CodeIgniter->createController()
 3 SYSTEMPATH/CodeIgniter.php(368): CodeIgniter\CodeIgniter->handleRequest(null, Object(Config\Cache), false)
 4 FCPATH/index.php(67): CodeIgniter\CodeIgniter->run()
WARNING - 2025-07-04 07:05:30 --> [DEPRECATED] Creation of dynamic property App\Controllers\Home::$EnquiryModel is deprecated in APPPATH/Controllers/Home.php on line 44.
 1 SYSTEMPATH/CodeIgniter.php(906): App\Controllers\Home->__construct()
 2 SYSTEMPATH/CodeIgniter.php(490): CodeIgniter\CodeIgniter->createController()
 3 SYSTEMPATH/CodeIgniter.php(368): CodeIgniter\CodeIgniter->handleRequest(null, Object(Config\Cache), false)
 4 FCPATH/index.php(67): CodeIgniter\CodeIgniter->run()
WARNING - 2025-07-04 07:05:30 --> [DEPRECATED] Creation of dynamic property App\Controllers\Home::$Allsettingsmodel is deprecated in APPPATH/Controllers/Home.php on line 45.
 1 SYSTEMPATH/CodeIgniter.php(906): App\Controllers\Home->__construct()
 2 SYSTEMPATH/CodeIgniter.php(490): CodeIgniter\CodeIgniter->createController()
 3 SYSTEMPATH/CodeIgniter.php(368): CodeIgniter\CodeIgniter->handleRequest(null, Object(Config\Cache), false)
 4 FCPATH/index.php(67): CodeIgniter\CodeIgniter->run()
INFO - 2025-07-04 07:07:14 --> Session: Class initialized using 'CodeIgniter\Session\Handlers\FileHandler' driver.
WARNING - 2025-07-04 07:07:14 --> [DEPRECATED] Creation of dynamic property App\Controllers\Home::$user_model is deprecated in APPPATH/Controllers/Home.php on line 35.
 1 SYSTEMPATH/CodeIgniter.php(906): App\Controllers\Home->__construct()
 2 SYSTEMPATH/CodeIgniter.php(490): CodeIgniter\CodeIgniter->createController()
 3 SYSTEMPATH/CodeIgniter.php(368): CodeIgniter\CodeIgniter->handleRequest(null, Object(Config\Cache), false)
 4 FCPATH/index.php(67): CodeIgniter\CodeIgniter->run()
WARNING - 2025-07-04 07:07:14 --> [DEPRECATED] Creation of dynamic property App\Controllers\Home::$BlogModel is deprecated in APPPATH/Controllers/Home.php on line 43.
 1 SYSTEMPATH/CodeIgniter.php(906): App\Controllers\Home->__construct()
 2 SYSTEMPATH/CodeIgniter.php(490): CodeIgniter\CodeIgniter->createController()
 3 SYSTEMPATH/CodeIgniter.php(368): CodeIgniter\CodeIgniter->handleRequest(null, Object(Config\Cache), false)
 4 FCPATH/index.php(67): CodeIgniter\CodeIgniter->run()
WARNING - 2025-07-04 07:07:14 --> [DEPRECATED] Creation of dynamic property App\Controllers\Home::$EnquiryModel is deprecated in APPPATH/Controllers/Home.php on line 44.
 1 SYSTEMPATH/CodeIgniter.php(906): App\Controllers\Home->__construct()
 2 SYSTEMPATH/CodeIgniter.php(490): CodeIgniter\CodeIgniter->createController()
 3 SYSTEMPATH/CodeIgniter.php(368): CodeIgniter\CodeIgniter->handleRequest(null, Object(Config\Cache), false)
 4 FCPATH/index.php(67): CodeIgniter\CodeIgniter->run()
WARNING - 2025-07-04 07:07:14 --> [DEPRECATED] Creation of dynamic property App\Controllers\Home::$Allsettingsmodel is deprecated in APPPATH/Controllers/Home.php on line 45.
 1 SYSTEMPATH/CodeIgniter.php(906): App\Controllers\Home->__construct()
 2 SYSTEMPATH/CodeIgniter.php(490): CodeIgniter\CodeIgniter->createController()
 3 SYSTEMPATH/CodeIgniter.php(368): CodeIgniter\CodeIgniter->handleRequest(null, Object(Config\Cache), false)
 4 FCPATH/index.php(67): CodeIgniter\CodeIgniter->run()
INFO - 2025-07-04 07:07:15 --> Session: Class initialized using 'CodeIgniter\Session\Handlers\FileHandler' driver.
WARNING - 2025-07-04 07:07:15 --> [DEPRECATED] Creation of dynamic property App\Controllers\Home::$user_model is deprecated in APPPATH/Controllers/Home.php on line 35.
 1 SYSTEMPATH/CodeIgniter.php(906): App\Controllers\Home->__construct()
 2 SYSTEMPATH/CodeIgniter.php(490): CodeIgniter\CodeIgniter->createController()
 3 SYSTEMPATH/CodeIgniter.php(368): CodeIgniter\CodeIgniter->handleRequest(null, Object(Config\Cache), false)
 4 FCPATH/index.php(67): CodeIgniter\CodeIgniter->run()
WARNING - 2025-07-04 07:07:15 --> [DEPRECATED] Creation of dynamic property App\Controllers\Home::$BlogModel is deprecated in APPPATH/Controllers/Home.php on line 43.
 1 SYSTEMPATH/CodeIgniter.php(906): App\Controllers\Home->__construct()
 2 SYSTEMPATH/CodeIgniter.php(490): CodeIgniter\CodeIgniter->createController()
 3 SYSTEMPATH/CodeIgniter.php(368): CodeIgniter\CodeIgniter->handleRequest(null, Object(Config\Cache), false)
 4 FCPATH/index.php(67): CodeIgniter\CodeIgniter->run()
WARNING - 2025-07-04 07:07:15 --> [DEPRECATED] Creation of dynamic property App\Controllers\Home::$EnquiryModel is deprecated in APPPATH/Controllers/Home.php on line 44.
 1 SYSTEMPATH/CodeIgniter.php(906): App\Controllers\Home->__construct()
 2 SYSTEMPATH/CodeIgniter.php(490): CodeIgniter\CodeIgniter->createController()
 3 SYSTEMPATH/CodeIgniter.php(368): CodeIgniter\CodeIgniter->handleRequest(null, Object(Config\Cache), false)
 4 FCPATH/index.php(67): CodeIgniter\CodeIgniter->run()
WARNING - 2025-07-04 07:07:15 --> [DEPRECATED] Creation of dynamic property App\Controllers\Home::$Allsettingsmodel is deprecated in APPPATH/Controllers/Home.php on line 45.
 1 SYSTEMPATH/CodeIgniter.php(906): App\Controllers\Home->__construct()
 2 SYSTEMPATH/CodeIgniter.php(490): CodeIgniter\CodeIgniter->createController()
 3 SYSTEMPATH/CodeIgniter.php(368): CodeIgniter\CodeIgniter->handleRequest(null, Object(Config\Cache), false)
 4 FCPATH/index.php(67): CodeIgniter\CodeIgniter->run()
INFO - 2025-07-04 07:07:40 --> Session: Class initialized using 'CodeIgniter\Session\Handlers\FileHandler' driver.
WARNING - 2025-07-04 07:07:40 --> [DEPRECATED] Creation of dynamic property App\Controllers\Home::$user_model is deprecated in APPPATH/Controllers/Home.php on line 35.
 1 SYSTEMPATH/CodeIgniter.php(906): App\Controllers\Home->__construct()
 2 SYSTEMPATH/CodeIgniter.php(490): CodeIgniter\CodeIgniter->createController()
 3 SYSTEMPATH/CodeIgniter.php(368): CodeIgniter\CodeIgniter->handleRequest(null, Object(Config\Cache), false)
 4 FCPATH/index.php(67): CodeIgniter\CodeIgniter->run()
WARNING - 2025-07-04 07:07:40 --> [DEPRECATED] Creation of dynamic property App\Controllers\Home::$BlogModel is deprecated in APPPATH/Controllers/Home.php on line 43.
 1 SYSTEMPATH/CodeIgniter.php(906): App\Controllers\Home->__construct()
 2 SYSTEMPATH/CodeIgniter.php(490): CodeIgniter\CodeIgniter->createController()
 3 SYSTEMPATH/CodeIgniter.php(368): CodeIgniter\CodeIgniter->handleRequest(null, Object(Config\Cache), false)
 4 FCPATH/index.php(67): CodeIgniter\CodeIgniter->run()
WARNING - 2025-07-04 07:07:40 --> [DEPRECATED] Creation of dynamic property App\Controllers\Home::$EnquiryModel is deprecated in APPPATH/Controllers/Home.php on line 44.
 1 SYSTEMPATH/CodeIgniter.php(906): App\Controllers\Home->__construct()
 2 SYSTEMPATH/CodeIgniter.php(490): CodeIgniter\CodeIgniter->createController()
 3 SYSTEMPATH/CodeIgniter.php(368): CodeIgniter\CodeIgniter->handleRequest(null, Object(Config\Cache), false)
 4 FCPATH/index.php(67): CodeIgniter\CodeIgniter->run()
WARNING - 2025-07-04 07:07:40 --> [DEPRECATED] Creation of dynamic property App\Controllers\Home::$Allsettingsmodel is deprecated in APPPATH/Controllers/Home.php on line 45.
 1 SYSTEMPATH/CodeIgniter.php(906): App\Controllers\Home->__construct()
 2 SYSTEMPATH/CodeIgniter.php(490): CodeIgniter\CodeIgniter->createController()
 3 SYSTEMPATH/CodeIgniter.php(368): CodeIgniter\CodeIgniter->handleRequest(null, Object(Config\Cache), false)
 4 FCPATH/index.php(67): CodeIgniter\CodeIgniter->run()
INFO - 2025-07-04 07:07:41 --> Session: Class initialized using 'CodeIgniter\Session\Handlers\FileHandler' driver.
WARNING - 2025-07-04 07:07:41 --> [DEPRECATED] Creation of dynamic property App\Controllers\Home::$user_model is deprecated in APPPATH/Controllers/Home.php on line 35.
 1 SYSTEMPATH/CodeIgniter.php(906): App\Controllers\Home->__construct()
 2 SYSTEMPATH/CodeIgniter.php(490): CodeIgniter\CodeIgniter->createController()
 3 SYSTEMPATH/CodeIgniter.php(368): CodeIgniter\CodeIgniter->handleRequest(null, Object(Config\Cache), false)
 4 FCPATH/index.php(67): CodeIgniter\CodeIgniter->run()
WARNING - 2025-07-04 07:07:41 --> [DEPRECATED] Creation of dynamic property App\Controllers\Home::$BlogModel is deprecated in APPPATH/Controllers/Home.php on line 43.
 1 SYSTEMPATH/CodeIgniter.php(906): App\Controllers\Home->__construct()
 2 SYSTEMPATH/CodeIgniter.php(490): CodeIgniter\CodeIgniter->createController()
 3 SYSTEMPATH/CodeIgniter.php(368): CodeIgniter\CodeIgniter->handleRequest(null, Object(Config\Cache), false)
 4 FCPATH/index.php(67): CodeIgniter\CodeIgniter->run()
WARNING - 2025-07-04 07:07:41 --> [DEPRECATED] Creation of dynamic property App\Controllers\Home::$EnquiryModel is deprecated in APPPATH/Controllers/Home.php on line 44.
 1 SYSTEMPATH/CodeIgniter.php(906): App\Controllers\Home->__construct()
 2 SYSTEMPATH/CodeIgniter.php(490): CodeIgniter\CodeIgniter->createController()
 3 SYSTEMPATH/CodeIgniter.php(368): CodeIgniter\CodeIgniter->handleRequest(null, Object(Config\Cache), false)
 4 FCPATH/index.php(67): CodeIgniter\CodeIgniter->run()
WARNING - 2025-07-04 07:07:41 --> [DEPRECATED] Creation of dynamic property App\Controllers\Home::$Allsettingsmodel is deprecated in APPPATH/Controllers/Home.php on line 45.
 1 SYSTEMPATH/CodeIgniter.php(906): App\Controllers\Home->__construct()
 2 SYSTEMPATH/CodeIgniter.php(490): CodeIgniter\CodeIgniter->createController()
 3 SYSTEMPATH/CodeIgniter.php(368): CodeIgniter\CodeIgniter->handleRequest(null, Object(Config\Cache), false)
 4 FCPATH/index.php(67): CodeIgniter\CodeIgniter->run()
INFO - 2025-07-04 07:09:41 --> Session: Class initialized using 'CodeIgniter\Session\Handlers\FileHandler' driver.
WARNING - 2025-07-04 07:09:41 --> [DEPRECATED] Creation of dynamic property App\Controllers\Home::$user_model is deprecated in APPPATH/Controllers/Home.php on line 35.
 1 SYSTEMPATH/CodeIgniter.php(906): App\Controllers\Home->__construct()
 2 SYSTEMPATH/CodeIgniter.php(490): CodeIgniter\CodeIgniter->createController()
 3 SYSTEMPATH/CodeIgniter.php(368): CodeIgniter\CodeIgniter->handleRequest(null, Object(Config\Cache), false)
 4 FCPATH/index.php(67): CodeIgniter\CodeIgniter->run()
WARNING - 2025-07-04 07:09:41 --> [DEPRECATED] Creation of dynamic property App\Controllers\Home::$BlogModel is deprecated in APPPATH/Controllers/Home.php on line 43.
 1 SYSTEMPATH/CodeIgniter.php(906): App\Controllers\Home->__construct()
 2 SYSTEMPATH/CodeIgniter.php(490): CodeIgniter\CodeIgniter->createController()
 3 SYSTEMPATH/CodeIgniter.php(368): CodeIgniter\CodeIgniter->handleRequest(null, Object(Config\Cache), false)
 4 FCPATH/index.php(67): CodeIgniter\CodeIgniter->run()
WARNING - 2025-07-04 07:09:41 --> [DEPRECATED] Creation of dynamic property App\Controllers\Home::$EnquiryModel is deprecated in APPPATH/Controllers/Home.php on line 44.
 1 SYSTEMPATH/CodeIgniter.php(906): App\Controllers\Home->__construct()
 2 SYSTEMPATH/CodeIgniter.php(490): CodeIgniter\CodeIgniter->createController()
 3 SYSTEMPATH/CodeIgniter.php(368): CodeIgniter\CodeIgniter->handleRequest(null, Object(Config\Cache), false)
 4 FCPATH/index.php(67): CodeIgniter\CodeIgniter->run()
WARNING - 2025-07-04 07:09:41 --> [DEPRECATED] Creation of dynamic property App\Controllers\Home::$Allsettingsmodel is deprecated in APPPATH/Controllers/Home.php on line 45.
 1 SYSTEMPATH/CodeIgniter.php(906): App\Controllers\Home->__construct()
 2 SYSTEMPATH/CodeIgniter.php(490): CodeIgniter\CodeIgniter->createController()
 3 SYSTEMPATH/CodeIgniter.php(368): CodeIgniter\CodeIgniter->handleRequest(null, Object(Config\Cache), false)
 4 FCPATH/index.php(67): CodeIgniter\CodeIgniter->run()
INFO - 2025-07-04 07:09:42 --> Session: Class initialized using 'CodeIgniter\Session\Handlers\FileHandler' driver.
WARNING - 2025-07-04 07:09:42 --> [DEPRECATED] Creation of dynamic property App\Controllers\Home::$user_model is deprecated in APPPATH/Controllers/Home.php on line 35.
 1 SYSTEMPATH/CodeIgniter.php(906): App\Controllers\Home->__construct()
 2 SYSTEMPATH/CodeIgniter.php(490): CodeIgniter\CodeIgniter->createController()
 3 SYSTEMPATH/CodeIgniter.php(368): CodeIgniter\CodeIgniter->handleRequest(null, Object(Config\Cache), false)
 4 FCPATH/index.php(67): CodeIgniter\CodeIgniter->run()
WARNING - 2025-07-04 07:09:42 --> [DEPRECATED] Creation of dynamic property App\Controllers\Home::$BlogModel is deprecated in APPPATH/Controllers/Home.php on line 43.
 1 SYSTEMPATH/CodeIgniter.php(906): App\Controllers\Home->__construct()
 2 SYSTEMPATH/CodeIgniter.php(490): CodeIgniter\CodeIgniter->createController()
 3 SYSTEMPATH/CodeIgniter.php(368): CodeIgniter\CodeIgniter->handleRequest(null, Object(Config\Cache), false)
 4 FCPATH/index.php(67): CodeIgniter\CodeIgniter->run()
WARNING - 2025-07-04 07:09:42 --> [DEPRECATED] Creation of dynamic property App\Controllers\Home::$EnquiryModel is deprecated in APPPATH/Controllers/Home.php on line 44.
 1 SYSTEMPATH/CodeIgniter.php(906): App\Controllers\Home->__construct()
 2 SYSTEMPATH/CodeIgniter.php(490): CodeIgniter\CodeIgniter->createController()
 3 SYSTEMPATH/CodeIgniter.php(368): CodeIgniter\CodeIgniter->handleRequest(null, Object(Config\Cache), false)
 4 FCPATH/index.php(67): CodeIgniter\CodeIgniter->run()
WARNING - 2025-07-04 07:09:42 --> [DEPRECATED] Creation of dynamic property App\Controllers\Home::$Allsettingsmodel is deprecated in APPPATH/Controllers/Home.php on line 45.
 1 SYSTEMPATH/CodeIgniter.php(906): App\Controllers\Home->__construct()
 2 SYSTEMPATH/CodeIgniter.php(490): CodeIgniter\CodeIgniter->createController()
 3 SYSTEMPATH/CodeIgniter.php(368): CodeIgniter\CodeIgniter->handleRequest(null, Object(Config\Cache), false)
 4 FCPATH/index.php(67): CodeIgniter\CodeIgniter->run()
INFO - 2025-07-04 07:11:43 --> Session: Class initialized using 'CodeIgniter\Session\Handlers\FileHandler' driver.
WARNING - 2025-07-04 07:11:43 --> [DEPRECATED] Creation of dynamic property App\Controllers\Home::$user_model is deprecated in APPPATH/Controllers/Home.php on line 35.
 1 SYSTEMPATH/CodeIgniter.php(906): App\Controllers\Home->__construct()
 2 SYSTEMPATH/CodeIgniter.php(490): CodeIgniter\CodeIgniter->createController()
 3 SYSTEMPATH/CodeIgniter.php(368): CodeIgniter\CodeIgniter->handleRequest(null, Object(Config\Cache), false)
 4 FCPATH/index.php(67): CodeIgniter\CodeIgniter->run()
WARNING - 2025-07-04 07:11:43 --> [DEPRECATED] Creation of dynamic property App\Controllers\Home::$BlogModel is deprecated in APPPATH/Controllers/Home.php on line 43.
 1 SYSTEMPATH/CodeIgniter.php(906): App\Controllers\Home->__construct()
 2 SYSTEMPATH/CodeIgniter.php(490): CodeIgniter\CodeIgniter->createController()
 3 SYSTEMPATH/CodeIgniter.php(368): CodeIgniter\CodeIgniter->handleRequest(null, Object(Config\Cache), false)
 4 FCPATH/index.php(67): CodeIgniter\CodeIgniter->run()
WARNING - 2025-07-04 07:11:43 --> [DEPRECATED] Creation of dynamic property App\Controllers\Home::$EnquiryModel is deprecated in APPPATH/Controllers/Home.php on line 44.
 1 SYSTEMPATH/CodeIgniter.php(906): App\Controllers\Home->__construct()
 2 SYSTEMPATH/CodeIgniter.php(490): CodeIgniter\CodeIgniter->createController()
 3 SYSTEMPATH/CodeIgniter.php(368): CodeIgniter\CodeIgniter->handleRequest(null, Object(Config\Cache), false)
 4 FCPATH/index.php(67): CodeIgniter\CodeIgniter->run()
WARNING - 2025-07-04 07:11:43 --> [DEPRECATED] Creation of dynamic property App\Controllers\Home::$Allsettingsmodel is deprecated in APPPATH/Controllers/Home.php on line 45.
 1 SYSTEMPATH/CodeIgniter.php(906): App\Controllers\Home->__construct()
 2 SYSTEMPATH/CodeIgniter.php(490): CodeIgniter\CodeIgniter->createController()
 3 SYSTEMPATH/CodeIgniter.php(368): CodeIgniter\CodeIgniter->handleRequest(null, Object(Config\Cache), false)
 4 FCPATH/index.php(67): CodeIgniter\CodeIgniter->run()
INFO - 2025-07-04 07:11:44 --> Session: Class initialized using 'CodeIgniter\Session\Handlers\FileHandler' driver.
WARNING - 2025-07-04 07:11:44 --> [DEPRECATED] Creation of dynamic property App\Controllers\Home::$user_model is deprecated in APPPATH/Controllers/Home.php on line 35.
 1 SYSTEMPATH/CodeIgniter.php(906): App\Controllers\Home->__construct()
 2 SYSTEMPATH/CodeIgniter.php(490): CodeIgniter\CodeIgniter->createController()
 3 SYSTEMPATH/CodeIgniter.php(368): CodeIgniter\CodeIgniter->handleRequest(null, Object(Config\Cache), false)
 4 FCPATH/index.php(67): CodeIgniter\CodeIgniter->run()
WARNING - 2025-07-04 07:11:44 --> [DEPRECATED] Creation of dynamic property App\Controllers\Home::$BlogModel is deprecated in APPPATH/Controllers/Home.php on line 43.
 1 SYSTEMPATH/CodeIgniter.php(906): App\Controllers\Home->__construct()
 2 SYSTEMPATH/CodeIgniter.php(490): CodeIgniter\CodeIgniter->createController()
 3 SYSTEMPATH/CodeIgniter.php(368): CodeIgniter\CodeIgniter->handleRequest(null, Object(Config\Cache), false)
 4 FCPATH/index.php(67): CodeIgniter\CodeIgniter->run()
WARNING - 2025-07-04 07:11:44 --> [DEPRECATED] Creation of dynamic property App\Controllers\Home::$EnquiryModel is deprecated in APPPATH/Controllers/Home.php on line 44.
 1 SYSTEMPATH/CodeIgniter.php(906): App\Controllers\Home->__construct()
 2 SYSTEMPATH/CodeIgniter.php(490): CodeIgniter\CodeIgniter->createController()
 3 SYSTEMPATH/CodeIgniter.php(368): CodeIgniter\CodeIgniter->handleRequest(null, Object(Config\Cache), false)
 4 FCPATH/index.php(67): CodeIgniter\CodeIgniter->run()
WARNING - 2025-07-04 07:11:44 --> [DEPRECATED] Creation of dynamic property App\Controllers\Home::$Allsettingsmodel is deprecated in APPPATH/Controllers/Home.php on line 45.
 1 SYSTEMPATH/CodeIgniter.php(906): App\Controllers\Home->__construct()
 2 SYSTEMPATH/CodeIgniter.php(490): CodeIgniter\CodeIgniter->createController()
 3 SYSTEMPATH/CodeIgniter.php(368): CodeIgniter\CodeIgniter->handleRequest(null, Object(Config\Cache), false)
 4 FCPATH/index.php(67): CodeIgniter\CodeIgniter->run()
INFO - 2025-07-04 07:29:39 --> Session: Class initialized using 'CodeIgniter\Session\Handlers\FileHandler' driver.
WARNING - 2025-07-04 07:29:39 --> [DEPRECATED] Creation of dynamic property App\Controllers\Customers::$session is deprecated in APPPATH/Controllers/Customers.php on line 19.
 1 SYSTEMPATH/CodeIgniter.php(906): App\Controllers\Customers->__construct()
 2 SYSTEMPATH/CodeIgniter.php(490): CodeIgniter\CodeIgniter->createController()
 3 SYSTEMPATH/CodeIgniter.php(368): CodeIgniter\CodeIgniter->handleRequest(null, Object(Config\Cache), false)
 4 FCPATH/index.php(67): CodeIgniter\CodeIgniter->run()
WARNING - 2025-07-04 07:29:39 --> Session: Sessions is enabled, and one exists. Please don't $session->start();
WARNING - 2025-07-04 07:29:39 --> [DEPRECATED] Creation of dynamic property App\Controllers\Customers::$country is deprecated in APPPATH/Controllers/Customers.php on line 23.
 1 SYSTEMPATH/CodeIgniter.php(906): App\Controllers\Customers->__construct()
 2 SYSTEMPATH/CodeIgniter.php(490): CodeIgniter\CodeIgniter->createController()
 3 SYSTEMPATH/CodeIgniter.php(368): CodeIgniter\CodeIgniter->handleRequest(null, Object(Config\Cache), false)
 4 FCPATH/index.php(67): CodeIgniter\CodeIgniter->run()
WARNING - 2025-07-04 07:29:39 --> [DEPRECATED] Creation of dynamic property App\Controllers\Customers::$state is deprecated in APPPATH/Controllers/Customers.php on line 24.
 1 SYSTEMPATH/CodeIgniter.php(906): App\Controllers\Customers->__construct()
 2 SYSTEMPATH/CodeIgniter.php(490): CodeIgniter\CodeIgniter->createController()
 3 SYSTEMPATH/CodeIgniter.php(368): CodeIgniter\CodeIgniter->handleRequest(null, Object(Config\Cache), false)
 4 FCPATH/index.php(67): CodeIgniter\CodeIgniter->run()
WARNING - 2025-07-04 07:29:39 --> [DEPRECATED] Creation of dynamic property App\Controllers\Customers::$city is deprecated in APPPATH/Controllers/Customers.php on line 25.
 1 SYSTEMPATH/CodeIgniter.php(906): App\Controllers\Customers->__construct()
 2 SYSTEMPATH/CodeIgniter.php(490): CodeIgniter\CodeIgniter->createController()
 3 SYSTEMPATH/CodeIgniter.php(368): CodeIgniter\CodeIgniter->handleRequest(null, Object(Config\Cache), false)
 4 FCPATH/index.php(67): CodeIgniter\CodeIgniter->run()
WARNING - 2025-07-04 07:29:39 --> [DEPRECATED] Creation of dynamic property App\Controllers\Customers::$users is deprecated in APPPATH/Controllers/Customers.php on line 26.
 1 SYSTEMPATH/CodeIgniter.php(906): App\Controllers\Customers->__construct()
 2 SYSTEMPATH/CodeIgniter.php(490): CodeIgniter\CodeIgniter->createController()
 3 SYSTEMPATH/CodeIgniter.php(368): CodeIgniter\CodeIgniter->handleRequest(null, Object(Config\Cache), false)
 4 FCPATH/index.php(67): CodeIgniter\CodeIgniter->run()
WARNING - 2025-07-04 07:29:39 --> [DEPRECATED] Creation of dynamic property App\Controllers\Customers::$variation is deprecated in APPPATH/Controllers/Customers.php on line 27.
 1 SYSTEMPATH/CodeIgniter.php(906): App\Controllers\Customers->__construct()
 2 SYSTEMPATH/CodeIgniter.php(490): CodeIgniter\CodeIgniter->createController()
 3 SYSTEMPATH/CodeIgniter.php(368): CodeIgniter\CodeIgniter->handleRequest(null, Object(Config\Cache), false)
 4 FCPATH/index.php(67): CodeIgniter\CodeIgniter->run()
WARNING - 2025-07-04 07:29:39 --> [DEPRECATED] Creation of dynamic property App\Controllers\Customers::$variationtype is deprecated in APPPATH/Controllers/Customers.php on line 28.
 1 SYSTEMPATH/CodeIgniter.php(906): App\Controllers\Customers->__construct()
 2 SYSTEMPATH/CodeIgniter.php(490): CodeIgniter\CodeIgniter->createController()
 3 SYSTEMPATH/CodeIgniter.php(368): CodeIgniter\CodeIgniter->handleRequest(null, Object(Config\Cache), false)
 4 FCPATH/index.php(67): CodeIgniter\CodeIgniter->run()
WARNING - 2025-07-04 07:29:39 --> [DEPRECATED] Creation of dynamic property App\Controllers\Customers::$brand is deprecated in APPPATH/Controllers/Customers.php on line 29.
 1 SYSTEMPATH/CodeIgniter.php(906): App\Controllers\Customers->__construct()
 2 SYSTEMPATH/CodeIgniter.php(490): CodeIgniter\CodeIgniter->createController()
 3 SYSTEMPATH/CodeIgniter.php(368): CodeIgniter\CodeIgniter->handleRequest(null, Object(Config\Cache), false)
 4 FCPATH/index.php(67): CodeIgniter\CodeIgniter->run()
WARNING - 2025-07-04 07:29:39 --> [DEPRECATED] Creation of dynamic property App\Controllers\Customers::$User_shipping_addressmodel is deprecated in APPPATH/Controllers/Customers.php on line 30.
 1 SYSTEMPATH/CodeIgniter.php(906): App\Controllers\Customers->__construct()
 2 SYSTEMPATH/CodeIgniter.php(490): CodeIgniter\CodeIgniter->createController()
 3 SYSTEMPATH/CodeIgniter.php(368): CodeIgniter\CodeIgniter->handleRequest(null, Object(Config\Cache), false)
 4 FCPATH/index.php(67): CodeIgniter\CodeIgniter->run()
INFO - 2025-07-04 07:29:39 --> Session: Class initialized using 'CodeIgniter\Session\Handlers\FileHandler' driver.
WARNING - 2025-07-04 07:29:39 --> [DEPRECATED] Creation of dynamic property App\Controllers\Home::$user_model is deprecated in APPPATH/Controllers/Home.php on line 35.
 1 SYSTEMPATH/CodeIgniter.php(906): App\Controllers\Home->__construct()
 2 SYSTEMPATH/CodeIgniter.php(490): CodeIgniter\CodeIgniter->createController()
 3 SYSTEMPATH/CodeIgniter.php(368): CodeIgniter\CodeIgniter->handleRequest(null, Object(Config\Cache), false)
 4 FCPATH/index.php(67): CodeIgniter\CodeIgniter->run()
WARNING - 2025-07-04 07:29:39 --> [DEPRECATED] Creation of dynamic property App\Controllers\Home::$BlogModel is deprecated in APPPATH/Controllers/Home.php on line 43.
 1 SYSTEMPATH/CodeIgniter.php(906): App\Controllers\Home->__construct()
 2 SYSTEMPATH/CodeIgniter.php(490): CodeIgniter\CodeIgniter->createController()
 3 SYSTEMPATH/CodeIgniter.php(368): CodeIgniter\CodeIgniter->handleRequest(null, Object(Config\Cache), false)
 4 FCPATH/index.php(67): CodeIgniter\CodeIgniter->run()
WARNING - 2025-07-04 07:29:39 --> [DEPRECATED] Creation of dynamic property App\Controllers\Home::$EnquiryModel is deprecated in APPPATH/Controllers/Home.php on line 44.
 1 SYSTEMPATH/CodeIgniter.php(906): App\Controllers\Home->__construct()
 2 SYSTEMPATH/CodeIgniter.php(490): CodeIgniter\CodeIgniter->createController()
 3 SYSTEMPATH/CodeIgniter.php(368): CodeIgniter\CodeIgniter->handleRequest(null, Object(Config\Cache), false)
 4 FCPATH/index.php(67): CodeIgniter\CodeIgniter->run()
WARNING - 2025-07-04 07:29:39 --> [DEPRECATED] Creation of dynamic property App\Controllers\Home::$Allsettingsmodel is deprecated in APPPATH/Controllers/Home.php on line 45.
 1 SYSTEMPATH/CodeIgniter.php(906): App\Controllers\Home->__construct()
 2 SYSTEMPATH/CodeIgniter.php(490): CodeIgniter\CodeIgniter->createController()
 3 SYSTEMPATH/CodeIgniter.php(368): CodeIgniter\CodeIgniter->handleRequest(null, Object(Config\Cache), false)
 4 FCPATH/index.php(67): CodeIgniter\CodeIgniter->run()
INFO - 2025-07-04 07:30:54 --> Session: Class initialized using 'CodeIgniter\Session\Handlers\FileHandler' driver.
WARNING - 2025-07-04 07:30:54 --> [DEPRECATED] Creation of dynamic property App\Controllers\Customers::$session is deprecated in APPPATH/Controllers/Customers.php on line 19.
 1 SYSTEMPATH/CodeIgniter.php(906): App\Controllers\Customers->__construct()
 2 SYSTEMPATH/CodeIgniter.php(490): CodeIgniter\CodeIgniter->createController()
 3 SYSTEMPATH/CodeIgniter.php(368): CodeIgniter\CodeIgniter->handleRequest(null, Object(Config\Cache), false)
 4 FCPATH/index.php(67): CodeIgniter\CodeIgniter->run()
WARNING - 2025-07-04 07:30:54 --> Session: Sessions is enabled, and one exists. Please don't $session->start();
WARNING - 2025-07-04 07:30:54 --> [DEPRECATED] Creation of dynamic property App\Controllers\Customers::$country is deprecated in APPPATH/Controllers/Customers.php on line 23.
 1 SYSTEMPATH/CodeIgniter.php(906): App\Controllers\Customers->__construct()
 2 SYSTEMPATH/CodeIgniter.php(490): CodeIgniter\CodeIgniter->createController()
 3 SYSTEMPATH/CodeIgniter.php(368): CodeIgniter\CodeIgniter->handleRequest(null, Object(Config\Cache), false)
 4 FCPATH/index.php(67): CodeIgniter\CodeIgniter->run()
WARNING - 2025-07-04 07:30:54 --> [DEPRECATED] Creation of dynamic property App\Controllers\Customers::$state is deprecated in APPPATH/Controllers/Customers.php on line 24.
 1 SYSTEMPATH/CodeIgniter.php(906): App\Controllers\Customers->__construct()
 2 SYSTEMPATH/CodeIgniter.php(490): CodeIgniter\CodeIgniter->createController()
 3 SYSTEMPATH/CodeIgniter.php(368): CodeIgniter\CodeIgniter->handleRequest(null, Object(Config\Cache), false)
 4 FCPATH/index.php(67): CodeIgniter\CodeIgniter->run()
WARNING - 2025-07-04 07:30:54 --> [DEPRECATED] Creation of dynamic property App\Controllers\Customers::$city is deprecated in APPPATH/Controllers/Customers.php on line 25.
 1 SYSTEMPATH/CodeIgniter.php(906): App\Controllers\Customers->__construct()
 2 SYSTEMPATH/CodeIgniter.php(490): CodeIgniter\CodeIgniter->createController()
 3 SYSTEMPATH/CodeIgniter.php(368): CodeIgniter\CodeIgniter->handleRequest(null, Object(Config\Cache), false)
 4 FCPATH/index.php(67): CodeIgniter\CodeIgniter->run()
WARNING - 2025-07-04 07:30:54 --> [DEPRECATED] Creation of dynamic property App\Controllers\Customers::$users is deprecated in APPPATH/Controllers/Customers.php on line 26.
 1 SYSTEMPATH/CodeIgniter.php(906): App\Controllers\Customers->__construct()
 2 SYSTEMPATH/CodeIgniter.php(490): CodeIgniter\CodeIgniter->createController()
 3 SYSTEMPATH/CodeIgniter.php(368): CodeIgniter\CodeIgniter->handleRequest(null, Object(Config\Cache), false)
 4 FCPATH/index.php(67): CodeIgniter\CodeIgniter->run()
WARNING - 2025-07-04 07:30:54 --> [DEPRECATED] Creation of dynamic property App\Controllers\Customers::$variation is deprecated in APPPATH/Controllers/Customers.php on line 27.
 1 SYSTEMPATH/CodeIgniter.php(906): App\Controllers\Customers->__construct()
 2 SYSTEMPATH/CodeIgniter.php(490): CodeIgniter\CodeIgniter->createController()
 3 SYSTEMPATH/CodeIgniter.php(368): CodeIgniter\CodeIgniter->handleRequest(null, Object(Config\Cache), false)
 4 FCPATH/index.php(67): CodeIgniter\CodeIgniter->run()
WARNING - 2025-07-04 07:30:54 --> [DEPRECATED] Creation of dynamic property App\Controllers\Customers::$variationtype is deprecated in APPPATH/Controllers/Customers.php on line 28.
 1 SYSTEMPATH/CodeIgniter.php(906): App\Controllers\Customers->__construct()
 2 SYSTEMPATH/CodeIgniter.php(490): CodeIgniter\CodeIgniter->createController()
 3 SYSTEMPATH/CodeIgniter.php(368): CodeIgniter\CodeIgniter->handleRequest(null, Object(Config\Cache), false)
 4 FCPATH/index.php(67): CodeIgniter\CodeIgniter->run()
WARNING - 2025-07-04 07:30:54 --> [DEPRECATED] Creation of dynamic property App\Controllers\Customers::$brand is deprecated in APPPATH/Controllers/Customers.php on line 29.
 1 SYSTEMPATH/CodeIgniter.php(906): App\Controllers\Customers->__construct()
 2 SYSTEMPATH/CodeIgniter.php(490): CodeIgniter\CodeIgniter->createController()
 3 SYSTEMPATH/CodeIgniter.php(368): CodeIgniter\CodeIgniter->handleRequest(null, Object(Config\Cache), false)
 4 FCPATH/index.php(67): CodeIgniter\CodeIgniter->run()
WARNING - 2025-07-04 07:30:54 --> [DEPRECATED] Creation of dynamic property App\Controllers\Customers::$User_shipping_addressmodel is deprecated in APPPATH/Controllers/Customers.php on line 30.
 1 SYSTEMPATH/CodeIgniter.php(906): App\Controllers\Customers->__construct()
 2 SYSTEMPATH/CodeIgniter.php(490): CodeIgniter\CodeIgniter->createController()
 3 SYSTEMPATH/CodeIgniter.php(368): CodeIgniter\CodeIgniter->handleRequest(null, Object(Config\Cache), false)
 4 FCPATH/index.php(67): CodeIgniter\CodeIgniter->run()
INFO - 2025-07-04 07:30:54 --> Session: Class initialized using 'CodeIgniter\Session\Handlers\FileHandler' driver.
WARNING - 2025-07-04 07:30:54 --> [DEPRECATED] Creation of dynamic property App\Controllers\Home::$user_model is deprecated in APPPATH/Controllers/Home.php on line 35.
 1 SYSTEMPATH/CodeIgniter.php(906): App\Controllers\Home->__construct()
 2 SYSTEMPATH/CodeIgniter.php(490): CodeIgniter\CodeIgniter->createController()
 3 SYSTEMPATH/CodeIgniter.php(368): CodeIgniter\CodeIgniter->handleRequest(null, Object(Config\Cache), false)
 4 FCPATH/index.php(67): CodeIgniter\CodeIgniter->run()
WARNING - 2025-07-04 07:30:54 --> [DEPRECATED] Creation of dynamic property App\Controllers\Home::$BlogModel is deprecated in APPPATH/Controllers/Home.php on line 43.
 1 SYSTEMPATH/CodeIgniter.php(906): App\Controllers\Home->__construct()
 2 SYSTEMPATH/CodeIgniter.php(490): CodeIgniter\CodeIgniter->createController()
 3 SYSTEMPATH/CodeIgniter.php(368): CodeIgniter\CodeIgniter->handleRequest(null, Object(Config\Cache), false)
 4 FCPATH/index.php(67): CodeIgniter\CodeIgniter->run()
WARNING - 2025-07-04 07:30:54 --> [DEPRECATED] Creation of dynamic property App\Controllers\Home::$EnquiryModel is deprecated in APPPATH/Controllers/Home.php on line 44.
 1 SYSTEMPATH/CodeIgniter.php(906): App\Controllers\Home->__construct()
 2 SYSTEMPATH/CodeIgniter.php(490): CodeIgniter\CodeIgniter->createController()
 3 SYSTEMPATH/CodeIgniter.php(368): CodeIgniter\CodeIgniter->handleRequest(null, Object(Config\Cache), false)
 4 FCPATH/index.php(67): CodeIgniter\CodeIgniter->run()
WARNING - 2025-07-04 07:30:54 --> [DEPRECATED] Creation of dynamic property App\Controllers\Home::$Allsettingsmodel is deprecated in APPPATH/Controllers/Home.php on line 45.
 1 SYSTEMPATH/CodeIgniter.php(906): App\Controllers\Home->__construct()
 2 SYSTEMPATH/CodeIgniter.php(490): CodeIgniter\CodeIgniter->createController()
 3 SYSTEMPATH/CodeIgniter.php(368): CodeIgniter\CodeIgniter->handleRequest(null, Object(Config\Cache), false)
 4 FCPATH/index.php(67): CodeIgniter\CodeIgniter->run()
INFO - 2025-07-04 07:30:58 --> Session: Class initialized using 'CodeIgniter\Session\Handlers\FileHandler' driver.
WARNING - 2025-07-04 07:30:58 --> [DEPRECATED] Creation of dynamic property App\Controllers\Customers::$session is deprecated in APPPATH/Controllers/Customers.php on line 19.
 1 SYSTEMPATH/CodeIgniter.php(906): App\Controllers\Customers->__construct()
 2 SYSTEMPATH/CodeIgniter.php(490): CodeIgniter\CodeIgniter->createController()
 3 SYSTEMPATH/CodeIgniter.php(368): CodeIgniter\CodeIgniter->handleRequest(null, Object(Config\Cache), false)
 4 FCPATH/index.php(67): CodeIgniter\CodeIgniter->run()
WARNING - 2025-07-04 07:30:58 --> Session: Sessions is enabled, and one exists. Please don't $session->start();
WARNING - 2025-07-04 07:30:58 --> [DEPRECATED] Creation of dynamic property App\Controllers\Customers::$country is deprecated in APPPATH/Controllers/Customers.php on line 23.
 1 SYSTEMPATH/CodeIgniter.php(906): App\Controllers\Customers->__construct()
 2 SYSTEMPATH/CodeIgniter.php(490): CodeIgniter\CodeIgniter->createController()
 3 SYSTEMPATH/CodeIgniter.php(368): CodeIgniter\CodeIgniter->handleRequest(null, Object(Config\Cache), false)
 4 FCPATH/index.php(67): CodeIgniter\CodeIgniter->run()
WARNING - 2025-07-04 07:30:58 --> [DEPRECATED] Creation of dynamic property App\Controllers\Customers::$state is deprecated in APPPATH/Controllers/Customers.php on line 24.
 1 SYSTEMPATH/CodeIgniter.php(906): App\Controllers\Customers->__construct()
 2 SYSTEMPATH/CodeIgniter.php(490): CodeIgniter\CodeIgniter->createController()
 3 SYSTEMPATH/CodeIgniter.php(368): CodeIgniter\CodeIgniter->handleRequest(null, Object(Config\Cache), false)
 4 FCPATH/index.php(67): CodeIgniter\CodeIgniter->run()
WARNING - 2025-07-04 07:30:58 --> [DEPRECATED] Creation of dynamic property App\Controllers\Customers::$city is deprecated in APPPATH/Controllers/Customers.php on line 25.
 1 SYSTEMPATH/CodeIgniter.php(906): App\Controllers\Customers->__construct()
 2 SYSTEMPATH/CodeIgniter.php(490): CodeIgniter\CodeIgniter->createController()
 3 SYSTEMPATH/CodeIgniter.php(368): CodeIgniter\CodeIgniter->handleRequest(null, Object(Config\Cache), false)
 4 FCPATH/index.php(67): CodeIgniter\CodeIgniter->run()
WARNING - 2025-07-04 07:30:58 --> [DEPRECATED] Creation of dynamic property App\Controllers\Customers::$users is deprecated in APPPATH/Controllers/Customers.php on line 26.
 1 SYSTEMPATH/CodeIgniter.php(906): App\Controllers\Customers->__construct()
 2 SYSTEMPATH/CodeIgniter.php(490): CodeIgniter\CodeIgniter->createController()
 3 SYSTEMPATH/CodeIgniter.php(368): CodeIgniter\CodeIgniter->handleRequest(null, Object(Config\Cache), false)
 4 FCPATH/index.php(67): CodeIgniter\CodeIgniter->run()
WARNING - 2025-07-04 07:30:58 --> [DEPRECATED] Creation of dynamic property App\Controllers\Customers::$variation is deprecated in APPPATH/Controllers/Customers.php on line 27.
 1 SYSTEMPATH/CodeIgniter.php(906): App\Controllers\Customers->__construct()
 2 SYSTEMPATH/CodeIgniter.php(490): CodeIgniter\CodeIgniter->createController()
 3 SYSTEMPATH/CodeIgniter.php(368): CodeIgniter\CodeIgniter->handleRequest(null, Object(Config\Cache), false)
 4 FCPATH/index.php(67): CodeIgniter\CodeIgniter->run()
WARNING - 2025-07-04 07:30:58 --> [DEPRECATED] Creation of dynamic property App\Controllers\Customers::$variationtype is deprecated in APPPATH/Controllers/Customers.php on line 28.
 1 SYSTEMPATH/CodeIgniter.php(906): App\Controllers\Customers->__construct()
 2 SYSTEMPATH/CodeIgniter.php(490): CodeIgniter\CodeIgniter->createController()
 3 SYSTEMPATH/CodeIgniter.php(368): CodeIgniter\CodeIgniter->handleRequest(null, Object(Config\Cache), false)
 4 FCPATH/index.php(67): CodeIgniter\CodeIgniter->run()
WARNING - 2025-07-04 07:30:58 --> [DEPRECATED] Creation of dynamic property App\Controllers\Customers::$brand is deprecated in APPPATH/Controllers/Customers.php on line 29.
 1 SYSTEMPATH/CodeIgniter.php(906): App\Controllers\Customers->__construct()
 2 SYSTEMPATH/CodeIgniter.php(490): CodeIgniter\CodeIgniter->createController()
 3 SYSTEMPATH/CodeIgniter.php(368): CodeIgniter\CodeIgniter->handleRequest(null, Object(Config\Cache), false)
 4 FCPATH/index.php(67): CodeIgniter\CodeIgniter->run()
WARNING - 2025-07-04 07:30:58 --> [DEPRECATED] Creation of dynamic property App\Controllers\Customers::$User_shipping_addressmodel is deprecated in APPPATH/Controllers/Customers.php on line 30.
 1 SYSTEMPATH/CodeIgniter.php(906): App\Controllers\Customers->__construct()
 2 SYSTEMPATH/CodeIgniter.php(490): CodeIgniter\CodeIgniter->createController()
 3 SYSTEMPATH/CodeIgniter.php(368): CodeIgniter\CodeIgniter->handleRequest(null, Object(Config\Cache), false)
 4 FCPATH/index.php(67): CodeIgniter\CodeIgniter->run()
INFO - 2025-07-04 07:30:59 --> Session: Class initialized using 'CodeIgniter\Session\Handlers\FileHandler' driver.
WARNING - 2025-07-04 07:30:59 --> [DEPRECATED] Creation of dynamic property App\Controllers\Home::$user_model is deprecated in APPPATH/Controllers/Home.php on line 35.
 1 SYSTEMPATH/CodeIgniter.php(906): App\Controllers\Home->__construct()
 2 SYSTEMPATH/CodeIgniter.php(490): CodeIgniter\CodeIgniter->createController()
 3 SYSTEMPATH/CodeIgniter.php(368): CodeIgniter\CodeIgniter->handleRequest(null, Object(Config\Cache), false)
 4 FCPATH/index.php(67): CodeIgniter\CodeIgniter->run()
WARNING - 2025-07-04 07:30:59 --> [DEPRECATED] Creation of dynamic property App\Controllers\Home::$BlogModel is deprecated in APPPATH/Controllers/Home.php on line 43.
 1 SYSTEMPATH/CodeIgniter.php(906): App\Controllers\Home->__construct()
 2 SYSTEMPATH/CodeIgniter.php(490): CodeIgniter\CodeIgniter->createController()
 3 SYSTEMPATH/CodeIgniter.php(368): CodeIgniter\CodeIgniter->handleRequest(null, Object(Config\Cache), false)
 4 FCPATH/index.php(67): CodeIgniter\CodeIgniter->run()
WARNING - 2025-07-04 07:30:59 --> [DEPRECATED] Creation of dynamic property App\Controllers\Home::$EnquiryModel is deprecated in APPPATH/Controllers/Home.php on line 44.
 1 SYSTEMPATH/CodeIgniter.php(906): App\Controllers\Home->__construct()
 2 SYSTEMPATH/CodeIgniter.php(490): CodeIgniter\CodeIgniter->createController()
 3 SYSTEMPATH/CodeIgniter.php(368): CodeIgniter\CodeIgniter->handleRequest(null, Object(Config\Cache), false)
 4 FCPATH/index.php(67): CodeIgniter\CodeIgniter->run()
WARNING - 2025-07-04 07:30:59 --> [DEPRECATED] Creation of dynamic property App\Controllers\Home::$Allsettingsmodel is deprecated in APPPATH/Controllers/Home.php on line 45.
 1 SYSTEMPATH/CodeIgniter.php(906): App\Controllers\Home->__construct()
 2 SYSTEMPATH/CodeIgniter.php(490): CodeIgniter\CodeIgniter->createController()
 3 SYSTEMPATH/CodeIgniter.php(368): CodeIgniter\CodeIgniter->handleRequest(null, Object(Config\Cache), false)
 4 FCPATH/index.php(67): CodeIgniter\CodeIgniter->run()
INFO - 2025-07-04 07:31:09 --> Session: Class initialized using 'CodeIgniter\Session\Handlers\FileHandler' driver.
WARNING - 2025-07-04 07:31:09 --> [DEPRECATED] Creation of dynamic property App\Controllers\Customers::$session is deprecated in APPPATH/Controllers/Customers.php on line 19.
 1 SYSTEMPATH/CodeIgniter.php(906): App\Controllers\Customers->__construct()
 2 SYSTEMPATH/CodeIgniter.php(490): CodeIgniter\CodeIgniter->createController()
 3 SYSTEMPATH/CodeIgniter.php(368): CodeIgniter\CodeIgniter->handleRequest(null, Object(Config\Cache), false)
 4 FCPATH/index.php(67): CodeIgniter\CodeIgniter->run()
WARNING - 2025-07-04 07:31:09 --> Session: Sessions is enabled, and one exists. Please don't $session->start();
WARNING - 2025-07-04 07:31:09 --> [DEPRECATED] Creation of dynamic property App\Controllers\Customers::$country is deprecated in APPPATH/Controllers/Customers.php on line 23.
 1 SYSTEMPATH/CodeIgniter.php(906): App\Controllers\Customers->__construct()
 2 SYSTEMPATH/CodeIgniter.php(490): CodeIgniter\CodeIgniter->createController()
 3 SYSTEMPATH/CodeIgniter.php(368): CodeIgniter\CodeIgniter->handleRequest(null, Object(Config\Cache), false)
 4 FCPATH/index.php(67): CodeIgniter\CodeIgniter->run()
WARNING - 2025-07-04 07:31:09 --> [DEPRECATED] Creation of dynamic property App\Controllers\Customers::$state is deprecated in APPPATH/Controllers/Customers.php on line 24.
 1 SYSTEMPATH/CodeIgniter.php(906): App\Controllers\Customers->__construct()
 2 SYSTEMPATH/CodeIgniter.php(490): CodeIgniter\CodeIgniter->createController()
 3 SYSTEMPATH/CodeIgniter.php(368): CodeIgniter\CodeIgniter->handleRequest(null, Object(Config\Cache), false)
 4 FCPATH/index.php(67): CodeIgniter\CodeIgniter->run()
WARNING - 2025-07-04 07:31:09 --> [DEPRECATED] Creation of dynamic property App\Controllers\Customers::$city is deprecated in APPPATH/Controllers/Customers.php on line 25.
 1 SYSTEMPATH/CodeIgniter.php(906): App\Controllers\Customers->__construct()
 2 SYSTEMPATH/CodeIgniter.php(490): CodeIgniter\CodeIgniter->createController()
 3 SYSTEMPATH/CodeIgniter.php(368): CodeIgniter\CodeIgniter->handleRequest(null, Object(Config\Cache), false)
 4 FCPATH/index.php(67): CodeIgniter\CodeIgniter->run()
WARNING - 2025-07-04 07:31:09 --> [DEPRECATED] Creation of dynamic property App\Controllers\Customers::$users is deprecated in APPPATH/Controllers/Customers.php on line 26.
 1 SYSTEMPATH/CodeIgniter.php(906): App\Controllers\Customers->__construct()
 2 SYSTEMPATH/CodeIgniter.php(490): CodeIgniter\CodeIgniter->createController()
 3 SYSTEMPATH/CodeIgniter.php(368): CodeIgniter\CodeIgniter->handleRequest(null, Object(Config\Cache), false)
 4 FCPATH/index.php(67): CodeIgniter\CodeIgniter->run()
WARNING - 2025-07-04 07:31:09 --> [DEPRECATED] Creation of dynamic property App\Controllers\Customers::$variation is deprecated in APPPATH/Controllers/Customers.php on line 27.
 1 SYSTEMPATH/CodeIgniter.php(906): App\Controllers\Customers->__construct()
 2 SYSTEMPATH/CodeIgniter.php(490): CodeIgniter\CodeIgniter->createController()
 3 SYSTEMPATH/CodeIgniter.php(368): CodeIgniter\CodeIgniter->handleRequest(null, Object(Config\Cache), false)
 4 FCPATH/index.php(67): CodeIgniter\CodeIgniter->run()
WARNING - 2025-07-04 07:31:09 --> [DEPRECATED] Creation of dynamic property App\Controllers\Customers::$variationtype is deprecated in APPPATH/Controllers/Customers.php on line 28.
 1 SYSTEMPATH/CodeIgniter.php(906): App\Controllers\Customers->__construct()
 2 SYSTEMPATH/CodeIgniter.php(490): CodeIgniter\CodeIgniter->createController()
 3 SYSTEMPATH/CodeIgniter.php(368): CodeIgniter\CodeIgniter->handleRequest(null, Object(Config\Cache), false)
 4 FCPATH/index.php(67): CodeIgniter\CodeIgniter->run()
WARNING - 2025-07-04 07:31:09 --> [DEPRECATED] Creation of dynamic property App\Controllers\Customers::$brand is deprecated in APPPATH/Controllers/Customers.php on line 29.
 1 SYSTEMPATH/CodeIgniter.php(906): App\Controllers\Customers->__construct()
 2 SYSTEMPATH/CodeIgniter.php(490): CodeIgniter\CodeIgniter->createController()
 3 SYSTEMPATH/CodeIgniter.php(368): CodeIgniter\CodeIgniter->handleRequest(null, Object(Config\Cache), false)
 4 FCPATH/index.php(67): CodeIgniter\CodeIgniter->run()
WARNING - 2025-07-04 07:31:09 --> [DEPRECATED] Creation of dynamic property App\Controllers\Customers::$User_shipping_addressmodel is deprecated in APPPATH/Controllers/Customers.php on line 30.
 1 SYSTEMPATH/CodeIgniter.php(906): App\Controllers\Customers->__construct()
 2 SYSTEMPATH/CodeIgniter.php(490): CodeIgniter\CodeIgniter->createController()
 3 SYSTEMPATH/CodeIgniter.php(368): CodeIgniter\CodeIgniter->handleRequest(null, Object(Config\Cache), false)
 4 FCPATH/index.php(67): CodeIgniter\CodeIgniter->run()
INFO - 2025-07-04 07:31:09 --> Session: Class initialized using 'CodeIgniter\Session\Handlers\FileHandler' driver.
WARNING - 2025-07-04 07:31:09 --> [DEPRECATED] Creation of dynamic property App\Controllers\Home::$user_model is deprecated in APPPATH/Controllers/Home.php on line 35.
 1 SYSTEMPATH/CodeIgniter.php(906): App\Controllers\Home->__construct()
 2 SYSTEMPATH/CodeIgniter.php(490): CodeIgniter\CodeIgniter->createController()
 3 SYSTEMPATH/CodeIgniter.php(368): CodeIgniter\CodeIgniter->handleRequest(null, Object(Config\Cache), false)
 4 FCPATH/index.php(67): CodeIgniter\CodeIgniter->run()
WARNING - 2025-07-04 07:31:09 --> [DEPRECATED] Creation of dynamic property App\Controllers\Home::$BlogModel is deprecated in APPPATH/Controllers/Home.php on line 43.
 1 SYSTEMPATH/CodeIgniter.php(906): App\Controllers\Home->__construct()
 2 SYSTEMPATH/CodeIgniter.php(490): CodeIgniter\CodeIgniter->createController()
 3 SYSTEMPATH/CodeIgniter.php(368): CodeIgniter\CodeIgniter->handleRequest(null, Object(Config\Cache), false)
 4 FCPATH/index.php(67): CodeIgniter\CodeIgniter->run()
WARNING - 2025-07-04 07:31:09 --> [DEPRECATED] Creation of dynamic property App\Controllers\Home::$EnquiryModel is deprecated in APPPATH/Controllers/Home.php on line 44.
 1 SYSTEMPATH/CodeIgniter.php(906): App\Controllers\Home->__construct()
 2 SYSTEMPATH/CodeIgniter.php(490): CodeIgniter\CodeIgniter->createController()
 3 SYSTEMPATH/CodeIgniter.php(368): CodeIgniter\CodeIgniter->handleRequest(null, Object(Config\Cache), false)
 4 FCPATH/index.php(67): CodeIgniter\CodeIgniter->run()
WARNING - 2025-07-04 07:31:09 --> [DEPRECATED] Creation of dynamic property App\Controllers\Home::$Allsettingsmodel is deprecated in APPPATH/Controllers/Home.php on line 45.
 1 SYSTEMPATH/CodeIgniter.php(906): App\Controllers\Home->__construct()
 2 SYSTEMPATH/CodeIgniter.php(490): CodeIgniter\CodeIgniter->createController()
 3 SYSTEMPATH/CodeIgniter.php(368): CodeIgniter\CodeIgniter->handleRequest(null, Object(Config\Cache), false)
 4 FCPATH/index.php(67): CodeIgniter\CodeIgniter->run()
INFO - 2025-07-04 07:31:15 --> Session: Class initialized using 'CodeIgniter\Session\Handlers\FileHandler' driver.
WARNING - 2025-07-04 07:31:15 --> [DEPRECATED] Creation of dynamic property App\Controllers\Customers::$session is deprecated in APPPATH/Controllers/Customers.php on line 19.
 1 SYSTEMPATH/CodeIgniter.php(906): App\Controllers\Customers->__construct()
 2 SYSTEMPATH/CodeIgniter.php(490): CodeIgniter\CodeIgniter->createController()
 3 SYSTEMPATH/CodeIgniter.php(368): CodeIgniter\CodeIgniter->handleRequest(null, Object(Config\Cache), false)
 4 FCPATH/index.php(67): CodeIgniter\CodeIgniter->run()
WARNING - 2025-07-04 07:31:15 --> Session: Sessions is enabled, and one exists. Please don't $session->start();
WARNING - 2025-07-04 07:31:15 --> [DEPRECATED] Creation of dynamic property App\Controllers\Customers::$country is deprecated in APPPATH/Controllers/Customers.php on line 23.
 1 SYSTEMPATH/CodeIgniter.php(906): App\Controllers\Customers->__construct()
 2 SYSTEMPATH/CodeIgniter.php(490): CodeIgniter\CodeIgniter->createController()
 3 SYSTEMPATH/CodeIgniter.php(368): CodeIgniter\CodeIgniter->handleRequest(null, Object(Config\Cache), false)
 4 FCPATH/index.php(67): CodeIgniter\CodeIgniter->run()
WARNING - 2025-07-04 07:31:15 --> [DEPRECATED] Creation of dynamic property App\Controllers\Customers::$state is deprecated in APPPATH/Controllers/Customers.php on line 24.
 1 SYSTEMPATH/CodeIgniter.php(906): App\Controllers\Customers->__construct()
 2 SYSTEMPATH/CodeIgniter.php(490): CodeIgniter\CodeIgniter->createController()
 3 SYSTEMPATH/CodeIgniter.php(368): CodeIgniter\CodeIgniter->handleRequest(null, Object(Config\Cache), false)
 4 FCPATH/index.php(67): CodeIgniter\CodeIgniter->run()
WARNING - 2025-07-04 07:31:15 --> [DEPRECATED] Creation of dynamic property App\Controllers\Customers::$city is deprecated in APPPATH/Controllers/Customers.php on line 25.
 1 SYSTEMPATH/CodeIgniter.php(906): App\Controllers\Customers->__construct()
 2 SYSTEMPATH/CodeIgniter.php(490): CodeIgniter\CodeIgniter->createController()
 3 SYSTEMPATH/CodeIgniter.php(368): CodeIgniter\CodeIgniter->handleRequest(null, Object(Config\Cache), false)
 4 FCPATH/index.php(67): CodeIgniter\CodeIgniter->run()
WARNING - 2025-07-04 07:31:15 --> [DEPRECATED] Creation of dynamic property App\Controllers\Customers::$users is deprecated in APPPATH/Controllers/Customers.php on line 26.
 1 SYSTEMPATH/CodeIgniter.php(906): App\Controllers\Customers->__construct()
 2 SYSTEMPATH/CodeIgniter.php(490): CodeIgniter\CodeIgniter->createController()
 3 SYSTEMPATH/CodeIgniter.php(368): CodeIgniter\CodeIgniter->handleRequest(null, Object(Config\Cache), false)
 4 FCPATH/index.php(67): CodeIgniter\CodeIgniter->run()
WARNING - 2025-07-04 07:31:15 --> [DEPRECATED] Creation of dynamic property App\Controllers\Customers::$variation is deprecated in APPPATH/Controllers/Customers.php on line 27.
 1 SYSTEMPATH/CodeIgniter.php(906): App\Controllers\Customers->__construct()
 2 SYSTEMPATH/CodeIgniter.php(490): CodeIgniter\CodeIgniter->createController()
 3 SYSTEMPATH/CodeIgniter.php(368): CodeIgniter\CodeIgniter->handleRequest(null, Object(Config\Cache), false)
 4 FCPATH/index.php(67): CodeIgniter\CodeIgniter->run()
WARNING - 2025-07-04 07:31:15 --> [DEPRECATED] Creation of dynamic property App\Controllers\Customers::$variationtype is deprecated in APPPATH/Controllers/Customers.php on line 28.
 1 SYSTEMPATH/CodeIgniter.php(906): App\Controllers\Customers->__construct()
 2 SYSTEMPATH/CodeIgniter.php(490): CodeIgniter\CodeIgniter->createController()
 3 SYSTEMPATH/CodeIgniter.php(368): CodeIgniter\CodeIgniter->handleRequest(null, Object(Config\Cache), false)
 4 FCPATH/index.php(67): CodeIgniter\CodeIgniter->run()
WARNING - 2025-07-04 07:31:15 --> [DEPRECATED] Creation of dynamic property App\Controllers\Customers::$brand is deprecated in APPPATH/Controllers/Customers.php on line 29.
 1 SYSTEMPATH/CodeIgniter.php(906): App\Controllers\Customers->__construct()
 2 SYSTEMPATH/CodeIgniter.php(490): CodeIgniter\CodeIgniter->createController()
 3 SYSTEMPATH/CodeIgniter.php(368): CodeIgniter\CodeIgniter->handleRequest(null, Object(Config\Cache), false)
 4 FCPATH/index.php(67): CodeIgniter\CodeIgniter->run()
WARNING - 2025-07-04 07:31:15 --> [DEPRECATED] Creation of dynamic property App\Controllers\Customers::$User_shipping_addressmodel is deprecated in APPPATH/Controllers/Customers.php on line 30.
 1 SYSTEMPATH/CodeIgniter.php(906): App\Controllers\Customers->__construct()
 2 SYSTEMPATH/CodeIgniter.php(490): CodeIgniter\CodeIgniter->createController()
 3 SYSTEMPATH/CodeIgniter.php(368): CodeIgniter\CodeIgniter->handleRequest(null, Object(Config\Cache), false)
 4 FCPATH/index.php(67): CodeIgniter\CodeIgniter->run()
INFO - 2025-07-04 07:31:16 --> Session: Class initialized using 'CodeIgniter\Session\Handlers\FileHandler' driver.
WARNING - 2025-07-04 07:31:16 --> [DEPRECATED] Creation of dynamic property App\Controllers\Home::$user_model is deprecated in APPPATH/Controllers/Home.php on line 35.
 1 SYSTEMPATH/CodeIgniter.php(906): App\Controllers\Home->__construct()
 2 SYSTEMPATH/CodeIgniter.php(490): CodeIgniter\CodeIgniter->createController()
 3 SYSTEMPATH/CodeIgniter.php(368): CodeIgniter\CodeIgniter->handleRequest(null, Object(Config\Cache), false)
 4 FCPATH/index.php(67): CodeIgniter\CodeIgniter->run()
WARNING - 2025-07-04 07:31:16 --> [DEPRECATED] Creation of dynamic property App\Controllers\Home::$BlogModel is deprecated in APPPATH/Controllers/Home.php on line 43.
 1 SYSTEMPATH/CodeIgniter.php(906): App\Controllers\Home->__construct()
 2 SYSTEMPATH/CodeIgniter.php(490): CodeIgniter\CodeIgniter->createController()
 3 SYSTEMPATH/CodeIgniter.php(368): CodeIgniter\CodeIgniter->handleRequest(null, Object(Config\Cache), false)
 4 FCPATH/index.php(67): CodeIgniter\CodeIgniter->run()
WARNING - 2025-07-04 07:31:16 --> [DEPRECATED] Creation of dynamic property App\Controllers\Home::$EnquiryModel is deprecated in APPPATH/Controllers/Home.php on line 44.
 1 SYSTEMPATH/CodeIgniter.php(906): App\Controllers\Home->__construct()
 2 SYSTEMPATH/CodeIgniter.php(490): CodeIgniter\CodeIgniter->createController()
 3 SYSTEMPATH/CodeIgniter.php(368): CodeIgniter\CodeIgniter->handleRequest(null, Object(Config\Cache), false)
 4 FCPATH/index.php(67): CodeIgniter\CodeIgniter->run()
WARNING - 2025-07-04 07:31:16 --> [DEPRECATED] Creation of dynamic property App\Controllers\Home::$Allsettingsmodel is deprecated in APPPATH/Controllers/Home.php on line 45.
 1 SYSTEMPATH/CodeIgniter.php(906): App\Controllers\Home->__construct()
 2 SYSTEMPATH/CodeIgniter.php(490): CodeIgniter\CodeIgniter->createController()
 3 SYSTEMPATH/CodeIgniter.php(368): CodeIgniter\CodeIgniter->handleRequest(null, Object(Config\Cache), false)
 4 FCPATH/index.php(67): CodeIgniter\CodeIgniter->run()
INFO - 2025-07-04 07:54:49 --> Session: Class initialized using 'CodeIgniter\Session\Handlers\FileHandler' driver.
WARNING - 2025-07-04 07:54:49 --> [DEPRECATED] Creation of dynamic property App\Controllers\Customers::$session is deprecated in APPPATH/Controllers/Customers.php on line 19.
 1 SYSTEMPATH/CodeIgniter.php(906): App\Controllers\Customers->__construct()
 2 SYSTEMPATH/CodeIgniter.php(490): CodeIgniter\CodeIgniter->createController()
 3 SYSTEMPATH/CodeIgniter.php(368): CodeIgniter\CodeIgniter->handleRequest(null, Object(Config\Cache), false)
 4 FCPATH/index.php(67): CodeIgniter\CodeIgniter->run()
WARNING - 2025-07-04 07:54:49 --> Session: Sessions is enabled, and one exists. Please don't $session->start();
WARNING - 2025-07-04 07:54:49 --> [DEPRECATED] Creation of dynamic property App\Controllers\Customers::$country is deprecated in APPPATH/Controllers/Customers.php on line 23.
 1 SYSTEMPATH/CodeIgniter.php(906): App\Controllers\Customers->__construct()
 2 SYSTEMPATH/CodeIgniter.php(490): CodeIgniter\CodeIgniter->createController()
 3 SYSTEMPATH/CodeIgniter.php(368): CodeIgniter\CodeIgniter->handleRequest(null, Object(Config\Cache), false)
 4 FCPATH/index.php(67): CodeIgniter\CodeIgniter->run()
WARNING - 2025-07-04 07:54:49 --> [DEPRECATED] Creation of dynamic property App\Controllers\Customers::$state is deprecated in APPPATH/Controllers/Customers.php on line 24.
 1 SYSTEMPATH/CodeIgniter.php(906): App\Controllers\Customers->__construct()
 2 SYSTEMPATH/CodeIgniter.php(490): CodeIgniter\CodeIgniter->createController()
 3 SYSTEMPATH/CodeIgniter.php(368): CodeIgniter\CodeIgniter->handleRequest(null, Object(Config\Cache), false)
 4 FCPATH/index.php(67): CodeIgniter\CodeIgniter->run()
WARNING - 2025-07-04 07:54:49 --> [DEPRECATED] Creation of dynamic property App\Controllers\Customers::$city is deprecated in APPPATH/Controllers/Customers.php on line 25.
 1 SYSTEMPATH/CodeIgniter.php(906): App\Controllers\Customers->__construct()
 2 SYSTEMPATH/CodeIgniter.php(490): CodeIgniter\CodeIgniter->createController()
 3 SYSTEMPATH/CodeIgniter.php(368): CodeIgniter\CodeIgniter->handleRequest(null, Object(Config\Cache), false)
 4 FCPATH/index.php(67): CodeIgniter\CodeIgniter->run()
WARNING - 2025-07-04 07:54:49 --> [DEPRECATED] Creation of dynamic property App\Controllers\Customers::$users is deprecated in APPPATH/Controllers/Customers.php on line 26.
 1 SYSTEMPATH/CodeIgniter.php(906): App\Controllers\Customers->__construct()
 2 SYSTEMPATH/CodeIgniter.php(490): CodeIgniter\CodeIgniter->createController()
 3 SYSTEMPATH/CodeIgniter.php(368): CodeIgniter\CodeIgniter->handleRequest(null, Object(Config\Cache), false)
 4 FCPATH/index.php(67): CodeIgniter\CodeIgniter->run()
WARNING - 2025-07-04 07:54:49 --> [DEPRECATED] Creation of dynamic property App\Controllers\Customers::$variation is deprecated in APPPATH/Controllers/Customers.php on line 27.
 1 SYSTEMPATH/CodeIgniter.php(906): App\Controllers\Customers->__construct()
 2 SYSTEMPATH/CodeIgniter.php(490): CodeIgniter\CodeIgniter->createController()
 3 SYSTEMPATH/CodeIgniter.php(368): CodeIgniter\CodeIgniter->handleRequest(null, Object(Config\Cache), false)
 4 FCPATH/index.php(67): CodeIgniter\CodeIgniter->run()
WARNING - 2025-07-04 07:54:49 --> [DEPRECATED] Creation of dynamic property App\Controllers\Customers::$variationtype is deprecated in APPPATH/Controllers/Customers.php on line 28.
 1 SYSTEMPATH/CodeIgniter.php(906): App\Controllers\Customers->__construct()
 2 SYSTEMPATH/CodeIgniter.php(490): CodeIgniter\CodeIgniter->createController()
 3 SYSTEMPATH/CodeIgniter.php(368): CodeIgniter\CodeIgniter->handleRequest(null, Object(Config\Cache), false)
 4 FCPATH/index.php(67): CodeIgniter\CodeIgniter->run()
WARNING - 2025-07-04 07:54:49 --> [DEPRECATED] Creation of dynamic property App\Controllers\Customers::$brand is deprecated in APPPATH/Controllers/Customers.php on line 29.
 1 SYSTEMPATH/CodeIgniter.php(906): App\Controllers\Customers->__construct()
 2 SYSTEMPATH/CodeIgniter.php(490): CodeIgniter\CodeIgniter->createController()
 3 SYSTEMPATH/CodeIgniter.php(368): CodeIgniter\CodeIgniter->handleRequest(null, Object(Config\Cache), false)
 4 FCPATH/index.php(67): CodeIgniter\CodeIgniter->run()
WARNING - 2025-07-04 07:54:49 --> [DEPRECATED] Creation of dynamic property App\Controllers\Customers::$User_shipping_addressmodel is deprecated in APPPATH/Controllers/Customers.php on line 30.
 1 SYSTEMPATH/CodeIgniter.php(906): App\Controllers\Customers->__construct()
 2 SYSTEMPATH/CodeIgniter.php(490): CodeIgniter\CodeIgniter->createController()
 3 SYSTEMPATH/CodeIgniter.php(368): CodeIgniter\CodeIgniter->handleRequest(null, Object(Config\Cache), false)
 4 FCPATH/index.php(67): CodeIgniter\CodeIgniter->run()
INFO - 2025-07-04 07:54:50 --> Session: Class initialized using 'CodeIgniter\Session\Handlers\FileHandler' driver.
WARNING - 2025-07-04 07:54:50 --> [DEPRECATED] Creation of dynamic property App\Controllers\Home::$user_model is deprecated in APPPATH/Controllers/Home.php on line 35.
 1 SYSTEMPATH/CodeIgniter.php(906): App\Controllers\Home->__construct()
 2 SYSTEMPATH/CodeIgniter.php(490): CodeIgniter\CodeIgniter->createController()
 3 SYSTEMPATH/CodeIgniter.php(368): CodeIgniter\CodeIgniter->handleRequest(null, Object(Config\Cache), false)
 4 FCPATH/index.php(67): CodeIgniter\CodeIgniter->run()
WARNING - 2025-07-04 07:54:50 --> [DEPRECATED] Creation of dynamic property App\Controllers\Home::$BlogModel is deprecated in APPPATH/Controllers/Home.php on line 43.
 1 SYSTEMPATH/CodeIgniter.php(906): App\Controllers\Home->__construct()
 2 SYSTEMPATH/CodeIgniter.php(490): CodeIgniter\CodeIgniter->createController()
 3 SYSTEMPATH/CodeIgniter.php(368): CodeIgniter\CodeIgniter->handleRequest(null, Object(Config\Cache), false)
 4 FCPATH/index.php(67): CodeIgniter\CodeIgniter->run()
WARNING - 2025-07-04 07:54:50 --> [DEPRECATED] Creation of dynamic property App\Controllers\Home::$EnquiryModel is deprecated in APPPATH/Controllers/Home.php on line 44.
 1 SYSTEMPATH/CodeIgniter.php(906): App\Controllers\Home->__construct()
 2 SYSTEMPATH/CodeIgniter.php(490): CodeIgniter\CodeIgniter->createController()
 3 SYSTEMPATH/CodeIgniter.php(368): CodeIgniter\CodeIgniter->handleRequest(null, Object(Config\Cache), false)
 4 FCPATH/index.php(67): CodeIgniter\CodeIgniter->run()
WARNING - 2025-07-04 07:54:50 --> [DEPRECATED] Creation of dynamic property App\Controllers\Home::$Allsettingsmodel is deprecated in APPPATH/Controllers/Home.php on line 45.
 1 SYSTEMPATH/CodeIgniter.php(906): App\Controllers\Home->__construct()
 2 SYSTEMPATH/CodeIgniter.php(490): CodeIgniter\CodeIgniter->createController()
 3 SYSTEMPATH/CodeIgniter.php(368): CodeIgniter\CodeIgniter->handleRequest(null, Object(Config\Cache), false)
 4 FCPATH/index.php(67): CodeIgniter\CodeIgniter->run()
INFO - 2025-07-04 07:55:38 --> Session: Class initialized using 'CodeIgniter\Session\Handlers\FileHandler' driver.
WARNING - 2025-07-04 07:55:38 --> [DEPRECATED] Creation of dynamic property App\Controllers\Customers::$session is deprecated in APPPATH/Controllers/Customers.php on line 19.
 1 SYSTEMPATH/CodeIgniter.php(906): App\Controllers\Customers->__construct()
 2 SYSTEMPATH/CodeIgniter.php(490): CodeIgniter\CodeIgniter->createController()
 3 SYSTEMPATH/CodeIgniter.php(368): CodeIgniter\CodeIgniter->handleRequest(null, Object(Config\Cache), false)
 4 FCPATH/index.php(67): CodeIgniter\CodeIgniter->run()
WARNING - 2025-07-04 07:55:38 --> Session: Sessions is enabled, and one exists. Please don't $session->start();
WARNING - 2025-07-04 07:55:38 --> [DEPRECATED] Creation of dynamic property App\Controllers\Customers::$country is deprecated in APPPATH/Controllers/Customers.php on line 23.
 1 SYSTEMPATH/CodeIgniter.php(906): App\Controllers\Customers->__construct()
 2 SYSTEMPATH/CodeIgniter.php(490): CodeIgniter\CodeIgniter->createController()
 3 SYSTEMPATH/CodeIgniter.php(368): CodeIgniter\CodeIgniter->handleRequest(null, Object(Config\Cache), false)
 4 FCPATH/index.php(67): CodeIgniter\CodeIgniter->run()
WARNING - 2025-07-04 07:55:38 --> [DEPRECATED] Creation of dynamic property App\Controllers\Customers::$state is deprecated in APPPATH/Controllers/Customers.php on line 24.
 1 SYSTEMPATH/CodeIgniter.php(906): App\Controllers\Customers->__construct()
 2 SYSTEMPATH/CodeIgniter.php(490): CodeIgniter\CodeIgniter->createController()
 3 SYSTEMPATH/CodeIgniter.php(368): CodeIgniter\CodeIgniter->handleRequest(null, Object(Config\Cache), false)
 4 FCPATH/index.php(67): CodeIgniter\CodeIgniter->run()
WARNING - 2025-07-04 07:55:38 --> [DEPRECATED] Creation of dynamic property App\Controllers\Customers::$city is deprecated in APPPATH/Controllers/Customers.php on line 25.
 1 SYSTEMPATH/CodeIgniter.php(906): App\Controllers\Customers->__construct()
 2 SYSTEMPATH/CodeIgniter.php(490): CodeIgniter\CodeIgniter->createController()
 3 SYSTEMPATH/CodeIgniter.php(368): CodeIgniter\CodeIgniter->handleRequest(null, Object(Config\Cache), false)
 4 FCPATH/index.php(67): CodeIgniter\CodeIgniter->run()
WARNING - 2025-07-04 07:55:38 --> [DEPRECATED] Creation of dynamic property App\Controllers\Customers::$users is deprecated in APPPATH/Controllers/Customers.php on line 26.
 1 SYSTEMPATH/CodeIgniter.php(906): App\Controllers\Customers->__construct()
 2 SYSTEMPATH/CodeIgniter.php(490): CodeIgniter\CodeIgniter->createController()
 3 SYSTEMPATH/CodeIgniter.php(368): CodeIgniter\CodeIgniter->handleRequest(null, Object(Config\Cache), false)
 4 FCPATH/index.php(67): CodeIgniter\CodeIgniter->run()
WARNING - 2025-07-04 07:55:38 --> [DEPRECATED] Creation of dynamic property App\Controllers\Customers::$variation is deprecated in APPPATH/Controllers/Customers.php on line 27.
 1 SYSTEMPATH/CodeIgniter.php(906): App\Controllers\Customers->__construct()
 2 SYSTEMPATH/CodeIgniter.php(490): CodeIgniter\CodeIgniter->createController()
 3 SYSTEMPATH/CodeIgniter.php(368): CodeIgniter\CodeIgniter->handleRequest(null, Object(Config\Cache), false)
 4 FCPATH/index.php(67): CodeIgniter\CodeIgniter->run()
WARNING - 2025-07-04 07:55:38 --> [DEPRECATED] Creation of dynamic property App\Controllers\Customers::$variationtype is deprecated in APPPATH/Controllers/Customers.php on line 28.
 1 SYSTEMPATH/CodeIgniter.php(906): App\Controllers\Customers->__construct()
 2 SYSTEMPATH/CodeIgniter.php(490): CodeIgniter\CodeIgniter->createController()
 3 SYSTEMPATH/CodeIgniter.php(368): CodeIgniter\CodeIgniter->handleRequest(null, Object(Config\Cache), false)
 4 FCPATH/index.php(67): CodeIgniter\CodeIgniter->run()
WARNING - 2025-07-04 07:55:38 --> [DEPRECATED] Creation of dynamic property App\Controllers\Customers::$brand is deprecated in APPPATH/Controllers/Customers.php on line 29.
 1 SYSTEMPATH/CodeIgniter.php(906): App\Controllers\Customers->__construct()
 2 SYSTEMPATH/CodeIgniter.php(490): CodeIgniter\CodeIgniter->createController()
 3 SYSTEMPATH/CodeIgniter.php(368): CodeIgniter\CodeIgniter->handleRequest(null, Object(Config\Cache), false)
 4 FCPATH/index.php(67): CodeIgniter\CodeIgniter->run()
WARNING - 2025-07-04 07:55:38 --> [DEPRECATED] Creation of dynamic property App\Controllers\Customers::$User_shipping_addressmodel is deprecated in APPPATH/Controllers/Customers.php on line 30.
 1 SYSTEMPATH/CodeIgniter.php(906): App\Controllers\Customers->__construct()
 2 SYSTEMPATH/CodeIgniter.php(490): CodeIgniter\CodeIgniter->createController()
 3 SYSTEMPATH/CodeIgniter.php(368): CodeIgniter\CodeIgniter->handleRequest(null, Object(Config\Cache), false)
 4 FCPATH/index.php(67): CodeIgniter\CodeIgniter->run()
INFO - 2025-07-04 07:55:39 --> Session: Class initialized using 'CodeIgniter\Session\Handlers\FileHandler' driver.
WARNING - 2025-07-04 07:55:39 --> [DEPRECATED] Creation of dynamic property App\Controllers\Home::$user_model is deprecated in APPPATH/Controllers/Home.php on line 35.
 1 SYSTEMPATH/CodeIgniter.php(906): App\Controllers\Home->__construct()
 2 SYSTEMPATH/CodeIgniter.php(490): CodeIgniter\CodeIgniter->createController()
 3 SYSTEMPATH/CodeIgniter.php(368): CodeIgniter\CodeIgniter->handleRequest(null, Object(Config\Cache), false)
 4 FCPATH/index.php(67): CodeIgniter\CodeIgniter->run()
WARNING - 2025-07-04 07:55:39 --> [DEPRECATED] Creation of dynamic property App\Controllers\Home::$BlogModel is deprecated in APPPATH/Controllers/Home.php on line 43.
 1 SYSTEMPATH/CodeIgniter.php(906): App\Controllers\Home->__construct()
 2 SYSTEMPATH/CodeIgniter.php(490): CodeIgniter\CodeIgniter->createController()
 3 SYSTEMPATH/CodeIgniter.php(368): CodeIgniter\CodeIgniter->handleRequest(null, Object(Config\Cache), false)
 4 FCPATH/index.php(67): CodeIgniter\CodeIgniter->run()
WARNING - 2025-07-04 07:55:39 --> [DEPRECATED] Creation of dynamic property App\Controllers\Home::$EnquiryModel is deprecated in APPPATH/Controllers/Home.php on line 44.
 1 SYSTEMPATH/CodeIgniter.php(906): App\Controllers\Home->__construct()
 2 SYSTEMPATH/CodeIgniter.php(490): CodeIgniter\CodeIgniter->createController()
 3 SYSTEMPATH/CodeIgniter.php(368): CodeIgniter\CodeIgniter->handleRequest(null, Object(Config\Cache), false)
 4 FCPATH/index.php(67): CodeIgniter\CodeIgniter->run()
WARNING - 2025-07-04 07:55:39 --> [DEPRECATED] Creation of dynamic property App\Controllers\Home::$Allsettingsmodel is deprecated in APPPATH/Controllers/Home.php on line 45.
 1 SYSTEMPATH/CodeIgniter.php(906): App\Controllers\Home->__construct()
 2 SYSTEMPATH/CodeIgniter.php(490): CodeIgniter\CodeIgniter->createController()
 3 SYSTEMPATH/CodeIgniter.php(368): CodeIgniter\CodeIgniter->handleRequest(null, Object(Config\Cache), false)
 4 FCPATH/index.php(67): CodeIgniter\CodeIgniter->run()
INFO - 2025-07-04 07:56:02 --> Session: Class initialized using 'CodeIgniter\Session\Handlers\FileHandler' driver.
WARNING - 2025-07-04 07:56:02 --> [DEPRECATED] Creation of dynamic property App\Controllers\Customers::$session is deprecated in APPPATH/Controllers/Customers.php on line 19.
 1 SYSTEMPATH/CodeIgniter.php(906): App\Controllers\Customers->__construct()
 2 SYSTEMPATH/CodeIgniter.php(490): CodeIgniter\CodeIgniter->createController()
 3 SYSTEMPATH/CodeIgniter.php(368): CodeIgniter\CodeIgniter->handleRequest(null, Object(Config\Cache), false)
 4 FCPATH/index.php(67): CodeIgniter\CodeIgniter->run()
WARNING - 2025-07-04 07:56:02 --> Session: Sessions is enabled, and one exists. Please don't $session->start();
WARNING - 2025-07-04 07:56:02 --> [DEPRECATED] Creation of dynamic property App\Controllers\Customers::$country is deprecated in APPPATH/Controllers/Customers.php on line 23.
 1 SYSTEMPATH/CodeIgniter.php(906): App\Controllers\Customers->__construct()
 2 SYSTEMPATH/CodeIgniter.php(490): CodeIgniter\CodeIgniter->createController()
 3 SYSTEMPATH/CodeIgniter.php(368): CodeIgniter\CodeIgniter->handleRequest(null, Object(Config\Cache), false)
 4 FCPATH/index.php(67): CodeIgniter\CodeIgniter->run()
WARNING - 2025-07-04 07:56:02 --> [DEPRECATED] Creation of dynamic property App\Controllers\Customers::$state is deprecated in APPPATH/Controllers/Customers.php on line 24.
 1 SYSTEMPATH/CodeIgniter.php(906): App\Controllers\Customers->__construct()
 2 SYSTEMPATH/CodeIgniter.php(490): CodeIgniter\CodeIgniter->createController()
 3 SYSTEMPATH/CodeIgniter.php(368): CodeIgniter\CodeIgniter->handleRequest(null, Object(Config\Cache), false)
 4 FCPATH/index.php(67): CodeIgniter\CodeIgniter->run()
WARNING - 2025-07-04 07:56:02 --> [DEPRECATED] Creation of dynamic property App\Controllers\Customers::$city is deprecated in APPPATH/Controllers/Customers.php on line 25.
 1 SYSTEMPATH/CodeIgniter.php(906): App\Controllers\Customers->__construct()
 2 SYSTEMPATH/CodeIgniter.php(490): CodeIgniter\CodeIgniter->createController()
 3 SYSTEMPATH/CodeIgniter.php(368): CodeIgniter\CodeIgniter->handleRequest(null, Object(Config\Cache), false)
 4 FCPATH/index.php(67): CodeIgniter\CodeIgniter->run()
WARNING - 2025-07-04 07:56:02 --> [DEPRECATED] Creation of dynamic property App\Controllers\Customers::$users is deprecated in APPPATH/Controllers/Customers.php on line 26.
 1 SYSTEMPATH/CodeIgniter.php(906): App\Controllers\Customers->__construct()
 2 SYSTEMPATH/CodeIgniter.php(490): CodeIgniter\CodeIgniter->createController()
 3 SYSTEMPATH/CodeIgniter.php(368): CodeIgniter\CodeIgniter->handleRequest(null, Object(Config\Cache), false)
 4 FCPATH/index.php(67): CodeIgniter\CodeIgniter->run()
WARNING - 2025-07-04 07:56:02 --> [DEPRECATED] Creation of dynamic property App\Controllers\Customers::$variation is deprecated in APPPATH/Controllers/Customers.php on line 27.
 1 SYSTEMPATH/CodeIgniter.php(906): App\Controllers\Customers->__construct()
 2 SYSTEMPATH/CodeIgniter.php(490): CodeIgniter\CodeIgniter->createController()
 3 SYSTEMPATH/CodeIgniter.php(368): CodeIgniter\CodeIgniter->handleRequest(null, Object(Config\Cache), false)
 4 FCPATH/index.php(67): CodeIgniter\CodeIgniter->run()
WARNING - 2025-07-04 07:56:02 --> [DEPRECATED] Creation of dynamic property App\Controllers\Customers::$variationtype is deprecated in APPPATH/Controllers/Customers.php on line 28.
 1 SYSTEMPATH/CodeIgniter.php(906): App\Controllers\Customers->__construct()
 2 SYSTEMPATH/CodeIgniter.php(490): CodeIgniter\CodeIgniter->createController()
 3 SYSTEMPATH/CodeIgniter.php(368): CodeIgniter\CodeIgniter->handleRequest(null, Object(Config\Cache), false)
 4 FCPATH/index.php(67): CodeIgniter\CodeIgniter->run()
WARNING - 2025-07-04 07:56:02 --> [DEPRECATED] Creation of dynamic property App\Controllers\Customers::$brand is deprecated in APPPATH/Controllers/Customers.php on line 29.
 1 SYSTEMPATH/CodeIgniter.php(906): App\Controllers\Customers->__construct()
 2 SYSTEMPATH/CodeIgniter.php(490): CodeIgniter\CodeIgniter->createController()
 3 SYSTEMPATH/CodeIgniter.php(368): CodeIgniter\CodeIgniter->handleRequest(null, Object(Config\Cache), false)
 4 FCPATH/index.php(67): CodeIgniter\CodeIgniter->run()
WARNING - 2025-07-04 07:56:02 --> [DEPRECATED] Creation of dynamic property App\Controllers\Customers::$User_shipping_addressmodel is deprecated in APPPATH/Controllers/Customers.php on line 30.
 1 SYSTEMPATH/CodeIgniter.php(906): App\Controllers\Customers->__construct()
 2 SYSTEMPATH/CodeIgniter.php(490): CodeIgniter\CodeIgniter->createController()
 3 SYSTEMPATH/CodeIgniter.php(368): CodeIgniter\CodeIgniter->handleRequest(null, Object(Config\Cache), false)
 4 FCPATH/index.php(67): CodeIgniter\CodeIgniter->run()
INFO - 2025-07-04 07:56:03 --> Session: Class initialized using 'CodeIgniter\Session\Handlers\FileHandler' driver.
WARNING - 2025-07-04 07:56:03 --> [DEPRECATED] Creation of dynamic property App\Controllers\Customers::$session is deprecated in APPPATH/Controllers/Customers.php on line 19.
 1 SYSTEMPATH/CodeIgniter.php(906): App\Controllers\Customers->__construct()
 2 SYSTEMPATH/CodeIgniter.php(490): CodeIgniter\CodeIgniter->createController()
 3 SYSTEMPATH/CodeIgniter.php(368): CodeIgniter\CodeIgniter->handleRequest(null, Object(Config\Cache), false)
 4 FCPATH/index.php(67): CodeIgniter\CodeIgniter->run()
WARNING - 2025-07-04 07:56:03 --> Session: Sessions is enabled, and one exists. Please don't $session->start();
WARNING - 2025-07-04 07:56:03 --> [DEPRECATED] Creation of dynamic property App\Controllers\Customers::$country is deprecated in APPPATH/Controllers/Customers.php on line 23.
 1 SYSTEMPATH/CodeIgniter.php(906): App\Controllers\Customers->__construct()
 2 SYSTEMPATH/CodeIgniter.php(490): CodeIgniter\CodeIgniter->createController()
 3 SYSTEMPATH/CodeIgniter.php(368): CodeIgniter\CodeIgniter->handleRequest(null, Object(Config\Cache), false)
 4 FCPATH/index.php(67): CodeIgniter\CodeIgniter->run()
WARNING - 2025-07-04 07:56:03 --> [DEPRECATED] Creation of dynamic property App\Controllers\Customers::$state is deprecated in APPPATH/Controllers/Customers.php on line 24.
 1 SYSTEMPATH/CodeIgniter.php(906): App\Controllers\Customers->__construct()
 2 SYSTEMPATH/CodeIgniter.php(490): CodeIgniter\CodeIgniter->createController()
 3 SYSTEMPATH/CodeIgniter.php(368): CodeIgniter\CodeIgniter->handleRequest(null, Object(Config\Cache), false)
 4 FCPATH/index.php(67): CodeIgniter\CodeIgniter->run()
WARNING - 2025-07-04 07:56:03 --> [DEPRECATED] Creation of dynamic property App\Controllers\Customers::$city is deprecated in APPPATH/Controllers/Customers.php on line 25.
 1 SYSTEMPATH/CodeIgniter.php(906): App\Controllers\Customers->__construct()
 2 SYSTEMPATH/CodeIgniter.php(490): CodeIgniter\CodeIgniter->createController()
 3 SYSTEMPATH/CodeIgniter.php(368): CodeIgniter\CodeIgniter->handleRequest(null, Object(Config\Cache), false)
 4 FCPATH/index.php(67): CodeIgniter\CodeIgniter->run()
WARNING - 2025-07-04 07:56:03 --> [DEPRECATED] Creation of dynamic property App\Controllers\Customers::$users is deprecated in APPPATH/Controllers/Customers.php on line 26.
 1 SYSTEMPATH/CodeIgniter.php(906): App\Controllers\Customers->__construct()
 2 SYSTEMPATH/CodeIgniter.php(490): CodeIgniter\CodeIgniter->createController()
 3 SYSTEMPATH/CodeIgniter.php(368): CodeIgniter\CodeIgniter->handleRequest(null, Object(Config\Cache), false)
 4 FCPATH/index.php(67): CodeIgniter\CodeIgniter->run()
WARNING - 2025-07-04 07:56:03 --> [DEPRECATED] Creation of dynamic property App\Controllers\Customers::$variation is deprecated in APPPATH/Controllers/Customers.php on line 27.
 1 SYSTEMPATH/CodeIgniter.php(906): App\Controllers\Customers->__construct()
 2 SYSTEMPATH/CodeIgniter.php(490): CodeIgniter\CodeIgniter->createController()
 3 SYSTEMPATH/CodeIgniter.php(368): CodeIgniter\CodeIgniter->handleRequest(null, Object(Config\Cache), false)
 4 FCPATH/index.php(67): CodeIgniter\CodeIgniter->run()
WARNING - 2025-07-04 07:56:03 --> [DEPRECATED] Creation of dynamic property App\Controllers\Customers::$variationtype is deprecated in APPPATH/Controllers/Customers.php on line 28.
 1 SYSTEMPATH/CodeIgniter.php(906): App\Controllers\Customers->__construct()
 2 SYSTEMPATH/CodeIgniter.php(490): CodeIgniter\CodeIgniter->createController()
 3 SYSTEMPATH/CodeIgniter.php(368): CodeIgniter\CodeIgniter->handleRequest(null, Object(Config\Cache), false)
 4 FCPATH/index.php(67): CodeIgniter\CodeIgniter->run()
WARNING - 2025-07-04 07:56:03 --> [DEPRECATED] Creation of dynamic property App\Controllers\Customers::$brand is deprecated in APPPATH/Controllers/Customers.php on line 29.
 1 SYSTEMPATH/CodeIgniter.php(906): App\Controllers\Customers->__construct()
 2 SYSTEMPATH/CodeIgniter.php(490): CodeIgniter\CodeIgniter->createController()
 3 SYSTEMPATH/CodeIgniter.php(368): CodeIgniter\CodeIgniter->handleRequest(null, Object(Config\Cache), false)
 4 FCPATH/index.php(67): CodeIgniter\CodeIgniter->run()
WARNING - 2025-07-04 07:56:03 --> [DEPRECATED] Creation of dynamic property App\Controllers\Customers::$User_shipping_addressmodel is deprecated in APPPATH/Controllers/Customers.php on line 30.
 1 SYSTEMPATH/CodeIgniter.php(906): App\Controllers\Customers->__construct()
 2 SYSTEMPATH/CodeIgniter.php(490): CodeIgniter\CodeIgniter->createController()
 3 SYSTEMPATH/CodeIgniter.php(368): CodeIgniter\CodeIgniter->handleRequest(null, Object(Config\Cache), false)
 4 FCPATH/index.php(67): CodeIgniter\CodeIgniter->run()
INFO - 2025-07-04 07:56:04 --> Session: Class initialized using 'CodeIgniter\Session\Handlers\FileHandler' driver.
WARNING - 2025-07-04 07:56:04 --> [DEPRECATED] Creation of dynamic property App\Controllers\Home::$user_model is deprecated in APPPATH/Controllers/Home.php on line 35.
 1 SYSTEMPATH/CodeIgniter.php(906): App\Controllers\Home->__construct()
 2 SYSTEMPATH/CodeIgniter.php(490): CodeIgniter\CodeIgniter->createController()
 3 SYSTEMPATH/CodeIgniter.php(368): CodeIgniter\CodeIgniter->handleRequest(null, Object(Config\Cache), false)
 4 FCPATH/index.php(67): CodeIgniter\CodeIgniter->run()
WARNING - 2025-07-04 07:56:04 --> [DEPRECATED] Creation of dynamic property App\Controllers\Home::$BlogModel is deprecated in APPPATH/Controllers/Home.php on line 43.
 1 SYSTEMPATH/CodeIgniter.php(906): App\Controllers\Home->__construct()
 2 SYSTEMPATH/CodeIgniter.php(490): CodeIgniter\CodeIgniter->createController()
 3 SYSTEMPATH/CodeIgniter.php(368): CodeIgniter\CodeIgniter->handleRequest(null, Object(Config\Cache), false)
 4 FCPATH/index.php(67): CodeIgniter\CodeIgniter->run()
WARNING - 2025-07-04 07:56:04 --> [DEPRECATED] Creation of dynamic property App\Controllers\Home::$EnquiryModel is deprecated in APPPATH/Controllers/Home.php on line 44.
 1 SYSTEMPATH/CodeIgniter.php(906): App\Controllers\Home->__construct()
 2 SYSTEMPATH/CodeIgniter.php(490): CodeIgniter\CodeIgniter->createController()
 3 SYSTEMPATH/CodeIgniter.php(368): CodeIgniter\CodeIgniter->handleRequest(null, Object(Config\Cache), false)
 4 FCPATH/index.php(67): CodeIgniter\CodeIgniter->run()
WARNING - 2025-07-04 07:56:04 --> [DEPRECATED] Creation of dynamic property App\Controllers\Home::$Allsettingsmodel is deprecated in APPPATH/Controllers/Home.php on line 45.
 1 SYSTEMPATH/CodeIgniter.php(906): App\Controllers\Home->__construct()
 2 SYSTEMPATH/CodeIgniter.php(490): CodeIgniter\CodeIgniter->createController()
 3 SYSTEMPATH/CodeIgniter.php(368): CodeIgniter\CodeIgniter->handleRequest(null, Object(Config\Cache), false)
 4 FCPATH/index.php(67): CodeIgniter\CodeIgniter->run()
